<Document doc_name="12_10ecbplus.xml" doc_id="DOC15646161764245537">
<token t_id="1" sentence="0" number="0">http</token>
<token t_id="2" sentence="0" number="1">:</token>
<token t_id="3" sentence="0" number="2">/</token>
<token t_id="4" sentence="0" number="3">/</token>
<token t_id="5" sentence="0" number="4">www</token>
<token t_id="6" sentence="0" number="5">.</token>
<token t_id="7" sentence="0" number="6">hindustantimes</token>
<token t_id="8" sentence="0" number="7">.</token>
<token t_id="9" sentence="0" number="8">com</token>
<token t_id="10" sentence="0" number="9">/</token>
<token t_id="11" sentence="0" number="10">audio</token>
<token t_id="12" sentence="0" number="11">-</token>
<token t_id="13" sentence="0" number="12">news</token>
<token t_id="14" sentence="0" number="13">-</token>
<token t_id="15" sentence="0" number="14">video</token>
<token t_id="16" sentence="0" number="15">/</token>
<token t_id="17" sentence="0" number="16">AV</token>
<token t_id="18" sentence="0" number="17">-</token>
<token t_id="19" sentence="0" number="18">NewsX</token>
<token t_id="20" sentence="0" number="19">/</token>
<token t_id="21" sentence="0" number="20">INS</token>
<token t_id="22" sentence="0" number="21">-</token>
<token t_id="23" sentence="0" number="22">Sukanya</token>
<token t_id="24" sentence="0" number="23">-</token>
<token t_id="25" sentence="0" number="24">intercepts</token>
<token t_id="26" sentence="0" number="25">-</token>
<token t_id="27" sentence="0" number="26">pirate</token>
<token t_id="28" sentence="0" number="27">-</token>
<token t_id="29" sentence="0" number="28">ships</token>
<token t_id="30" sentence="0" number="29">-</token>
<token t_id="31" sentence="0" number="30">arms</token>
<token t_id="32" sentence="0" number="31">-</token>
<token t_id="33" sentence="0" number="32">seized</token>
<token t_id="34" sentence="0" number="33">/</token>
<token t_id="35" sentence="0" number="34">Article2</token>
<token t_id="36" sentence="0" number="35">-</token>
<token t_id="37" sentence="0" number="36">768142</token>
<token t_id="38" sentence="0" number="37">.</token>
<token t_id="39" sentence="0" number="38">aspx</token>
<token t_id="40" sentence="1" number="0">INS</token>
<token t_id="41" sentence="1" number="1">Sukanya</token>
<token t_id="42" sentence="1" number="2">intercepts</token>
<token t_id="43" sentence="1" number="3">pirate</token>
<token t_id="44" sentence="1" number="4">ships</token>
<token t_id="45" sentence="1" number="5">,</token>
<token t_id="46" sentence="1" number="6">arms</token>
<token t_id="47" sentence="1" number="7">seized</token>
<token t_id="48" sentence="2" number="0">November</token>
<token t_id="49" sentence="2" number="1">12</token>
<token t_id="50" sentence="2" number="2">,</token>
<token t_id="51" sentence="2" number="3">2011</token>
<token t_id="52" sentence="3" number="0">Indian</token>
<token t_id="53" sentence="3" number="1">navy</token>
<token t_id="54" sentence="3" number="2">has</token>
<token t_id="55" sentence="3" number="3">foiled</token>
<token t_id="56" sentence="3" number="4">a</token>
<token t_id="57" sentence="3" number="5">piracy</token>
<token t_id="58" sentence="3" number="6">attempt</token>
<token t_id="59" sentence="3" number="7">on</token>
<token t_id="60" sentence="3" number="8">5</token>
<token t_id="61" sentence="3" number="9">Indian</token>
<token t_id="62" sentence="3" number="10">merchant</token>
<token t_id="63" sentence="3" number="11">vessels</token>
<token t_id="64" sentence="3" number="12">in</token>
<token t_id="65" sentence="3" number="13">international</token>
<token t_id="66" sentence="3" number="14">waters</token>
<token t_id="67" sentence="3" number="15">.</token>
<token t_id="68" sentence="4" number="0">Navy's</token>
<token t_id="69" sentence="4" number="1">frigate</token>
<token t_id="70" sentence="4" number="2">INS</token>
<token t_id="71" sentence="4" number="3">Sukanya</token>
<token t_id="72" sentence="4" number="4">intercepted</token>
<token t_id="73" sentence="4" number="5">3</token>
<token t_id="74" sentence="4" number="6">pirate</token>
<token t_id="75" sentence="4" number="7">ships</token>
<token t_id="76" sentence="4" number="8">and</token>
<token t_id="77" sentence="4" number="9">seized</token>
<token t_id="78" sentence="4" number="10">arms</token>
<token t_id="79" sentence="4" number="11">and</token>
<token t_id="80" sentence="4" number="12">ammunition</token>
<token t_id="81" sentence="4" number="13">from</token>
<token t_id="82" sentence="4" number="14">the</token>
<token t_id="83" sentence="4" number="15">pirates</token>
<token t_id="84" sentence="4" number="16">.</token>
<token t_id="85" sentence="5" number="0">News</token>
<token t_id="86" sentence="5" number="1">X</token>
<token t_id="87" sentence="5" number="2">has</token>
<token t_id="88" sentence="5" number="3">exclusive</token>
<token t_id="89" sentence="5" number="4">pictures</token>
<token t_id="90" sentence="5" number="5">of</token>
<token t_id="91" sentence="5" number="6">the</token>
<token t_id="92" sentence="5" number="7">anti</token>
<token t_id="93" sentence="5" number="8">-</token>
<token t_id="94" sentence="5" number="9">piracy</token>
<token t_id="95" sentence="5" number="10">operation</token>
<token t_id="96" sentence="5" number="11">.</token>
<token t_id="97" sentence="6" number="0">This</token>
<token t_id="98" sentence="6" number="1">operation</token>
<token t_id="99" sentence="6" number="2">was</token>
<token t_id="100" sentence="6" number="3">part</token>
<token t_id="101" sentence="6" number="4">of</token>
<token t_id="102" sentence="6" number="5">the</token>
<token t_id="103" sentence="6" number="6">International</token>
<token t_id="104" sentence="6" number="7">efforts</token>
<token t_id="105" sentence="6" number="8">to</token>
<token t_id="106" sentence="6" number="9">secure</token>
<token t_id="107" sentence="6" number="10">high</token>
<token t_id="108" sentence="6" number="11">seas</token>
<token t_id="109" sentence="6" number="12">;</token>
<token t_id="110" sentence="6" number="13">India</token>
<token t_id="111" sentence="6" number="14">has</token>
<token t_id="112" sentence="6" number="15">been</token>
<token t_id="113" sentence="6" number="16">at</token>
<token t_id="114" sentence="6" number="17">the</token>
<token t_id="115" sentence="6" number="18">forefront</token>
<token t_id="116" sentence="6" number="19">of</token>
<token t_id="117" sentence="6" number="20">anti</token>
<token t_id="118" sentence="6" number="21">-</token>
<token t_id="119" sentence="6" number="22">piracy</token>
<token t_id="120" sentence="6" number="23">operations</token>
<token t_id="121" sentence="6" number="24">.</token>
<Markables>
<ACTION_OCCURRENCE m_id="9"  >
  <token_anchor t_id="58"/>
</ACTION_OCCURRENCE>
<ACTION_OCCURRENCE m_id="10"  >
  <token_anchor t_id="57"/>
</ACTION_OCCURRENCE>
<ACTION_OCCURRENCE m_id="14"  >
  <token_anchor t_id="72"/>
</ACTION_OCCURRENCE>
<ACTION_OCCURRENCE m_id="15"  >
  <token_anchor t_id="77"/>
</ACTION_OCCURRENCE>
<ACTION_OCCURRENCE m_id="2"  >
  <token_anchor t_id="42"/>
</ACTION_OCCURRENCE>
<ACTION_OCCURRENCE m_id="3"  >
  <token_anchor t_id="47"/>
</ACTION_OCCURRENCE>
<ACTION_OCCURRENCE m_id="8"  >
  <token_anchor t_id="55"/>
</ACTION_OCCURRENCE>
<HUMAN_PART_ORG m_id="7"  >
  <token_anchor t_id="53"/>
</HUMAN_PART_ORG>
<HUMAN_PART_PER m_id="19"  >
  <token_anchor t_id="83"/>
</HUMAN_PART_PER>
<HUMAN_PART_VEH m_id="13"  >
  <token_anchor t_id="70"/>
  <token_anchor t_id="71"/>
</HUMAN_PART_VEH>
<HUMAN_PART_VEH m_id="1"  >
  <token_anchor t_id="40"/>
  <token_anchor t_id="41"/>
</HUMAN_PART_VEH>
<LOC_GEO m_id="11"  >
  <token_anchor t_id="65"/>
  <token_anchor t_id="66"/>
</LOC_GEO>
<NON_HUMAN_PART m_id="16"  >
  <token_anchor t_id="75"/>
</NON_HUMAN_PART>
<NON_HUMAN_PART m_id="17"  >
  <token_anchor t_id="78"/>
</NON_HUMAN_PART>
<NON_HUMAN_PART m_id="18"  >
  <token_anchor t_id="80"/>
</NON_HUMAN_PART>
<NON_HUMAN_PART m_id="4"  >
  <token_anchor t_id="46"/>
</NON_HUMAN_PART>
<NON_HUMAN_PART m_id="5"  >
  <token_anchor t_id="44"/>
</NON_HUMAN_PART>
<TIME_DATE m_id="6"  >
  <token_anchor t_id="48"/>
  <token_anchor t_id="49"/>
  <token_anchor t_id="50"/>
  <token_anchor t_id="51"/>
</TIME_DATE>


<HUMAN_PART_VEH m_id="24" note="byCROMER" >
  <token_anchor t_id="63"/>
</HUMAN_PART_VEH>


<ACTION_OCCURRENCE m_id="33" RELATED_TO="" TAG_DESCRIPTOR="t12_captured_three_boats" instance_id="ACT17399419133262372" />
<ACTION_OCCURRENCE m_id="32" RELATED_TO="" TAG_DESCRIPTOR="t12_piracy_attack" instance_id="ACT17399394379261869" />
<HUMAN_PART_PER m_id="31" RELATED_TO="" TAG_DESCRIPTOR="t12_pirates" instance_id="HUM17399342723010115" />
<HUMAN_PART_ORG m_id="29" RELATED_TO="" TAG_DESCRIPTOR="t12b_navy" instance_id="HUM17403785688719729" />
<NON_HUMAN_PART m_id="30" RELATED_TO="" TAG_DESCRIPTOR="t12_ammunition" instance_id="NON28316770488812983" />
<HUMAN_PART_VEH m_id="28" RELATED_TO="" TAG_DESCRIPTOR="t12_human_merchant_vessels" instance_id="HUM28315709747028727" />
<NON_HUMAN_PART m_id="27" RELATED_TO="" TAG_DESCRIPTOR="t12_weapons" instance_id="NON17400441650162544" />
<HUMAN_PART_VEH m_id="26" RELATED_TO="" TAG_DESCRIPTOR="t12_sukanya" instance_id="HUM17399253991302684" />
<ACTION_OCCURRENCE m_id="25" RELATED_TO="" TAG_DESCRIPTOR="t12_thwarted" instance_id="ACT17399526650935522" />
<NON_HUMAN_PART m_id="36" RELATED_TO="" TAG_DESCRIPTOR="t12_pirate_boats" instance_id="NON17399462812994856" />
<ACTION_OCCURRENCE m_id="35" RELATED_TO="" TAG_DESCRIPTOR="t12_confiscating" instance_id="ACT17399661557437599" />
<ACTION_OCCURRENCE m_id="34" RELATED_TO="" TAG_DESCRIPTOR="t12_piracy" instance_id="ACT17399442767732212" />
</Markables>

<Relations>
<CROSS_DOC_COREF r_id="24869" note="ACT17399526650935522" >
  <source m_id="8" />
  <target m_id="25" />
</CROSS_DOC_COREF>
<CROSS_DOC_COREF r_id="24870" note="HUM17399253991302684" >
  <source m_id="1" />
  <source m_id="13" />
  <target m_id="26" />
</CROSS_DOC_COREF>
<CROSS_DOC_COREF r_id="24871" note="NON17400441650162544" >
  <source m_id="17" />
  <source m_id="4" />
  <target m_id="27" />
</CROSS_DOC_COREF>
<CROSS_DOC_COREF r_id="24872" note="HUM28315709747028727" >
  <source m_id="24" />
  <target m_id="28" />
</CROSS_DOC_COREF>
<CROSS_DOC_COREF r_id="24873" note="HUM17403785688719729" >
  <source m_id="7" />
  <target m_id="29" />
</CROSS_DOC_COREF>
<CROSS_DOC_COREF r_id="24874" note="NON28316770488812983" >
  <source m_id="18" />
  <target m_id="30" />
</CROSS_DOC_COREF>
<CROSS_DOC_COREF r_id="24875" note="HUM17399342723010115" >
  <source m_id="19" />
  <target m_id="31" />
</CROSS_DOC_COREF>
<CROSS_DOC_COREF r_id="24876" note="ACT17399394379261869" >
  <source m_id="9" />
  <target m_id="32" />
</CROSS_DOC_COREF>
<CROSS_DOC_COREF r_id="24877" note="ACT17399419133262372" >
  <source m_id="2" />
  <source m_id="14" />
  <target m_id="33" />
</CROSS_DOC_COREF>
<CROSS_DOC_COREF r_id="24878" note="ACT17399442767732212" >
  <source m_id="10" />
  <target m_id="34" />
</CROSS_DOC_COREF>
<CROSS_DOC_COREF r_id="24879" note="ACT17399661557437599" >
  <source m_id="15" />
  <source m_id="3" />
  <target m_id="35" />
</CROSS_DOC_COREF>
<CROSS_DOC_COREF r_id="24880" note="NON17399462812994856" >
  <source m_id="5" />
  <source m_id="16" />
  <target m_id="36" />
</CROSS_DOC_COREF>

</Relations>
</Document>
