<Document doc_name="12_17ecb.xml" doc_id="DOC15654142354935421">
<token t_id="1" sentence="0" number="0">For</token>
<token t_id="2" sentence="0" number="1">the</token>
<token t_id="3" sentence="0" number="2">fourth</token>
<token t_id="4" sentence="0" number="3">time</token>
<token t_id="5" sentence="0" number="4">in</token>
<token t_id="6" sentence="0" number="5">two</token>
<token t_id="7" sentence="0" number="6">months</token>
<token t_id="8" sentence="0" number="7">,</token>
<token t_id="9" sentence="0" number="8">the</token>
<token t_id="10" sentence="0" number="9">Indian</token>
<token t_id="11" sentence="0" number="10">Navy</token>
<token t_id="12" sentence="0" number="11">on</token>
<token t_id="13" sentence="0" number="12">Saturday</token>
<token t_id="14" sentence="0" number="13">took</token>
<token t_id="15" sentence="0" number="14">the</token>
<token t_id="16" sentence="0" number="15">bandits</token>
<token t_id="17" sentence="0" number="16">head</token>
<token t_id="18" sentence="0" number="17">on</token>
<token t_id="19" sentence="0" number="18">foiling</token>
<token t_id="20" sentence="0" number="19">a</token>
<token t_id="21" sentence="0" number="20">piracy</token>
<token t_id="22" sentence="0" number="21">attempt</token>
<token t_id="23" sentence="0" number="22">and</token>
<token t_id="24" sentence="0" number="23">putting</token>
<token t_id="25" sentence="0" number="24">23</token>
<token t_id="26" sentence="0" number="25">pirates</token>
<token t_id="27" sentence="0" number="26">out</token>
<token t_id="28" sentence="0" number="27">of</token>
<token t_id="29" sentence="0" number="28">business</token>
<token t_id="30" sentence="0" number="29">.</token>
<token t_id="31" sentence="1" number="0">Indian</token>
<token t_id="32" sentence="1" number="1">Naval</token>
<token t_id="33" sentence="1" number="2">Services</token>
<token t_id="34" sentence="1" number="3">(</token>
<token t_id="35" sentence="1" number="4">INS</token>
<token t_id="36" sentence="1" number="5">)</token>
<token t_id="37" sentence="1" number="6">Mysore</token>
<token t_id="38" sentence="1" number="7">,</token>
<token t_id="39" sentence="1" number="8">the</token>
<token t_id="40" sentence="1" number="9">Indian</token>
<token t_id="41" sentence="1" number="10">Naval</token>
<token t_id="42" sentence="1" number="11">destroyer</token>
<token t_id="43" sentence="1" number="12">on</token>
<token t_id="44" sentence="1" number="13">anti-piracy</token>
<token t_id="45" sentence="1" number="14">patrol</token>
<token t_id="46" sentence="1" number="15">in</token>
<token t_id="47" sentence="1" number="16">the</token>
<token t_id="48" sentence="1" number="17">Gulf</token>
<token t_id="49" sentence="1" number="18">of</token>
<token t_id="50" sentence="1" number="19">Aden</token>
<token t_id="51" sentence="1" number="20">,</token>
<token t_id="52" sentence="1" number="21">rescued</token>
<token t_id="53" sentence="1" number="22">an</token>
<token t_id="54" sentence="1" number="23">Ethiopian</token>
<token t_id="55" sentence="1" number="24">ship</token>
<token t_id="56" sentence="1" number="25">,</token>
<token t_id="57" sentence="1" number="26">MV</token>
<token t_id="58" sentence="1" number="27">Gibe</token>
<token t_id="59" sentence="1" number="28">.</token>
<token t_id="60" sentence="2" number="0">Pirates</token>
<token t_id="61" sentence="2" number="1">on</token>
<token t_id="62" sentence="2" number="2">a</token>
<token t_id="63" sentence="2" number="3">dhow</token>
<token t_id="64" sentence="2" number="4">and</token>
<token t_id="65" sentence="2" number="5">a</token>
<token t_id="66" sentence="2" number="6">smaller</token>
<token t_id="67" sentence="2" number="7">boat</token>
<token t_id="68" sentence="2" number="8">attacked</token>
<token t_id="69" sentence="2" number="9">this</token>
<token t_id="70" sentence="2" number="10">merchant</token>
<token t_id="71" sentence="2" number="11">ship</token>
<token t_id="72" sentence="2" number="12">about</token>
<token t_id="73" sentence="2" number="13">1100</token>
<token t_id="74" sentence="2" number="14">hrs</token>
<token t_id="75" sentence="2" number="15">IST</token>
<token t_id="76" sentence="2" number="16">,</token>
<token t_id="77" sentence="2" number="17">150</token>
<token t_id="78" sentence="2" number="18">nautical</token>
<token t_id="79" sentence="2" number="19">miles</token>
<token t_id="80" sentence="2" number="20">west</token>
<token t_id="81" sentence="2" number="21">of</token>
<token t_id="82" sentence="2" number="22">Aden</token>
<token t_id="83" sentence="2" number="23">,</token>
<token t_id="84" sentence="2" number="24">firing</token>
<token t_id="85" sentence="2" number="25">machine</token>
<token t_id="86" sentence="2" number="26">guns</token>
<token t_id="87" sentence="2" number="27">to</token>
<token t_id="88" sentence="2" number="28">scare</token>
<token t_id="89" sentence="2" number="29">the</token>
<token t_id="90" sentence="2" number="30">crew</token>
<token t_id="91" sentence="2" number="31">.</token>
<token t_id="92" sentence="3" number="0">The</token>
<token t_id="93" sentence="3" number="1">Indian</token>
<token t_id="94" sentence="3" number="2">warship</token>
<token t_id="95" sentence="3" number="3">,</token>
<token t_id="96" sentence="3" number="4">which</token>
<token t_id="97" sentence="3" number="5">was</token>
<token t_id="98" sentence="3" number="6">escorting</token>
<token t_id="99" sentence="3" number="7">merchant</token>
<token t_id="100" sentence="3" number="8">ships</token>
<token t_id="101" sentence="3" number="9">some</token>
<token t_id="102" sentence="3" number="10">13</token>
<token t_id="103" sentence="3" number="11">miles</token>
<token t_id="104" sentence="3" number="12">away</token>
<token t_id="105" sentence="3" number="13">,</token>
<token t_id="106" sentence="3" number="14">responded</token>
<token t_id="107" sentence="3" number="15">to</token>
<token t_id="108" sentence="3" number="16">the</token>
<token t_id="109" sentence="3" number="17">distress</token>
<token t_id="110" sentence="3" number="18">call</token>
<token t_id="111" sentence="3" number="19">.</token>
<token t_id="112" sentence="4" number="0">They</token>
<token t_id="113" sentence="4" number="1">launched</token>
<token t_id="114" sentence="4" number="2">marine</token>
<token t_id="115" sentence="4" number="3">commandos</token>
<token t_id="116" sentence="4" number="4">on</token>
<token t_id="117" sentence="4" number="5">an</token>
<token t_id="118" sentence="4" number="6">armed</token>
<token t_id="119" sentence="4" number="7">helicopter</token>
<token t_id="120" sentence="4" number="8">and</token>
<token t_id="121" sentence="4" number="9">altered</token>
<token t_id="122" sentence="4" number="10">course</token>
<token t_id="123" sentence="4" number="11">to</token>
<token t_id="124" sentence="4" number="12">confront</token>
<token t_id="125" sentence="4" number="13">the</token>
<token t_id="126" sentence="4" number="14">pirates</token>
<token t_id="127" sentence="4" number="15">.</token>
<token t_id="128" sentence="5" number="0">The</token>
<token t_id="129" sentence="5" number="1">bandits</token>
<token t_id="130" sentence="5" number="2">lost</token>
<token t_id="131" sentence="5" number="3">nerve</token>
<token t_id="132" sentence="5" number="4">on</token>
<token t_id="133" sentence="5" number="5">seeing</token>
<token t_id="134" sentence="5" number="6">the</token>
<token t_id="135" sentence="5" number="7">helicopter</token>
<token t_id="136" sentence="5" number="8">and</token>
<token t_id="137" sentence="5" number="9">the</token>
<token t_id="138" sentence="5" number="10">warships</token>
<token t_id="139" sentence="5" number="11">and</token>
<token t_id="140" sentence="5" number="12">attempted</token>
<token t_id="141" sentence="5" number="13">to</token>
<token t_id="142" sentence="5" number="14">flee</token>
<token t_id="143" sentence="6" number="0">The</token>
<token t_id="144" sentence="6" number="1">INS</token>
<token t_id="145" sentence="6" number="2">Mysore</token>
<token t_id="146" sentence="6" number="3">fired</token>
<token t_id="147" sentence="6" number="4">warning</token>
<token t_id="148" sentence="6" number="5">shots</token>
<token t_id="149" sentence="6" number="6">,</token>
<token t_id="150" sentence="6" number="7">forcing</token>
<token t_id="151" sentence="6" number="8">the</token>
<token t_id="152" sentence="6" number="9">pirates</token>
<token t_id="153" sentence="6" number="10">to</token>
<token t_id="154" sentence="6" number="11">give</token>
<token t_id="155" sentence="6" number="12">up</token>
<token t_id="156" sentence="6" number="13">.</token>
<token t_id="157" sentence="7" number="0">Marine</token>
<token t_id="158" sentence="7" number="1">Commandos</token>
<token t_id="159" sentence="7" number="2">boarded</token>
<token t_id="160" sentence="7" number="3">the</token>
<token t_id="161" sentence="7" number="4">pirate</token>
<token t_id="162" sentence="7" number="5">dhow</token>
<token t_id="163" sentence="7" number="6">,</token>
<token t_id="164" sentence="7" number="7">Salahaddin</token>
<token t_id="165" sentence="7" number="8">,</token>
<token t_id="166" sentence="7" number="9">which</token>
<token t_id="167" sentence="7" number="10">had</token>
<token t_id="168" sentence="7" number="11">the</token>
<token t_id="169" sentence="7" number="12">smaller</token>
<token t_id="170" sentence="7" number="13">boat</token>
<token t_id="171" sentence="7" number="14">in</token>
<token t_id="172" sentence="7" number="15">tow</token>
<token t_id="173" sentence="7" number="16">.</token>
<token t_id="174" sentence="8" number="0">Of</token>
<token t_id="175" sentence="8" number="1">the</token>
<token t_id="176" sentence="8" number="2">23</token>
<token t_id="177" sentence="8" number="3">pirates</token>
<token t_id="178" sentence="8" number="4">arrested</token>
<token t_id="179" sentence="8" number="5">,</token>
<token t_id="180" sentence="8" number="6">12</token>
<token t_id="181" sentence="8" number="7">are</token>
<token t_id="182" sentence="8" number="8">reported</token>
<token t_id="183" sentence="8" number="9">to</token>
<token t_id="184" sentence="8" number="10">be</token>
<token t_id="185" sentence="8" number="11">Somali</token>
<token t_id="186" sentence="8" number="12">and</token>
<token t_id="187" sentence="8" number="13">11</token>
<token t_id="188" sentence="8" number="14">Yemeni</token>
<token t_id="189" sentence="8" number="15">.</token>
<token t_id="190" sentence="9" number="0">The</token>
<token t_id="191" sentence="9" number="1">cache</token>
<token t_id="192" sentence="9" number="2">of</token>
<token t_id="193" sentence="9" number="3">arms</token>
<token t_id="194" sentence="9" number="4">on</token>
<token t_id="195" sentence="9" number="5">the</token>
<token t_id="196" sentence="9" number="6">pirate</token>
<token t_id="197" sentence="9" number="7">ship</token>
<token t_id="198" sentence="9" number="8">included</token>
<token t_id="199" sentence="9" number="9">seven</token>
<token t_id="200" sentence="9" number="10">AK-47</token>
<token t_id="201" sentence="9" number="11">rifles</token>
<token t_id="202" sentence="9" number="12">,</token>
<token t_id="203" sentence="9" number="13">one</token>
<token t_id="204" sentence="9" number="14">rocket</token>
<token t_id="205" sentence="9" number="15">propelled</token>
<token t_id="206" sentence="9" number="16">grenade</token>
<token t_id="207" sentence="9" number="17">launcher</token>
<token t_id="208" sentence="9" number="18">,</token>
<token t_id="209" sentence="9" number="19">grenades</token>
<token t_id="210" sentence="9" number="20">and</token>
<token t_id="211" sentence="9" number="21">three</token>
<token t_id="212" sentence="9" number="22">other</token>
<token t_id="213" sentence="9" number="23">rifles</token>
<token t_id="214" sentence="9" number="24">.</token>
<token t_id="215" sentence="10" number="0">The</token>
<token t_id="216" sentence="10" number="1">pirates</token>
<token t_id="217" sentence="10" number="2">have</token>
<token t_id="218" sentence="10" number="3">been</token>
<token t_id="219" sentence="10" number="4">taken</token>
<token t_id="220" sentence="10" number="5">on</token>
<token t_id="221" sentence="10" number="6">board</token>
<token t_id="222" sentence="10" number="7">the</token>
<token t_id="223" sentence="10" number="8">INS</token>
<token t_id="224" sentence="10" number="9">Mysore</token>
<token t_id="225" sentence="10" number="10">.</token>
<token t_id="226" sentence="11" number="0">They</token>
<token t_id="227" sentence="11" number="1">are</token>
<token t_id="228" sentence="11" number="2">likely</token>
<token t_id="229" sentence="11" number="3">to</token>
<token t_id="230" sentence="11" number="4">be</token>
<token t_id="231" sentence="11" number="5">handed</token>
<token t_id="232" sentence="11" number="6">over</token>
<token t_id="233" sentence="11" number="7">to</token>
<token t_id="234" sentence="11" number="8">law</token>
<token t_id="235" sentence="11" number="9">enforcing</token>
<token t_id="236" sentence="11" number="10">authorities</token>
<token t_id="237" sentence="11" number="11">in</token>
<token t_id="238" sentence="11" number="12">Djibouti</token>
<token t_id="239" sentence="11" number="13">.</token>
<token t_id="240" sentence="12" number="0">The</token>
<token t_id="241" sentence="12" number="1">Indian</token>
<token t_id="242" sentence="12" number="2">anti-piracy</token>
<token t_id="243" sentence="12" number="3">patrol</token>
<token t_id="244" sentence="12" number="4">is</token>
<token t_id="245" sentence="12" number="5">moving</token>
<token t_id="246" sentence="12" number="6">full</token>
<token t_id="247" sentence="12" number="7">steam</token>
<token t_id="248" sentence="12" number="8">ahead</token>
<token t_id="249" sentence="12" number="9">undeterred</token>
<token t_id="250" sentence="12" number="10">by</token>
<token t_id="251" sentence="12" number="11">the</token>
<token t_id="252" sentence="12" number="12">adverse</token>
<token t_id="253" sentence="12" number="13">publicity</token>
<token t_id="254" sentence="12" number="14">which</token>
<token t_id="255" sentence="12" number="15">followed</token>
<token t_id="256" sentence="12" number="16">the</token>
<token t_id="257" sentence="12" number="17">November</token>
<token t_id="258" sentence="12" number="18">18</token>
<token t_id="259" sentence="12" number="19">sinking</token>
<token t_id="260" sentence="12" number="20">of</token>
<token t_id="261" sentence="12" number="21">a</token>
<token t_id="262" sentence="12" number="22">Thai</token>
<token t_id="263" sentence="12" number="23">fishing</token>
<token t_id="264" sentence="12" number="24">trawler</token>
<token t_id="265" sentence="12" number="25">in</token>
<token t_id="266" sentence="12" number="26">Indian</token>
<token t_id="267" sentence="12" number="27">Naval</token>
<token t_id="268" sentence="12" number="28">action</token>
<token t_id="269" sentence="12" number="29">against</token>
<token t_id="270" sentence="12" number="30">pirates</token>
<token t_id="271" sentence="12" number="31">on</token>
<token t_id="272" sentence="12" number="32">board</token>
<token t_id="273" sentence="12" number="33">.</token>
<Markables>
<ACTION_OCCURRENCE m_id="15"  >
  <token_anchor t_id="14"/>
</ACTION_OCCURRENCE>
<ACTION_OCCURRENCE m_id="16"  >
  <token_anchor t_id="19"/>
</ACTION_OCCURRENCE>
<ACTION_OCCURRENCE m_id="17"  >
  <token_anchor t_id="22"/>
</ACTION_OCCURRENCE>
<HUMAN_PART_ORG m_id="12"  >
  <token_anchor t_id="11"/>
</HUMAN_PART_ORG>
<HUMAN_PART_PER m_id="14"  >
  <token_anchor t_id="16"/>
</HUMAN_PART_PER>
<HUMAN_PART_PER m_id="18"  >
  <token_anchor t_id="26"/>
</HUMAN_PART_PER>
<TIME_DATE m_id="13"  >
  <token_anchor t_id="13"/>
</TIME_DATE>
<TIME_DURATION m_id="11"  >
  <token_anchor t_id="6"/>
  <token_anchor t_id="7"/>
</TIME_DURATION>


<ACTION_OCCURRENCE m_id="21" note="byCROMER" >
  <token_anchor t_id="24"/>
  <token_anchor t_id="27"/>
  <token_anchor t_id="28"/>
  <token_anchor t_id="29"/>
</ACTION_OCCURRENCE>


<HUMAN_PART_PER m_id="27" RELATED_TO="" TAG_DESCRIPTOR="t12b_pirates" instance_id="HUM17403498594960941" />
<ACTION_OCCURRENCE m_id="26" RELATED_TO="" TAG_DESCRIPTOR="t12b_thwarted" instance_id="ACT17403689640951774" />
<ACTION_OCCURRENCE m_id="25" RELATED_TO="" TAG_DESCRIPTOR="t12b_capture" instance_id="ACT17403639225065902" />
<HUMAN_PART_ORG m_id="24" RELATED_TO="" TAG_DESCRIPTOR="t12b_navy" instance_id="HUM17403785688719729" />
<TIME_DATE m_id="23" RELATED_TO="" TAG_DESCRIPTOR="t12b_saturday" instance_id="TIM17403559059252907" />
<ACTION_OCCURRENCE m_id="22" RELATED_TO="" TAG_DESCRIPTOR="t12b_attack" instance_id="ACT17403630531063654" />
</Markables>

<Relations>
<CROSS_DOC_COREF r_id="41541" note="ACT17403630531063654" >
  <source m_id="17" />
  <target m_id="22" />
</CROSS_DOC_COREF>
<CROSS_DOC_COREF r_id="41542" note="TIM17403559059252907" >
  <source m_id="13" />
  <target m_id="23" />
</CROSS_DOC_COREF>
<CROSS_DOC_COREF r_id="41543" note="HUM17403785688719729" >
  <source m_id="12" />
  <target m_id="24" />
</CROSS_DOC_COREF>
<CROSS_DOC_COREF r_id="41544" note="ACT17403639225065902" >
  <source m_id="21" />
  <target m_id="25" />
</CROSS_DOC_COREF>
<CROSS_DOC_COREF r_id="41545" note="ACT17403689640951774" >
  <source m_id="16" />
  <target m_id="26" />
</CROSS_DOC_COREF>
<CROSS_DOC_COREF r_id="41546" note="HUM17403498594960941" >
  <source m_id="14" />
  <source m_id="18" />
  <target m_id="27" />
</CROSS_DOC_COREF>

</Relations>
</Document>
