<Document doc_name="12_11ecbplus.xml" doc_id="DOC15646161024543304">
<token t_id="1" sentence="0" number="0">http</token>
<token t_id="2" sentence="0" number="1">:</token>
<token t_id="3" sentence="0" number="2">/</token>
<token t_id="4" sentence="0" number="3">/</token>
<token t_id="5" sentence="0" number="4">www</token>
<token t_id="6" sentence="0" number="5">.</token>
<token t_id="7" sentence="0" number="6">indianexpress</token>
<token t_id="8" sentence="0" number="7">.</token>
<token t_id="9" sentence="0" number="8">com</token>
<token t_id="10" sentence="0" number="9">/</token>
<token t_id="11" sentence="0" number="10">news</token>
<token t_id="12" sentence="0" number="11">/</token>
<token t_id="13" sentence="0" number="12">ins</token>
<token t_id="14" sentence="0" number="13">-</token>
<token t_id="15" sentence="0" number="14">sukanya</token>
<token t_id="16" sentence="0" number="15">-</token>
<token t_id="17" sentence="0" number="16">foils</token>
<token t_id="18" sentence="0" number="17">-</token>
<token t_id="19" sentence="0" number="18">piracy</token>
<token t_id="20" sentence="0" number="19">-</token>
<token t_id="21" sentence="0" number="20">attempt</token>
<token t_id="22" sentence="0" number="21">-</token>
<token t_id="23" sentence="0" number="22">in</token>
<token t_id="24" sentence="0" number="23">-</token>
<token t_id="25" sentence="0" number="24">gulf</token>
<token t_id="26" sentence="0" number="25">-</token>
<token t_id="27" sentence="0" number="26">of</token>
<token t_id="28" sentence="0" number="27">-</token>
<token t_id="29" sentence="0" number="28">eden</token>
<token t_id="30" sentence="0" number="29">/</token>
<token t_id="31" sentence="0" number="30">874560</token>
<token t_id="32" sentence="0" number="31">/</token>
<token t_id="33" sentence="1" number="0">INS</token>
<token t_id="34" sentence="1" number="1">Sukanya</token>
<token t_id="35" sentence="1" number="2">foils</token>
<token t_id="36" sentence="1" number="3">piracy</token>
<token t_id="37" sentence="1" number="4">attempt</token>
<token t_id="38" sentence="1" number="5">in</token>
<token t_id="39" sentence="1" number="6">Gulf</token>
<token t_id="40" sentence="1" number="7">of</token>
<token t_id="41" sentence="1" number="8">Eden</token>
<token t_id="42" sentence="2" number="0">Sat</token>
<token t_id="43" sentence="2" number="1">Nov</token>
<token t_id="44" sentence="2" number="2">12</token>
<token t_id="45" sentence="2" number="3">2011</token>
<token t_id="46" sentence="2" number="4">,</token>
<token t_id="47" sentence="2" number="5">01</token>
<token t_id="48" sentence="2" number="6">:</token>
<token t_id="49" sentence="2" number="7">19</token>
<token t_id="50" sentence="2" number="8">hrs</token>
<token t_id="51" sentence="3" number="0">Warship</token>
<token t_id="52" sentence="3" number="1">INS</token>
<token t_id="53" sentence="3" number="2">Sukanya</token>
<token t_id="54" sentence="3" number="3">on</token>
<token t_id="55" sentence="3" number="4">Thursday</token>
<token t_id="56" sentence="3" number="5">foiled</token>
<token t_id="57" sentence="3" number="6">a</token>
<token t_id="58" sentence="3" number="7">piracy</token>
<token t_id="59" sentence="3" number="8">attempt</token>
<token t_id="60" sentence="3" number="9">in</token>
<token t_id="61" sentence="3" number="10">the</token>
<token t_id="62" sentence="3" number="11">Gulf</token>
<token t_id="63" sentence="3" number="12">of</token>
<token t_id="64" sentence="3" number="13">Aden</token>
<token t_id="65" sentence="3" number="14">between</token>
<token t_id="66" sentence="3" number="15">Somalia</token>
<token t_id="67" sentence="3" number="16">and</token>
<token t_id="68" sentence="3" number="17">Yemen</token>
<token t_id="69" sentence="3" number="18">.</token>
<token t_id="70" sentence="4" number="0">The</token>
<token t_id="71" sentence="4" number="1">ship</token>
<token t_id="72" sentence="4" number="2">was</token>
<token t_id="73" sentence="4" number="3">escorting</token>
<token t_id="74" sentence="4" number="4">a</token>
<token t_id="75" sentence="4" number="5">group</token>
<token t_id="76" sentence="4" number="6">of</token>
<token t_id="77" sentence="4" number="7">five</token>
<token t_id="78" sentence="4" number="8">merchant</token>
<token t_id="79" sentence="4" number="9">vessels</token>
<token t_id="80" sentence="4" number="10">through</token>
<token t_id="81" sentence="4" number="11">the</token>
<token t_id="82" sentence="4" number="12">Internationally</token>
<token t_id="83" sentence="4" number="13">Recognised</token>
<token t_id="84" sentence="4" number="14">Transit</token>
<token t_id="85" sentence="4" number="15">Corridor</token>
<token t_id="86" sentence="4" number="16">(</token>
<token t_id="87" sentence="4" number="17">IRTC</token>
<token t_id="88" sentence="4" number="18">)</token>
<token t_id="89" sentence="4" number="19">when</token>
<token t_id="90" sentence="4" number="20">the</token>
<token t_id="91" sentence="4" number="21">bid</token>
<token t_id="92" sentence="4" number="22">occurred</token>
<token t_id="93" sentence="4" number="23">.</token>
<token t_id="94" sentence="5" number="0">This</token>
<token t_id="95" sentence="5" number="1">is</token>
<token t_id="96" sentence="5" number="2">the</token>
<token t_id="97" sentence="5" number="3">fifth</token>
<token t_id="98" sentence="5" number="4">anti</token>
<token t_id="99" sentence="5" number="5">-</token>
<token t_id="100" sentence="5" number="6">piracy</token>
<token t_id="101" sentence="5" number="7">operation</token>
<token t_id="102" sentence="5" number="8">carried</token>
<token t_id="103" sentence="5" number="9">out</token>
<token t_id="104" sentence="5" number="10">by</token>
<token t_id="105" sentence="5" number="11">the</token>
<token t_id="106" sentence="5" number="12">warship</token>
<token t_id="107" sentence="5" number="13">after</token>
<token t_id="108" sentence="5" number="14">it</token>
<token t_id="109" sentence="5" number="15">was</token>
<token t_id="110" sentence="5" number="16">sent</token>
<token t_id="111" sentence="5" number="17">for</token>
<token t_id="112" sentence="5" number="18">patrol</token>
<token t_id="113" sentence="5" number="19">missions</token>
<token t_id="114" sentence="5" number="20">to</token>
<token t_id="115" sentence="5" number="21">the</token>
<token t_id="116" sentence="5" number="22">Gulf</token>
<token t_id="117" sentence="5" number="23">of</token>
<token t_id="118" sentence="5" number="24">Aden</token>
<token t_id="119" sentence="5" number="25">in</token>
<token t_id="120" sentence="5" number="26">September</token>
<token t_id="121" sentence="5" number="27">.</token>
<token t_id="122" sentence="6" number="0">The</token>
<token t_id="123" sentence="6" number="1">course</token>
<token t_id="124" sentence="6" number="2">of</token>
<token t_id="125" sentence="6" number="3">INS</token>
<token t_id="126" sentence="6" number="4">Sukanya</token>
<token t_id="127" sentence="6" number="5">was</token>
<token t_id="128" sentence="6" number="6">altered</token>
<token t_id="129" sentence="6" number="7">to</token>
<token t_id="130" sentence="6" number="8">intercept</token>
<token t_id="131" sentence="6" number="9">boats</token>
<token t_id="132" sentence="6" number="10">targeting</token>
<token t_id="133" sentence="6" number="11">the</token>
<token t_id="134" sentence="6" number="12">merchant</token>
<token t_id="135" sentence="6" number="13">vessels</token>
<token t_id="136" sentence="6" number="14">.</token>
<token t_id="137" sentence="7" number="0">"The</token>
<token t_id="138" sentence="7" number="1">incident</token>
<token t_id="139" sentence="7" number="2">occurred</token>
<token t_id="140" sentence="7" number="3">around</token>
<token t_id="141" sentence="7" number="4">9</token>
<token t_id="142" sentence="7" number="5">.</token>
<token t_id="143" sentence="7" number="6">25</token>
<token t_id="144" sentence="7" number="7">am</token>
<token t_id="145" sentence="7" number="8">when</token>
<token t_id="146" sentence="7" number="9">five</token>
<token t_id="147" sentence="7" number="10">boats</token>
<token t_id="148" sentence="7" number="11">were</token>
<token t_id="149" sentence="7" number="12">seen</token>
<token t_id="150" sentence="7" number="13">approaching</token>
<token t_id="151" sentence="7" number="14">the</token>
<token t_id="152" sentence="7" number="15">vessels</token>
<token t_id="153" sentence="7" number="16">.</token>
<token t_id="154" sentence="7" number="17">.</token>
<token t_id="155" sentence="7" number="18">.</token>
<token t_id="156" sentence="8" number="0">Seeing</token>
<token t_id="157" sentence="8" number="1">the</token>
<token t_id="158" sentence="8" number="2">warship</token>
<token t_id="159" sentence="8" number="3">headed</token>
<token t_id="160" sentence="8" number="4">in</token>
<token t_id="161" sentence="8" number="5">their</token>
<token t_id="162" sentence="8" number="6">direction</token>
<token t_id="163" sentence="8" number="7">,</token>
<token t_id="164" sentence="8" number="8">the</token>
<token t_id="165" sentence="8" number="9">skiffs</token>
<token t_id="166" sentence="8" number="10">tried</token>
<token t_id="167" sentence="8" number="11">to</token>
<token t_id="168" sentence="8" number="12">escape</token>
<token t_id="169" sentence="8" number="13">.</token>
<token t_id="170" sentence="9" number="0">While</token>
<token t_id="171" sentence="9" number="1">two</token>
<token t_id="172" sentence="9" number="2">of</token>
<token t_id="173" sentence="9" number="3">them</token>
<token t_id="174" sentence="9" number="4">managed</token>
<token t_id="175" sentence="9" number="5">to</token>
<token t_id="176" sentence="9" number="6">flee</token>
<token t_id="177" sentence="9" number="7">,</token>
<token t_id="178" sentence="9" number="8">boarding</token>
<token t_id="179" sentence="9" number="9">-</token>
<token t_id="180" sentence="9" number="10">and</token>
<token t_id="181" sentence="9" number="11">-</token>
<token t_id="182" sentence="9" number="12">search</token>
<token t_id="183" sentence="9" number="13">operations</token>
<token t_id="184" sentence="9" number="14">were</token>
<token t_id="185" sentence="9" number="15">carried</token>
<token t_id="186" sentence="9" number="16">out</token>
<token t_id="187" sentence="9" number="17">on</token>
<token t_id="188" sentence="9" number="18">the</token>
<token t_id="189" sentence="9" number="19">other</token>
<token t_id="190" sentence="9" number="20">three</token>
<token t_id="191" sentence="9" number="21">,</token>
<token t_id="192" sentence="9" number="22">"</token>
<token t_id="193" sentence="9" number="23">a</token>
<token t_id="194" sentence="9" number="24">defence</token>
<token t_id="195" sentence="9" number="25">spokesperson</token>
<token t_id="196" sentence="9" number="26">said</token>
<token t_id="197" sentence="9" number="27">.</token>
<token t_id="198" sentence="10" number="0">Six</token>
<token t_id="199" sentence="10" number="1">AK</token>
<token t_id="200" sentence="10" number="2">47</token>
<token t_id="201" sentence="10" number="3">rifles</token>
<token t_id="202" sentence="10" number="4">,</token>
<token t_id="203" sentence="10" number="5">12</token>
<token t_id="204" sentence="10" number="6">magazines</token>
<token t_id="205" sentence="10" number="7">and</token>
<token t_id="206" sentence="10" number="8">300</token>
<token t_id="207" sentence="10" number="9">rounds</token>
<token t_id="208" sentence="10" number="10">of</token>
<token t_id="209" sentence="10" number="11">ammunition</token>
<token t_id="210" sentence="10" number="12">were</token>
<token t_id="211" sentence="10" number="13">seized</token>
<token t_id="212" sentence="10" number="14">from</token>
<token t_id="213" sentence="10" number="15">the</token>
<token t_id="214" sentence="10" number="16">boats</token>
<token t_id="215" sentence="10" number="17">.</token>
<token t_id="216" sentence="11" number="0">They</token>
<token t_id="217" sentence="11" number="1">had</token>
<token t_id="218" sentence="11" number="2">26</token>
<token t_id="219" sentence="11" number="3">crewmen</token>
<token t_id="220" sentence="11" number="4">aboard</token>
<token t_id="221" sentence="11" number="5">,</token>
<token t_id="222" sentence="11" number="6">all</token>
<token t_id="223" sentence="11" number="7">Somalian</token>
<token t_id="224" sentence="11" number="8">nationals</token>
<token t_id="225" sentence="11" number="9">.</token>
<token t_id="226" sentence="12" number="0">"We</token>
<token t_id="227" sentence="12" number="1">also</token>
<token t_id="228" sentence="12" number="2">managed</token>
<token t_id="229" sentence="12" number="3">to</token>
<token t_id="230" sentence="12" number="4">find</token>
<token t_id="231" sentence="12" number="5">grapnels</token>
<token t_id="232" sentence="12" number="6">,</token>
<token t_id="233" sentence="12" number="7">ladders</token>
<token t_id="234" sentence="12" number="8">and</token>
<token t_id="235" sentence="12" number="9">rope</token>
<token t_id="236" sentence="12" number="10">-</token>
<token t_id="237" sentence="12" number="11">handling</token>
<token t_id="238" sentence="12" number="12">gloves</token>
<token t_id="239" sentence="12" number="13">,</token>
<token t_id="240" sentence="12" number="14">which</token>
<token t_id="241" sentence="12" number="15">are</token>
<token t_id="242" sentence="12" number="16">proof</token>
<token t_id="243" sentence="12" number="17">that</token>
<token t_id="244" sentence="12" number="18">those</token>
<token t_id="245" sentence="12" number="19">caught</token>
<token t_id="246" sentence="12" number="20">were</token>
<token t_id="247" sentence="12" number="21">pirates</token>
<token t_id="248" sentence="12" number="22">.</token>
<token t_id="249" sentence="12" number="23">"</token>
<Markables>
<ACTION_OCCURRENCE m_id="9"  >
  <token_anchor t_id="73"/>
</ACTION_OCCURRENCE>
<ACTION_OCCURRENCE m_id="10"  >
  <token_anchor t_id="91"/>
</ACTION_OCCURRENCE>
<ACTION_OCCURRENCE m_id="11"  >
  <token_anchor t_id="92"/>
</ACTION_OCCURRENCE>
<ACTION_OCCURRENCE m_id="7"  >
  <token_anchor t_id="56"/>
</ACTION_OCCURRENCE>
<ACTION_OCCURRENCE m_id="8"  >
  <token_anchor t_id="35"/>
</ACTION_OCCURRENCE>
<HUMAN_PART_VEH m_id="12"  >
  <token_anchor t_id="71"/>
</HUMAN_PART_VEH>
<HUMAN_PART_VEH m_id="1"  >
  <token_anchor t_id="33"/>
  <token_anchor t_id="34"/>
</HUMAN_PART_VEH>
<HUMAN_PART_VEH m_id="2"  >
  <token_anchor t_id="52"/>
  <token_anchor t_id="53"/>
</HUMAN_PART_VEH>
<LOC_GEO m_id="14"  >
  <token_anchor t_id="82"/>
  <token_anchor t_id="83"/>
  <token_anchor t_id="84"/>
  <token_anchor t_id="85"/>
</LOC_GEO>
<LOC_GEO m_id="3"  >
  <token_anchor t_id="61"/>
  <token_anchor t_id="62"/>
  <token_anchor t_id="63"/>
  <token_anchor t_id="64"/>
  <token_anchor t_id="65"/>
  <token_anchor t_id="66"/>
  <token_anchor t_id="67"/>
  <token_anchor t_id="68"/>
</LOC_GEO>
<LOC_GEO m_id="4"  >
  <token_anchor t_id="39"/>
  <token_anchor t_id="40"/>
  <token_anchor t_id="41"/>
</LOC_GEO>
<TIME_DATE m_id="5"  >
  <token_anchor t_id="54"/>
  <token_anchor t_id="55"/>
</TIME_DATE>
<TIME_DATE m_id="6"  >
  <token_anchor t_id="42"/>
  <token_anchor t_id="43"/>
  <token_anchor t_id="44"/>
  <token_anchor t_id="45"/>
  <token_anchor t_id="46"/>
  <token_anchor t_id="47"/>
  <token_anchor t_id="48"/>
  <token_anchor t_id="49"/>
  <token_anchor t_id="50"/>
</TIME_DATE>


<HUMAN_PART_VEH m_id="20" note="byCROMER" >
  <token_anchor t_id="79"/>
</HUMAN_PART_VEH>
<ACTION_OCCURRENCE m_id="21" note="byCROMER" >
  <token_anchor t_id="59"/>
</ACTION_OCCURRENCE>
<ACTION_OCCURRENCE m_id="22" note="byCROMER" >
  <token_anchor t_id="58"/>
</ACTION_OCCURRENCE>
<ACTION_OCCURRENCE m_id="23" note="byCROMER" >
  <token_anchor t_id="36"/>
</ACTION_OCCURRENCE>
<ACTION_OCCURRENCE m_id="24" note="byCROMER" >
  <token_anchor t_id="37"/>
</ACTION_OCCURRENCE>


<ACTION_OCCURRENCE m_id="33" RELATED_TO="" TAG_DESCRIPTOR="t12_escorting" instance_id="ACT17399281227162562" />
<ACTION_OCCURRENCE m_id="32" RELATED_TO="" TAG_DESCRIPTOR="t12_piracy" instance_id="ACT17399442767732212" />
<LOC_GEO m_id="31" RELATED_TO="" TAG_DESCRIPTOR="t12_irtc" instance_id="LOC17399265323071172" />
<HUMAN_PART_VEH m_id="29" RELATED_TO="" TAG_DESCRIPTOR="t12_human_merchant_vessels" instance_id="HUM28315709747028727" />
<ACTION_OCCURRENCE m_id="30" RELATED_TO="" TAG_DESCRIPTOR="t12_piracy_attack" instance_id="ACT17399394379261869" />
<LOC_GEO m_id="28" RELATED_TO="" TAG_DESCRIPTOR="t12_gulf_of_aden" instance_id="LOC17399309192531980" />
<HUMAN_PART_VEH m_id="27" RELATED_TO="" TAG_DESCRIPTOR="t12_sukanya" instance_id="HUM17399253991302684" />
<ACTION_OCCURRENCE m_id="26" RELATED_TO="" TAG_DESCRIPTOR="t12_thwarted" instance_id="ACT17399526650935522" />
<TIME_DATE m_id="25" RELATED_TO="" TAG_DESCRIPTOR="t12_thursday" instance_id="TIM17399631939610256" />
</Markables>

<Relations>
<CROSS_DOC_COREF r_id="24872" note="TIM17399631939610256" >
  <source m_id="5" />
  <target m_id="25" />
</CROSS_DOC_COREF>
<CROSS_DOC_COREF r_id="24873" note="ACT17399526650935522" >
  <source m_id="7" />
  <source m_id="8" />
  <target m_id="26" />
</CROSS_DOC_COREF>
<CROSS_DOC_COREF r_id="24874" note="HUM17399253991302684" >
  <source m_id="1" />
  <source m_id="2" />
  <source m_id="12" />
  <target m_id="27" />
</CROSS_DOC_COREF>
<CROSS_DOC_COREF r_id="24875" note="LOC17399309192531980" >
  <source m_id="3" />
  <source m_id="4" />
  <target m_id="28" />
</CROSS_DOC_COREF>
<CROSS_DOC_COREF r_id="24876" note="HUM28315709747028727" >
  <source m_id="20" />
  <target m_id="29" />
</CROSS_DOC_COREF>
<CROSS_DOC_COREF r_id="24877" note="ACT17399394379261869" >
  <source m_id="21" />
  <source m_id="24" />
  <target m_id="30" />
</CROSS_DOC_COREF>
<CROSS_DOC_COREF r_id="24878" note="LOC17399265323071172" >
  <source m_id="14" />
  <target m_id="31" />
</CROSS_DOC_COREF>
<CROSS_DOC_COREF r_id="24879" note="ACT17399442767732212" >
  <source m_id="22" />
  <source m_id="23" />
  <target m_id="32" />
</CROSS_DOC_COREF>
<CROSS_DOC_COREF r_id="24880" note="ACT17399281227162562" >
  <source m_id="9" />
  <target m_id="33" />
</CROSS_DOC_COREF>

</Relations>
</Document>
