<Document doc_name="12_19ecb.xml" doc_id="DOC15654141218392383">
<token t_id="1" sentence="0" number="0">Taking</token>
<token t_id="2" sentence="0" number="1">the</token>
<token t_id="3" sentence="0" number="2">lead</token>
<token t_id="4" sentence="0" number="3">in</token>
<token t_id="5" sentence="0" number="4">the</token>
<token t_id="6" sentence="0" number="5">fight</token>
<token t_id="7" sentence="0" number="6">against</token>
<token t_id="8" sentence="0" number="7">piracy</token>
<token t_id="9" sentence="0" number="8">,</token>
<token t_id="10" sentence="0" number="9">the</token>
<token t_id="11" sentence="0" number="10">Indian</token>
<token t_id="12" sentence="0" number="11">Navy</token>
<token t_id="13" sentence="0" number="12">on</token>
<token t_id="14" sentence="0" number="13">Saturday</token>
<token t_id="15" sentence="0" number="14">arrested</token>
<token t_id="16" sentence="0" number="15">23</token>
<token t_id="17" sentence="0" number="16">Somali</token>
<token t_id="18" sentence="0" number="17">pirates</token>
<token t_id="19" sentence="0" number="18">.</token>
<token t_id="20" sentence="1" number="0">An</token>
<token t_id="21" sentence="1" number="1">Indian</token>
<token t_id="22" sentence="1" number="2">warship</token>
<token t_id="23" sentence="1" number="3">,</token>
<token t_id="24" sentence="1" number="4">INS</token>
<token t_id="25" sentence="1" number="5">Mysore</token>
<token t_id="26" sentence="1" number="6">deployed</token>
<token t_id="27" sentence="1" number="7">in</token>
<token t_id="28" sentence="1" number="8">the</token>
<token t_id="29" sentence="1" number="9">Gulf</token>
<token t_id="30" sentence="1" number="10">of</token>
<token t_id="31" sentence="1" number="11">Aden</token>
<token t_id="32" sentence="1" number="12">attacked</token>
<token t_id="33" sentence="1" number="13">two</token>
<token t_id="34" sentence="1" number="14">boats</token>
<token t_id="35" sentence="1" number="15">of</token>
<token t_id="36" sentence="1" number="16">pirates</token>
<token t_id="37" sentence="1" number="17">after</token>
<token t_id="38" sentence="1" number="18">receiving</token>
<token t_id="39" sentence="1" number="19">signals</token>
<token t_id="40" sentence="1" number="20">from</token>
<token t_id="41" sentence="1" number="21">a</token>
<token t_id="42" sentence="1" number="22">ship</token>
<token t_id="43" sentence="1" number="23">that</token>
<token t_id="44" sentence="1" number="24">the</token>
<token t_id="45" sentence="1" number="25">pirates</token>
<token t_id="46" sentence="1" number="26">were</token>
<token t_id="47" sentence="1" number="27">trying</token>
<token t_id="48" sentence="1" number="28">to</token>
<token t_id="49" sentence="1" number="29">hijack</token>
<token t_id="50" sentence="1" number="30">.</token>
<token t_id="51" sentence="2" number="0">The</token>
<token t_id="52" sentence="2" number="1">Indian</token>
<token t_id="53" sentence="2" number="2">warship</token>
<token t_id="54" sentence="2" number="3">was</token>
<token t_id="55" sentence="2" number="4">patrolling</token>
<token t_id="56" sentence="2" number="5">in</token>
<token t_id="57" sentence="2" number="6">the</token>
<token t_id="58" sentence="2" number="7">Somali</token>
<token t_id="59" sentence="2" number="8">waters</token>
<token t_id="60" sentence="2" number="9">when</token>
<token t_id="61" sentence="2" number="10">it</token>
<token t_id="62" sentence="2" number="11">rushed</token>
<token t_id="63" sentence="2" number="12">to</token>
<token t_id="64" sentence="2" number="13">rescue</token>
<token t_id="65" sentence="2" number="14">MV</token>
<token t_id="66" sentence="2" number="15">Gibe</token>
<token t_id="67" sentence="2" number="16">,</token>
<token t_id="68" sentence="2" number="17">a</token>
<token t_id="69" sentence="2" number="18">merchant</token>
<token t_id="70" sentence="2" number="19">vessel</token>
<token t_id="71" sentence="2" number="20">flying</token>
<token t_id="72" sentence="2" number="21">the</token>
<token t_id="73" sentence="2" number="22">Ethiopian</token>
<token t_id="74" sentence="2" number="23">flag</token>
<token t_id="75" sentence="2" number="24">.</token>
<token t_id="76" sentence="3" number="0">The</token>
<token t_id="77" sentence="3" number="1">pirates</token>
<token t_id="78" sentence="3" number="2">on</token>
<token t_id="79" sentence="3" number="3">two</token>
<token t_id="80" sentence="3" number="4">speed</token>
<token t_id="81" sentence="3" number="5">boats</token>
<token t_id="82" sentence="3" number="6">had</token>
<token t_id="83" sentence="3" number="7">surrounded</token>
<token t_id="84" sentence="3" number="8">the</token>
<token t_id="85" sentence="3" number="9">merchant</token>
<token t_id="86" sentence="3" number="10">vessel</token>
<token t_id="87" sentence="3" number="11">,</token>
<token t_id="88" sentence="3" number="12">when</token>
<token t_id="89" sentence="3" number="13">INS</token>
<token t_id="90" sentence="3" number="14">Mysore</token>
<token t_id="91" sentence="3" number="15">warship</token>
<token t_id="92" sentence="3" number="16">intervened</token>
<token t_id="93" sentence="3" number="17">and</token>
<token t_id="94" sentence="3" number="18">warded</token>
<token t_id="95" sentence="3" number="19">off</token>
<token t_id="96" sentence="3" number="20">the</token>
<token t_id="97" sentence="3" number="21">attack</token>
<token t_id="98" sentence="3" number="22">,</token>
<token t_id="99" sentence="3" number="23">Navy</token>
<token t_id="100" sentence="3" number="24">spokesperson</token>
<token t_id="101" sentence="3" number="25">said</token>
<token t_id="102" sentence="3" number="26">here</token>
<token t_id="103" sentence="3" number="27">.</token>
<token t_id="104" sentence="4" number="0">The</token>
<token t_id="105" sentence="4" number="1">pirates</token>
<token t_id="106" sentence="4" number="2">had</token>
<token t_id="107" sentence="4" number="3">fired</token>
<token t_id="108" sentence="4" number="4">at</token>
<token t_id="109" sentence="4" number="5">the</token>
<token t_id="110" sentence="4" number="6">merchant</token>
<token t_id="111" sentence="4" number="7">vessel</token>
<token t_id="112" sentence="4" number="8">with</token>
<token t_id="113" sentence="4" number="9">their</token>
<token t_id="114" sentence="4" number="10">small</token>
<token t_id="115" sentence="4" number="11">arms</token>
<token t_id="116" sentence="4" number="12">,</token>
<token t_id="117" sentence="4" number="13">when</token>
<token t_id="118" sentence="4" number="14">it</token>
<token t_id="119" sentence="4" number="15">sent</token>
<token t_id="120" sentence="4" number="16">out</token>
<token t_id="121" sentence="4" number="17">a</token>
<token t_id="122" sentence="4" number="18">rescue</token>
<token t_id="123" sentence="4" number="19">call</token>
<token t_id="124" sentence="4" number="20">and</token>
<token t_id="125" sentence="4" number="21">the</token>
<token t_id="126" sentence="4" number="22">Indian</token>
<token t_id="127" sentence="4" number="23">warship</token>
<token t_id="128" sentence="4" number="24">,</token>
<token t_id="129" sentence="4" number="25">which</token>
<token t_id="130" sentence="4" number="26">was</token>
<token t_id="131" sentence="4" number="27">sailing</token>
<token t_id="132" sentence="4" number="28">nearby</token>
<token t_id="133" sentence="4" number="29">moved</token>
<token t_id="134" sentence="4" number="30">its</token>
<token t_id="135" sentence="4" number="31">Marine</token>
<token t_id="136" sentence="4" number="32">Commandos</token>
<token t_id="137" sentence="4" number="33">on</token>
<token t_id="138" sentence="4" number="34">an</token>
<token t_id="139" sentence="4" number="35">helicopter</token>
<token t_id="140" sentence="4" number="36">to</token>
<token t_id="141" sentence="4" number="37">help</token>
<token t_id="142" sentence="4" number="38">the</token>
<token t_id="143" sentence="4" number="39">distressed</token>
<token t_id="144" sentence="4" number="40">cargo</token>
<token t_id="145" sentence="4" number="41">vessel</token>
<token t_id="146" sentence="4" number="42">,</token>
<token t_id="147" sentence="4" number="43">he</token>
<token t_id="148" sentence="4" number="44">said</token>
<token t_id="149" sentence="4" number="45">.</token>
<token t_id="150" sentence="5" number="0">The</token>
<token t_id="151" sentence="5" number="1">attack</token>
<token t_id="152" sentence="5" number="2">took</token>
<token t_id="153" sentence="5" number="3">place</token>
<token t_id="154" sentence="5" number="4">about</token>
<token t_id="155" sentence="5" number="5">150</token>
<token t_id="156" sentence="5" number="6">nautical</token>
<token t_id="157" sentence="5" number="7">miles</token>
<token t_id="158" sentence="5" number="8">off</token>
<token t_id="159" sentence="5" number="9">Aden</token>
<token t_id="160" sentence="5" number="10">and</token>
<token t_id="161" sentence="5" number="11">INS</token>
<token t_id="162" sentence="5" number="12">Mysore</token>
<token t_id="163" sentence="5" number="13">was</token>
<token t_id="164" sentence="5" number="14">about</token>
<token t_id="165" sentence="5" number="15">13</token>
<token t_id="166" sentence="5" number="16">nautical</token>
<token t_id="167" sentence="5" number="17">miles</token>
<token t_id="168" sentence="5" number="18">away</token>
<token t_id="169" sentence="5" number="19">from</token>
<token t_id="170" sentence="5" number="20">the</token>
<token t_id="171" sentence="5" number="21">merchant</token>
<token t_id="172" sentence="5" number="22">vessel</token>
<token t_id="173" sentence="5" number="23">when</token>
<token t_id="174" sentence="5" number="24">it</token>
<token t_id="175" sentence="5" number="25">picked</token>
<token t_id="176" sentence="5" number="26">up</token>
<token t_id="177" sentence="5" number="27">the</token>
<token t_id="178" sentence="5" number="28">SOS</token>
<token t_id="179" sentence="5" number="29">call</token>
<token t_id="180" sentence="5" number="30">.</token>
<token t_id="181" sentence="6" number="0">The</token>
<token t_id="182" sentence="6" number="1">Navy</token>
<token t_id="183" sentence="6" number="2">flew</token>
<token t_id="184" sentence="6" number="3">its</token>
<token t_id="185" sentence="6" number="4">Marine</token>
<token t_id="186" sentence="6" number="5">Commandos</token>
<token t_id="187" sentence="6" number="6">on</token>
<token t_id="188" sentence="6" number="7">helicopters</token>
<token t_id="189" sentence="6" number="8">to</token>
<token t_id="190" sentence="6" number="9">the</token>
<token t_id="191" sentence="6" number="10">scene</token>
<token t_id="192" sentence="6" number="11">of</token>
<token t_id="193" sentence="6" number="12">the</token>
<token t_id="194" sentence="6" number="13">pirate</token>
<token t_id="195" sentence="6" number="14">attack</token>
<token t_id="196" sentence="6" number="15">and</token>
<token t_id="197" sentence="6" number="16">rescued</token>
<token t_id="198" sentence="6" number="17">the</token>
<token t_id="199" sentence="6" number="18">ship.</token>
<token t_id="200" sentence="6" number="19">MV</token>
<token t_id="201" sentence="6" number="20">Gibe</token>
<token t_id="202" sentence="6" number="21">was</token>
<token t_id="203" sentence="6" number="22">later</token>
<token t_id="204" sentence="6" number="23">escorted</token>
<token t_id="205" sentence="6" number="24">to</token>
<token t_id="206" sentence="6" number="25">safety</token>
<token t_id="207" sentence="6" number="26">,</token>
<token t_id="208" sentence="6" number="27">he</token>
<token t_id="209" sentence="6" number="28">added</token>
<token t_id="210" sentence="6" number="29">.</token>
<token t_id="211" sentence="7" number="0">The</token>
<token t_id="212" sentence="7" number="1">Indian</token>
<token t_id="213" sentence="7" number="2">commandos</token>
<token t_id="214" sentence="7" number="3">also</token>
<token t_id="215" sentence="7" number="4">recovered</token>
<token t_id="216" sentence="7" number="5">12</token>
<token t_id="217" sentence="7" number="6">AK</token>
<token t_id="218" sentence="7" number="7">47</token>
<token t_id="219" sentence="7" number="8">guns</token>
<token t_id="220" sentence="7" number="9">,</token>
<token t_id="221" sentence="7" number="10">three</token>
<token t_id="222" sentence="7" number="11">rifles</token>
<token t_id="223" sentence="7" number="12">,</token>
<token t_id="224" sentence="7" number="13">two</token>
<token t_id="225" sentence="7" number="14">grenades</token>
<token t_id="226" sentence="7" number="15">along</token>
<token t_id="227" sentence="7" number="16">with</token>
<token t_id="228" sentence="7" number="17">other</token>
<token t_id="229" sentence="7" number="18">ammunition</token>
<token t_id="230" sentence="7" number="19">.</token>
<token t_id="231" sentence="8" number="0">Out</token>
<token t_id="232" sentence="8" number="1">of</token>
<token t_id="233" sentence="8" number="2">23</token>
<token t_id="234" sentence="8" number="3">arrested</token>
<token t_id="235" sentence="8" number="4">pirates</token>
<token t_id="236" sentence="8" number="5">,</token>
<token t_id="237" sentence="8" number="6">12</token>
<token t_id="238" sentence="8" number="7">are</token>
<token t_id="239" sentence="8" number="8">reportedly</token>
<token t_id="240" sentence="8" number="9">from</token>
<token t_id="241" sentence="8" number="10">Somalia</token>
<token t_id="242" sentence="8" number="11">and</token>
<token t_id="243" sentence="8" number="12">11</token>
<token t_id="244" sentence="8" number="13">from</token>
<token t_id="245" sentence="8" number="14">Yemen</token>
<token t_id="246" sentence="8" number="15">.</token>
<token t_id="247" sentence="9" number="0">The</token>
<token t_id="248" sentence="9" number="1">Indian</token>
<token t_id="249" sentence="9" number="2">warship</token>
<token t_id="250" sentence="9" number="3">,</token>
<token t_id="251" sentence="9" number="4">the</token>
<token t_id="252" sentence="9" number="5">INS</token>
<token t_id="253" sentence="9" number="6">Mysore</token>
<token t_id="254" sentence="9" number="7">,</token>
<token t_id="255" sentence="9" number="8">was</token>
<token t_id="256" sentence="9" number="9">dispatched</token>
<token t_id="257" sentence="9" number="10">to</token>
<token t_id="258" sentence="9" number="11">the</token>
<token t_id="259" sentence="9" number="12">Gulf</token>
<token t_id="260" sentence="9" number="13">of</token>
<token t_id="261" sentence="9" number="14">Aden</token>
<token t_id="262" sentence="9" number="15">after</token>
<token t_id="263" sentence="9" number="16">a</token>
<token t_id="264" sentence="9" number="17">spike</token>
<token t_id="265" sentence="9" number="18">in</token>
<token t_id="266" sentence="9" number="19">piracy</token>
<token t_id="267" sentence="9" number="20">and</token>
<token t_id="268" sentence="9" number="21">hijackings</token>
<token t_id="269" sentence="9" number="22">off</token>
<token t_id="270" sentence="9" number="23">the</token>
<token t_id="271" sentence="9" number="24">coast</token>
<token t_id="272" sentence="9" number="25">of</token>
<token t_id="273" sentence="9" number="26">Somalia</token>
<token t_id="274" sentence="9" number="27">,</token>
<token t_id="275" sentence="9" number="28">which</token>
<token t_id="276" sentence="9" number="29">is</token>
<token t_id="277" sentence="9" number="30">caught</token>
<token t_id="278" sentence="9" number="31">up</token>
<token t_id="279" sentence="9" number="32">in</token>
<token t_id="280" sentence="9" number="33">an</token>
<token t_id="281" sentence="9" number="34">Islamic</token>
<token t_id="282" sentence="9" number="35">insurgency</token>
<token t_id="283" sentence="9" number="36">and</token>
<token t_id="284" sentence="9" number="37">has</token>
<token t_id="285" sentence="9" number="38">had</token>
<token t_id="286" sentence="9" number="39">no</token>
<token t_id="287" sentence="9" number="40">functioning</token>
<token t_id="288" sentence="9" number="41">government</token>
<token t_id="289" sentence="9" number="42">since</token>
<token t_id="290" sentence="9" number="43">1991</token>
<token t_id="291" sentence="9" number="44">.</token>
<Markables>
<ACTION_OCCURRENCE m_id="27"  >
  <token_anchor t_id="26"/>
</ACTION_OCCURRENCE>
<ACTION_OCCURRENCE m_id="29"  >
  <token_anchor t_id="32"/>
</ACTION_OCCURRENCE>
<ACTION_OCCURRENCE m_id="31"  >
  <token_anchor t_id="38"/>
</ACTION_OCCURRENCE>
<ACTION_OCCURRENCE m_id="35"  >
  <token_anchor t_id="47"/>
</ACTION_OCCURRENCE>
<ACTION_OCCURRENCE m_id="36"  >
  <token_anchor t_id="49"/>
</ACTION_OCCURRENCE>
<ACTION_OCCURRENCE m_id="22"  >
  <token_anchor t_id="15"/>
</ACTION_OCCURRENCE>
<ACTION_OCCURRENCE m_id="23"  >
  <token_anchor t_id="6"/>
</ACTION_OCCURRENCE>
<ACTION_OCCURRENCE m_id="24"  >
  <token_anchor t_id="1"/>
  <token_anchor t_id="2"/>
  <token_anchor t_id="3"/>
</ACTION_OCCURRENCE>
<HUMAN_PART_ORG m_id="25"  >
  <token_anchor t_id="12"/>
</HUMAN_PART_ORG>
<HUMAN_PART_PER m_id="34"  >
  <token_anchor t_id="45"/>
</HUMAN_PART_PER>
<HUMAN_PART_PER m_id="26"  >
  <token_anchor t_id="18"/>
</HUMAN_PART_PER>
<HUMAN_PART_VEH m_id="20"  >
  <token_anchor t_id="22"/>
</HUMAN_PART_VEH>
<LOC_GEO m_id="28"  >
  <token_anchor t_id="28"/>
  <token_anchor t_id="29"/>
  <token_anchor t_id="30"/>
  <token_anchor t_id="31"/>
</LOC_GEO>
<NON_HUMAN_PART m_id="32"  >
  <token_anchor t_id="39"/>
</NON_HUMAN_PART>
<TIME_DATE m_id="21"  >
  <token_anchor t_id="14"/>
</TIME_DATE>


<HUMAN_PART_PER m_id="37" note="byCROMER" >
  <token_anchor t_id="34"/>
</HUMAN_PART_PER>
<HUMAN_PART_VEH m_id="38" note="byCROMER" >
  <token_anchor t_id="42"/>
</HUMAN_PART_VEH>
<ACTION_OCCURRENCE m_id="39" note="byCROMER" >
  <token_anchor t_id="8"/>
</ACTION_OCCURRENCE>


<HUMAN_PART_PER m_id="50" RELATED_TO="" TAG_DESCRIPTOR="t12b_pirates" instance_id="HUM17403498594960941" />
<ACTION_OCCURRENCE m_id="49" RELATED_TO="" TAG_DESCRIPTOR="t12b_deployed" instance_id="ACT17403749228334830" />
<ACTION_OCCURRENCE m_id="48" RELATED_TO="" TAG_DESCRIPTOR="t12b_tried" instance_id="ACT17404482478144688" />
<ACTION_OCCURRENCE m_id="47" RELATED_TO="" TAG_DESCRIPTOR="t12b_capture" instance_id="ACT17403639225065902" />
<HUMAN_PART_ORG m_id="46" RELATED_TO="" TAG_DESCRIPTOR="t12b_navy" instance_id="HUM17403785688719729" />
<LOC_GEO m_id="45" RELATED_TO="" TAG_DESCRIPTOR="t12_gulf_of_aden" instance_id="LOC17399309192531980" />
<ACTION_OCCURRENCE m_id="44" RELATED_TO="" TAG_DESCRIPTOR="t12b_piracy" instance_id="ACT17403774139472624" />
<HUMAN_PART_VEH m_id="43" RELATED_TO="" TAG_DESCRIPTOR="t12b_mysore" instance_id="HUM17403809721645960" />
<TIME_DATE m_id="42" RELATED_TO="" TAG_DESCRIPTOR="t12b_saturday" instance_id="TIM17403559059252907" />
<HUMAN_PART_VEH m_id="41" RELATED_TO="" TAG_DESCRIPTOR="t12b_merchant_vessel" instance_id="HUM17403484329637243" />
<ACTION_OCCURRENCE m_id="40" RELATED_TO="" TAG_DESCRIPTOR="t12b_attack" instance_id="ACT17403630531063654" />
</Markables>

<Relations>
<CROSS_DOC_COREF r_id="33950" note="ACT17403630531063654" >
  <source m_id="36" />
  <target m_id="40" />
</CROSS_DOC_COREF>
<CROSS_DOC_COREF r_id="33951" note="HUM17403484329637243" >
  <source m_id="38" />
  <target m_id="41" />
</CROSS_DOC_COREF>
<CROSS_DOC_COREF r_id="33952" note="TIM17403559059252907" >
  <source m_id="21" />
  <target m_id="42" />
</CROSS_DOC_COREF>
<CROSS_DOC_COREF r_id="33953" note="HUM17403809721645960" >
  <source m_id="20" />
  <target m_id="43" />
</CROSS_DOC_COREF>
<CROSS_DOC_COREF r_id="33954" note="ACT17403774139472624" >
  <source m_id="39" />
  <target m_id="44" />
</CROSS_DOC_COREF>
<CROSS_DOC_COREF r_id="33955" note="LOC17399309192531980" >
  <source m_id="28" />
  <target m_id="45" />
</CROSS_DOC_COREF>
<CROSS_DOC_COREF r_id="33956" note="HUM17403785688719729" >
  <source m_id="25" />
  <target m_id="46" />
</CROSS_DOC_COREF>
<CROSS_DOC_COREF r_id="33957" note="ACT17403639225065902" >
  <source m_id="22" />
  <target m_id="47" />
</CROSS_DOC_COREF>
<CROSS_DOC_COREF r_id="33958" note="ACT17404482478144688" >
  <source m_id="35" />
  <target m_id="48" />
</CROSS_DOC_COREF>
<CROSS_DOC_COREF r_id="33959" note="ACT17403749228334830" >
  <source m_id="27" />
  <target m_id="49" />
</CROSS_DOC_COREF>
<CROSS_DOC_COREF r_id="33960" note="HUM17403498594960941" >
  <source m_id="34" />
  <source m_id="26" />
  <source m_id="37" />
  <target m_id="50" />
</CROSS_DOC_COREF>

</Relations>
</Document>
