<Document doc_name="12_12ecb.xml" doc_id="DOC15654142557373394">
<token t_id="1" sentence="0" number="0">In</token>
<token t_id="2" sentence="0" number="1">another</token>
<token t_id="3" sentence="0" number="2">successful</token>
<token t_id="4" sentence="0" number="3">anti-piracy</token>
<token t_id="5" sentence="0" number="4">operation</token>
<token t_id="6" sentence="0" number="5">,</token>
<token t_id="7" sentence="0" number="6">Navy</token>
<token t_id="8" sentence="0" number="7">warship</token>
<token t_id="9" sentence="0" number="8">on</token>
<token t_id="10" sentence="0" number="9">Saturday</token>
<token t_id="11" sentence="0" number="10">repulsed</token>
<token t_id="12" sentence="0" number="11">an</token>
<token t_id="13" sentence="0" number="12">attack</token>
<token t_id="14" sentence="0" number="13">on</token>
<token t_id="15" sentence="0" number="14">a</token>
<token t_id="16" sentence="0" number="15">merchant</token>
<token t_id="17" sentence="0" number="16">vessel</token>
<token t_id="18" sentence="0" number="17">in</token>
<token t_id="19" sentence="0" number="18">the</token>
<token t_id="20" sentence="0" number="19">Gulf</token>
<token t_id="21" sentence="0" number="20">of</token>
<token t_id="22" sentence="0" number="21">Aden</token>
<token t_id="23" sentence="0" number="22">and</token>
<token t_id="24" sentence="0" number="23">nabbed</token>
<token t_id="25" sentence="0" number="24">23</token>
<token t_id="26" sentence="0" number="25">Somali</token>
<token t_id="27" sentence="0" number="26">and</token>
<token t_id="28" sentence="0" number="27">Yemeni</token>
<token t_id="29" sentence="0" number="28">sea</token>
<token t_id="30" sentence="0" number="29">brigands</token>
<token t_id="31" sentence="0" number="30">,</token>
<token t_id="32" sentence="0" number="31">in</token>
<token t_id="33" sentence="0" number="32">a</token>
<token t_id="34" sentence="0" number="33">show</token>
<token t_id="35" sentence="0" number="34">of</token>
<token t_id="36" sentence="0" number="35">resolve</token>
<token t_id="37" sentence="0" number="36">to</token>
<token t_id="38" sentence="0" number="37">weed</token>
<token t_id="39" sentence="0" number="38">out</token>
<token t_id="40" sentence="0" number="39">the</token>
<token t_id="41" sentence="0" number="40">menace</token>
<token t_id="42" sentence="0" number="41">that</token>
<token t_id="43" sentence="0" number="42">affected</token>
<token t_id="44" sentence="0" number="43">maritime</token>
<token t_id="45" sentence="0" number="44">trade</token>
<token t_id="46" sentence="0" number="45">in</token>
<token t_id="47" sentence="0" number="46">the</token>
<token t_id="48" sentence="0" number="47">region</token>
<token t_id="49" sentence="0" number="48">.</token>
<token t_id="50" sentence="1" number="0">The</token>
<token t_id="51" sentence="1" number="1">pirates</token>
<token t_id="52" sentence="1" number="2">on</token>
<token t_id="53" sentence="1" number="3">two</token>
<token t_id="54" sentence="1" number="4">speed</token>
<token t_id="55" sentence="1" number="5">boats</token>
<token t_id="56" sentence="1" number="6">had</token>
<token t_id="57" sentence="1" number="7">surrounded</token>
<token t_id="58" sentence="1" number="8">the</token>
<token t_id="59" sentence="1" number="9">merchant</token>
<token t_id="60" sentence="1" number="10">vessel</token>
<token t_id="61" sentence="1" number="11">flying</token>
<token t_id="62" sentence="1" number="12">the</token>
<token t_id="63" sentence="1" number="13">Ethiopian</token>
<token t_id="64" sentence="1" number="14">flag</token>
<token t_id="65" sentence="1" number="15">around</token>
<token t_id="66" sentence="1" number="16">noon</token>
<token t_id="67" sentence="1" number="17">,</token>
<token t_id="68" sentence="1" number="18">when</token>
<token t_id="69" sentence="1" number="19">INS</token>
<token t_id="70" sentence="1" number="20">Mysore</token>
<token t_id="71" sentence="1" number="21">warship</token>
<token t_id="72" sentence="1" number="22">intervened</token>
<token t_id="73" sentence="1" number="23">and</token>
<token t_id="74" sentence="1" number="24">warded</token>
<token t_id="75" sentence="1" number="25">off</token>
<token t_id="76" sentence="1" number="26">the</token>
<token t_id="77" sentence="1" number="27">attack</token>
<token t_id="78" sentence="1" number="28">,</token>
<token t_id="79" sentence="1" number="29">Navy</token>
<token t_id="80" sentence="1" number="30">spokesperson</token>
<token t_id="81" sentence="1" number="31">said</token>
<token t_id="82" sentence="1" number="32">.</token>
<token t_id="83" sentence="2" number="0">The</token>
<token t_id="84" sentence="2" number="1">pirates</token>
<token t_id="85" sentence="2" number="2">had</token>
<token t_id="86" sentence="2" number="3">fired</token>
<token t_id="87" sentence="2" number="4">at</token>
<token t_id="88" sentence="2" number="5">the</token>
<token t_id="89" sentence="2" number="6">merchant</token>
<token t_id="90" sentence="2" number="7">vessel</token>
<token t_id="91" sentence="2" number="8">with</token>
<token t_id="92" sentence="2" number="9">their</token>
<token t_id="93" sentence="2" number="10">small</token>
<token t_id="94" sentence="2" number="11">arms</token>
<token t_id="95" sentence="2" number="12">,</token>
<token t_id="96" sentence="2" number="13">when</token>
<token t_id="97" sentence="2" number="14">it</token>
<token t_id="98" sentence="2" number="15">sent</token>
<token t_id="99" sentence="2" number="16">out</token>
<token t_id="100" sentence="2" number="17">a</token>
<token t_id="101" sentence="2" number="18">rescue</token>
<token t_id="102" sentence="2" number="19">call</token>
<token t_id="103" sentence="2" number="20">and</token>
<token t_id="104" sentence="2" number="21">the</token>
<token t_id="105" sentence="2" number="22">Indian</token>
<token t_id="106" sentence="2" number="23">warship</token>
<token t_id="107" sentence="2" number="24">,</token>
<token t_id="108" sentence="2" number="25">which</token>
<token t_id="109" sentence="2" number="26">was</token>
<token t_id="110" sentence="2" number="27">sailing</token>
<token t_id="111" sentence="2" number="28">nearby</token>
<token t_id="112" sentence="2" number="29">moved</token>
<token t_id="113" sentence="2" number="30">its</token>
<token t_id="114" sentence="2" number="31">Marine</token>
<token t_id="115" sentence="2" number="32">Commandos</token>
<token t_id="116" sentence="2" number="33">on</token>
<token t_id="117" sentence="2" number="34">a</token>
<token t_id="118" sentence="2" number="35">helicopter</token>
<token t_id="119" sentence="2" number="36">to</token>
<token t_id="120" sentence="2" number="37">help</token>
<token t_id="121" sentence="2" number="38">the</token>
<token t_id="122" sentence="2" number="39">distressed</token>
<token t_id="123" sentence="2" number="40">cargo</token>
<token t_id="124" sentence="2" number="41">vessel</token>
<token t_id="125" sentence="2" number="42">,</token>
<token t_id="126" sentence="2" number="43">he</token>
<token t_id="127" sentence="2" number="44">said</token>
<token t_id="128" sentence="2" number="45">.</token>
<token t_id="129" sentence="3" number="0">The</token>
<token t_id="130" sentence="3" number="1">attack</token>
<token t_id="131" sentence="3" number="2">took</token>
<token t_id="132" sentence="3" number="3">place</token>
<token t_id="133" sentence="3" number="4">about</token>
<token t_id="134" sentence="3" number="5">150</token>
<token t_id="135" sentence="3" number="6">nautical</token>
<token t_id="136" sentence="3" number="7">miles</token>
<token t_id="137" sentence="3" number="8">off</token>
<token t_id="138" sentence="3" number="9">Aden</token>
<token t_id="139" sentence="3" number="10">and</token>
<token t_id="140" sentence="3" number="11">INS</token>
<token t_id="141" sentence="3" number="12">Mysore</token>
<token t_id="142" sentence="3" number="13">was</token>
<token t_id="143" sentence="3" number="14">about</token>
<token t_id="144" sentence="3" number="15">13</token>
<token t_id="145" sentence="3" number="16">nautical</token>
<token t_id="146" sentence="3" number="17">miles</token>
<token t_id="147" sentence="3" number="18">away</token>
<token t_id="148" sentence="3" number="19">from</token>
<token t_id="149" sentence="3" number="20">the</token>
<token t_id="150" sentence="3" number="21">merchant</token>
<token t_id="151" sentence="3" number="22">vessel</token>
<token t_id="152" sentence="3" number="23">when</token>
<token t_id="153" sentence="3" number="24">it</token>
<token t_id="154" sentence="3" number="25">picked</token>
<token t_id="155" sentence="3" number="26">up</token>
<token t_id="156" sentence="3" number="27">the</token>
<token t_id="157" sentence="3" number="28">SOS</token>
<token t_id="158" sentence="3" number="29">call</token>
<token t_id="159" sentence="3" number="30">.</token>
<token t_id="160" sentence="4" number="0">The</token>
<token t_id="161" sentence="4" number="1">Navy</token>
<token t_id="162" sentence="4" number="2">flew</token>
<token t_id="163" sentence="4" number="3">its</token>
<token t_id="164" sentence="4" number="4">Marine</token>
<token t_id="165" sentence="4" number="5">Commandos</token>
<token t_id="166" sentence="4" number="6">on</token>
<token t_id="167" sentence="4" number="7">helicopters</token>
<token t_id="168" sentence="4" number="8">to</token>
<token t_id="169" sentence="4" number="9">the</token>
<token t_id="170" sentence="4" number="10">scene</token>
<token t_id="171" sentence="4" number="11">of</token>
<token t_id="172" sentence="4" number="12">the</token>
<token t_id="173" sentence="4" number="13">pirate</token>
<token t_id="174" sentence="4" number="14">attack</token>
<token t_id="175" sentence="4" number="15">and</token>
<token t_id="176" sentence="4" number="16">rescued</token>
<token t_id="177" sentence="4" number="17">the</token>
<token t_id="178" sentence="4" number="18">ship.</token>
<token t_id="179" sentence="4" number="19">MV</token>
<token t_id="180" sentence="4" number="20">Gibe</token>
<token t_id="181" sentence="4" number="21">was</token>
<token t_id="182" sentence="4" number="22">later</token>
<token t_id="183" sentence="4" number="23">escorted</token>
<token t_id="184" sentence="4" number="24">to</token>
<token t_id="185" sentence="4" number="25">safety</token>
<token t_id="186" sentence="4" number="26">,</token>
<token t_id="187" sentence="4" number="27">he</token>
<token t_id="188" sentence="4" number="28">added</token>
<token t_id="189" sentence="4" number="29">.</token>
<token t_id="190" sentence="5" number="0">The</token>
<token t_id="191" sentence="5" number="1">Naval</token>
<token t_id="192" sentence="5" number="2">commandos</token>
<token t_id="193" sentence="5" number="3">also</token>
<token t_id="194" sentence="5" number="4">boarded</token>
<token t_id="195" sentence="5" number="5">the</token>
<token t_id="196" sentence="5" number="6">pirates</token>
<token t_id="197" sentence="5" number="7">'</token>
<token t_id="198" sentence="5" number="8">boats</token>
<token t_id="199" sentence="5" number="9">and</token>
<token t_id="200" sentence="5" number="10">seized</token>
<token t_id="201" sentence="5" number="11">seven</token>
<token t_id="202" sentence="5" number="12">AK-47</token>
<token t_id="203" sentence="5" number="13">assault</token>
<token t_id="204" sentence="5" number="14">rifles</token>
<token t_id="205" sentence="5" number="15">,</token>
<token t_id="206" sentence="5" number="16">two</token>
<token t_id="207" sentence="5" number="17">other</token>
<token t_id="208" sentence="5" number="18">rifles</token>
<token t_id="209" sentence="5" number="19">,</token>
<token t_id="210" sentence="5" number="20">a</token>
<token t_id="211" sentence="5" number="21">grenade</token>
<token t_id="212" sentence="5" number="22">launcher</token>
<token t_id="213" sentence="5" number="23">and</token>
<token t_id="214" sentence="5" number="24">13</token>
<token t_id="215" sentence="5" number="25">fully</token>
<token t_id="216" sentence="5" number="26">loaded</token>
<token t_id="217" sentence="5" number="27">magazines</token>
<token t_id="218" sentence="5" number="28">of</token>
<token t_id="219" sentence="5" number="29">ammunition</token>
<token t_id="220" sentence="5" number="30">from</token>
<token t_id="221" sentence="5" number="31">the</token>
<token t_id="222" sentence="5" number="32">12</token>
<token t_id="223" sentence="5" number="33">Somali</token>
<token t_id="224" sentence="5" number="34">and</token>
<token t_id="225" sentence="5" number="35">11</token>
<token t_id="226" sentence="5" number="36">Yemeni</token>
<token t_id="227" sentence="5" number="37">pirates</token>
<token t_id="228" sentence="5" number="38">on</token>
<token t_id="229" sentence="5" number="39">board</token>
<token t_id="230" sentence="5" number="40">the</token>
<token t_id="231" sentence="5" number="41">two</token>
<token t_id="232" sentence="5" number="42">pirate</token>
<token t_id="233" sentence="5" number="43">boats</token>
<token t_id="234" sentence="5" number="44">.</token>
<token t_id="235" sentence="6" number="0">Further</token>
<token t_id="236" sentence="6" number="1">search</token>
<token t_id="237" sentence="6" number="2">for</token>
<token t_id="238" sentence="6" number="3">other</token>
<token t_id="239" sentence="6" number="4">pirates</token>
<token t_id="240" sentence="6" number="5">,</token>
<token t_id="241" sentence="6" number="6">who</token>
<token t_id="242" sentence="6" number="7">fled</token>
<token t_id="243" sentence="6" number="8">from</token>
<token t_id="244" sentence="6" number="9">the</token>
<token t_id="245" sentence="6" number="10">spot</token>
<token t_id="246" sentence="6" number="11">following</token>
<token t_id="247" sentence="6" number="12">the</token>
<token t_id="248" sentence="6" number="13">Indian</token>
<token t_id="249" sentence="6" number="14">Naval</token>
<token t_id="250" sentence="6" number="15">intervention</token>
<token t_id="251" sentence="6" number="16">,</token>
<token t_id="252" sentence="6" number="17">was</token>
<token t_id="253" sentence="6" number="18">in</token>
<token t_id="254" sentence="6" number="19">progress</token>
<token t_id="255" sentence="6" number="20">,</token>
<token t_id="256" sentence="6" number="21">the</token>
<token t_id="257" sentence="6" number="22">spokesperson</token>
<token t_id="258" sentence="6" number="23">said</token>
<token t_id="259" sentence="6" number="24">.</token>
<token t_id="260" sentence="7" number="0">Last</token>
<token t_id="261" sentence="7" number="1">month</token>
<token t_id="262" sentence="7" number="2">,</token>
<token t_id="263" sentence="7" number="3">Navy</token>
<token t_id="264" sentence="7" number="4">warship</token>
<token t_id="265" sentence="7" number="5">INS</token>
<token t_id="266" sentence="7" number="6">Tabar</token>
<token t_id="267" sentence="7" number="7">,</token>
<token t_id="268" sentence="7" number="8">a</token>
<token t_id="269" sentence="7" number="9">missile-frigate</token>
<token t_id="270" sentence="7" number="10">,</token>
<token t_id="271" sentence="7" number="11">had</token>
<token t_id="272" sentence="7" number="12">sunk</token>
<token t_id="273" sentence="7" number="13">a</token>
<token t_id="274" sentence="7" number="14">mother</token>
<token t_id="275" sentence="7" number="15">ship</token>
<token t_id="276" sentence="7" number="16">of</token>
<token t_id="277" sentence="7" number="17">the</token>
<token t_id="278" sentence="7" number="18">pirates</token>
<token t_id="279" sentence="7" number="19">and</token>
<token t_id="280" sentence="7" number="20">had</token>
<token t_id="281" sentence="7" number="21">also</token>
<token t_id="282" sentence="7" number="22">rescued</token>
<token t_id="283" sentence="7" number="23">two</token>
<token t_id="284" sentence="7" number="24">merchant</token>
<token t_id="285" sentence="7" number="25">vessels</token>
<token t_id="286" sentence="7" number="26">that</token>
<token t_id="287" sentence="7" number="27">were</token>
<token t_id="288" sentence="7" number="28">under</token>
<token t_id="289" sentence="7" number="29">attack</token>
<token t_id="290" sentence="7" number="30">from</token>
<token t_id="291" sentence="7" number="31">the</token>
<token t_id="292" sentence="7" number="32">sea</token>
<token t_id="293" sentence="7" number="33">brigands</token>
<token t_id="294" sentence="7" number="34">.</token>
<token t_id="295" sentence="8" number="0">After</token>
<token t_id="296" sentence="8" number="1">the</token>
<token t_id="297" sentence="8" number="2">successful</token>
<token t_id="298" sentence="8" number="3">counter</token>
<token t_id="299" sentence="8" number="4">attack</token>
<token t_id="300" sentence="8" number="5">on</token>
<token t_id="301" sentence="8" number="6">the</token>
<token t_id="302" sentence="8" number="7">pirates</token>
<token t_id="303" sentence="8" number="8">,</token>
<token t_id="304" sentence="8" number="9">INS</token>
<token t_id="305" sentence="8" number="10">Mysore</token>
<token t_id="306" sentence="8" number="11">later</token>
<token t_id="307" sentence="8" number="12">escorted</token>
<token t_id="308" sentence="8" number="13">MV</token>
<token t_id="309" sentence="8" number="14">Gibe</token>
<token t_id="310" sentence="8" number="15">to</token>
<token t_id="311" sentence="8" number="16">safety</token>
<token t_id="312" sentence="8" number="17">,</token>
<token t_id="313" sentence="8" number="18">the</token>
<token t_id="314" sentence="8" number="19">Navy</token>
<token t_id="315" sentence="8" number="20">spokesperson</token>
<token t_id="316" sentence="8" number="21">said</token>
<token t_id="317" sentence="8" number="22">.</token>
<token t_id="318" sentence="9" number="0">It</token>
<token t_id="319" sentence="9" number="1">also</token>
<token t_id="320" sentence="9" number="2">launched</token>
<token t_id="321" sentence="9" number="3">further</token>
<token t_id="322" sentence="9" number="4">search</token>
<token t_id="323" sentence="9" number="5">for</token>
<token t_id="324" sentence="9" number="6">some</token>
<token t_id="325" sentence="9" number="7">of</token>
<token t_id="326" sentence="9" number="8">the</token>
<token t_id="327" sentence="9" number="9">pirates</token>
<token t_id="328" sentence="9" number="10">who</token>
<token t_id="329" sentence="9" number="11">escaped</token>
<token t_id="330" sentence="9" number="12">after</token>
<token t_id="331" sentence="9" number="13">the</token>
<token t_id="332" sentence="9" number="14">launch</token>
<token t_id="333" sentence="9" number="15">of</token>
<token t_id="334" sentence="9" number="16">the</token>
<token t_id="335" sentence="9" number="17">marine</token>
<token t_id="336" sentence="9" number="18">commando</token>
<token t_id="337" sentence="9" number="19">operation</token>
<token t_id="338" sentence="9" number="20">.</token>
<token t_id="339" sentence="10" number="0">Indian</token>
<token t_id="340" sentence="10" number="1">Navy</token>
<token t_id="341" sentence="10" number="2">has</token>
<token t_id="342" sentence="10" number="3">also</token>
<token t_id="343" sentence="10" number="4">sought</token>
<token t_id="344" sentence="10" number="5">assistance</token>
<token t_id="345" sentence="10" number="6">from</token>
<token t_id="346" sentence="10" number="7">warships</token>
<token t_id="347" sentence="10" number="8">of</token>
<token t_id="348" sentence="10" number="9">other</token>
<token t_id="349" sentence="10" number="10">countries</token>
<token t_id="350" sentence="10" number="11">deployed</token>
<token t_id="351" sentence="10" number="12">on</token>
<token t_id="352" sentence="10" number="13">anti-piracy</token>
<token t_id="353" sentence="10" number="14">patrols</token>
<token t_id="354" sentence="10" number="15">in</token>
<token t_id="355" sentence="10" number="16">the</token>
<token t_id="356" sentence="10" number="17">Gulf</token>
<token t_id="357" sentence="10" number="18">of</token>
<token t_id="358" sentence="10" number="19">Aden</token>
<token t_id="359" sentence="10" number="20">to</token>
<token t_id="360" sentence="10" number="21">catch</token>
<token t_id="361" sentence="10" number="22">the</token>
<token t_id="362" sentence="10" number="23">runaway</token>
<token t_id="363" sentence="10" number="24">brigands</token>
<token t_id="364" sentence="10" number="25">,</token>
<token t_id="365" sentence="10" number="26">he</token>
<token t_id="366" sentence="10" number="27">said</token>
<token t_id="367" sentence="10" number="28">.</token>
<token t_id="368" sentence="11" number="0">New</token>
<token t_id="369" sentence="11" number="1">Delhi</token>
<token t_id="370" sentence="11" number="2">had</token>
<token t_id="371" sentence="11" number="3">taken</token>
<token t_id="372" sentence="11" number="4">a</token>
<token t_id="373" sentence="11" number="5">serious</token>
<token t_id="374" sentence="11" number="6">view</token>
<token t_id="375" sentence="11" number="7">of</token>
<token t_id="376" sentence="11" number="8">piracy-related</token>
<token t_id="377" sentence="11" number="9">incidents</token>
<token t_id="378" sentence="11" number="10">in</token>
<token t_id="379" sentence="11" number="11">the</token>
<token t_id="380" sentence="11" number="12">Gulf</token>
<token t_id="381" sentence="11" number="13">of</token>
<token t_id="382" sentence="11" number="14">Aden</token>
<token t_id="383" sentence="11" number="15">,</token>
<token t_id="384" sentence="11" number="16">the</token>
<token t_id="385" sentence="11" number="17">primary</token>
<token t_id="386" sentence="11" number="18">sea</token>
<token t_id="387" sentence="11" number="19">lane</token>
<token t_id="388" sentence="11" number="20">for</token>
<token t_id="389" sentence="11" number="21">global</token>
<token t_id="390" sentence="11" number="22">maritime</token>
<token t_id="391" sentence="11" number="23">trade</token>
<token t_id="392" sentence="11" number="24">to</token>
<token t_id="393" sentence="11" number="25">and</token>
<token t_id="394" sentence="11" number="26">fro</token>
<token t_id="395" sentence="11" number="27">oil-rich</token>
<token t_id="396" sentence="11" number="28">West</token>
<token t_id="397" sentence="11" number="29">Asia</token>
<token t_id="398" sentence="11" number="30">,</token>
<token t_id="399" sentence="11" number="31">following</token>
<token t_id="400" sentence="11" number="32">the</token>
<token t_id="401" sentence="11" number="33">abduction</token>
<token t_id="402" sentence="11" number="34">of</token>
<token t_id="403" sentence="11" number="35">MV</token>
<token t_id="404" sentence="11" number="36">Stolt</token>
<token t_id="405" sentence="11" number="37">Valor</token>
<token t_id="406" sentence="11" number="38">,</token>
<token t_id="407" sentence="11" number="39">which</token>
<token t_id="408" sentence="11" number="40">had</token>
<token t_id="409" sentence="11" number="41">18</token>
<token t_id="410" sentence="11" number="42">Indian</token>
<token t_id="411" sentence="11" number="43">sailors</token>
<token t_id="412" sentence="11" number="44">on</token>
<token t_id="413" sentence="11" number="45">board</token>
<token t_id="414" sentence="11" number="46">,</token>
<token t_id="415" sentence="11" number="47">by</token>
<token t_id="416" sentence="11" number="48">Somali</token>
<token t_id="417" sentence="11" number="49">pirates</token>
<token t_id="418" sentence="11" number="50">from</token>
<token t_id="419" sentence="11" number="51">the</token>
<token t_id="420" sentence="11" number="52">region</token>
<token t_id="421" sentence="11" number="53">on</token>
<token t_id="422" sentence="11" number="54">September</token>
<token t_id="423" sentence="11" number="55">15</token>
<token t_id="424" sentence="11" number="56">,</token>
<token t_id="425" sentence="11" number="57">2008</token>
<token t_id="426" sentence="11" number="58">.</token>
<token t_id="427" sentence="12" number="0">On</token>
<token t_id="428" sentence="12" number="1">October</token>
<token t_id="429" sentence="12" number="2">23</token>
<token t_id="430" sentence="12" number="3">,</token>
<token t_id="431" sentence="12" number="4">India</token>
<token t_id="432" sentence="12" number="5">gave</token>
<token t_id="433" sentence="12" number="6">a</token>
<token t_id="434" sentence="12" number="7">go-ahead</token>
<token t_id="435" sentence="12" number="8">to</token>
<token t_id="436" sentence="12" number="9">the</token>
<token t_id="437" sentence="12" number="10">Navy</token>
<token t_id="438" sentence="12" number="11">'s</token>
<token t_id="439" sentence="12" number="12">request</token>
<token t_id="440" sentence="12" number="13">for</token>
<token t_id="441" sentence="12" number="14">a</token>
<token t_id="442" sentence="12" number="15">pro-active</token>
<token t_id="443" sentence="12" number="16">approach</token>
<token t_id="444" sentence="12" number="17">to</token>
<token t_id="445" sentence="12" number="18">counter</token>
<token t_id="446" sentence="12" number="19">the</token>
<token t_id="447" sentence="12" number="20">outlaws</token>
<token t_id="448" sentence="12" number="21">operating</token>
<token t_id="449" sentence="12" number="22">with</token>
<token t_id="450" sentence="12" number="23">audacity</token>
<token t_id="451" sentence="12" number="24">in</token>
<token t_id="452" sentence="12" number="25">the</token>
<token t_id="453" sentence="12" number="26">region</token>
<token t_id="454" sentence="12" number="27">along</token>
<token t_id="455" sentence="12" number="28">the</token>
<token t_id="456" sentence="12" number="29">Horn</token>
<token t_id="457" sentence="12" number="30">of</token>
<token t_id="458" sentence="12" number="31">Africa</token>
<token t_id="459" sentence="12" number="32">.</token>
<token t_id="460" sentence="13" number="0">The</token>
<token t_id="461" sentence="13" number="1">Navy</token>
<token t_id="462" sentence="13" number="2">rushed</token>
<token t_id="463" sentence="13" number="3">its</token>
<token t_id="464" sentence="13" number="4">stealth</token>
<token t_id="465" sentence="13" number="5">frigate</token>
<token t_id="466" sentence="13" number="6">INS</token>
<token t_id="467" sentence="13" number="7">Tabar</token>
<token t_id="468" sentence="13" number="8">,</token>
<token t_id="469" sentence="13" number="9">which</token>
<token t_id="470" sentence="13" number="10">was</token>
<token t_id="471" sentence="13" number="11">already</token>
<token t_id="472" sentence="13" number="12">deployed</token>
<token t_id="473" sentence="13" number="13">nearby</token>
<token t_id="474" sentence="13" number="14">to</token>
<token t_id="475" sentence="13" number="15">Gulf</token>
<token t_id="476" sentence="13" number="16">of</token>
<token t_id="477" sentence="13" number="17">Aden</token>
<token t_id="478" sentence="13" number="18">on</token>
<token t_id="479" sentence="13" number="19">November</token>
<token t_id="480" sentence="13" number="20">2</token>
<token t_id="481" sentence="13" number="21">and</token>
<token t_id="482" sentence="13" number="22">since</token>
<token t_id="483" sentence="13" number="23">then</token>
<token t_id="484" sentence="13" number="24">it</token>
<token t_id="485" sentence="13" number="25">rescued</token>
<token t_id="486" sentence="13" number="26">an</token>
<token t_id="487" sentence="13" number="27">Indian</token>
<token t_id="488" sentence="13" number="28">vessel</token>
<token t_id="489" sentence="13" number="29">MV</token>
<token t_id="490" sentence="13" number="30">Jag</token>
<token t_id="491" sentence="13" number="31">Arnav</token>
<token t_id="492" sentence="13" number="32">and</token>
<token t_id="493" sentence="13" number="33">a</token>
<token t_id="494" sentence="13" number="34">Saudi</token>
<token t_id="495" sentence="13" number="35">cargo</token>
<token t_id="496" sentence="13" number="36">ship</token>
<token t_id="497" sentence="13" number="37">on</token>
<token t_id="498" sentence="13" number="38">November</token>
<token t_id="499" sentence="13" number="39">11</token>
<token t_id="500" sentence="13" number="40">and</token>
<token t_id="501" sentence="13" number="41">also</token>
<token t_id="502" sentence="13" number="42">sunk</token>
<token t_id="503" sentence="13" number="43">a</token>
<token t_id="504" sentence="13" number="44">pirate</token>
<token t_id="505" sentence="13" number="45">`mother</token>
<token t_id="506" sentence="13" number="46">ship</token>
<token t_id="507" sentence="13" number="47">'</token>
<token t_id="508" sentence="13" number="48">on</token>
<token t_id="509" sentence="13" number="49">November</token>
<token t_id="510" sentence="13" number="50">19</token>
<token t_id="511" sentence="13" number="51">.</token>
<token t_id="512" sentence="14" number="0">The</token>
<token t_id="513" sentence="14" number="1">'first</token>
<token t_id="514" sentence="14" number="2">kill</token>
<token t_id="515" sentence="14" number="3">'</token>
<token t_id="516" sentence="14" number="4">,</token>
<token t_id="517" sentence="14" number="5">as</token>
<token t_id="518" sentence="14" number="6">Navy</token>
<token t_id="519" sentence="14" number="7">Chief</token>
<token t_id="520" sentence="14" number="8">Admiral</token>
<token t_id="521" sentence="14" number="9">Sureesh</token>
<token t_id="522" sentence="14" number="10">Mehta</token>
<token t_id="523" sentence="14" number="11">had</token>
<token t_id="524" sentence="14" number="12">later</token>
<token t_id="525" sentence="14" number="13">described</token>
<token t_id="526" sentence="14" number="14">the</token>
<token t_id="527" sentence="14" number="15">sinking</token>
<token t_id="528" sentence="14" number="16">,</token>
<token t_id="529" sentence="14" number="17">turned</token>
<token t_id="530" sentence="14" number="18">out</token>
<token t_id="531" sentence="14" number="19">to</token>
<token t_id="532" sentence="14" number="20">be</token>
<token t_id="533" sentence="14" number="21">a</token>
<token t_id="534" sentence="14" number="22">Thai</token>
<token t_id="535" sentence="14" number="23">fishing</token>
<token t_id="536" sentence="14" number="24">trawler</token>
<token t_id="537" sentence="14" number="25">under</token>
<token t_id="538" sentence="14" number="26">the</token>
<token t_id="539" sentence="14" number="27">pirates</token>
<token t_id="540" sentence="14" number="28">'</token>
<token t_id="541" sentence="14" number="29">control</token>
<token t_id="542" sentence="14" number="30">carrying</token>
<token t_id="543" sentence="14" number="31">a</token>
<token t_id="544" sentence="14" number="32">lot</token>
<token t_id="545" sentence="14" number="33">of</token>
<token t_id="546" sentence="14" number="34">ammunition</token>
<token t_id="547" sentence="14" number="35">and</token>
<token t_id="548" sentence="14" number="36">it</token>
<token t_id="549" sentence="14" number="37">went</token>
<token t_id="550" sentence="14" number="38">up</token>
<token t_id="551" sentence="14" number="39">in</token>
<token t_id="552" sentence="14" number="40">flames</token>
<token t_id="553" sentence="14" number="41">after</token>
<token t_id="554" sentence="14" number="42">INS</token>
<token t_id="555" sentence="14" number="43">Tabar</token>
<token t_id="556" sentence="14" number="44">fired</token>
<token t_id="557" sentence="14" number="45">at</token>
<token t_id="558" sentence="14" number="46">it</token>
<token t_id="559" sentence="14" number="47">in</token>
<token t_id="560" sentence="14" number="48">retaliation</token>
<token t_id="561" sentence="14" number="49">.</token>
<Markables>
<ACTION_OCCURRENCE m_id="25"  >
  <token_anchor t_id="24"/>
</ACTION_OCCURRENCE>
<ACTION_OCCURRENCE m_id="28"  >
  <token_anchor t_id="38"/>
  <token_anchor t_id="39"/>
</ACTION_OCCURRENCE>
<ACTION_OCCURRENCE m_id="29"  >
  <token_anchor t_id="41"/>
</ACTION_OCCURRENCE>
<ACTION_OCCURRENCE m_id="30"  >
  <token_anchor t_id="43"/>
</ACTION_OCCURRENCE>
<ACTION_OCCURRENCE m_id="31"  >
  <token_anchor t_id="45"/>
</ACTION_OCCURRENCE>
<ACTION_OCCURRENCE m_id="17"  >
  <token_anchor t_id="5"/>
</ACTION_OCCURRENCE>
<ACTION_OCCURRENCE m_id="20"  >
  <token_anchor t_id="11"/>
</ACTION_OCCURRENCE>
<ACTION_OCCURRENCE m_id="21"  >
  <token_anchor t_id="13"/>
</ACTION_OCCURRENCE>
<ACTION_STATE m_id="27"  >
  <token_anchor t_id="36"/>
</ACTION_STATE>
<HUMAN_PART_PER m_id="26"  >
  <token_anchor t_id="30"/>
</HUMAN_PART_PER>
<HUMAN_PART_VEH m_id="18"  >
  <token_anchor t_id="8"/>
</HUMAN_PART_VEH>
<HUMAN_PART_VEH m_id="22"  >
  <token_anchor t_id="17"/>
</HUMAN_PART_VEH>
<LOC_GEO m_id="23"  >
  <token_anchor t_id="19"/>
  <token_anchor t_id="20"/>
  <token_anchor t_id="21"/>
  <token_anchor t_id="22"/>
</LOC_GEO>
<LOC_GEO m_id="24"  >
  <token_anchor t_id="47"/>
  <token_anchor t_id="48"/>
</LOC_GEO>
<TIME_DATE m_id="19"  >
  <token_anchor t_id="10"/>
</TIME_DATE>




<ACTION_OCCURRENCE m_id="39" RELATED_TO="" TAG_DESCRIPTOR="t12b_thwarted" instance_id="ACT17403689640951774" />
<ACTION_OCCURRENCE m_id="38" RELATED_TO="" TAG_DESCRIPTOR="t12b_capture" instance_id="ACT17403639225065902" />
<LOC_GEO m_id="37" RELATED_TO="" TAG_DESCRIPTOR="t12_gulf_of_aden" instance_id="LOC17399309192531980" />
<TIME_DATE m_id="36" RELATED_TO="" TAG_DESCRIPTOR="t12b_saturday" instance_id="TIM17403559059252907" />
<ACTION_OCCURRENCE m_id="35" RELATED_TO="" TAG_DESCRIPTOR="t12b_operation" instance_id="ACT17404475445628468" />
<HUMAN_PART_VEH m_id="34" RELATED_TO="" TAG_DESCRIPTOR="t12b_mysore" instance_id="HUM17403809721645960" />
<HUMAN_PART_VEH m_id="33" RELATED_TO="" TAG_DESCRIPTOR="t12b_merchant_vessel" instance_id="HUM17403484329637243" />
<ACTION_OCCURRENCE m_id="32" RELATED_TO="" TAG_DESCRIPTOR="t12b_attack" instance_id="ACT17403630531063654" />
<HUMAN_PART_PER m_id="40" RELATED_TO="" TAG_DESCRIPTOR="t12b_pirates" instance_id="HUM17403498594960941" />
</Markables>

<Relations>
<CROSS_DOC_COREF r_id="34200" note="ACT17403630531063654" >
  <source m_id="21" />
  <target m_id="32" />
</CROSS_DOC_COREF>
<CROSS_DOC_COREF r_id="34201" note="HUM17403484329637243" >
  <source m_id="22" />
  <target m_id="33" />
</CROSS_DOC_COREF>
<CROSS_DOC_COREF r_id="34202" note="HUM17403809721645960" >
  <source m_id="18" />
  <target m_id="34" />
</CROSS_DOC_COREF>
<CROSS_DOC_COREF r_id="34203" note="ACT17404475445628468" >
  <source m_id="17" />
  <target m_id="35" />
</CROSS_DOC_COREF>
<CROSS_DOC_COREF r_id="34204" note="TIM17403559059252907" >
  <source m_id="19" />
  <target m_id="36" />
</CROSS_DOC_COREF>
<CROSS_DOC_COREF r_id="34205" note="LOC17399309192531980" >
  <source m_id="23" />
  <source m_id="24" />
  <target m_id="37" />
</CROSS_DOC_COREF>
<CROSS_DOC_COREF r_id="34206" note="ACT17403639225065902" >
  <source m_id="25" />
  <target m_id="38" />
</CROSS_DOC_COREF>
<CROSS_DOC_COREF r_id="34207" note="ACT17403689640951774" >
  <source m_id="20" />
  <target m_id="39" />
</CROSS_DOC_COREF>
<CROSS_DOC_COREF r_id="34208" note="HUM17403498594960941" >
  <source m_id="26" />
  <target m_id="40" />
</CROSS_DOC_COREF>

</Relations>
</Document>
