<Document doc_name="12_2ecbplus.xml" doc_id="DOC15646161107837205">
<token t_id="1" sentence="0" number="0">http</token>
<token t_id="2" sentence="0" number="1">:</token>
<token t_id="3" sentence="0" number="2">/</token>
<token t_id="4" sentence="0" number="3">/</token>
<token t_id="5" sentence="0" number="4">www</token>
<token t_id="6" sentence="0" number="5">.</token>
<token t_id="7" sentence="0" number="6">ndtv</token>
<token t_id="8" sentence="0" number="7">.</token>
<token t_id="9" sentence="0" number="8">com</token>
<token t_id="10" sentence="0" number="9">/</token>
<token t_id="11" sentence="0" number="10">article</token>
<token t_id="12" sentence="0" number="11">/</token>
<token t_id="13" sentence="0" number="12">india</token>
<token t_id="14" sentence="0" number="13">/</token>
<token t_id="15" sentence="0" number="14">indian</token>
<token t_id="16" sentence="0" number="15">-</token>
<token t_id="17" sentence="0" number="16">ship</token>
<token t_id="18" sentence="0" number="17">-</token>
<token t_id="19" sentence="0" number="18">thwarts</token>
<token t_id="20" sentence="0" number="19">-</token>
<token t_id="21" sentence="0" number="20">piracy</token>
<token t_id="22" sentence="0" number="21">-</token>
<token t_id="23" sentence="0" number="22">attempt</token>
<token t_id="24" sentence="0" number="23">-</token>
<token t_id="25" sentence="0" number="24">in</token>
<token t_id="26" sentence="0" number="25">-</token>
<token t_id="27" sentence="0" number="26">gulf</token>
<token t_id="28" sentence="0" number="27">-</token>
<token t_id="29" sentence="0" number="28">of</token>
<token t_id="30" sentence="0" number="29">-</token>
<token t_id="31" sentence="0" number="30">aden</token>
<token t_id="32" sentence="0" number="31">-</token>
<token t_id="33" sentence="0" number="32">26</token>
<token t_id="34" sentence="0" number="33">-</token>
<token t_id="35" sentence="0" number="34">pirates</token>
<token t_id="36" sentence="0" number="35">-</token>
<token t_id="37" sentence="0" number="36">arrested</token>
<token t_id="38" sentence="0" number="37">-</token>
<token t_id="39" sentence="0" number="38">148985</token>
<token t_id="40" sentence="1" number="0">Indian</token>
<token t_id="41" sentence="1" number="1">ship</token>
<token t_id="42" sentence="1" number="2">thwarts</token>
<token t_id="43" sentence="1" number="3">piracy</token>
<token t_id="44" sentence="1" number="4">attempt</token>
<token t_id="45" sentence="1" number="5">in</token>
<token t_id="46" sentence="1" number="6">Gulf</token>
<token t_id="47" sentence="1" number="7">of</token>
<token t_id="48" sentence="1" number="8">Aden</token>
<token t_id="49" sentence="1" number="9">,</token>
<token t_id="50" sentence="1" number="10">26</token>
<token t_id="51" sentence="1" number="11">pirates</token>
<token t_id="52" sentence="1" number="12">arrested</token>
<token t_id="53" sentence="2" number="0">Updated</token>
<token t_id="54" sentence="2" number="1">:</token>
<token t_id="55" sentence="2" number="2">November</token>
<token t_id="56" sentence="2" number="3">11</token>
<token t_id="57" sentence="2" number="4">,</token>
<token t_id="58" sentence="2" number="5">2011</token>
<token t_id="59" sentence="2" number="6">18</token>
<token t_id="60" sentence="2" number="7">:</token>
<token t_id="61" sentence="2" number="8">50</token>
<token t_id="62" sentence="2" number="9">IST</token>
<token t_id="63" sentence="3" number="0">Indian</token>
<token t_id="64" sentence="3" number="1">Naval</token>
<token t_id="65" sentence="3" number="2">ship</token>
<token t_id="66" sentence="3" number="3">,</token>
<token t_id="67" sentence="3" number="4">INS</token>
<token t_id="68" sentence="3" number="5">Sukanya</token>
<token t_id="69" sentence="3" number="6">,</token>
<token t_id="70" sentence="3" number="7">thwarted</token>
<token t_id="71" sentence="3" number="8">a</token>
<token t_id="72" sentence="3" number="9">piracy</token>
<token t_id="73" sentence="3" number="10">attack</token>
<token t_id="74" sentence="3" number="11">in</token>
<token t_id="75" sentence="3" number="12">the</token>
<token t_id="76" sentence="3" number="13">Gulf</token>
<token t_id="77" sentence="3" number="14">of</token>
<token t_id="78" sentence="3" number="15">Aden</token>
<token t_id="79" sentence="3" number="16">and</token>
<token t_id="80" sentence="3" number="17">captured</token>
<token t_id="81" sentence="3" number="18">three</token>
<token t_id="82" sentence="3" number="19">boats</token>
<token t_id="83" sentence="3" number="20">of</token>
<token t_id="84" sentence="3" number="21">the</token>
<token t_id="85" sentence="3" number="22">pirates</token>
<token t_id="86" sentence="3" number="23">.</token>
<token t_id="87" sentence="4" number="0">A</token>
<token t_id="88" sentence="4" number="1">statement</token>
<token t_id="89" sentence="4" number="2">from</token>
<token t_id="90" sentence="4" number="3">the</token>
<token t_id="91" sentence="4" number="4">Defence</token>
<token t_id="92" sentence="4" number="5">PRO</token>
<token t_id="93" sentence="4" number="6">says</token>
<token t_id="94" sentence="4" number="7">the</token>
<token t_id="95" sentence="4" number="8">incident</token>
<token t_id="96" sentence="4" number="9">happened</token>
<token t_id="97" sentence="4" number="10">yesterday</token>
<token t_id="98" sentence="4" number="11">when</token>
<token t_id="99" sentence="4" number="12">INS</token>
<token t_id="100" sentence="4" number="13">Sukanya</token>
<token t_id="101" sentence="4" number="14">was</token>
<token t_id="102" sentence="4" number="15">escorting</token>
<token t_id="103" sentence="4" number="16">a</token>
<token t_id="104" sentence="4" number="17">group</token>
<token t_id="105" sentence="4" number="18">of</token>
<token t_id="106" sentence="4" number="19">merchant</token>
<token t_id="107" sentence="4" number="20">vessels</token>
<token t_id="108" sentence="4" number="21">.</token>
<token t_id="109" sentence="5" number="0">Five</token>
<token t_id="110" sentence="5" number="1">pirate</token>
<token t_id="111" sentence="5" number="2">boats</token>
<token t_id="112" sentence="5" number="3">tried</token>
<token t_id="113" sentence="5" number="4">to</token>
<token t_id="114" sentence="5" number="5">attack</token>
<token t_id="115" sentence="5" number="6">these</token>
<token t_id="116" sentence="5" number="7">vessels</token>
<token t_id="117" sentence="5" number="8">but</token>
<token t_id="118" sentence="5" number="9">were</token>
<token t_id="119" sentence="5" number="10">challenged</token>
<token t_id="120" sentence="5" number="11">by</token>
<token t_id="121" sentence="5" number="12">the</token>
<token t_id="122" sentence="5" number="13">Indian</token>
<token t_id="123" sentence="5" number="14">Naval</token>
<token t_id="124" sentence="5" number="15">ship</token>
<token t_id="125" sentence="5" number="16">.</token>
<token t_id="126" sentence="6" number="0">After</token>
<token t_id="127" sentence="6" number="1">a</token>
<token t_id="128" sentence="6" number="2">brief</token>
<token t_id="129" sentence="6" number="3">skirmish</token>
<token t_id="130" sentence="6" number="4">,</token>
<token t_id="131" sentence="6" number="5">two</token>
<token t_id="132" sentence="6" number="6">of</token>
<token t_id="133" sentence="6" number="7">them</token>
<token t_id="134" sentence="6" number="8">managed</token>
<token t_id="135" sentence="6" number="9">to</token>
<token t_id="136" sentence="6" number="10">flee</token>
<token t_id="137" sentence="6" number="11">the</token>
<token t_id="138" sentence="6" number="12">area</token>
<token t_id="139" sentence="6" number="13">but</token>
<token t_id="140" sentence="6" number="14">three</token>
<token t_id="141" sentence="6" number="15">boats</token>
<token t_id="142" sentence="6" number="16">were</token>
<token t_id="143" sentence="6" number="17">captured</token>
<token t_id="144" sentence="6" number="18">by</token>
<token t_id="145" sentence="6" number="19">INS</token>
<token t_id="146" sentence="6" number="20">Sukanya</token>
<token t_id="147" sentence="6" number="21">,</token>
<token t_id="148" sentence="6" number="22">the</token>
<token t_id="149" sentence="6" number="23">statement</token>
<token t_id="150" sentence="6" number="24">said</token>
<token t_id="151" sentence="6" number="25">.</token>
<token t_id="152" sentence="7" number="0">The</token>
<token t_id="153" sentence="7" number="1">three</token>
<token t_id="154" sentence="7" number="2">boats</token>
<token t_id="155" sentence="7" number="3">had</token>
<token t_id="156" sentence="7" number="4">a</token>
<token t_id="157" sentence="7" number="5">total</token>
<token t_id="158" sentence="7" number="6">of</token>
<token t_id="159" sentence="7" number="7">26</token>
<token t_id="160" sentence="7" number="8">Somali</token>
<token t_id="161" sentence="7" number="9">crew</token>
<token t_id="162" sentence="7" number="10">onboard</token>
<token t_id="163" sentence="7" number="11">.</token>
<token t_id="164" sentence="8" number="0">During</token>
<token t_id="165" sentence="8" number="1">the</token>
<token t_id="166" sentence="8" number="2">operation</token>
<token t_id="167" sentence="8" number="3">,</token>
<token t_id="168" sentence="8" number="4">six</token>
<token t_id="169" sentence="8" number="5">AK</token>
<token t_id="170" sentence="8" number="6">-</token>
<token t_id="171" sentence="8" number="7">47</token>
<token t_id="172" sentence="8" number="8">rifles</token>
<token t_id="173" sentence="8" number="9">,</token>
<token t_id="174" sentence="8" number="10">12</token>
<token t_id="175" sentence="8" number="11">magazines</token>
<token t_id="176" sentence="8" number="12">and</token>
<token t_id="177" sentence="8" number="13">about</token>
<token t_id="178" sentence="8" number="14">300</token>
<token t_id="179" sentence="8" number="15">rounds</token>
<token t_id="180" sentence="8" number="16">of</token>
<token t_id="181" sentence="8" number="17">ammunition</token>
<token t_id="182" sentence="8" number="18">were</token>
<token t_id="183" sentence="8" number="19">found</token>
<token t_id="184" sentence="8" number="20">and</token>
<token t_id="185" sentence="8" number="21">confiscated</token>
<token t_id="186" sentence="8" number="22">.</token>
<token t_id="187" sentence="9" number="0">The</token>
<token t_id="188" sentence="9" number="1">operation</token>
<token t_id="189" sentence="9" number="2">holds</token>
<token t_id="190" sentence="9" number="3">significance</token>
<token t_id="191" sentence="9" number="4">as</token>
<token t_id="192" sentence="9" number="5">over</token>
<token t_id="193" sentence="9" number="6">a</token>
<token t_id="194" sentence="9" number="7">hundred</token>
<token t_id="195" sentence="9" number="8">billion</token>
<token t_id="196" sentence="9" number="9">dollars</token>
<token t_id="197" sentence="9" number="10">of</token>
<token t_id="198" sentence="9" number="11">India's</token>
<token t_id="199" sentence="9" number="12">external</token>
<token t_id="200" sentence="9" number="13">trade</token>
<token t_id="201" sentence="9" number="14">passes</token>
<token t_id="202" sentence="9" number="15">each</token>
<token t_id="203" sentence="9" number="16">year</token>
<token t_id="204" sentence="9" number="17">through</token>
<token t_id="205" sentence="9" number="18">this</token>
<token t_id="206" sentence="9" number="19">busy</token>
<token t_id="207" sentence="9" number="20">sea</token>
<token t_id="208" sentence="9" number="21">lane</token>
<token t_id="209" sentence="9" number="22">.</token>
<token t_id="210" sentence="10" number="0">This</token>
<token t_id="211" sentence="10" number="1">is</token>
<token t_id="212" sentence="10" number="2">the</token>
<token t_id="213" sentence="10" number="3">fifth</token>
<token t_id="214" sentence="10" number="4">successful</token>
<token t_id="215" sentence="10" number="5">anti</token>
<token t_id="216" sentence="10" number="6">-</token>
<token t_id="217" sentence="10" number="7">piracy</token>
<token t_id="218" sentence="10" number="8">operation</token>
<token t_id="219" sentence="10" number="9">conducted</token>
<token t_id="220" sentence="10" number="10">by</token>
<token t_id="221" sentence="10" number="11">INS</token>
<token t_id="222" sentence="10" number="12">Sukanya</token>
<token t_id="223" sentence="10" number="13">,</token>
<token t_id="224" sentence="10" number="14">in</token>
<token t_id="225" sentence="10" number="15">the</token>
<token t_id="226" sentence="10" number="16">course</token>
<token t_id="227" sentence="10" number="17">of</token>
<token t_id="228" sentence="10" number="18">her</token>
<token t_id="229" sentence="10" number="19">ongoing</token>
<token t_id="230" sentence="10" number="20">patrol</token>
<token t_id="231" sentence="10" number="21">mission</token>
<token t_id="232" sentence="10" number="22">in</token>
<token t_id="233" sentence="10" number="23">the</token>
<token t_id="234" sentence="10" number="24">Gulf</token>
<token t_id="235" sentence="10" number="25">of</token>
<token t_id="236" sentence="10" number="26">Aden</token>
<token t_id="237" sentence="10" number="27">,</token>
<token t_id="238" sentence="10" number="28">which</token>
<token t_id="239" sentence="10" number="29">commenced</token>
<token t_id="240" sentence="10" number="30">in</token>
<token t_id="241" sentence="10" number="31">September</token>
<token t_id="242" sentence="10" number="32">.</token>
<Markables>
<ACTION_OCCURRENCE m_id="9"  >
  <token_anchor t_id="73"/>
</ACTION_OCCURRENCE>
<ACTION_OCCURRENCE m_id="10"  >
  <token_anchor t_id="80"/>
</ACTION_OCCURRENCE>
<ACTION_OCCURRENCE m_id="11"  >
  <token_anchor t_id="95"/>
</ACTION_OCCURRENCE>
<ACTION_OCCURRENCE m_id="12"  >
  <token_anchor t_id="96"/>
</ACTION_OCCURRENCE>
<ACTION_OCCURRENCE m_id="13"  >
  <token_anchor t_id="102"/>
</ACTION_OCCURRENCE>
<ACTION_OCCURRENCE m_id="3"  >
  <token_anchor t_id="42"/>
</ACTION_OCCURRENCE>
<ACTION_OCCURRENCE m_id="4"  >
  <token_anchor t_id="44"/>
</ACTION_OCCURRENCE>
<ACTION_OCCURRENCE m_id="5"  >
  <token_anchor t_id="43"/>
</ACTION_OCCURRENCE>
<ACTION_OCCURRENCE m_id="6"  >
  <token_anchor t_id="52"/>
</ACTION_OCCURRENCE>
<ACTION_OCCURRENCE m_id="7"  >
  <token_anchor t_id="70"/>
</ACTION_OCCURRENCE>
<ACTION_OCCURRENCE m_id="8"  >
  <token_anchor t_id="72"/>
</ACTION_OCCURRENCE>
<HUMAN_PART_ORG m_id="23"  >
  <token_anchor t_id="91"/>
  <token_anchor t_id="92"/>
</HUMAN_PART_ORG>
<HUMAN_PART_PER m_id="18"  >
  <token_anchor t_id="51"/>
</HUMAN_PART_PER>
<HUMAN_PART_PER m_id="19"  >
  <token_anchor t_id="85"/>
</HUMAN_PART_PER>
<HUMAN_PART_VEH m_id="14"  >
  <token_anchor t_id="67"/>
  <token_anchor t_id="68"/>
</HUMAN_PART_VEH>
<HUMAN_PART_VEH m_id="17"  >
  <token_anchor t_id="99"/>
  <token_anchor t_id="100"/>
</HUMAN_PART_VEH>
<HUMAN_PART_VEH m_id="2"  >
  <token_anchor t_id="41"/>
</HUMAN_PART_VEH>
<LOC_GEO m_id="15"  >
  <token_anchor t_id="46"/>
  <token_anchor t_id="47"/>
  <token_anchor t_id="48"/>
</LOC_GEO>
<LOC_GEO m_id="16"  >
  <token_anchor t_id="76"/>
  <token_anchor t_id="77"/>
  <token_anchor t_id="78"/>
</LOC_GEO>
<NON_HUMAN_PART m_id="20"  >
  <token_anchor t_id="88"/>
</NON_HUMAN_PART>
<NON_HUMAN_PART m_id="21"  >
  <token_anchor t_id="82"/>
</NON_HUMAN_PART>
<TIME_DATE m_id="24"  >
  <token_anchor t_id="97"/>
</TIME_DATE>
<TIME_OF_THE_DAY m_id="1"  >
  <token_anchor t_id="55"/>
  <token_anchor t_id="56"/>
  <token_anchor t_id="57"/>
  <token_anchor t_id="58"/>
  <token_anchor t_id="59"/>
  <token_anchor t_id="60"/>
  <token_anchor t_id="61"/>
  <token_anchor t_id="62"/>
</TIME_OF_THE_DAY>


<HUMAN_PART_VEH m_id="29" note="byCROMER" >
  <token_anchor t_id="107"/>
</HUMAN_PART_VEH>


<HUMAN_PART_PER m_id="33" RELATED_TO="" TAG_DESCRIPTOR="t12_pirates" instance_id="HUM17399342723010115" />
<HUMAN_PART_VEH m_id="32" RELATED_TO="" TAG_DESCRIPTOR="t12_human_merchant_vessels" instance_id="HUM28315709747028727" />
<ACTION_OCCURRENCE m_id="31" RELATED_TO="" TAG_DESCRIPTOR="t12_thwarted" instance_id="ACT17399526650935522" />
<TIME_DATE m_id="30" RELATED_TO="" TAG_DESCRIPTOR="t12_thursday" instance_id="TIM17399631939610256" />
<ACTION_OCCURRENCE m_id="42" RELATED_TO="" TAG_DESCRIPTOR="t12_pirates_arrested" instance_id="ACT17399365107399267" />
<ACTION_OCCURRENCE m_id="41" RELATED_TO="" TAG_DESCRIPTOR="t12_piracy" instance_id="ACT17399442767732212" />
<ACTION_OCCURRENCE m_id="39" RELATED_TO="" TAG_DESCRIPTOR="t12_piracy_attack" instance_id="ACT17399394379261869" />
<ACTION_OCCURRENCE m_id="40" RELATED_TO="" TAG_DESCRIPTOR="t12_captured_three_boats" instance_id="ACT17399419133262372" />
<LOC_GEO m_id="38" RELATED_TO="" TAG_DESCRIPTOR="t12_gulf_of_aden" instance_id="LOC17399309192531980" />
<HUMAN_PART_VEH m_id="37" RELATED_TO="" TAG_DESCRIPTOR="t12_sukanya" instance_id="HUM17399253991302684" />
<NON_HUMAN_PART m_id="36" RELATED_TO="" TAG_DESCRIPTOR="t12_pirate_boats" instance_id="NON17399462812994856" />
<ACTION_OCCURRENCE m_id="35" RELATED_TO="" TAG_DESCRIPTOR="t12_escorting" instance_id="ACT17399281227162562" />
<ACTION_OCCURRENCE m_id="34" RELATED_TO="" TAG_DESCRIPTOR="t12_operation" instance_id="ACT17400220468352195" />
</Markables>

<Relations>
<CROSS_DOC_COREF r_id="24880" note="TIM17399631939610256" >
  <source m_id="24" />
  <target m_id="30" />
</CROSS_DOC_COREF>
<CROSS_DOC_COREF r_id="24881" note="ACT17399526650935522" >
  <source m_id="3" />
  <source m_id="7" />
  <target m_id="31" />
</CROSS_DOC_COREF>
<CROSS_DOC_COREF r_id="24882" note="HUM28315709747028727" >
  <source m_id="29" />
  <target m_id="32" />
</CROSS_DOC_COREF>
<CROSS_DOC_COREF r_id="24883" note="HUM17399342723010115" >
  <source m_id="18" />
  <source m_id="19" />
  <target m_id="33" />
</CROSS_DOC_COREF>
<CROSS_DOC_COREF r_id="24884" note="ACT17400220468352195" >
  <source m_id="11" />
  <target m_id="34" />
</CROSS_DOC_COREF>
<CROSS_DOC_COREF r_id="24885" note="ACT17399281227162562" >
  <source m_id="13" />
  <target m_id="35" />
</CROSS_DOC_COREF>
<CROSS_DOC_COREF r_id="24886" note="NON17399462812994856" >
  <source m_id="21" />
  <target m_id="36" />
</CROSS_DOC_COREF>
<CROSS_DOC_COREF r_id="24887" note="HUM17399253991302684" >
  <source m_id="17" />
  <source m_id="14" />
  <source m_id="2" />
  <target m_id="37" />
</CROSS_DOC_COREF>
<CROSS_DOC_COREF r_id="24888" note="LOC17399309192531980" >
  <source m_id="15" />
  <source m_id="16" />
  <target m_id="38" />
</CROSS_DOC_COREF>
<CROSS_DOC_COREF r_id="24889" note="ACT17399394379261869" >
  <source m_id="4" />
  <source m_id="9" />
  <target m_id="39" />
</CROSS_DOC_COREF>
<CROSS_DOC_COREF r_id="24890" note="ACT17399419133262372" >
  <source m_id="10" />
  <target m_id="40" />
</CROSS_DOC_COREF>
<CROSS_DOC_COREF r_id="24891" note="ACT17399442767732212" >
  <source m_id="5" />
  <source m_id="8" />
  <target m_id="41" />
</CROSS_DOC_COREF>
<CROSS_DOC_COREF r_id="24892" note="ACT17399365107399267" >
  <source m_id="6" />
  <target m_id="42" />
</CROSS_DOC_COREF>

</Relations>
</Document>
