<Document doc_name="12_3ecb.xml" doc_id="DOC15654141386447412">
<token t_id="1" sentence="0" number="0">Striking</token>
<token t_id="2" sentence="0" number="1">another</token>
<token t_id="3" sentence="0" number="2">blow</token>
<token t_id="4" sentence="0" number="3">against</token>
<token t_id="5" sentence="0" number="4">the</token>
<token t_id="6" sentence="0" number="5">pirates</token>
<token t_id="7" sentence="0" number="6">infesting</token>
<token t_id="8" sentence="0" number="7">the</token>
<token t_id="9" sentence="0" number="8">waters</token>
<token t_id="10" sentence="0" number="9">off</token>
<token t_id="11" sentence="0" number="10">the</token>
<token t_id="12" sentence="0" number="11">Horn</token>
<token t_id="13" sentence="0" number="12">of</token>
<token t_id="14" sentence="0" number="13">Africa</token>
<token t_id="15" sentence="0" number="14">,</token>
<token t_id="16" sentence="0" number="15">an</token>
<token t_id="17" sentence="0" number="16">Indian</token>
<token t_id="18" sentence="0" number="17">Navy</token>
<token t_id="19" sentence="0" number="18">warship</token>
<token t_id="20" sentence="0" number="19">not</token>
<token t_id="21" sentence="0" number="20">only</token>
<token t_id="22" sentence="0" number="21">repulsed</token>
<token t_id="23" sentence="0" number="22">an</token>
<token t_id="24" sentence="0" number="23">attack</token>
<token t_id="25" sentence="0" number="24">on</token>
<token t_id="26" sentence="0" number="25">a</token>
<token t_id="27" sentence="0" number="26">merchant</token>
<token t_id="28" sentence="0" number="27">vessel</token>
<token t_id="29" sentence="0" number="28">in</token>
<token t_id="30" sentence="0" number="29">the</token>
<token t_id="31" sentence="0" number="30">Gulf</token>
<token t_id="32" sentence="0" number="31">of</token>
<token t_id="33" sentence="0" number="32">Aden</token>
<token t_id="34" sentence="0" number="33">,</token>
<token t_id="35" sentence="0" number="34">but</token>
<token t_id="36" sentence="0" number="35">nabbed</token>
<token t_id="37" sentence="0" number="36">23</token>
<token t_id="38" sentence="0" number="37">Somali</token>
<token t_id="39" sentence="0" number="38">and</token>
<token t_id="40" sentence="0" number="39">Yemeni</token>
<token t_id="41" sentence="0" number="40">sea</token>
<token t_id="42" sentence="0" number="41">brigands</token>
<token t_id="43" sentence="0" number="42">.</token>
<token t_id="44" sentence="1" number="0">The</token>
<token t_id="45" sentence="1" number="1">pirates</token>
<token t_id="46" sentence="1" number="2">,</token>
<token t_id="47" sentence="1" number="3">in</token>
<token t_id="48" sentence="1" number="4">three</token>
<token t_id="49" sentence="1" number="5">boats</token>
<token t_id="50" sentence="1" number="6">,</token>
<token t_id="51" sentence="1" number="7">were</token>
<token t_id="52" sentence="1" number="8">attempting</token>
<token t_id="53" sentence="1" number="9">to</token>
<token t_id="54" sentence="1" number="10">hijack</token>
<token t_id="55" sentence="1" number="11">the</token>
<token t_id="56" sentence="1" number="12">Ethopian-flagged</token>
<token t_id="57" sentence="1" number="13">merchant</token>
<token t_id="58" sentence="1" number="14">vessel</token>
<token t_id="59" sentence="1" number="15">around</token>
<token t_id="60" sentence="1" number="16">noon</token>
<token t_id="61" sentence="1" number="17">today</token>
<token t_id="62" sentence="1" number="18">,</token>
<token t_id="63" sentence="1" number="19">when</token>
<token t_id="64" sentence="1" number="20">the</token>
<token t_id="65" sentence="1" number="21">destroyer</token>
<token t_id="66" sentence="1" number="22">INS</token>
<token t_id="67" sentence="1" number="23">Mysore</token>
<token t_id="68" sentence="1" number="24">intervened</token>
<token t_id="69" sentence="1" number="25">and</token>
<token t_id="70" sentence="1" number="26">repulsed</token>
<token t_id="71" sentence="1" number="27">the</token>
<token t_id="72" sentence="1" number="28">attack</token>
<token t_id="73" sentence="1" number="29">,</token>
<token t_id="74" sentence="1" number="30">a</token>
<token t_id="75" sentence="1" number="31">Navy</token>
<token t_id="76" sentence="1" number="32">spokesman</token>
<token t_id="77" sentence="1" number="33">said</token>
<token t_id="78" sentence="1" number="34">here</token>
<token t_id="79" sentence="1" number="35">.</token>
<token t_id="80" sentence="2" number="0">The</token>
<token t_id="81" sentence="2" number="1">incident</token>
<token t_id="82" sentence="2" number="2">took</token>
<token t_id="83" sentence="2" number="3">place</token>
<token t_id="84" sentence="2" number="4">about</token>
<token t_id="85" sentence="2" number="5">150</token>
<token t_id="86" sentence="2" number="6">nautical</token>
<token t_id="87" sentence="2" number="7">miles</token>
<token t_id="88" sentence="2" number="8">off</token>
<token t_id="89" sentence="2" number="9">Aden</token>
<token t_id="90" sentence="2" number="10">.</token>
<token t_id="91" sentence="3" number="0">After</token>
<token t_id="92" sentence="3" number="1">the</token>
<token t_id="93" sentence="3" number="2">Mysore</token>
<token t_id="94" sentence="3" number="3">picked</token>
<token t_id="95" sentence="3" number="4">up</token>
<token t_id="96" sentence="3" number="5">a</token>
<token t_id="97" sentence="3" number="6">distress</token>
<token t_id="98" sentence="3" number="7">call</token>
<token t_id="99" sentence="3" number="8">from</token>
<token t_id="100" sentence="3" number="9">the</token>
<token t_id="101" sentence="3" number="10">merchant</token>
<token t_id="102" sentence="3" number="11">vessel</token>
<token t_id="103" sentence="3" number="12">,</token>
<token t_id="104" sentence="3" number="13">MV</token>
<token t_id="105" sentence="3" number="14">Gibe</token>
<token t_id="106" sentence="3" number="15">,</token>
<token t_id="107" sentence="3" number="16">at</token>
<token t_id="108" sentence="3" number="17">around</token>
<token t_id="109" sentence="3" number="18">11</token>
<token t_id="110" sentence="3" number="19">a.m.</token>
<token t_id="111" sentence="3" number="20">saying</token>
<token t_id="112" sentence="3" number="21">it</token>
<token t_id="113" sentence="3" number="22">was</token>
<token t_id="114" sentence="3" number="23">under</token>
<token t_id="115" sentence="3" number="24">attack</token>
<token t_id="116" sentence="3" number="25">,</token>
<token t_id="117" sentence="3" number="26">it</token>
<token t_id="118" sentence="3" number="27">immediately</token>
<token t_id="119" sentence="3" number="28">lauched</token>
<token t_id="120" sentence="3" number="29">its</token>
<token t_id="121" sentence="3" number="30">helicopter</token>
<token t_id="122" sentence="3" number="31">and</token>
<token t_id="123" sentence="3" number="32">headed</token>
<token t_id="124" sentence="3" number="33">for</token>
<token t_id="125" sentence="3" number="34">the</token>
<token t_id="126" sentence="3" number="35">scene</token>
<token t_id="127" sentence="4" number="0">On</token>
<token t_id="128" sentence="4" number="1">sighting</token>
<token t_id="129" sentence="4" number="2">the</token>
<token t_id="130" sentence="4" number="3">helicopter</token>
<token t_id="131" sentence="4" number="4">and</token>
<token t_id="132" sentence="4" number="5">the</token>
<token t_id="133" sentence="4" number="6">Mysore</token>
<token t_id="134" sentence="4" number="7">,</token>
<token t_id="135" sentence="4" number="8">the</token>
<token t_id="136" sentence="4" number="9">pirates</token>
<token t_id="137" sentence="4" number="10">broke</token>
<token t_id="138" sentence="4" number="11">off</token>
<token t_id="139" sentence="4" number="12">their</token>
<token t_id="140" sentence="4" number="13">attack</token>
<token t_id="141" sentence="4" number="14">and</token>
<token t_id="142" sentence="4" number="15">attempted</token>
<token t_id="143" sentence="4" number="16">to</token>
<token t_id="144" sentence="4" number="17">escape</token>
<token t_id="145" sentence="4" number="18">,</token>
<token t_id="146" sentence="4" number="19">but</token>
<token t_id="147" sentence="4" number="20">the</token>
<token t_id="148" sentence="4" number="21">warship</token>
<token t_id="149" sentence="4" number="22">chased</token>
<token t_id="150" sentence="4" number="23">them</token>
<token t_id="151" sentence="4" number="24">down</token>
<token t_id="152" sentence="4" number="25">.</token>
<token t_id="153" sentence="5" number="0">Marine</token>
<token t_id="154" sentence="5" number="1">commandos</token>
<token t_id="155" sentence="5" number="2">boarded</token>
<token t_id="156" sentence="5" number="3">two</token>
<token t_id="157" sentence="5" number="4">of</token>
<token t_id="158" sentence="5" number="5">the</token>
<token t_id="159" sentence="5" number="6">pirate</token>
<token t_id="160" sentence="5" number="7">vessels</token>
<token t_id="161" sentence="5" number="8">to</token>
<token t_id="162" sentence="5" number="9">nab</token>
<token t_id="163" sentence="5" number="10">12</token>
<token t_id="164" sentence="5" number="11">Somali</token>
<token t_id="165" sentence="5" number="12">and</token>
<token t_id="166" sentence="5" number="13">11</token>
<token t_id="167" sentence="5" number="14">Yemeni</token>
<token t_id="168" sentence="5" number="15">pirates</token>
<token t_id="169" sentence="5" number="16">.</token>
<token t_id="170" sentence="6" number="0">Nine</token>
<token t_id="171" sentence="6" number="1">assault</token>
<token t_id="172" sentence="6" number="2">rifles</token>
<token t_id="173" sentence="6" number="3">,</token>
<token t_id="174" sentence="6" number="4">a</token>
<token t_id="175" sentence="6" number="5">grenade</token>
<token t_id="176" sentence="6" number="6">launcher</token>
<token t_id="177" sentence="6" number="7">,</token>
<token t_id="178" sentence="6" number="8">13</token>
<token t_id="179" sentence="6" number="9">fully</token>
<token t_id="180" sentence="6" number="10">loaded</token>
<token t_id="181" sentence="6" number="11">magazines</token>
<token t_id="182" sentence="6" number="12">and</token>
<token t_id="183" sentence="6" number="13">a</token>
<token t_id="184" sentence="6" number="14">GPS</token>
<token t_id="185" sentence="6" number="15">receiver</token>
<token t_id="186" sentence="6" number="16">were</token>
<token t_id="187" sentence="6" number="17">seized</token>
<token t_id="188" sentence="6" number="18">from</token>
<token t_id="189" sentence="6" number="19">the</token>
<token t_id="190" sentence="6" number="20">pirates</token>
<token t_id="191" sentence="6" number="21">,</token>
<token t_id="192" sentence="6" number="22">the</token>
<token t_id="193" sentence="6" number="23">Navy</token>
<token t_id="194" sentence="6" number="24">spokesman</token>
<token t_id="195" sentence="6" number="25">said</token>
<token t_id="196" sentence="6" number="26">.</token>
<token t_id="197" sentence="7" number="0">The</token>
<token t_id="198" sentence="7" number="1">larger</token>
<token t_id="199" sentence="7" number="2">boat</token>
<token t_id="200" sentence="7" number="3">,</token>
<token t_id="201" sentence="7" number="4">a</token>
<token t_id="202" sentence="7" number="5">10-metre</token>
<token t_id="203" sentence="7" number="6">dhow</token>
<token t_id="204" sentence="7" number="7">,</token>
<token t_id="205" sentence="7" number="8">is</token>
<token t_id="206" sentence="7" number="9">named</token>
<token t_id="207" sentence="7" number="10">the</token>
<token t_id="208" sentence="7" number="11">Salahaddin</token>
<token t_id="209" sentence="7" number="12">.</token>
<token t_id="210" sentence="8" number="0">It</token>
<token t_id="211" sentence="8" number="1">had</token>
<token t_id="212" sentence="8" number="2">a</token>
<token t_id="213" sentence="8" number="3">smaller</token>
<token t_id="214" sentence="8" number="4">boat</token>
<token t_id="215" sentence="8" number="5">,</token>
<token t_id="216" sentence="8" number="6">a</token>
<token t_id="217" sentence="8" number="7">skiff</token>
<token t_id="218" sentence="8" number="8">,</token>
<token t_id="219" sentence="8" number="9">under</token>
<token t_id="220" sentence="8" number="10">tow</token>
<token t_id="221" sentence="8" number="11">,</token>
<token t_id="222" sentence="8" number="12">Navy</token>
<token t_id="223" sentence="8" number="13">sources</token>
<token t_id="224" sentence="8" number="14">said</token>
<token t_id="225" sentence="8" number="15">.</token>
<token t_id="226" sentence="9" number="0">The</token>
<token t_id="227" sentence="9" number="1">INS</token>
<token t_id="228" sentence="9" number="2">Mysore</token>
<token t_id="229" sentence="9" number="3">later</token>
<token t_id="230" sentence="9" number="4">escorted</token>
<token t_id="231" sentence="9" number="5">the</token>
<token t_id="232" sentence="9" number="6">MV</token>
<token t_id="233" sentence="9" number="7">Gibe</token>
<token t_id="234" sentence="9" number="8">to</token>
<token t_id="235" sentence="9" number="9">safety</token>
<token t_id="236" sentence="9" number="10">.</token>
<token t_id="237" sentence="10" number="0">The</token>
<token t_id="238" sentence="10" number="1">pirates</token>
<token t_id="239" sentence="10" number="2">are</token>
<token t_id="240" sentence="10" number="3">being</token>
<token t_id="241" sentence="10" number="4">held</token>
<token t_id="242" sentence="10" number="5">on</token>
<token t_id="243" sentence="10" number="6">board</token>
<token t_id="244" sentence="10" number="7">the</token>
<token t_id="245" sentence="10" number="8">Mysore</token>
<token t_id="246" sentence="10" number="9">and</token>
<token t_id="247" sentence="10" number="10">will</token>
<token t_id="248" sentence="10" number="11">be</token>
<token t_id="249" sentence="10" number="12">handed</token>
<token t_id="250" sentence="10" number="13">over</token>
<token t_id="251" sentence="10" number="14">to</token>
<token t_id="252" sentence="10" number="15">appropriate</token>
<token t_id="253" sentence="10" number="16">authorities</token>
<token t_id="254" sentence="10" number="17">ashore</token>
<token t_id="255" sentence="10" number="18">,</token>
<token t_id="256" sentence="10" number="19">possibly</token>
<token t_id="257" sentence="10" number="20">at</token>
<token t_id="258" sentence="10" number="21">Djibouti</token>
<token t_id="259" sentence="10" number="22">in</token>
<token t_id="260" sentence="10" number="23">Ivory</token>
<token t_id="261" sentence="10" number="24">Coast</token>
<token t_id="262" sentence="10" number="25">,</token>
<token t_id="263" sentence="10" number="26">the</token>
<token t_id="264" sentence="10" number="27">warship</token>
<token t_id="265" sentence="10" number="28">'s</token>
<token t_id="266" sentence="10" number="29">next</token>
<token t_id="267" sentence="10" number="30">port</token>
<token t_id="268" sentence="10" number="31">of</token>
<token t_id="269" sentence="10" number="32">call</token>
<token t_id="270" sentence="10" number="33">.</token>
<token t_id="271" sentence="11" number="0">Today</token>
<token t_id="272" sentence="11" number="1">'s</token>
<token t_id="273" sentence="11" number="2">operation</token>
<token t_id="274" sentence="11" number="3">is</token>
<token t_id="275" sentence="11" number="4">the</token>
<token t_id="276" sentence="11" number="5">fourth</token>
<token t_id="277" sentence="11" number="6">successful</token>
<token t_id="278" sentence="11" number="7">offensive</token>
<token t_id="279" sentence="11" number="8">by</token>
<token t_id="280" sentence="11" number="9">the</token>
<token t_id="281" sentence="11" number="10">Navy</token>
<token t_id="282" sentence="11" number="11">in</token>
<token t_id="283" sentence="11" number="12">the</token>
<token t_id="284" sentence="11" number="13">heart</token>
<token t_id="285" sentence="11" number="14">of</token>
<token t_id="286" sentence="11" number="15">the</token>
<token t_id="287" sentence="11" number="16">pirates</token>
<token t_id="288" sentence="11" number="17">'</token>
<token t_id="289" sentence="11" number="18">zone</token>
<token t_id="290" sentence="11" number="19">of</token>
<token t_id="291" sentence="11" number="20">operations</token>
<token t_id="292" sentence="11" number="21">.</token>
<token t_id="293" sentence="12" number="0">Last</token>
<token t_id="294" sentence="12" number="1">month</token>
<token t_id="295" sentence="12" number="2">,</token>
<token t_id="296" sentence="12" number="3">the</token>
<token t_id="297" sentence="12" number="4">INS</token>
<token t_id="298" sentence="12" number="5">Tabar</token>
<token t_id="299" sentence="12" number="6">,</token>
<token t_id="300" sentence="12" number="7">a</token>
<token t_id="301" sentence="12" number="8">missile-frigate</token>
<token t_id="302" sentence="12" number="9">,</token>
<token t_id="303" sentence="12" number="10">had</token>
<token t_id="304" sentence="12" number="11">sunk</token>
<token t_id="305" sentence="12" number="12">a</token>
<token t_id="306" sentence="12" number="13">Thai</token>
<token t_id="307" sentence="12" number="14">trawler</token>
<token t_id="308" sentence="12" number="15">that</token>
<token t_id="309" sentence="12" number="16">was</token>
<token t_id="310" sentence="12" number="17">being</token>
<token t_id="311" sentence="12" number="18">used</token>
<token t_id="312" sentence="12" number="19">as</token>
<token t_id="313" sentence="12" number="20">a</token>
<token t_id="314" sentence="12" number="21">mothership</token>
<token t_id="315" sentence="12" number="22">by</token>
<token t_id="316" sentence="12" number="23">the</token>
<token t_id="317" sentence="12" number="24">pirates</token>
<token t_id="318" sentence="12" number="25">and</token>
<token t_id="319" sentence="12" number="26">also</token>
<token t_id="320" sentence="12" number="27">rescued</token>
<token t_id="321" sentence="12" number="28">two</token>
<token t_id="322" sentence="12" number="29">merchant</token>
<token t_id="323" sentence="12" number="30">vessels</token>
<token t_id="324" sentence="12" number="31">that</token>
<token t_id="325" sentence="12" number="32">were</token>
<token t_id="326" sentence="12" number="33">under</token>
<token t_id="327" sentence="12" number="34">attack</token>
<token t_id="328" sentence="12" number="35">.</token>
<token t_id="329" sentence="13" number="0">The</token>
<token t_id="330" sentence="13" number="1">Mysore</token>
<token t_id="331" sentence="13" number="2">,</token>
<token t_id="332" sentence="13" number="3">a</token>
<token t_id="333" sentence="13" number="4">6,900-tonne</token>
<token t_id="334" sentence="13" number="5">destroyer</token>
<token t_id="335" sentence="13" number="6">,</token>
<token t_id="336" sentence="13" number="7">replaced</token>
<token t_id="337" sentence="13" number="8">the</token>
<token t_id="338" sentence="13" number="9">Tabar</token>
<token t_id="339" sentence="13" number="10">on</token>
<token t_id="340" sentence="13" number="11">patrol</token>
<token t_id="341" sentence="13" number="12">in</token>
<token t_id="342" sentence="13" number="13">the</token>
<token t_id="343" sentence="13" number="14">region</token>
<token t_id="344" sentence="13" number="15">about</token>
<token t_id="345" sentence="13" number="16">a</token>
<token t_id="346" sentence="13" number="17">fortnight</token>
<token t_id="347" sentence="13" number="18">ago</token>
<token t_id="348" sentence="13" number="19">.</token>
<token t_id="349" sentence="14" number="0">Dozen</token>
<token t_id="350" sentence="14" number="1">of</token>
<token t_id="351" sentence="14" number="2">warships</token>
<token t_id="352" sentence="14" number="3">of</token>
<token t_id="353" sentence="14" number="4">several</token>
<token t_id="354" sentence="14" number="5">countries</token>
<token t_id="355" sentence="14" number="6">are</token>
<token t_id="356" sentence="14" number="7">also</token>
<token t_id="357" sentence="14" number="8">patrolling</token>
<token t_id="358" sentence="14" number="9">the</token>
<token t_id="359" sentence="14" number="10">shipping</token>
<token t_id="360" sentence="14" number="11">lanes</token>
<token t_id="361" sentence="14" number="12">in</token>
<token t_id="362" sentence="14" number="13">the</token>
<token t_id="363" sentence="14" number="14">Gulf</token>
<token t_id="364" sentence="14" number="15">of</token>
<token t_id="365" sentence="14" number="16">Aden</token>
<token t_id="366" sentence="14" number="17">.</token>
<token t_id="367" sentence="15" number="0">India</token>
<token t_id="368" sentence="15" number="1">'s</token>
<token t_id="369" sentence="15" number="2">recent</token>
<token t_id="370" sentence="15" number="3">pro-active</token>
<token t_id="371" sentence="15" number="4">approach</token>
<token t_id="372" sentence="15" number="5">against</token>
<token t_id="373" sentence="15" number="6">piracy</token>
<token t_id="374" sentence="15" number="7">reflects</token>
<token t_id="375" sentence="15" number="8">the</token>
<token t_id="376" sentence="15" number="9">concern</token>
<token t_id="377" sentence="15" number="10">of</token>
<token t_id="378" sentence="15" number="11">the</token>
<token t_id="379" sentence="15" number="12">maritime</token>
<token t_id="380" sentence="15" number="13">community</token>
<token t_id="381" sentence="15" number="14">over</token>
<token t_id="382" sentence="15" number="15">a</token>
<token t_id="383" sentence="15" number="16">new</token>
<token t_id="384" sentence="15" number="17">surge</token>
<token t_id="385" sentence="15" number="18">in</token>
<token t_id="386" sentence="15" number="19">hijackings</token>
<token t_id="387" sentence="15" number="20">off</token>
<token t_id="388" sentence="15" number="21">Somalia</token>
<token t_id="389" sentence="15" number="22">.</token>
<token t_id="390" sentence="16" number="0">The</token>
<token t_id="391" sentence="16" number="1">International</token>
<token t_id="392" sentence="16" number="2">Maritime</token>
<token t_id="393" sentence="16" number="3">Bureau</token>
<token t_id="394" sentence="16" number="4">has</token>
<token t_id="395" sentence="16" number="5">reported</token>
<token t_id="396" sentence="16" number="6">that</token>
<token t_id="397" sentence="16" number="7">pirates</token>
<token t_id="398" sentence="16" number="8">based</token>
<token t_id="399" sentence="16" number="9">in</token>
<token t_id="400" sentence="16" number="10">the</token>
<token t_id="401" sentence="16" number="11">lawless</token>
<token t_id="402" sentence="16" number="12">African</token>
<token t_id="403" sentence="16" number="13">nation</token>
<token t_id="404" sentence="16" number="14">were</token>
<token t_id="405" sentence="16" number="15">now</token>
<token t_id="406" sentence="16" number="16">``</token>
<token t_id="407" sentence="16" number="17">out</token>
<token t_id="408" sentence="16" number="18">of</token>
<token t_id="409" sentence="16" number="19">control</token>
<token t_id="410" sentence="16" number="20">''</token>
<token t_id="411" sentence="16" number="21">.</token>
<token t_id="412" sentence="17" number="0">New</token>
<token t_id="413" sentence="17" number="1">Delhi</token>
<token t_id="414" sentence="17" number="2">had</token>
<token t_id="415" sentence="17" number="3">taken</token>
<token t_id="416" sentence="17" number="4">a</token>
<token t_id="417" sentence="17" number="5">serious</token>
<token t_id="418" sentence="17" number="6">view</token>
<token t_id="419" sentence="17" number="7">of</token>
<token t_id="420" sentence="17" number="8">piracy-related</token>
<token t_id="421" sentence="17" number="9">incidents</token>
<token t_id="422" sentence="17" number="10">in</token>
<token t_id="423" sentence="17" number="11">the</token>
<token t_id="424" sentence="17" number="12">region</token>
<token t_id="425" sentence="17" number="13">following</token>
<token t_id="426" sentence="17" number="14">the</token>
<token t_id="427" sentence="17" number="15">hijacking</token>
<token t_id="428" sentence="17" number="16">of</token>
<token t_id="429" sentence="17" number="17">MV</token>
<token t_id="430" sentence="17" number="18">Stolt</token>
<token t_id="431" sentence="17" number="19">Valor</token>
<token t_id="432" sentence="17" number="20">,</token>
<token t_id="433" sentence="17" number="21">with</token>
<token t_id="434" sentence="17" number="22">18</token>
<token t_id="435" sentence="17" number="23">Indian</token>
<token t_id="436" sentence="17" number="24">sailors</token>
<token t_id="437" sentence="17" number="25">on</token>
<token t_id="438" sentence="17" number="26">board</token>
<token t_id="439" sentence="17" number="27">,</token>
<token t_id="440" sentence="17" number="28">by</token>
<token t_id="441" sentence="17" number="29">Somali</token>
<token t_id="442" sentence="17" number="30">pirates</token>
<token t_id="443" sentence="17" number="31">in</token>
<token t_id="444" sentence="17" number="32">September</token>
<token t_id="445" sentence="17" number="33">this</token>
<token t_id="446" sentence="17" number="34">year</token>
<token t_id="447" sentence="17" number="35">.</token>
<token t_id="448" sentence="18" number="0">On</token>
<token t_id="449" sentence="18" number="1">23</token>
<token t_id="450" sentence="18" number="2">October</token>
<token t_id="451" sentence="18" number="3">,</token>
<token t_id="452" sentence="18" number="4">the</token>
<token t_id="453" sentence="18" number="5">government</token>
<token t_id="454" sentence="18" number="6">gave</token>
<token t_id="455" sentence="18" number="7">a</token>
<token t_id="456" sentence="18" number="8">go-ahead</token>
<token t_id="457" sentence="18" number="9">to</token>
<token t_id="458" sentence="18" number="10">the</token>
<token t_id="459" sentence="18" number="11">Navy</token>
<token t_id="460" sentence="18" number="12">'s</token>
<token t_id="461" sentence="18" number="13">request</token>
<token t_id="462" sentence="18" number="14">for</token>
<token t_id="463" sentence="18" number="15">a</token>
<token t_id="464" sentence="18" number="16">pro-active</token>
<token t_id="465" sentence="18" number="17">approach</token>
<token t_id="466" sentence="18" number="18">against</token>
<token t_id="467" sentence="18" number="19">the</token>
<token t_id="468" sentence="18" number="20">pirates</token>
<token t_id="469" sentence="18" number="21">.</token>
<Markables>
<ACTION_OCCURRENCE m_id="24"  >
  <token_anchor t_id="3"/>
</ACTION_OCCURRENCE>
<ACTION_OCCURRENCE m_id="28"  >
  <token_anchor t_id="7"/>
</ACTION_OCCURRENCE>
<ACTION_OCCURRENCE m_id="18"  >
  <token_anchor t_id="22"/>
</ACTION_OCCURRENCE>
<ACTION_OCCURRENCE m_id="19"  >
  <token_anchor t_id="24"/>
</ACTION_OCCURRENCE>
<ACTION_OCCURRENCE m_id="22"  >
  <token_anchor t_id="36"/>
</ACTION_OCCURRENCE>
<ACTION_OCCURRENCE m_id="23"  >
  <token_anchor t_id="1"/>
</ACTION_OCCURRENCE>
<HUMAN_PART_PER m_id="25"  >
  <token_anchor t_id="6"/>
</HUMAN_PART_PER>
<HUMAN_PART_PER m_id="26"  >
  <token_anchor t_id="42"/>
</HUMAN_PART_PER>
<LOC_GEO m_id="27"  >
  <token_anchor t_id="8"/>
  <token_anchor t_id="9"/>
  <token_anchor t_id="10"/>
  <token_anchor t_id="11"/>
  <token_anchor t_id="12"/>
  <token_anchor t_id="13"/>
  <token_anchor t_id="14"/>
</LOC_GEO>
<LOC_GEO m_id="21"  >
  <token_anchor t_id="30"/>
  <token_anchor t_id="31"/>
  <token_anchor t_id="32"/>
  <token_anchor t_id="33"/>
</LOC_GEO>
<HUMAN_PART_VEH m_id="29" note="byCROMER" >
  <token_anchor t_id="16"/>
  <token_anchor t_id="17"/>
  <token_anchor t_id="18"/>
  <token_anchor t_id="19"/>
</HUMAN_PART_VEH>
<HUMAN_PART_VEH m_id="31" note="byCROMER" >
  <token_anchor t_id="28"/>
</HUMAN_PART_VEH>


<HUMAN_PART_PER m_id="39" RELATED_TO="" TAG_DESCRIPTOR="t12b_pirates" instance_id="HUM17403498594960941" />
<ACTION_OCCURRENCE m_id="38" RELATED_TO="" TAG_DESCRIPTOR="t12b_thwarted" instance_id="ACT17403689640951774" />
<ACTION_OCCURRENCE m_id="37" RELATED_TO="" TAG_DESCRIPTOR="t12b_capture" instance_id="ACT17403639225065902" />
<HUMAN_PART_ORG m_id="36" RELATED_TO="" TAG_DESCRIPTOR="t12b_navy" instance_id="HUM17403785688719729" />
<LOC_GEO m_id="35" RELATED_TO="" TAG_DESCRIPTOR="t12_gulf_of_aden" instance_id="LOC17399309192531980" />
<HUMAN_PART_VEH m_id="34" RELATED_TO="" TAG_DESCRIPTOR="t12b_mysore" instance_id="HUM17403809721645960" />
<HUMAN_PART_VEH m_id="33" RELATED_TO="" TAG_DESCRIPTOR="t12b_merchant_vessel" instance_id="HUM17403484329637243" />
<ACTION_OCCURRENCE m_id="32" RELATED_TO="" TAG_DESCRIPTOR="t12b_attack" instance_id="ACT17403630531063654" />
</Markables>

<Relations>
<CROSS_DOC_COREF r_id="33853" note="ACT17403630531063654" >
  <source m_id="19" />
  <target m_id="32" />
</CROSS_DOC_COREF>
<CROSS_DOC_COREF r_id="33854" note="HUM17403484329637243" >
  <source m_id="31" />
  <target m_id="33" />
</CROSS_DOC_COREF>
<CROSS_DOC_COREF r_id="33855" note="HUM17403809721645960" >
  <source m_id="29" />
  <target m_id="34" />
</CROSS_DOC_COREF>
<CROSS_DOC_COREF r_id="33856" note="LOC17399309192531980" >
  <source m_id="21" />
  <target m_id="35" />
</CROSS_DOC_COREF>
<CROSS_DOC_COREF r_id="33857" note="HUM17403785688719729" >
  <target m_id="36" />
</CROSS_DOC_COREF>
<CROSS_DOC_COREF r_id="33858" note="ACT17403639225065902" >
  <source m_id="22" />
  <target m_id="37" />
</CROSS_DOC_COREF>
<CROSS_DOC_COREF r_id="33859" note="ACT17403689640951774" >
  <source m_id="18" />
  <target m_id="38" />
</CROSS_DOC_COREF>
<CROSS_DOC_COREF r_id="33860" note="HUM17403498594960941" >
  <source m_id="26" />
  <source m_id="25" />
  <target m_id="39" />
</CROSS_DOC_COREF>

</Relations>
</Document>
