<Document doc_name="12_8ecb.xml" doc_id="DOC15654141697861725">
<token t_id="1" sentence="0" number="0">The</token>
<token t_id="2" sentence="0" number="1">Indian</token>
<token t_id="3" sentence="0" number="2">navy</token>
<token t_id="4" sentence="0" number="3">captured</token>
<token t_id="5" sentence="0" number="4">23</token>
<token t_id="6" sentence="0" number="5">piracy</token>
<token t_id="7" sentence="0" number="6">suspects</token>
<token t_id="8" sentence="0" number="7">who</token>
<token t_id="9" sentence="0" number="8">tried</token>
<token t_id="10" sentence="0" number="9">to</token>
<token t_id="11" sentence="0" number="10">take</token>
<token t_id="12" sentence="0" number="11">over</token>
<token t_id="13" sentence="0" number="12">a</token>
<token t_id="14" sentence="0" number="13">merchant</token>
<token t_id="15" sentence="0" number="14">vessel</token>
<token t_id="16" sentence="0" number="15">in</token>
<token t_id="17" sentence="0" number="16">the</token>
<token t_id="18" sentence="0" number="17">Gulf</token>
<token t_id="19" sentence="0" number="18">of</token>
<token t_id="20" sentence="0" number="19">Aden</token>
<token t_id="21" sentence="0" number="20">,</token>
<token t_id="22" sentence="0" number="21">between</token>
<token t_id="23" sentence="0" number="22">the</token>
<token t_id="24" sentence="0" number="23">Horn</token>
<token t_id="25" sentence="0" number="24">of</token>
<token t_id="26" sentence="0" number="25">Africa</token>
<token t_id="27" sentence="0" number="26">and</token>
<token t_id="28" sentence="0" number="27">the</token>
<token t_id="29" sentence="0" number="28">Arabian</token>
<token t_id="30" sentence="0" number="29">Peninsula</token>
<token t_id="31" sentence="0" number="30">,</token>
<token t_id="32" sentence="0" number="31">Indian</token>
<token t_id="33" sentence="0" number="32">officials</token>
<token t_id="34" sentence="0" number="33">said</token>
<token t_id="35" sentence="0" number="34">.</token>
<token t_id="36" sentence="1" number="0">Piracy</token>
<token t_id="37" sentence="1" number="1">suspects</token>
<token t_id="38" sentence="1" number="2">raise</token>
<token t_id="39" sentence="1" number="3">their</token>
<token t_id="40" sentence="1" number="4">hands</token>
<token t_id="41" sentence="1" number="5">in</token>
<token t_id="42" sentence="1" number="6">surrender</token>
<token t_id="43" sentence="1" number="7">as</token>
<token t_id="44" sentence="1" number="8">an</token>
<token t_id="45" sentence="1" number="9">Indian</token>
<token t_id="46" sentence="1" number="10">navy</token>
<token t_id="47" sentence="1" number="11">boat</token>
<token t_id="48" sentence="1" number="12">approaches</token>
<token t_id="49" sentence="1" number="13">.</token>
<token t_id="50" sentence="2" number="0">In</token>
<token t_id="51" sentence="2" number="1">addition</token>
<token t_id="52" sentence="2" number="2">to</token>
<token t_id="53" sentence="2" number="3">the</token>
<token t_id="54" sentence="2" number="4">12</token>
<token t_id="55" sentence="2" number="5">Somali</token>
<token t_id="56" sentence="2" number="6">and</token>
<token t_id="57" sentence="2" number="7">11</token>
<token t_id="58" sentence="2" number="8">Yemeni</token>
<token t_id="59" sentence="2" number="9">suspects</token>
<token t_id="60" sentence="2" number="10">,</token>
<token t_id="61" sentence="2" number="11">the</token>
<token t_id="62" sentence="2" number="12">Indian</token>
<token t_id="63" sentence="2" number="13">navy</token>
<token t_id="64" sentence="2" number="14">seized</token>
<token t_id="65" sentence="2" number="15">two</token>
<token t_id="66" sentence="2" number="16">small</token>
<token t_id="67" sentence="2" number="17">boats</token>
<token t_id="68" sentence="2" number="18">and</token>
<token t_id="69" sentence="2" number="19">``</token>
<token t_id="70" sentence="2" number="20">a</token>
<token t_id="71" sentence="2" number="21">substantial</token>
<token t_id="72" sentence="2" number="22">cache</token>
<token t_id="73" sentence="2" number="23">of</token>
<token t_id="74" sentence="2" number="24">arms</token>
<token t_id="75" sentence="2" number="25">and</token>
<token t_id="76" sentence="2" number="26">equipment</token>
<token t_id="77" sentence="2" number="27">,</token>
<token t_id="78" sentence="2" number="28">''</token>
<token t_id="79" sentence="2" number="29">the</token>
<token t_id="80" sentence="2" number="30">military</token>
<token t_id="81" sentence="2" number="31">said</token>
<token t_id="82" sentence="2" number="32">in</token>
<token t_id="83" sentence="2" number="33">a</token>
<token t_id="84" sentence="2" number="34">statement</token>
<token t_id="85" sentence="2" number="35">.</token>
<token t_id="86" sentence="3" number="0">Among</token>
<token t_id="87" sentence="3" number="1">the</token>
<token t_id="88" sentence="3" number="2">seized</token>
<token t_id="89" sentence="3" number="3">items</token>
<token t_id="90" sentence="3" number="4">were</token>
<token t_id="91" sentence="3" number="5">seven</token>
<token t_id="92" sentence="3" number="6">AK-47</token>
<token t_id="93" sentence="3" number="7">automatic</token>
<token t_id="94" sentence="3" number="8">rifles</token>
<token t_id="95" sentence="3" number="9">,</token>
<token t_id="96" sentence="3" number="10">three</token>
<token t_id="97" sentence="3" number="11">other</token>
<token t_id="98" sentence="3" number="12">automatic</token>
<token t_id="99" sentence="3" number="13">weapons</token>
<token t_id="100" sentence="3" number="14">and</token>
<token t_id="101" sentence="3" number="15">13</token>
<token t_id="102" sentence="3" number="16">loaded</token>
<token t_id="103" sentence="3" number="17">magazines</token>
<token t_id="104" sentence="3" number="18">;</token>
<token t_id="105" sentence="3" number="19">a</token>
<token t_id="106" sentence="3" number="20">rocket-propelled</token>
<token t_id="107" sentence="3" number="21">grenade</token>
<token t_id="108" sentence="3" number="22">launcher</token>
<token t_id="109" sentence="3" number="23">along</token>
<token t_id="110" sentence="3" number="24">with</token>
<token t_id="111" sentence="3" number="25">rockets</token>
<token t_id="112" sentence="3" number="26">,</token>
<token t_id="113" sentence="3" number="27">cartridges</token>
<token t_id="114" sentence="3" number="28">and</token>
<token t_id="115" sentence="3" number="29">grenades</token>
<token t_id="116" sentence="3" number="30">;</token>
<token t_id="117" sentence="3" number="31">up</token>
<token t_id="118" sentence="3" number="32">to</token>
<token t_id="119" sentence="3" number="33">three</token>
<token t_id="120" sentence="3" number="34">outboard</token>
<token t_id="121" sentence="3" number="35">motors</token>
<token t_id="122" sentence="3" number="36">and</token>
<token t_id="123" sentence="3" number="37">a</token>
<token t_id="124" sentence="3" number="38">global</token>
<token t_id="125" sentence="3" number="39">positioning</token>
<token t_id="126" sentence="3" number="40">system</token>
<token t_id="127" sentence="3" number="41">receiver</token>
<token t_id="128" sentence="3" number="42">.</token>
<token t_id="129" sentence="4" number="0">Pirate</token>
<token t_id="130" sentence="4" number="1">attacks</token>
<token t_id="131" sentence="4" number="2">in</token>
<token t_id="132" sentence="4" number="3">the</token>
<token t_id="133" sentence="4" number="4">waters</token>
<token t_id="134" sentence="4" number="5">off</token>
<token t_id="135" sentence="4" number="6">Somalia</token>
<token t_id="136" sentence="4" number="7">have</token>
<token t_id="137" sentence="4" number="8">increased</token>
<token t_id="138" sentence="4" number="9">this</token>
<token t_id="139" sentence="4" number="10">year</token>
<token t_id="140" sentence="4" number="11">,</token>
<token t_id="141" sentence="4" number="12">with</token>
<token t_id="142" sentence="4" number="13">armed</token>
<token t_id="143" sentence="4" number="14">men</token>
<token t_id="144" sentence="4" number="15">staging</token>
<token t_id="145" sentence="4" number="16">increasingly</token>
<token t_id="146" sentence="4" number="17">bold</token>
<token t_id="147" sentence="4" number="18">attacks</token>
<token t_id="148" sentence="4" number="19">on</token>
<token t_id="149" sentence="4" number="20">ever-larger</token>
<token t_id="150" sentence="4" number="21">targets</token>
<token t_id="151" sentence="4" number="22">.</token>
<token t_id="152" sentence="5" number="0">This</token>
<token t_id="153" sentence="5" number="1">year</token>
<token t_id="154" sentence="5" number="2">,</token>
<token t_id="155" sentence="5" number="3">pirates</token>
<token t_id="156" sentence="5" number="4">have</token>
<token t_id="157" sentence="5" number="5">attacked</token>
<token t_id="158" sentence="5" number="6">nearly</token>
<token t_id="159" sentence="5" number="7">100</token>
<token t_id="160" sentence="5" number="8">vessels</token>
<token t_id="161" sentence="5" number="9">off</token>
<token t_id="162" sentence="5" number="10">Somalia</token>
<token t_id="163" sentence="5" number="11">'s</token>
<token t_id="164" sentence="5" number="12">coast</token>
<token t_id="165" sentence="5" number="13">and</token>
<token t_id="166" sentence="5" number="14">hijacked</token>
<token t_id="167" sentence="5" number="15">nearly</token>
<token t_id="168" sentence="5" number="16">40</token>
<token t_id="169" sentence="5" number="17">,</token>
<token t_id="170" sentence="5" number="18">the</token>
<token t_id="171" sentence="5" number="19">International</token>
<token t_id="172" sentence="5" number="20">Maritime</token>
<token t_id="173" sentence="5" number="21">Bureau</token>
<token t_id="174" sentence="5" number="22">said</token>
<token t_id="175" sentence="5" number="23">.</token>
<token t_id="176" sentence="6" number="0">The</token>
<token t_id="177" sentence="6" number="1">Indian</token>
<token t_id="178" sentence="6" number="2">warship</token>
<token t_id="179" sentence="6" number="3">Mysore</token>
<token t_id="180" sentence="6" number="4">,</token>
<token t_id="181" sentence="6" number="5">which</token>
<token t_id="182" sentence="6" number="6">carried</token>
<token t_id="183" sentence="6" number="7">out</token>
<token t_id="184" sentence="6" number="8">Saturday</token>
<token t_id="185" sentence="6" number="9">'s</token>
<token t_id="186" sentence="6" number="10">operation</token>
<token t_id="187" sentence="6" number="11">,</token>
<token t_id="188" sentence="6" number="12">is</token>
<token t_id="189" sentence="6" number="13">on</token>
<token t_id="190" sentence="6" number="14">anti-piracy</token>
<token t_id="191" sentence="6" number="15">patrol</token>
<token t_id="192" sentence="6" number="16">in</token>
<token t_id="193" sentence="6" number="17">the</token>
<token t_id="194" sentence="6" number="18">Gulf</token>
<token t_id="195" sentence="6" number="19">of</token>
<token t_id="196" sentence="6" number="20">Aden</token>
<token t_id="197" sentence="6" number="21">,</token>
<token t_id="198" sentence="6" number="22">the</token>
<token t_id="199" sentence="6" number="23">release</token>
<token t_id="200" sentence="6" number="24">said</token>
<token t_id="201" sentence="6" number="25">.</token>
<token t_id="202" sentence="7" number="0">The</token>
<token t_id="203" sentence="7" number="1">Mysore</token>
<token t_id="204" sentence="7" number="2">received</token>
<token t_id="205" sentence="7" number="3">a</token>
<token t_id="206" sentence="7" number="4">distress</token>
<token t_id="207" sentence="7" number="5">call</token>
<token t_id="208" sentence="7" number="6">Saturday</token>
<token t_id="209" sentence="7" number="7">morning</token>
<token t_id="210" sentence="7" number="8">from</token>
<token t_id="211" sentence="7" number="9">the</token>
<token t_id="212" sentence="7" number="10">MV</token>
<token t_id="213" sentence="7" number="11">Gibe</token>
<token t_id="214" sentence="7" number="12">,</token>
<token t_id="215" sentence="7" number="13">a</token>
<token t_id="216" sentence="7" number="14">merchant</token>
<token t_id="217" sentence="7" number="15">vessel</token>
<token t_id="218" sentence="7" number="16">sailing</token>
<token t_id="219" sentence="7" number="17">under</token>
<token t_id="220" sentence="7" number="18">an</token>
<token t_id="221" sentence="7" number="19">Ethiopian</token>
<token t_id="222" sentence="7" number="20">flag</token>
<token t_id="223" sentence="7" number="21">.</token>
<token t_id="224" sentence="8" number="0">The</token>
<token t_id="225" sentence="8" number="1">Gibe</token>
<token t_id="226" sentence="8" number="2">reported</token>
<token t_id="227" sentence="8" number="3">that</token>
<token t_id="228" sentence="8" number="4">two</token>
<token t_id="229" sentence="8" number="5">boats</token>
<token t_id="230" sentence="8" number="6">were</token>
<token t_id="231" sentence="8" number="7">firing</token>
<token t_id="232" sentence="8" number="8">small</token>
<token t_id="233" sentence="8" number="9">arms</token>
<token t_id="234" sentence="8" number="10">at</token>
<token t_id="235" sentence="8" number="11">it</token>
<token t_id="236" sentence="8" number="12">.</token>
<token t_id="237" sentence="9" number="0">The</token>
<token t_id="238" sentence="9" number="1">merchant</token>
<token t_id="239" sentence="9" number="2">ship</token>
<token t_id="240" sentence="9" number="3">,</token>
<token t_id="241" sentence="9" number="4">which</token>
<token t_id="242" sentence="9" number="5">was</token>
<token t_id="243" sentence="9" number="6">13</token>
<token t_id="244" sentence="9" number="7">nautical</token>
<token t_id="245" sentence="9" number="8">miles</token>
<token t_id="246" sentence="9" number="9">from</token>
<token t_id="247" sentence="9" number="10">the</token>
<token t_id="248" sentence="9" number="11">Mysore</token>
<token t_id="249" sentence="9" number="12">,</token>
<token t_id="250" sentence="9" number="13">fired</token>
<token t_id="251" sentence="9" number="14">back</token>
<token t_id="252" sentence="9" number="15">with</token>
<token t_id="253" sentence="9" number="16">small</token>
<token t_id="254" sentence="9" number="17">arms</token>
<token t_id="255" sentence="9" number="18">onboard</token>
<token t_id="256" sentence="9" number="19">the</token>
<token t_id="257" sentence="9" number="20">vessel</token>
<token t_id="258" sentence="9" number="21">.</token>
<token t_id="259" sentence="10" number="0">The</token>
<token t_id="260" sentence="10" number="1">Mysore</token>
<token t_id="261" sentence="10" number="2">changed</token>
<token t_id="262" sentence="10" number="3">course</token>
<token t_id="263" sentence="10" number="4">toward</token>
<token t_id="264" sentence="10" number="5">the</token>
<token t_id="265" sentence="10" number="6">Gibe</token>
<token t_id="266" sentence="10" number="7">and</token>
<token t_id="267" sentence="10" number="8">launched</token>
<token t_id="268" sentence="10" number="9">an</token>
<token t_id="269" sentence="10" number="10">armed</token>
<token t_id="270" sentence="10" number="11">helicopter</token>
<token t_id="271" sentence="10" number="12">,</token>
<token t_id="272" sentence="10" number="13">the</token>
<token t_id="273" sentence="10" number="14">Indian</token>
<token t_id="274" sentence="10" number="15">military</token>
<token t_id="275" sentence="10" number="16">said</token>
<token t_id="276" sentence="10" number="17">.</token>
<token t_id="277" sentence="11" number="0">Upon</token>
<token t_id="278" sentence="11" number="1">seeing</token>
<token t_id="279" sentence="11" number="2">the</token>
<token t_id="280" sentence="11" number="3">helicopter</token>
<token t_id="281" sentence="11" number="4">and</token>
<token t_id="282" sentence="11" number="5">the</token>
<token t_id="283" sentence="11" number="6">Mysore</token>
<token t_id="284" sentence="11" number="7">closing</token>
<token t_id="285" sentence="11" number="8">in</token>
<token t_id="286" sentence="11" number="9">,</token>
<token t_id="287" sentence="11" number="10">the</token>
<token t_id="288" sentence="11" number="11">attackers</token>
<token t_id="289" sentence="11" number="12">broke</token>
<token t_id="290" sentence="11" number="13">off</token>
<token t_id="291" sentence="11" number="14">and</token>
<token t_id="292" sentence="11" number="15">tried</token>
<token t_id="293" sentence="11" number="16">to</token>
<token t_id="294" sentence="11" number="17">flee</token>
<token t_id="295" sentence="11" number="18">,</token>
<token t_id="296" sentence="11" number="19">the</token>
<token t_id="297" sentence="11" number="20">release</token>
<token t_id="298" sentence="11" number="21">said</token>
<token t_id="299" sentence="11" number="22">.</token>
<token t_id="300" sentence="12" number="0">The</token>
<token t_id="301" sentence="12" number="1">warship</token>
<token t_id="302" sentence="12" number="2">caught</token>
<token t_id="303" sentence="12" number="3">up</token>
<token t_id="304" sentence="12" number="4">to</token>
<token t_id="305" sentence="12" number="5">the</token>
<token t_id="306" sentence="12" number="6">boats</token>
<token t_id="307" sentence="12" number="7">,</token>
<token t_id="308" sentence="12" number="8">the</token>
<token t_id="309" sentence="12" number="9">larger</token>
<token t_id="310" sentence="12" number="10">of</token>
<token t_id="311" sentence="12" number="11">which</token>
<token t_id="312" sentence="12" number="12">was</token>
<token t_id="313" sentence="12" number="13">described</token>
<token t_id="314" sentence="12" number="14">as</token>
<token t_id="315" sentence="12" number="15">a</token>
<token t_id="316" sentence="12" number="16">24-</token>
<token t_id="317" sentence="12" number="17">to</token>
<token t_id="318" sentence="12" number="18">30-foot</token>
<token t_id="319" sentence="12" number="19">dhow</token>
<token t_id="320" sentence="12" number="20">,</token>
<token t_id="321" sentence="12" number="21">a</token>
<token t_id="322" sentence="12" number="22">traditional</token>
<token t_id="323" sentence="12" number="23">Arab</token>
<token t_id="324" sentence="12" number="24">sailboat</token>
<token t_id="325" sentence="12" number="25">.</token>
<token t_id="326" sentence="13" number="0">The</token>
<token t_id="327" sentence="13" number="1">dhow</token>
<token t_id="328" sentence="13" number="2">,</token>
<token t_id="329" sentence="13" number="3">identified</token>
<token t_id="330" sentence="13" number="4">as</token>
<token t_id="331" sentence="13" number="5">bearing</token>
<token t_id="332" sentence="13" number="6">the</token>
<token t_id="333" sentence="13" number="7">name</token>
<token t_id="334" sentence="13" number="8">Salahaddin</token>
<token t_id="335" sentence="13" number="9">,</token>
<token t_id="336" sentence="13" number="10">was</token>
<token t_id="337" sentence="13" number="11">towing</token>
<token t_id="338" sentence="13" number="12">a</token>
<token t_id="339" sentence="13" number="13">smaller</token>
<token t_id="340" sentence="13" number="14">skiff</token>
<token t_id="341" sentence="13" number="15">.</token>
<token t_id="342" sentence="14" number="0">Indian</token>
<token t_id="343" sentence="14" number="1">sailors</token>
<token t_id="344" sentence="14" number="2">boarded</token>
<token t_id="345" sentence="14" number="3">the</token>
<token t_id="346" sentence="14" number="4">Salahaddin</token>
<token t_id="347" sentence="14" number="5">,</token>
<token t_id="348" sentence="14" number="6">the</token>
<token t_id="349" sentence="14" number="7">military</token>
<token t_id="350" sentence="14" number="8">said</token>
<token t_id="351" sentence="14" number="9">,</token>
<token t_id="352" sentence="14" number="10">and</token>
<token t_id="353" sentence="14" number="11">the</token>
<token t_id="354" sentence="14" number="12">23</token>
<token t_id="355" sentence="14" number="13">suspects</token>
<token t_id="356" sentence="14" number="14">surrendered</token>
<token t_id="357" sentence="14" number="15">peacefully</token>
<token t_id="358" sentence="14" number="16">.</token>
<token t_id="359" sentence="15" number="0">The</token>
<token t_id="360" sentence="15" number="1">suspects</token>
<token t_id="361" sentence="15" number="2">,</token>
<token t_id="362" sentence="15" number="3">weapons</token>
<token t_id="363" sentence="15" number="4">,</token>
<token t_id="364" sentence="15" number="5">ammunition</token>
<token t_id="365" sentence="15" number="6">and</token>
<token t_id="366" sentence="15" number="7">equipment</token>
<token t_id="367" sentence="15" number="8">will</token>
<token t_id="368" sentence="15" number="9">be</token>
<token t_id="369" sentence="15" number="10">handed</token>
<token t_id="370" sentence="15" number="11">over</token>
<token t_id="371" sentence="15" number="12">to</token>
<token t_id="372" sentence="15" number="13">authorities</token>
<token t_id="373" sentence="15" number="14">,</token>
<token t_id="374" sentence="15" number="15">and</token>
<token t_id="375" sentence="15" number="16">the</token>
<token t_id="376" sentence="15" number="17">Mysore</token>
<token t_id="377" sentence="15" number="18">will</token>
<token t_id="378" sentence="15" number="19">return</token>
<token t_id="379" sentence="15" number="20">to</token>
<token t_id="380" sentence="15" number="21">patrol</token>
<token t_id="381" sentence="15" number="22">duties</token>
<token t_id="382" sentence="15" number="23">,</token>
<token t_id="383" sentence="15" number="24">India</token>
<token t_id="384" sentence="15" number="25">said</token>
<token t_id="385" sentence="15" number="26">.</token>
<token t_id="386" sentence="16" number="0">Last</token>
<token t_id="387" sentence="16" number="1">month</token>
<token t_id="388" sentence="16" number="2">,</token>
<token t_id="389" sentence="16" number="3">the</token>
<token t_id="390" sentence="16" number="4">Indian</token>
<token t_id="391" sentence="16" number="5">navy</token>
<token t_id="392" sentence="16" number="6">said</token>
<token t_id="393" sentence="16" number="7">it</token>
<token t_id="394" sentence="16" number="8">had</token>
<token t_id="395" sentence="16" number="9">sunk</token>
<token t_id="396" sentence="16" number="10">a</token>
<token t_id="397" sentence="16" number="11">pirate</token>
<token t_id="398" sentence="16" number="12">``</token>
<token t_id="399" sentence="16" number="13">mother</token>
<token t_id="400" sentence="16" number="14">vessel</token>
<token t_id="401" sentence="16" number="15">''</token>
<token t_id="402" sentence="16" number="16">in</token>
<token t_id="403" sentence="16" number="17">the</token>
<token t_id="404" sentence="16" number="18">Gulf</token>
<token t_id="405" sentence="16" number="19">of</token>
<token t_id="406" sentence="16" number="20">Aden</token>
<token t_id="407" sentence="16" number="21">.</token>
<token t_id="408" sentence="17" number="0">The</token>
<token t_id="409" sentence="17" number="1">ship</token>
<token t_id="410" sentence="17" number="2">'s</token>
<token t_id="411" sentence="17" number="3">owner</token>
<token t_id="412" sentence="17" number="4">said</token>
<token t_id="413" sentence="17" number="5">the</token>
<token t_id="414" sentence="17" number="6">sunken</token>
<token t_id="415" sentence="17" number="7">vessel</token>
<token t_id="416" sentence="17" number="8">was</token>
<token t_id="417" sentence="17" number="9">a</token>
<token t_id="418" sentence="17" number="10">Thai</token>
<token t_id="419" sentence="17" number="11">trawler</token>
<token t_id="420" sentence="17" number="12">that</token>
<token t_id="421" sentence="17" number="13">was</token>
<token t_id="422" sentence="17" number="14">being</token>
<token t_id="423" sentence="17" number="15">seized</token>
<token t_id="424" sentence="17" number="16">by</token>
<token t_id="425" sentence="17" number="17">pirates</token>
<token t_id="426" sentence="17" number="18">when</token>
<token t_id="427" sentence="17" number="19">an</token>
<token t_id="428" sentence="17" number="20">Indian</token>
<token t_id="429" sentence="17" number="21">warship</token>
<token t_id="430" sentence="17" number="22">fired</token>
<token t_id="431" sentence="17" number="23">on</token>
<token t_id="432" sentence="17" number="24">it</token>
<token t_id="433" sentence="17" number="25">.</token>
<token t_id="434" sentence="18" number="0">Sixteen</token>
<token t_id="435" sentence="18" number="1">crew</token>
<token t_id="436" sentence="18" number="2">members</token>
<token t_id="437" sentence="18" number="3">were</token>
<token t_id="438" sentence="18" number="4">aboard</token>
<token t_id="439" sentence="18" number="5">the</token>
<token t_id="440" sentence="18" number="6">ship</token>
<token t_id="441" sentence="18" number="7">,</token>
<token t_id="442" sentence="18" number="8">said</token>
<token t_id="443" sentence="18" number="9">Wicharn</token>
<token t_id="444" sentence="18" number="10">Sirichaiekawat</token>
<token t_id="445" sentence="18" number="11">,</token>
<token t_id="446" sentence="18" number="12">owner</token>
<token t_id="447" sentence="18" number="13">of</token>
<token t_id="448" sentence="18" number="14">the</token>
<token t_id="449" sentence="18" number="15">Ekawat</token>
<token t_id="450" sentence="18" number="16">Nava</token>
<token t_id="451" sentence="18" number="17">5</token>
<token t_id="452" sentence="18" number="18">.</token>
<token t_id="453" sentence="19" number="0">Two</token>
<token t_id="454" sentence="19" number="1">have</token>
<token t_id="455" sentence="19" number="2">been</token>
<token t_id="456" sentence="19" number="3">accounted</token>
<token t_id="457" sentence="19" number="4">for</token>
<token t_id="458" sentence="19" number="5">.</token>
<token t_id="459" sentence="20" number="0">One</token>
<token t_id="460" sentence="20" number="1">crewman</token>
<token t_id="461" sentence="20" number="2">was</token>
<token t_id="462" sentence="20" number="3">found</token>
<token t_id="463" sentence="20" number="4">alive</token>
<token t_id="464" sentence="20" number="5">after</token>
<token t_id="465" sentence="20" number="6">six</token>
<token t_id="466" sentence="20" number="7">days</token>
<token t_id="467" sentence="20" number="8">adrift</token>
<token t_id="468" sentence="20" number="9">in</token>
<token t_id="469" sentence="20" number="10">the</token>
<token t_id="470" sentence="20" number="11">Gulf</token>
<token t_id="471" sentence="20" number="12">of</token>
<token t_id="472" sentence="20" number="13">Aden</token>
<token t_id="473" sentence="20" number="14">,</token>
<token t_id="474" sentence="20" number="15">and</token>
<token t_id="475" sentence="20" number="16">one</token>
<token t_id="476" sentence="20" number="17">is</token>
<token t_id="477" sentence="20" number="18">confirmed</token>
<token t_id="478" sentence="20" number="19">dead</token>
<token t_id="479" sentence="20" number="20">,</token>
<token t_id="480" sentence="20" number="21">the</token>
<token t_id="481" sentence="20" number="22">ship</token>
<token t_id="482" sentence="20" number="23">'s</token>
<token t_id="483" sentence="20" number="24">owner</token>
<token t_id="484" sentence="20" number="25">said</token>
<token t_id="485" sentence="20" number="26">.</token>
<token t_id="486" sentence="21" number="0">Indian</token>
<token t_id="487" sentence="21" number="1">authorities</token>
<token t_id="488" sentence="21" number="2">insisted</token>
<token t_id="489" sentence="21" number="3">that</token>
<token t_id="490" sentence="21" number="4">their</token>
<token t_id="491" sentence="21" number="5">ship</token>
<token t_id="492" sentence="21" number="6">,</token>
<token t_id="493" sentence="21" number="7">the</token>
<token t_id="494" sentence="21" number="8">frigate</token>
<token t_id="495" sentence="21" number="9">INS</token>
<token t_id="496" sentence="21" number="10">Tabar</token>
<token t_id="497" sentence="21" number="11">,</token>
<token t_id="498" sentence="21" number="12">had</token>
<token t_id="499" sentence="21" number="13">acted</token>
<token t_id="500" sentence="21" number="14">against</token>
<token t_id="501" sentence="21" number="15">a</token>
<token t_id="502" sentence="21" number="16">pirate</token>
<token t_id="503" sentence="21" number="17">vessel</token>
<token t_id="504" sentence="21" number="18">that</token>
<token t_id="505" sentence="21" number="19">had</token>
<token t_id="506" sentence="21" number="20">threatened</token>
<token t_id="507" sentence="21" number="21">to</token>
<token t_id="508" sentence="21" number="22">attack</token>
<token t_id="509" sentence="21" number="23">it</token>
<token t_id="510" sentence="21" number="24">.</token>
<token t_id="511" sentence="22" number="0">``</token>
<token t_id="512" sentence="22" number="1">We</token>
<token t_id="513" sentence="22" number="2">fired</token>
<token t_id="514" sentence="22" number="3">in</token>
<token t_id="515" sentence="22" number="4">self-defense</token>
<token t_id="516" sentence="22" number="5">and</token>
<token t_id="517" sentence="22" number="6">in</token>
<token t_id="518" sentence="22" number="7">response</token>
<token t_id="519" sentence="22" number="8">to</token>
<token t_id="520" sentence="22" number="9">firing</token>
<token t_id="521" sentence="22" number="10">upon</token>
<token t_id="522" sentence="22" number="11">our</token>
<token t_id="523" sentence="22" number="12">vessel</token>
<token t_id="524" sentence="22" number="13">,</token>
<token t_id="525" sentence="22" number="14">''</token>
<token t_id="526" sentence="22" number="15">Commodore</token>
<token t_id="527" sentence="22" number="16">Nirad</token>
<token t_id="528" sentence="22" number="17">Sinha</token>
<token t_id="529" sentence="22" number="18">,</token>
<token t_id="530" sentence="22" number="19">a</token>
<token t_id="531" sentence="22" number="20">navy</token>
<token t_id="532" sentence="22" number="21">spokesman</token>
<token t_id="533" sentence="22" number="22">,</token>
<token t_id="534" sentence="22" number="23">told</token>
<token t_id="535" sentence="22" number="24">CNN</token>
<token t_id="536" sentence="22" number="25">.</token>
<token t_id="537" sentence="23" number="0">``</token>
<token t_id="538" sentence="23" number="1">It</token>
<token t_id="539" sentence="23" number="2">was</token>
<token t_id="540" sentence="23" number="3">a</token>
<token t_id="541" sentence="23" number="4">pirate</token>
<token t_id="542" sentence="23" number="5">vessel</token>
<token t_id="543" sentence="23" number="6">in</token>
<token t_id="544" sentence="23" number="7">the</token>
<token t_id="545" sentence="23" number="8">international</token>
<token t_id="546" sentence="23" number="9">waters</token>
<token t_id="547" sentence="23" number="10">,</token>
<token t_id="548" sentence="23" number="11">and</token>
<token t_id="549" sentence="23" number="12">its</token>
<token t_id="550" sentence="23" number="13">stance</token>
<token t_id="551" sentence="23" number="14">was</token>
<token t_id="552" sentence="23" number="15">aggressive</token>
<token t_id="553" sentence="23" number="16">.</token>
<token t_id="554" sentence="23" number="17">''</token>
<token t_id="555" sentence="24" number="0">He</token>
<token t_id="556" sentence="24" number="1">said</token>
<token t_id="557" sentence="24" number="2">the</token>
<token t_id="558" sentence="24" number="3">ship</token>
<token t_id="559" sentence="24" number="4">the</token>
<token t_id="560" sentence="24" number="5">Tabar</token>
<token t_id="561" sentence="24" number="6">fired</token>
<token t_id="562" sentence="24" number="7">on</token>
<token t_id="563" sentence="24" number="8">was</token>
<token t_id="564" sentence="24" number="9">laden</token>
<token t_id="565" sentence="24" number="10">with</token>
<token t_id="566" sentence="24" number="11">ammunition</token>
<token t_id="567" sentence="24" number="12">.</token>
<token t_id="568" sentence="25" number="0">All</token>
<token t_id="569" sentence="25" number="1">sorts</token>
<token t_id="570" sentence="25" number="2">of</token>
<token t_id="571" sentence="25" number="3">vessels</token>
<token t_id="572" sentence="25" number="4">--</token>
<token t_id="573" sentence="25" number="5">freight</token>
<token t_id="574" sentence="25" number="6">and</token>
<token t_id="575" sentence="25" number="7">cargo</token>
<token t_id="576" sentence="25" number="8">ships</token>
<token t_id="577" sentence="25" number="9">,</token>
<token t_id="578" sentence="25" number="10">cruise</token>
<token t_id="579" sentence="25" number="11">liners</token>
<token t_id="580" sentence="25" number="12">and</token>
<token t_id="581" sentence="25" number="13">private</token>
<token t_id="582" sentence="25" number="14">yachts</token>
<token t_id="583" sentence="25" number="15">--</token>
<token t_id="584" sentence="25" number="16">have</token>
<token t_id="585" sentence="25" number="17">been</token>
<token t_id="586" sentence="25" number="18">attacked</token>
<token t_id="587" sentence="25" number="19">in</token>
<token t_id="588" sentence="25" number="20">the</token>
<token t_id="589" sentence="25" number="21">waters</token>
<token t_id="590" sentence="25" number="22">off</token>
<token t_id="591" sentence="25" number="23">Somalia</token>
<token t_id="592" sentence="25" number="24">.</token>
<token t_id="593" sentence="26" number="0">In</token>
<token t_id="594" sentence="26" number="1">many</token>
<token t_id="595" sentence="26" number="2">hijackings</token>
<token t_id="596" sentence="26" number="3">,</token>
<token t_id="597" sentence="26" number="4">pirates</token>
<token t_id="598" sentence="26" number="5">take</token>
<token t_id="599" sentence="26" number="6">the</token>
<token t_id="600" sentence="26" number="7">crew</token>
<token t_id="601" sentence="26" number="8">and</token>
<token t_id="602" sentence="26" number="9">passengers</token>
<token t_id="603" sentence="26" number="10">hostage</token>
<token t_id="604" sentence="26" number="11">and</token>
<token t_id="605" sentence="26" number="12">demand</token>
<token t_id="606" sentence="26" number="13">a</token>
<token t_id="607" sentence="26" number="14">ransom</token>
<token t_id="608" sentence="26" number="15">.</token>
<token t_id="609" sentence="27" number="0">Just</token>
<token t_id="610" sentence="27" number="1">this</token>
<token t_id="611" sentence="27" number="2">month</token>
<token t_id="612" sentence="27" number="3">,</token>
<token t_id="613" sentence="27" number="4">Somali</token>
<token t_id="614" sentence="27" number="5">pirates</token>
<token t_id="615" sentence="27" number="6">captured</token>
<token t_id="616" sentence="27" number="7">two</token>
<token t_id="617" sentence="27" number="8">Yemeni</token>
<token t_id="618" sentence="27" number="9">fishing</token>
<token t_id="619" sentence="27" number="10">boats</token>
<token t_id="620" sentence="27" number="11">and</token>
<token t_id="621" sentence="27" number="12">22</token>
<token t_id="622" sentence="27" number="13">Yemeni</token>
<token t_id="623" sentence="27" number="14">fishermen</token>
<token t_id="624" sentence="27" number="15">in</token>
<token t_id="625" sentence="27" number="16">the</token>
<token t_id="626" sentence="27" number="17">Gulf</token>
<token t_id="627" sentence="27" number="18">of</token>
<token t_id="628" sentence="27" number="19">Aden</token>
<token t_id="629" sentence="27" number="20">,</token>
<token t_id="630" sentence="27" number="21">Yemen</token>
<token t_id="631" sentence="27" number="22">'s</token>
<token t_id="632" sentence="27" number="23">official</token>
<token t_id="633" sentence="27" number="24">news</token>
<token t_id="634" sentence="27" number="25">agency</token>
<token t_id="635" sentence="27" number="26">SABA</token>
<token t_id="636" sentence="27" number="27">reported</token>
<token t_id="637" sentence="27" number="28">.</token>
<token t_id="638" sentence="28" number="0">A</token>
<token t_id="639" sentence="28" number="1">day</token>
<token t_id="640" sentence="28" number="2">earlier</token>
<token t_id="641" sentence="28" number="3">,</token>
<token t_id="642" sentence="28" number="4">the</token>
<token t_id="643" sentence="28" number="5">German</token>
<token t_id="644" sentence="28" number="6">cruise</token>
<token t_id="645" sentence="28" number="7">liner</token>
<token t_id="646" sentence="28" number="8">MS</token>
<token t_id="647" sentence="28" number="9">Columbus</token>
<token t_id="648" sentence="28" number="10">said</token>
<token t_id="649" sentence="28" number="11">it</token>
<token t_id="650" sentence="28" number="12">would</token>
<token t_id="651" sentence="28" number="13">fly</token>
<token t_id="652" sentence="28" number="14">its</token>
<token t_id="653" sentence="28" number="15">246</token>
<token t_id="654" sentence="28" number="16">passengers</token>
<token t_id="655" sentence="28" number="17">and</token>
<token t_id="656" sentence="28" number="18">most</token>
<token t_id="657" sentence="28" number="19">of</token>
<token t_id="658" sentence="28" number="20">its</token>
<token t_id="659" sentence="28" number="21">crew</token>
<token t_id="660" sentence="28" number="22">over</token>
<token t_id="661" sentence="28" number="23">the</token>
<token t_id="662" sentence="28" number="24">Gulf</token>
<token t_id="663" sentence="28" number="25">of</token>
<token t_id="664" sentence="28" number="26">Aden</token>
<token t_id="665" sentence="28" number="27">instead</token>
<token t_id="666" sentence="28" number="28">of</token>
<token t_id="667" sentence="28" number="29">through</token>
<token t_id="668" sentence="28" number="30">it</token>
<token t_id="669" sentence="28" number="31">to</token>
<token t_id="670" sentence="28" number="32">avoid</token>
<token t_id="671" sentence="28" number="33">any</token>
<token t_id="672" sentence="28" number="34">pirate</token>
<token t_id="673" sentence="28" number="35">attack</token>
<token t_id="674" sentence="28" number="36">.</token>
<token t_id="675" sentence="29" number="0">The</token>
<token t_id="676" sentence="29" number="1">United</token>
<token t_id="677" sentence="29" number="2">States</token>
<token t_id="678" sentence="29" number="3">is</token>
<token t_id="679" sentence="29" number="4">reportedly</token>
<token t_id="680" sentence="29" number="5">circulating</token>
<token t_id="681" sentence="29" number="6">a</token>
<token t_id="682" sentence="29" number="7">proposal</token>
<token t_id="683" sentence="29" number="8">in</token>
<token t_id="684" sentence="29" number="9">the</token>
<token t_id="685" sentence="29" number="10">U.N.</token>
<token t_id="686" sentence="29" number="11">Security</token>
<token t_id="687" sentence="29" number="12">Council</token>
<token t_id="688" sentence="29" number="13">that</token>
<token t_id="689" sentence="29" number="14">would</token>
<token t_id="690" sentence="29" number="15">allow</token>
<token t_id="691" sentence="29" number="16">military</token>
<token t_id="692" sentence="29" number="17">forces</token>
<token t_id="693" sentence="29" number="18">to</token>
<token t_id="694" sentence="29" number="19">enter</token>
<token t_id="695" sentence="29" number="20">Somali</token>
<token t_id="696" sentence="29" number="21">territory</token>
<token t_id="697" sentence="29" number="22">in</token>
<token t_id="698" sentence="29" number="23">``</token>
<token t_id="699" sentence="29" number="24">hot</token>
<token t_id="700" sentence="29" number="25">pursuit</token>
<token t_id="701" sentence="29" number="26">''</token>
<token t_id="702" sentence="29" number="27">of</token>
<token t_id="703" sentence="29" number="28">pirates</token>
<token t_id="704" sentence="29" number="29">.</token>
<token t_id="705" sentence="30" number="0">The</token>
<token t_id="706" sentence="30" number="1">Pentagon</token>
<token t_id="707" sentence="30" number="2">said</token>
<token t_id="708" sentence="30" number="3">Friday</token>
<token t_id="709" sentence="30" number="4">,</token>
<token t_id="710" sentence="30" number="5">however</token>
<token t_id="711" sentence="30" number="6">,</token>
<token t_id="712" sentence="30" number="7">that</token>
<token t_id="713" sentence="30" number="8">there</token>
<token t_id="714" sentence="30" number="9">are</token>
<token t_id="715" sentence="30" number="10">no</token>
<token t_id="716" sentence="30" number="11">plans</token>
<token t_id="717" sentence="30" number="12">for</token>
<token t_id="718" sentence="30" number="13">U.S.</token>
<token t_id="719" sentence="30" number="14">forces</token>
<token t_id="720" sentence="30" number="15">to</token>
<token t_id="721" sentence="30" number="16">go</token>
<token t_id="722" sentence="30" number="17">ashore</token>
<token t_id="723" sentence="30" number="18">in</token>
<token t_id="724" sentence="30" number="19">pursuit</token>
<token t_id="725" sentence="30" number="20">of</token>
<token t_id="726" sentence="30" number="21">pirates</token>
<token t_id="727" sentence="30" number="22">in</token>
<token t_id="728" sentence="30" number="23">Somalia</token>
<token t_id="729" sentence="30" number="24">.</token>
<Markables>
<ACTION_OCCURRENCE m_id="13"  >
  <token_anchor t_id="4"/>
</ACTION_OCCURRENCE>
<ACTION_OCCURRENCE m_id="15"  >
  <token_anchor t_id="9"/>
</ACTION_OCCURRENCE>
<ACTION_REPORTING m_id="20"  >
  <token_anchor t_id="34"/>
</ACTION_REPORTING>
<HUMAN_PART_ORG m_id="12"  >
  <token_anchor t_id="3"/>
</HUMAN_PART_ORG>
<HUMAN_PART_PER m_id="14"  >
  <token_anchor t_id="7"/>
</HUMAN_PART_PER>
<HUMAN_PART_PER m_id="19"  >
  <token_anchor t_id="33"/>
</HUMAN_PART_PER>
<LOC_GEO m_id="18"  >
  <token_anchor t_id="16"/>
  <token_anchor t_id="17"/>
  <token_anchor t_id="18"/>
  <token_anchor t_id="19"/>
  <token_anchor t_id="20"/>
  <token_anchor t_id="21"/>
  <token_anchor t_id="22"/>
  <token_anchor t_id="23"/>
  <token_anchor t_id="24"/>
  <token_anchor t_id="25"/>
  <token_anchor t_id="26"/>
  <token_anchor t_id="27"/>
  <token_anchor t_id="28"/>
  <token_anchor t_id="29"/>
  <token_anchor t_id="30"/>
</LOC_GEO>
<ACTION_OCCURRENCE m_id="21" note="byCROMER" >
  <token_anchor t_id="11"/>
  <token_anchor t_id="12"/>
</ACTION_OCCURRENCE>
<HUMAN_PART_VEH m_id="22" note="byCROMER" >
  <token_anchor t_id="15"/>
</HUMAN_PART_VEH>


<HUMAN_PART_PER m_id="29" RELATED_TO="" TAG_DESCRIPTOR="t12b_pirates" instance_id="HUM17403498594960941" />
<ACTION_OCCURRENCE m_id="28" RELATED_TO="" TAG_DESCRIPTOR="t12b_tried" instance_id="ACT17404482478144688" />
<ACTION_OCCURRENCE m_id="27" RELATED_TO="" TAG_DESCRIPTOR="t12b_capture" instance_id="ACT17403639225065902" />
<HUMAN_PART_ORG m_id="26" RELATED_TO="" TAG_DESCRIPTOR="t12b_navy" instance_id="HUM17403785688719729" />
<LOC_GEO m_id="25" RELATED_TO="" TAG_DESCRIPTOR="t12_gulf_of_aden" instance_id="LOC17399309192531980" />
<HUMAN_PART_VEH m_id="24" RELATED_TO="" TAG_DESCRIPTOR="t12b_merchant_vessel" instance_id="HUM17403484329637243" />
<ACTION_OCCURRENCE m_id="23" RELATED_TO="" TAG_DESCRIPTOR="t12b_attack" instance_id="ACT17403630531063654" />
</Markables>

<Relations>
<CROSS_DOC_COREF r_id="33908" note="ACT17403630531063654" >
  <source m_id="21" />
  <target m_id="23" />
</CROSS_DOC_COREF>
<CROSS_DOC_COREF r_id="33909" note="HUM17403484329637243" >
  <source m_id="22" />
  <target m_id="24" />
</CROSS_DOC_COREF>
<CROSS_DOC_COREF r_id="33910" note="LOC17399309192531980" >
  <source m_id="18" />
  <target m_id="25" />
</CROSS_DOC_COREF>
<CROSS_DOC_COREF r_id="33911" note="HUM17403785688719729" >
  <source m_id="12" />
  <target m_id="26" />
</CROSS_DOC_COREF>
<CROSS_DOC_COREF r_id="33912" note="ACT17403639225065902" >
  <source m_id="13" />
  <target m_id="27" />
</CROSS_DOC_COREF>
<CROSS_DOC_COREF r_id="33913" note="ACT17404482478144688" >
  <source m_id="15" />
  <target m_id="28" />
</CROSS_DOC_COREF>
<CROSS_DOC_COREF r_id="33914" note="HUM17403498594960941" >
  <source m_id="14" />
  <target m_id="29" />
</CROSS_DOC_COREF>

</Relations>
</Document>
