<Document doc_name="16_3ecb.xml" doc_id="DOC15654373973133249">
<token t_id="1" sentence="0" number="0">Two</token>
<token t_id="2" sentence="0" number="1">male</token>
<token t_id="3" sentence="0" number="2">gang</token>
<token t_id="4" sentence="0" number="3">members</token>
<token t_id="5" sentence="0" number="4">whose</token>
<token t_id="6" sentence="0" number="5">names</token>
<token t_id="7" sentence="0" number="6">remain</token>
<token t_id="8" sentence="0" number="7">unreleased</token>
<token t_id="9" sentence="0" number="8">were</token>
<token t_id="10" sentence="0" number="9">arrested</token>
<token t_id="11" sentence="0" number="10">last</token>
<token t_id="12" sentence="0" number="11">night</token>
<token t_id="13" sentence="0" number="12">in</token>
<token t_id="14" sentence="0" number="13">the</token>
<token t_id="15" sentence="0" number="14">case</token>
<token t_id="16" sentence="0" number="15">of</token>
<token t_id="17" sentence="0" number="16">the</token>
<token t_id="18" sentence="0" number="17">murder</token>
<token t_id="19" sentence="0" number="18">of</token>
<token t_id="20" sentence="0" number="19">Los</token>
<token t_id="21" sentence="0" number="20">Angeles</token>
<token t_id="22" sentence="0" number="21">County</token>
<token t_id="23" sentence="0" number="22">Sheriff</token>
<token t_id="24" sentence="0" number="23">'s</token>
<token t_id="25" sentence="0" number="24">Deputy</token>
<token t_id="26" sentence="0" number="25">Juan</token>
<token t_id="27" sentence="0" number="26">Abel</token>
<token t_id="28" sentence="0" number="27">Escalante</token>
<token t_id="29" sentence="0" number="28">which</token>
<token t_id="30" sentence="0" number="29">took</token>
<token t_id="31" sentence="0" number="30">place</token>
<token t_id="32" sentence="0" number="31">outside</token>
<token t_id="33" sentence="0" number="32">his</token>
<token t_id="34" sentence="0" number="33">Cypress</token>
<token t_id="35" sentence="0" number="34">Park</token>
<token t_id="36" sentence="0" number="35">home</token>
<token t_id="37" sentence="0" number="36">this</token>
<token t_id="38" sentence="0" number="37">August</token>
<token t_id="39" sentence="0" number="38">2nd</token>
<token t_id="40" sentence="0" number="39">as</token>
<token t_id="41" sentence="0" number="40">he</token>
<token t_id="42" sentence="0" number="41">prepared</token>
<token t_id="43" sentence="0" number="42">to</token>
<token t_id="44" sentence="0" number="43">leave</token>
<token t_id="45" sentence="0" number="44">for</token>
<token t_id="46" sentence="0" number="45">work</token>
<token t_id="47" sentence="0" number="46">.</token>
<token t_id="48" sentence="1" number="0">According</token>
<token t_id="49" sentence="1" number="1">to</token>
<token t_id="50" sentence="1" number="2">the</token>
<token t_id="51" sentence="1" number="3">LA</token>
<token t_id="52" sentence="1" number="4">Times</token>
<token t_id="53" sentence="1" number="5">,</token>
<token t_id="54" sentence="1" number="6">``</token>
<token t_id="55" sentence="1" number="7">investigators</token>
<token t_id="56" sentence="1" number="8">have</token>
<token t_id="57" sentence="1" number="9">had</token>
<token t_id="58" sentence="1" number="10">a</token>
<token t_id="59" sentence="1" number="11">difficult</token>
<token t_id="60" sentence="1" number="12">time</token>
<token t_id="61" sentence="1" number="13">determining</token>
<token t_id="62" sentence="1" number="14">a</token>
<token t_id="63" sentence="1" number="15">motive</token>
<token t_id="64" sentence="1" number="16">for</token>
<token t_id="65" sentence="1" number="17">Escalante</token>
<token t_id="66" sentence="1" number="18">'s</token>
<token t_id="67" sentence="1" number="19">killing</token>
<token t_id="68" sentence="1" number="20">,</token>
<token t_id="69" sentence="1" number="21">''</token>
<token t_id="70" sentence="1" number="22">however</token>
<token t_id="71" sentence="1" number="23">after</token>
<token t_id="72" sentence="1" number="24">working</token>
<token t_id="73" sentence="1" number="25">on</token>
<token t_id="74" sentence="1" number="26">the</token>
<token t_id="75" sentence="1" number="27">case</token>
<token t_id="76" sentence="1" number="28">at</token>
<token t_id="77" sentence="1" number="29">great</token>
<token t_id="78" sentence="1" number="30">length</token>
<token t_id="79" sentence="1" number="31">the</token>
<token t_id="80" sentence="1" number="32">team</token>
<token t_id="81" sentence="1" number="33">of</token>
<token t_id="82" sentence="1" number="34">detectives</token>
<token t_id="83" sentence="1" number="35">from</token>
<token t_id="84" sentence="1" number="36">both</token>
<token t_id="85" sentence="1" number="37">the</token>
<token t_id="86" sentence="1" number="38">LAPD</token>
<token t_id="87" sentence="1" number="39">'s</token>
<token t_id="88" sentence="1" number="40">robbery-homicide</token>
<token t_id="89" sentence="1" number="41">department</token>
<token t_id="90" sentence="1" number="42">and</token>
<token t_id="91" sentence="1" number="43">the</token>
<token t_id="92" sentence="1" number="44">LA</token>
<token t_id="93" sentence="1" number="45">County</token>
<token t_id="94" sentence="1" number="46">Sheriff</token>
<token t_id="95" sentence="1" number="47">'s</token>
<token t_id="96" sentence="1" number="48">Homicide</token>
<token t_id="97" sentence="1" number="49">Bureau</token>
<token t_id="98" sentence="1" number="50">isolated</token>
<token t_id="99" sentence="1" number="51">two</token>
<token t_id="100" sentence="1" number="52">members</token>
<token t_id="101" sentence="1" number="53">of</token>
<token t_id="102" sentence="1" number="54">the</token>
<token t_id="103" sentence="1" number="55">Avenues</token>
<token t_id="104" sentence="1" number="56">gang</token>
<token t_id="105" sentence="1" number="57">.</token>
<token t_id="106" sentence="2" number="0">It</token>
<token t_id="107" sentence="2" number="1">is</token>
<token t_id="108" sentence="2" number="2">possible</token>
<token t_id="109" sentence="2" number="3">that</token>
<token t_id="110" sentence="2" number="4">the</token>
<token t_id="111" sentence="2" number="5">murder</token>
<token t_id="112" sentence="2" number="6">took</token>
<token t_id="113" sentence="2" number="7">place</token>
<token t_id="114" sentence="2" number="8">due</token>
<token t_id="115" sentence="2" number="9">to</token>
<token t_id="116" sentence="2" number="10">the</token>
<token t_id="117" sentence="2" number="11">ongoing</token>
<token t_id="118" sentence="2" number="12">tension</token>
<token t_id="119" sentence="2" number="13">between</token>
<token t_id="120" sentence="2" number="14">the</token>
<token t_id="121" sentence="2" number="15">Avenues</token>
<token t_id="122" sentence="2" number="16">and</token>
<token t_id="123" sentence="2" number="17">the</token>
<token t_id="124" sentence="2" number="18">Cypress</token>
<token t_id="125" sentence="2" number="19">Park</token>
<token t_id="126" sentence="2" number="20">gang</token>
<token t_id="127" sentence="2" number="21">,</token>
<token t_id="128" sentence="2" number="22">which</token>
<token t_id="129" sentence="2" number="23">runs</token>
<token t_id="130" sentence="2" number="24">the</token>
<token t_id="131" sentence="2" number="25">area</token>
<token t_id="132" sentence="2" number="26">where</token>
<token t_id="133" sentence="2" number="27">Escalante</token>
<token t_id="134" sentence="2" number="28">lived</token>
<token t_id="135" sentence="2" number="29">,</token>
<token t_id="136" sentence="2" number="30">as</token>
<token t_id="137" sentence="2" number="31">opposed</token>
<token t_id="138" sentence="2" number="32">to</token>
<token t_id="139" sentence="2" number="33">Escalante</token>
<token t_id="140" sentence="2" number="34">being</token>
<token t_id="141" sentence="2" number="35">a</token>
<token t_id="142" sentence="2" number="36">specific</token>
<token t_id="143" sentence="2" number="37">target</token>
<token t_id="144" sentence="2" number="38">due</token>
<token t_id="145" sentence="2" number="39">to</token>
<token t_id="146" sentence="2" number="40">his</token>
<token t_id="147" sentence="2" number="41">work</token>
<token t_id="148" sentence="2" number="42">at</token>
<token t_id="149" sentence="2" number="43">the</token>
<token t_id="150" sentence="2" number="44">Men</token>
<token t_id="151" sentence="2" number="45">'s</token>
<token t_id="152" sentence="2" number="46">Central</token>
<token t_id="153" sentence="2" number="47">Jail</token>
<token t_id="154" sentence="2" number="48">.</token>
<token t_id="155" sentence="3" number="0">The</token>
<token t_id="156" sentence="3" number="1">27-year-old</token>
<token t_id="157" sentence="3" number="2">Escalante</token>
<token t_id="158" sentence="3" number="3">``</token>
<token t_id="159" sentence="3" number="4">was</token>
<token t_id="160" sentence="3" number="5">shot</token>
<token t_id="161" sentence="3" number="6">in</token>
<token t_id="162" sentence="3" number="7">the</token>
<token t_id="163" sentence="3" number="8">back</token>
<token t_id="164" sentence="3" number="9">of</token>
<token t_id="165" sentence="3" number="10">the</token>
<token t_id="166" sentence="3" number="11">head</token>
<token t_id="167" sentence="3" number="12">and</token>
<token t_id="168" sentence="3" number="13">never</token>
<token t_id="169" sentence="3" number="14">saw</token>
<token t_id="170" sentence="3" number="15">the</token>
<token t_id="171" sentence="3" number="16">assailants</token>
<token t_id="172" sentence="3" number="17">coming</token>
<token t_id="173" sentence="3" number="18">.</token>
<token t_id="174" sentence="3" number="19">''</token>
<token t_id="175" sentence="4" number="0">He</token>
<token t_id="176" sentence="4" number="1">had</token>
<token t_id="177" sentence="4" number="2">been</token>
<token t_id="178" sentence="4" number="3">a</token>
<token t_id="179" sentence="4" number="4">deputy</token>
<token t_id="180" sentence="4" number="5">for</token>
<token t_id="181" sentence="4" number="6">less</token>
<token t_id="182" sentence="4" number="7">than</token>
<token t_id="183" sentence="4" number="8">3</token>
<token t_id="184" sentence="4" number="9">years</token>
<token t_id="185" sentence="4" number="10">when</token>
<token t_id="186" sentence="4" number="11">he</token>
<token t_id="187" sentence="4" number="12">was</token>
<token t_id="188" sentence="4" number="13">murdered</token>
<token t_id="189" sentence="4" number="14">.</token>
<Markables>
<ACTION_OCCURRENCE m_id="26"  >
  <token_anchor t_id="30"/>
  <token_anchor t_id="31"/>
</ACTION_OCCURRENCE>
<ACTION_OCCURRENCE m_id="29"  >
  <token_anchor t_id="42"/>
</ACTION_OCCURRENCE>
<ACTION_OCCURRENCE m_id="30"  >
  <token_anchor t_id="44"/>
</ACTION_OCCURRENCE>
<ACTION_OCCURRENCE m_id="20"  >
  <token_anchor t_id="10"/>
</ACTION_OCCURRENCE>
<ACTION_OCCURRENCE m_id="23"  >
  <token_anchor t_id="18"/>
</ACTION_OCCURRENCE>
<HUMAN_PART_PER m_id="18"  >
  <token_anchor t_id="3"/>
  <token_anchor t_id="4"/>
</HUMAN_PART_PER>
<HUMAN_PART_PER m_id="24"  >
  <token_anchor t_id="26"/>
  <token_anchor t_id="27"/>
  <token_anchor t_id="28"/>
</HUMAN_PART_PER>
<HUMAN_PART_PER m_id="25"  >
  <token_anchor t_id="41"/>
</HUMAN_PART_PER>
<NON_HUMAN_PART m_id="19"  >
  <token_anchor t_id="6"/>
</NON_HUMAN_PART>
<NON_HUMAN_PART m_id="22"  >
  <token_anchor t_id="15"/>
</NON_HUMAN_PART>
<TIME_DATE m_id="28"  >
  <token_anchor t_id="38"/>
  <token_anchor t_id="39"/>
</TIME_DATE>
<TIME_OF_THE_DAY m_id="21"  >
  <token_anchor t_id="11"/>
  <token_anchor t_id="12"/>
</TIME_OF_THE_DAY>


<LOC_GEO m_id="31" note="byCROMER" >
  <token_anchor t_id="34"/>
  <token_anchor t_id="35"/>
  <token_anchor t_id="36"/>
</LOC_GEO>
<ACTION_OCCURRENCE m_id="32" note="byCROMER" >
  <token_anchor t_id="29"/>
</ACTION_OCCURRENCE>


<TIME_DATE m_id="39" RELATED_TO="" TAG_DESCRIPTOR="t15b_murder_day" instance_id="TIM27322550628147633" />
<ACTION_OCCURRENCE m_id="38" RELATED_TO="" TAG_DESCRIPTOR="t15b_getting_ready" instance_id="ACT17633795489074225" />
<HUMAN_PART_PER m_id="37" RELATED_TO="" TAG_DESCRIPTOR="t15b_deputy" instance_id="HUM17633644003453649" />
<ACTION_OCCURRENCE m_id="36" RELATED_TO="" TAG_DESCRIPTOR="t15b_murder" instance_id="ACT17633373969662937" />
<LOC_GEO m_id="35" RELATED_TO="" TAG_DESCRIPTOR="t15b_murder_place" instance_id="LOC27322694613812443" />
<HUMAN_PART_PER m_id="34" RELATED_TO="" TAG_DESCRIPTOR="t15b_gang_members" instance_id="HUM17633416173491475" />
<ACTION_OCCURRENCE m_id="33" RELATED_TO="" TAG_DESCRIPTOR="t15b_arrest" instance_id="ACT17633362089395558" />
</Markables>

<Relations>
<CROSS_DOC_COREF r_id="33751" note="ACT17633362089395558" >
  <source m_id="20" />
  <target m_id="33" />
</CROSS_DOC_COREF>
<CROSS_DOC_COREF r_id="33752" note="HUM17633416173491475" >
  <source m_id="18" />
  <target m_id="34" />
</CROSS_DOC_COREF>
<CROSS_DOC_COREF r_id="33753" note="LOC27322694613812443" >
  <source m_id="31" />
  <target m_id="35" />
</CROSS_DOC_COREF>
<CROSS_DOC_COREF r_id="33754" note="ACT17633373969662937" >
  <source m_id="23" />
  <source m_id="32" />
  <target m_id="36" />
</CROSS_DOC_COREF>
<CROSS_DOC_COREF r_id="33755" note="HUM17633644003453649" >
  <source m_id="24" />
  <source m_id="25" />
  <target m_id="37" />
</CROSS_DOC_COREF>
<CROSS_DOC_COREF r_id="33756" note="ACT17633795489074225" >
  <source m_id="29" />
  <target m_id="38" />
</CROSS_DOC_COREF>
<CROSS_DOC_COREF r_id="33757" note="TIM27322550628147633" >
  <source m_id="28" />
  <target m_id="39" />
</CROSS_DOC_COREF>

</Relations>
</Document>
