<Document doc_name="16_5ecbplus.xml" doc_id="DOC15646216223940846">
<token t_id="1" sentence="0" number="0">http</token>
<token t_id="2" sentence="0" number="1">:</token>
<token t_id="3" sentence="0" number="2">/</token>
<token t_id="4" sentence="0" number="3">/</token>
<token t_id="5" sentence="0" number="4">articles</token>
<token t_id="6" sentence="0" number="5">.</token>
<token t_id="7" sentence="0" number="6">latimes</token>
<token t_id="8" sentence="0" number="7">.</token>
<token t_id="9" sentence="0" number="8">com</token>
<token t_id="10" sentence="0" number="9">/</token>
<token t_id="11" sentence="0" number="10">2005</token>
<token t_id="12" sentence="0" number="11">/</token>
<token t_id="13" sentence="0" number="12">jun</token>
<token t_id="14" sentence="0" number="13">/</token>
<token t_id="15" sentence="0" number="14">25</token>
<token t_id="16" sentence="0" number="15">/</token>
<token t_id="17" sentence="0" number="16">local</token>
<token t_id="18" sentence="0" number="17">/</token>
<token t_id="19" sentence="0" number="18">me</token>
<token t_id="20" sentence="0" number="19">-</token>
<token t_id="21" sentence="0" number="20">sheriff25</token>
<token t_id="22" sentence="1" number="0">Gunman</token>
<token t_id="23" sentence="1" number="1">Kills</token>
<token t_id="24" sentence="1" number="2">L</token>
<token t_id="25" sentence="1" number="3">.</token>
<token t_id="26" sentence="1" number="4">A</token>
<token t_id="27" sentence="1" number="5">.</token>
<token t_id="28" sentence="1" number="6">Deputy</token>
<token t_id="29" sentence="1" number="7">on</token>
<token t_id="30" sentence="1" number="8">Gang</token>
<token t_id="31" sentence="1" number="9">Duty</token>
<token t_id="32" sentence="2" number="0">June</token>
<token t_id="33" sentence="2" number="1">25</token>
<token t_id="34" sentence="2" number="2">,</token>
<token t_id="35" sentence="2" number="3">2005</token>
<token t_id="36" sentence="3" number="0">A</token>
<token t_id="37" sentence="3" number="1">Los</token>
<token t_id="38" sentence="3" number="2">Angeles</token>
<token t_id="39" sentence="3" number="3">County</token>
<token t_id="40" sentence="3" number="4">sheriff's</token>
<token t_id="41" sentence="3" number="5">deputy</token>
<token t_id="42" sentence="3" number="6">interviewing</token>
<token t_id="43" sentence="3" number="7">a</token>
<token t_id="44" sentence="3" number="8">woman</token>
<token t_id="45" sentence="3" number="9">and</token>
<token t_id="46" sentence="3" number="10">a</token>
<token t_id="47" sentence="3" number="11">man</token>
<token t_id="48" sentence="3" number="12">outside</token>
<token t_id="49" sentence="3" number="13">a</token>
<token t_id="50" sentence="3" number="14">Hawaiian</token>
<token t_id="51" sentence="3" number="15">Gardens</token>
<token t_id="52" sentence="3" number="16">apartment</token>
<token t_id="53" sentence="3" number="17">was</token>
<token t_id="54" sentence="3" number="18">fatally</token>
<token t_id="55" sentence="3" number="19">shot</token>
<token t_id="56" sentence="3" number="20">Friday</token>
<token t_id="57" sentence="3" number="21">when</token>
<token t_id="58" sentence="3" number="22">a</token>
<token t_id="59" sentence="3" number="23">gunman</token>
<token t_id="60" sentence="3" number="24">burst</token>
<token t_id="61" sentence="3" number="25">out</token>
<token t_id="62" sentence="3" number="26">of</token>
<token t_id="63" sentence="3" number="27">the</token>
<token t_id="64" sentence="3" number="28">residence</token>
<token t_id="65" sentence="3" number="29">,</token>
<token t_id="66" sentence="3" number="30">put</token>
<token t_id="67" sentence="3" number="31">a</token>
<token t_id="68" sentence="3" number="32">handgun</token>
<token t_id="69" sentence="3" number="33">to</token>
<token t_id="70" sentence="3" number="34">the</token>
<token t_id="71" sentence="3" number="35">officer's</token>
<token t_id="72" sentence="3" number="36">face</token>
<token t_id="73" sentence="3" number="37">and</token>
<token t_id="74" sentence="3" number="38">fired</token>
<token t_id="75" sentence="3" number="39">,</token>
<token t_id="76" sentence="3" number="40">authorities</token>
<token t_id="77" sentence="3" number="41">said</token>
<token t_id="78" sentence="3" number="42">.</token>
<token t_id="79" sentence="4" number="0">Sheriff's</token>
<token t_id="80" sentence="4" number="1">deputies</token>
<token t_id="81" sentence="4" number="2">fanned</token>
<token t_id="82" sentence="4" number="3">out</token>
<token t_id="83" sentence="4" number="4">across</token>
<token t_id="84" sentence="4" number="5">Hawaiian</token>
<token t_id="85" sentence="4" number="6">Gardens</token>
<token t_id="86" sentence="4" number="7">late</token>
<token t_id="87" sentence="4" number="8">Friday</token>
<token t_id="88" sentence="4" number="9">in</token>
<token t_id="89" sentence="4" number="10">search</token>
<token t_id="90" sentence="4" number="11">of</token>
<token t_id="91" sentence="4" number="12">the</token>
<token t_id="92" sentence="4" number="13">gunman</token>
<token t_id="93" sentence="4" number="14">,</token>
<token t_id="94" sentence="4" number="15">who</token>
<token t_id="95" sentence="4" number="16">apparently</token>
<token t_id="96" sentence="4" number="17">surprised</token>
<token t_id="97" sentence="4" number="18">Deputy</token>
<token t_id="98" sentence="4" number="19">Jerry</token>
<token t_id="99" sentence="4" number="20">Ortiz</token>
<token t_id="100" sentence="4" number="21">,</token>
<token t_id="101" sentence="4" number="22">35</token>
<token t_id="102" sentence="4" number="23">,</token>
<token t_id="103" sentence="4" number="24">as</token>
<token t_id="104" sentence="4" number="25">he</token>
<token t_id="105" sentence="4" number="26">spoke</token>
<token t_id="106" sentence="4" number="27">to</token>
<token t_id="107" sentence="4" number="28">the</token>
<token t_id="108" sentence="4" number="29">woman</token>
<token t_id="109" sentence="4" number="30">in</token>
<token t_id="110" sentence="4" number="31">the</token>
<token t_id="111" sentence="4" number="32">doorway</token>
<token t_id="112" sentence="4" number="33">of</token>
<token t_id="113" sentence="4" number="34">her</token>
<token t_id="114" sentence="4" number="35">apartment</token>
<token t_id="115" sentence="4" number="36">.</token>
<token t_id="116" sentence="5" number="0">Authorities</token>
<token t_id="117" sentence="5" number="1">said</token>
<token t_id="118" sentence="5" number="2">Ortiz</token>
<token t_id="119" sentence="5" number="3">probably</token>
<token t_id="120" sentence="5" number="4">died</token>
<token t_id="121" sentence="5" number="5">instantly</token>
<token t_id="122" sentence="5" number="6">.</token>
<token t_id="123" sentence="6" number="0">"This</token>
<token t_id="124" sentence="6" number="1">was</token>
<token t_id="125" sentence="6" number="2">an</token>
<token t_id="126" sentence="6" number="3">assassination</token>
<token t_id="127" sentence="6" number="4">of</token>
<token t_id="128" sentence="6" number="5">a</token>
<token t_id="129" sentence="6" number="6">deputy</token>
<token t_id="130" sentence="6" number="7">,</token>
<token t_id="131" sentence="6" number="8">"</token>
<token t_id="132" sentence="6" number="9">Sheriff</token>
<token t_id="133" sentence="6" number="10">Lee</token>
<token t_id="134" sentence="6" number="11">Baca</token>
<token t_id="135" sentence="6" number="12">said</token>
<token t_id="136" sentence="6" number="13">.</token>
<token t_id="137" sentence="7" number="0">"It</token>
<token t_id="138" sentence="7" number="1">was</token>
<token t_id="139" sentence="7" number="2">a</token>
<token t_id="140" sentence="7" number="3">sudden</token>
<token t_id="141" sentence="7" number="4">attack</token>
<token t_id="142" sentence="7" number="5">that</token>
<token t_id="143" sentence="7" number="6">gave</token>
<token t_id="144" sentence="7" number="7">the</token>
<token t_id="145" sentence="7" number="8">deputy</token>
<token t_id="146" sentence="7" number="9">no</token>
<token t_id="147" sentence="7" number="10">chance</token>
<token t_id="148" sentence="7" number="11">.</token>
<token t_id="149" sentence="7" number="12">"</token>
<token t_id="150" sentence="8" number="0">Deputies</token>
<token t_id="151" sentence="8" number="1">identified</token>
<token t_id="152" sentence="8" number="2">the</token>
<token t_id="153" sentence="8" number="3">suspect</token>
<token t_id="154" sentence="8" number="4">as</token>
<token t_id="155" sentence="8" number="5">Jose</token>
<token t_id="156" sentence="8" number="6">Luis</token>
<token t_id="157" sentence="8" number="7">Orozco</token>
<token t_id="158" sentence="8" number="8">,</token>
<token t_id="159" sentence="8" number="9">27</token>
<token t_id="160" sentence="8" number="10">,</token>
<token t_id="161" sentence="8" number="11">a</token>
<token t_id="162" sentence="8" number="12">parolee</token>
<token t_id="163" sentence="8" number="13">wanted</token>
<token t_id="164" sentence="8" number="14">on</token>
<token t_id="165" sentence="8" number="15">suspicion</token>
<token t_id="166" sentence="8" number="16">of</token>
<token t_id="167" sentence="8" number="17">attempted</token>
<token t_id="168" sentence="8" number="18">murder</token>
<token t_id="169" sentence="8" number="19">in</token>
<token t_id="170" sentence="8" number="20">another</token>
<token t_id="171" sentence="8" number="21">case</token>
<token t_id="172" sentence="8" number="22">.</token>
<token t_id="173" sentence="9" number="0">"He</token>
<token t_id="174" sentence="9" number="1">should</token>
<token t_id="175" sentence="9" number="2">be</token>
<token t_id="176" sentence="9" number="3">considered</token>
<token t_id="177" sentence="9" number="4">armed</token>
<token t_id="178" sentence="9" number="5">and</token>
<token t_id="179" sentence="9" number="6">very</token>
<token t_id="180" sentence="9" number="7">dangerous</token>
<token t_id="181" sentence="9" number="8">,</token>
<token t_id="182" sentence="9" number="9">"</token>
<token t_id="183" sentence="9" number="10">said</token>
<token t_id="184" sentence="9" number="11">sheriff's</token>
<token t_id="185" sentence="9" number="12">spokesman</token>
<token t_id="186" sentence="9" number="13">Steve</token>
<token t_id="187" sentence="9" number="14">Whitmore</token>
<token t_id="188" sentence="9" number="15">.</token>
<token t_id="189" sentence="10" number="0">Deputies</token>
<token t_id="190" sentence="10" number="1">said</token>
<token t_id="191" sentence="10" number="2">that</token>
<token t_id="192" sentence="10" number="3">Orozco</token>
<token t_id="193" sentence="10" number="4">is</token>
<token t_id="194" sentence="10" number="5">5</token>
<token t_id="195" sentence="10" number="6">-</token>
<token t_id="196" sentence="10" number="7">foot</token>
<token t_id="197" sentence="10" number="8">-</token>
<token t_id="198" sentence="10" number="9">8</token>
<token t_id="199" sentence="10" number="10">,</token>
<token t_id="200" sentence="10" number="11">135</token>
<token t_id="201" sentence="10" number="12">pounds</token>
<token t_id="202" sentence="10" number="13">,</token>
<token t_id="203" sentence="10" number="14">with</token>
<token t_id="204" sentence="10" number="15">tattoos</token>
<token t_id="205" sentence="10" number="16">of</token>
<token t_id="206" sentence="10" number="17">"devil's</token>
<token t_id="207" sentence="10" number="18">horns"</token>
<token t_id="208" sentence="10" number="19">on</token>
<token t_id="209" sentence="10" number="20">his</token>
<token t_id="210" sentence="10" number="21">forehead</token>
<token t_id="211" sentence="10" number="22">and</token>
<token t_id="212" sentence="10" number="23">other</token>
<token t_id="213" sentence="10" number="24">tattoos</token>
<token t_id="214" sentence="10" number="25">over</token>
<token t_id="215" sentence="10" number="26">his</token>
<token t_id="216" sentence="10" number="27">upper</token>
<token t_id="217" sentence="10" number="28">body</token>
<token t_id="218" sentence="10" number="29">.</token>
<token t_id="219" sentence="11" number="0">They</token>
<token t_id="220" sentence="11" number="1">said</token>
<token t_id="221" sentence="11" number="2">he</token>
<token t_id="222" sentence="11" number="3">is</token>
<token t_id="223" sentence="11" number="4">a</token>
<token t_id="224" sentence="11" number="5">gang</token>
<token t_id="225" sentence="11" number="6">member</token>
<token t_id="226" sentence="11" number="7">known</token>
<token t_id="227" sentence="11" number="8">by</token>
<token t_id="228" sentence="11" number="9">the</token>
<token t_id="229" sentence="11" number="10">nickname</token>
<token t_id="230" sentence="11" number="11">"Sepy</token>
<token t_id="231" sentence="11" number="12">.</token>
<token t_id="232" sentence="11" number="13">"</token>
<token t_id="233" sentence="12" number="0">Ortiz</token>
<token t_id="234" sentence="12" number="1">,</token>
<token t_id="235" sentence="12" number="2">who</token>
<token t_id="236" sentence="12" number="3">had</token>
<token t_id="237" sentence="12" number="4">hoped</token>
<token t_id="238" sentence="12" number="5">to</token>
<token t_id="239" sentence="12" number="6">become</token>
<token t_id="240" sentence="12" number="7">a</token>
<token t_id="241" sentence="12" number="8">detective</token>
<token t_id="242" sentence="12" number="9">soon</token>
<token t_id="243" sentence="12" number="10">,</token>
<token t_id="244" sentence="12" number="11">had</token>
<token t_id="245" sentence="12" number="12">worked</token>
<token t_id="246" sentence="12" number="13">for</token>
<token t_id="247" sentence="12" number="14">the</token>
<token t_id="248" sentence="12" number="15">Sheriff's</token>
<token t_id="249" sentence="12" number="16">Department</token>
<token t_id="250" sentence="12" number="17">for</token>
<token t_id="251" sentence="12" number="18">15</token>
<token t_id="252" sentence="12" number="19">years</token>
<token t_id="253" sentence="12" number="20">and</token>
<token t_id="254" sentence="12" number="21">was</token>
<token t_id="255" sentence="12" number="22">known</token>
<token t_id="256" sentence="12" number="23">as</token>
<token t_id="257" sentence="12" number="24">an</token>
<token t_id="258" sentence="12" number="25">extremely</token>
<token t_id="259" sentence="12" number="26">hard</token>
<token t_id="260" sentence="12" number="27">worker</token>
<token t_id="261" sentence="12" number="28">whose</token>
<token t_id="262" sentence="12" number="29">job</token>
<token t_id="263" sentence="12" number="30">was</token>
<token t_id="264" sentence="12" number="31">to</token>
<token t_id="265" sentence="12" number="32">penetrate</token>
<token t_id="266" sentence="12" number="33">the</token>
<token t_id="267" sentence="12" number="34">inner</token>
<token t_id="268" sentence="12" number="35">workings</token>
<token t_id="269" sentence="12" number="36">of</token>
<token t_id="270" sentence="12" number="37">local</token>
<token t_id="271" sentence="12" number="38">gangs</token>
<token t_id="272" sentence="12" number="39">.</token>
<token t_id="273" sentence="13" number="0">The</token>
<token t_id="274" sentence="13" number="1">Diamond</token>
<token t_id="275" sentence="13" number="2">Bar</token>
<token t_id="276" sentence="13" number="3">resident</token>
<token t_id="277" sentence="13" number="4">was</token>
<token t_id="278" sentence="13" number="5">married</token>
<token t_id="279" sentence="13" number="6">two</token>
<token t_id="280" sentence="13" number="7">weeks</token>
<token t_id="281" sentence="13" number="8">ago</token>
<token t_id="282" sentence="13" number="9">to</token>
<token t_id="283" sentence="13" number="10">his</token>
<token t_id="284" sentence="13" number="11">second</token>
<token t_id="285" sentence="13" number="12">wife</token>
<token t_id="286" sentence="13" number="13">,</token>
<token t_id="287" sentence="13" number="14">Chela</token>
<token t_id="288" sentence="13" number="15">.</token>
<token t_id="289" sentence="14" number="0">He</token>
<token t_id="290" sentence="14" number="1">is</token>
<token t_id="291" sentence="14" number="2">also</token>
<token t_id="292" sentence="14" number="3">survived</token>
<token t_id="293" sentence="14" number="4">by</token>
<token t_id="294" sentence="14" number="5">two</token>
<token t_id="295" sentence="14" number="6">sons</token>
<token t_id="296" sentence="14" number="7">,</token>
<token t_id="297" sentence="14" number="8">ages</token>
<token t_id="298" sentence="14" number="9">6</token>
<token t_id="299" sentence="14" number="10">and</token>
<token t_id="300" sentence="14" number="11">16</token>
<token t_id="301" sentence="14" number="12">.</token>
<token t_id="302" sentence="15" number="0">Last</token>
<token t_id="303" sentence="15" number="1">year</token>
<token t_id="304" sentence="15" number="2">,</token>
<token t_id="305" sentence="15" number="3">Ortiz</token>
<token t_id="306" sentence="15" number="4">won</token>
<token t_id="307" sentence="15" number="5">the</token>
<token t_id="308" sentence="15" number="6">department's</token>
<token t_id="309" sentence="15" number="7">Medal</token>
<token t_id="310" sentence="15" number="8">of</token>
<token t_id="311" sentence="15" number="9">Honor</token>
<token t_id="312" sentence="15" number="10">after</token>
<token t_id="313" sentence="15" number="11">he</token>
<token t_id="314" sentence="15" number="12">fatally</token>
<token t_id="315" sentence="15" number="13">shot</token>
<token t_id="316" sentence="15" number="14">a</token>
<token t_id="317" sentence="15" number="15">carjacker</token>
<token t_id="318" sentence="15" number="16">who</token>
<token t_id="319" sentence="15" number="17">drew</token>
<token t_id="320" sentence="15" number="18">a</token>
<token t_id="321" sentence="15" number="19">gun</token>
<token t_id="322" sentence="15" number="20">on</token>
<token t_id="323" sentence="15" number="21">him</token>
<token t_id="324" sentence="15" number="22">and</token>
<token t_id="325" sentence="15" number="23">his</token>
<token t_id="326" sentence="15" number="24">partner</token>
<token t_id="327" sentence="15" number="25">,</token>
<token t_id="328" sentence="15" number="26">Det</token>
<token t_id="329" sentence="15" number="27">.</token>
<token t_id="330" sentence="15" number="28">Colin</token>
<token t_id="331" sentence="15" number="29">Orpe</token>
<token t_id="332" sentence="15" number="30">.</token>
<token t_id="333" sentence="16" number="0">"He</token>
<token t_id="334" sentence="16" number="1">was</token>
<token t_id="335" sentence="16" number="2">an</token>
<token t_id="336" sentence="16" number="3">outstanding</token>
<token t_id="337" sentence="16" number="4">person</token>
<token t_id="338" sentence="16" number="5">,</token>
<token t_id="339" sentence="16" number="6">who</token>
<token t_id="340" sentence="16" number="7">would</token>
<token t_id="341" sentence="16" number="8">go</token>
<token t_id="342" sentence="16" number="9">out</token>
<token t_id="343" sentence="16" number="10">of</token>
<token t_id="344" sentence="16" number="11">his</token>
<token t_id="345" sentence="16" number="12">way</token>
<token t_id="346" sentence="16" number="13">to</token>
<token t_id="347" sentence="16" number="14">help</token>
<token t_id="348" sentence="16" number="15">people</token>
<token t_id="349" sentence="16" number="16">,</token>
<token t_id="350" sentence="16" number="17">"</token>
<token t_id="351" sentence="16" number="18">said</token>
<token t_id="352" sentence="16" number="19">Orpe</token>
<token t_id="353" sentence="16" number="20">,</token>
<token t_id="354" sentence="16" number="21">a</token>
<token t_id="355" sentence="16" number="22">longtime</token>
<token t_id="356" sentence="16" number="23">friend</token>
<token t_id="357" sentence="16" number="24">.</token>
<token t_id="358" sentence="17" number="0">"We're</token>
<token t_id="359" sentence="17" number="1">all</token>
<token t_id="360" sentence="17" number="2">mourning</token>
<token t_id="361" sentence="17" number="3">,</token>
<token t_id="362" sentence="17" number="4">"</token>
<token t_id="363" sentence="17" number="5">he</token>
<token t_id="364" sentence="17" number="6">said</token>
<token t_id="365" sentence="17" number="7">,</token>
<token t_id="366" sentence="17" number="8">choking</token>
<token t_id="367" sentence="17" number="9">back</token>
<token t_id="368" sentence="17" number="10">tears</token>
<token t_id="369" sentence="17" number="11">.</token>
<token t_id="370" sentence="18" number="0">The</token>
<token t_id="371" sentence="18" number="1">shooting</token>
<token t_id="372" sentence="18" number="2">occurred</token>
<token t_id="373" sentence="18" number="3">about</token>
<token t_id="374" sentence="18" number="4">3</token>
<token t_id="375" sentence="18" number="5">:</token>
<token t_id="376" sentence="18" number="6">10</token>
<token t_id="377" sentence="18" number="7">p</token>
<token t_id="378" sentence="18" number="8">.</token>
<token t_id="379" sentence="18" number="9">m</token>
<token t_id="380" sentence="18" number="10">.</token>
<token t_id="381" sentence="18" number="11">in</token>
<token t_id="382" sentence="18" number="12">the</token>
<token t_id="383" sentence="18" number="13">12200</token>
<token t_id="384" sentence="18" number="14">block</token>
<token t_id="385" sentence="18" number="15">of</token>
<token t_id="386" sentence="18" number="16">223rd</token>
<token t_id="387" sentence="18" number="17">Street</token>
<token t_id="388" sentence="18" number="18">in</token>
<token t_id="389" sentence="18" number="19">Hawaiian</token>
<token t_id="390" sentence="18" number="20">Gardens</token>
<token t_id="391" sentence="18" number="21">,</token>
<token t_id="392" sentence="18" number="22">a</token>
<token t_id="393" sentence="18" number="23">working</token>
<token t_id="394" sentence="18" number="24">-</token>
<token t_id="395" sentence="18" number="25">class</token>
<token t_id="396" sentence="18" number="26">city</token>
<token t_id="397" sentence="18" number="27">at</token>
<token t_id="398" sentence="18" number="28">the</token>
<token t_id="399" sentence="18" number="29">northeastern</token>
<token t_id="400" sentence="18" number="30">border</token>
<token t_id="401" sentence="18" number="31">of</token>
<token t_id="402" sentence="18" number="32">Long</token>
<token t_id="403" sentence="18" number="33">Beach</token>
<token t_id="404" sentence="18" number="34">that</token>
<token t_id="405" sentence="18" number="35">has</token>
<token t_id="406" sentence="18" number="36">long</token>
<token t_id="407" sentence="18" number="37">been</token>
<token t_id="408" sentence="18" number="38">plagued</token>
<token t_id="409" sentence="18" number="39">by</token>
<token t_id="410" sentence="18" number="40">gang</token>
<token t_id="411" sentence="18" number="41">violence</token>
<token t_id="412" sentence="18" number="42">.</token>
<token t_id="413" sentence="19" number="0">The</token>
<token t_id="414" sentence="19" number="1">town</token>
<token t_id="415" sentence="19" number="2">of</token>
<token t_id="416" sentence="19" number="3">14</token>
<token t_id="417" sentence="19" number="4">,</token>
<token t_id="418" sentence="19" number="5">000</token>
<token t_id="419" sentence="19" number="6">has</token>
<token t_id="420" sentence="19" number="7">struggled</token>
<token t_id="421" sentence="19" number="8">economically</token>
<token t_id="422" sentence="19" number="9">in</token>
<token t_id="423" sentence="19" number="10">recent</token>
<token t_id="424" sentence="19" number="11">years</token>
<token t_id="425" sentence="19" number="12">,</token>
<token t_id="426" sentence="19" number="13">luring</token>
<token t_id="427" sentence="19" number="14">a</token>
<token t_id="428" sentence="19" number="15">casino</token>
<token t_id="429" sentence="19" number="16">to</token>
<token t_id="430" sentence="19" number="17">help</token>
<token t_id="431" sentence="19" number="18">balance</token>
<token t_id="432" sentence="19" number="19">its</token>
<token t_id="433" sentence="19" number="20">shaky</token>
<token t_id="434" sentence="19" number="21">finances</token>
<token t_id="435" sentence="19" number="22">.</token>
<token t_id="436" sentence="20" number="0">Ortiz's</token>
<token t_id="437" sentence="20" number="1">body</token>
<token t_id="438" sentence="20" number="2">was</token>
<token t_id="439" sentence="20" number="3">discovered</token>
<token t_id="440" sentence="20" number="4">by</token>
<token t_id="441" sentence="20" number="5">residents</token>
<token t_id="442" sentence="20" number="6">who</token>
<token t_id="443" sentence="20" number="7">heard</token>
<token t_id="444" sentence="20" number="8">the</token>
<token t_id="445" sentence="20" number="9">gunfire</token>
<token t_id="446" sentence="20" number="10">.</token>
<token t_id="447" sentence="21" number="0">They</token>
<token t_id="448" sentence="21" number="1">tried</token>
<token t_id="449" sentence="21" number="2">to</token>
<token t_id="450" sentence="21" number="3">aid</token>
<token t_id="451" sentence="21" number="4">the</token>
<token t_id="452" sentence="21" number="5">deputy</token>
<token t_id="453" sentence="21" number="6">and</token>
<token t_id="454" sentence="21" number="7">dialed</token>
<token t_id="455" sentence="21" number="8">911</token>
<token t_id="456" sentence="21" number="9">,</token>
<token t_id="457" sentence="21" number="10">authorities</token>
<token t_id="458" sentence="21" number="11">said</token>
<token t_id="459" sentence="21" number="12">.</token>
<token t_id="460" sentence="22" number="0">Ortiz</token>
<token t_id="461" sentence="22" number="1">was</token>
<token t_id="462" sentence="22" number="2">working</token>
<token t_id="463" sentence="22" number="3">without</token>
<token t_id="464" sentence="22" number="4">his</token>
<token t_id="465" sentence="22" number="5">longtime</token>
<token t_id="466" sentence="22" number="6">partner</token>
<token t_id="467" sentence="22" number="7">at</token>
<token t_id="468" sentence="22" number="8">the</token>
<token t_id="469" sentence="22" number="9">time</token>
<token t_id="470" sentence="22" number="10">of</token>
<token t_id="471" sentence="22" number="11">the</token>
<token t_id="472" sentence="22" number="12">attack</token>
<token t_id="473" sentence="22" number="13">.</token>
<token t_id="474" sentence="23" number="0">Undersheriff</token>
<token t_id="475" sentence="23" number="1">Larry</token>
<token t_id="476" sentence="23" number="2">Waldie</token>
<token t_id="477" sentence="23" number="3">said</token>
<token t_id="478" sentence="23" number="4">Ortiz</token>
<token t_id="479" sentence="23" number="5">had</token>
<token t_id="480" sentence="23" number="6">arrived</token>
<token t_id="481" sentence="23" number="7">for</token>
<token t_id="482" sentence="23" number="8">work</token>
<token t_id="483" sentence="23" number="9">early</token>
<token t_id="484" sentence="23" number="10">,</token>
<token t_id="485" sentence="23" number="11">as</token>
<token t_id="486" sentence="23" number="12">he</token>
<token t_id="487" sentence="23" number="13">often</token>
<token t_id="488" sentence="23" number="14">did</token>
<token t_id="489" sentence="23" number="15">,</token>
<token t_id="490" sentence="23" number="16">and</token>
<token t_id="491" sentence="23" number="17">was</token>
<token t_id="492" sentence="23" number="18">so</token>
<token t_id="493" sentence="23" number="19">eager</token>
<token t_id="494" sentence="23" number="20">to</token>
<token t_id="495" sentence="23" number="21">begin</token>
<token t_id="496" sentence="23" number="22">his</token>
<token t_id="497" sentence="23" number="23">day</token>
<token t_id="498" sentence="23" number="24">that</token>
<token t_id="499" sentence="23" number="25">he</token>
<token t_id="500" sentence="23" number="26">struck</token>
<token t_id="501" sentence="23" number="27">out</token>
<token t_id="502" sentence="23" number="28">on</token>
<token t_id="503" sentence="23" number="29">his</token>
<token t_id="504" sentence="23" number="30">own</token>
<token t_id="505" sentence="23" number="31">.</token>
<token t_id="506" sentence="24" number="0">"He</token>
<token t_id="507" sentence="24" number="1">didn't</token>
<token t_id="508" sentence="24" number="2">want</token>
<token t_id="509" sentence="24" number="3">to</token>
<token t_id="510" sentence="24" number="4">wait</token>
<token t_id="511" sentence="24" number="5">,</token>
<token t_id="512" sentence="24" number="6">"</token>
<token t_id="513" sentence="24" number="7">Waldie</token>
<token t_id="514" sentence="24" number="8">said</token>
<token t_id="515" sentence="24" number="9">.</token>
<token t_id="516" sentence="25" number="0">Asked</token>
<token t_id="517" sentence="25" number="1">if</token>
<token t_id="518" sentence="25" number="2">Ortiz</token>
<token t_id="519" sentence="25" number="3">might</token>
<token t_id="520" sentence="25" number="4">have</token>
<token t_id="521" sentence="25" number="5">lived</token>
<token t_id="522" sentence="25" number="6">had</token>
<token t_id="523" sentence="25" number="7">his</token>
<token t_id="524" sentence="25" number="8">partner</token>
<token t_id="525" sentence="25" number="9">been</token>
<token t_id="526" sentence="25" number="10">with</token>
<token t_id="527" sentence="25" number="11">him</token>
<token t_id="528" sentence="25" number="12">,</token>
<token t_id="529" sentence="25" number="13">Waldie</token>
<token t_id="530" sentence="25" number="14">said</token>
<token t_id="531" sentence="25" number="15">there</token>
<token t_id="532" sentence="25" number="16">was</token>
<token t_id="533" sentence="25" number="17">no</token>
<token t_id="534" sentence="25" number="18">way</token>
<token t_id="535" sentence="25" number="19">to</token>
<token t_id="536" sentence="25" number="20">know</token>
<token t_id="537" sentence="25" number="21">.</token>
<token t_id="538" sentence="26" number="0">"There</token>
<token t_id="539" sentence="26" number="1">might</token>
<token t_id="540" sentence="26" number="2">have</token>
<token t_id="541" sentence="26" number="3">been</token>
<token t_id="542" sentence="26" number="4">two</token>
<token t_id="543" sentence="26" number="5">people</token>
<token t_id="544" sentence="26" number="6">killed</token>
<token t_id="545" sentence="26" number="7">,</token>
<token t_id="546" sentence="26" number="8">"</token>
<token t_id="547" sentence="26" number="9">he</token>
<token t_id="548" sentence="26" number="10">said</token>
<token t_id="549" sentence="26" number="11">.</token>
<token t_id="550" sentence="27" number="0">The</token>
<token t_id="551" sentence="27" number="1">shooting</token>
<token t_id="552" sentence="27" number="2">was</token>
<token t_id="553" sentence="27" number="3">followed</token>
<token t_id="554" sentence="27" number="4">by</token>
<token t_id="555" sentence="27" number="5">confusion</token>
<token t_id="556" sentence="27" number="6">as</token>
<token t_id="557" sentence="27" number="7">scores</token>
<token t_id="558" sentence="27" number="8">of</token>
<token t_id="559" sentence="27" number="9">deputies</token>
<token t_id="560" sentence="27" number="10">descended</token>
<token t_id="561" sentence="27" number="11">on</token>
<token t_id="562" sentence="27" number="12">the</token>
<token t_id="563" sentence="27" number="13">area</token>
<token t_id="564" sentence="27" number="14">with</token>
<token t_id="565" sentence="27" number="15">dogs</token>
<token t_id="566" sentence="27" number="16">and</token>
<token t_id="567" sentence="27" number="17">rifles</token>
<token t_id="568" sentence="27" number="18">but</token>
<token t_id="569" sentence="27" number="19">little</token>
<token t_id="570" sentence="27" number="20">knowledge</token>
<token t_id="571" sentence="27" number="21">of</token>
<token t_id="572" sentence="27" number="22">what</token>
<token t_id="573" sentence="27" number="23">had</token>
<token t_id="574" sentence="27" number="24">occurred</token>
<token t_id="575" sentence="27" number="25">.</token>
<token t_id="576" sentence="28" number="0">A</token>
<token t_id="577" sentence="28" number="1">sheriff's</token>
<token t_id="578" sentence="28" number="2">SWAT</token>
<token t_id="579" sentence="28" number="3">team</token>
<token t_id="580" sentence="28" number="4">encircled</token>
<token t_id="581" sentence="28" number="5">the</token>
<token t_id="582" sentence="28" number="6">apartment</token>
<token t_id="583" sentence="28" number="7">complex</token>
<token t_id="584" sentence="28" number="8">where</token>
<token t_id="585" sentence="28" number="9">it</token>
<token t_id="586" sentence="28" number="10">was</token>
<token t_id="587" sentence="28" number="11">believed</token>
<token t_id="588" sentence="28" number="12">that</token>
<token t_id="589" sentence="28" number="13">the</token>
<token t_id="590" sentence="28" number="14">gunman</token>
<token t_id="591" sentence="28" number="15">could</token>
<token t_id="592" sentence="28" number="16">be</token>
<token t_id="593" sentence="28" number="17">hiding</token>
<token t_id="594" sentence="28" number="18">.</token>
<token t_id="595" sentence="29" number="0">Patrol</token>
<token t_id="596" sentence="29" number="1">deputies</token>
<token t_id="597" sentence="29" number="2">detained</token>
<token t_id="598" sentence="29" number="3">as</token>
<token t_id="599" sentence="29" number="4">many</token>
<token t_id="600" sentence="29" number="5">as</token>
<token t_id="601" sentence="29" number="6">nine</token>
<token t_id="602" sentence="29" number="7">potential</token>
<token t_id="603" sentence="29" number="8">witnesses</token>
<token t_id="604" sentence="29" number="9">and</token>
<token t_id="605" sentence="29" number="10">others</token>
<token t_id="606" sentence="29" number="11">in</token>
<token t_id="607" sentence="29" number="12">an</token>
<token t_id="608" sentence="29" number="13">effort</token>
<token t_id="609" sentence="29" number="14">to</token>
<token t_id="610" sentence="29" number="15">learn</token>
<token t_id="611" sentence="29" number="16">details</token>
<token t_id="612" sentence="29" number="17">of</token>
<token t_id="613" sentence="29" number="18">the</token>
<token t_id="614" sentence="29" number="19">shooting</token>
<token t_id="615" sentence="29" number="20">.</token>
<token t_id="616" sentence="30" number="0">Nearly</token>
<token t_id="617" sentence="30" number="1">all</token>
<token t_id="618" sentence="30" number="2">of</token>
<token t_id="619" sentence="30" number="3">them</token>
<token t_id="620" sentence="30" number="4">were</token>
<token t_id="621" sentence="30" number="5">rounded</token>
<token t_id="622" sentence="30" number="6">up</token>
<token t_id="623" sentence="30" number="7">in</token>
<token t_id="624" sentence="30" number="8">a</token>
<token t_id="625" sentence="30" number="9">liquor</token>
<token t_id="626" sentence="30" number="10">store</token>
<token t_id="627" sentence="30" number="11">next</token>
<token t_id="628" sentence="30" number="12">to</token>
<token t_id="629" sentence="30" number="13">the</token>
<token t_id="630" sentence="30" number="14">apartment</token>
<token t_id="631" sentence="30" number="15">complex</token>
<token t_id="632" sentence="30" number="16">.</token>
<token t_id="633" sentence="31" number="0">Television</token>
<token t_id="634" sentence="31" number="1">news</token>
<token t_id="635" sentence="31" number="2">footage</token>
<token t_id="636" sentence="31" number="3">showed</token>
<token t_id="637" sentence="31" number="4">the</token>
<token t_id="638" sentence="31" number="5">men</token>
<token t_id="639" sentence="31" number="6">and</token>
<token t_id="640" sentence="31" number="7">women</token>
<token t_id="641" sentence="31" number="8">sitting</token>
<token t_id="642" sentence="31" number="9">on</token>
<token t_id="643" sentence="31" number="10">the</token>
<token t_id="644" sentence="31" number="11">curb</token>
<token t_id="645" sentence="31" number="12">in</token>
<token t_id="646" sentence="31" number="13">handcuffs</token>
<token t_id="647" sentence="31" number="14">as</token>
<token t_id="648" sentence="31" number="15">deputies</token>
<token t_id="649" sentence="31" number="16">interviewed</token>
<token t_id="650" sentence="31" number="17">them</token>
<token t_id="651" sentence="31" number="18">and</token>
<token t_id="652" sentence="31" number="19">swabbed</token>
<token t_id="653" sentence="31" number="20">their</token>
<token t_id="654" sentence="31" number="21">hands</token>
<token t_id="655" sentence="31" number="22">for</token>
<token t_id="656" sentence="31" number="23">possible</token>
<token t_id="657" sentence="31" number="24">gunshot</token>
<token t_id="658" sentence="31" number="25">residue</token>
<token t_id="659" sentence="31" number="26">.</token>
<Markables>
<ACTION_OCCURRENCE m_id="9"  >
  <token_anchor t_id="60"/>
  <token_anchor t_id="61"/>
</ACTION_OCCURRENCE>
<ACTION_OCCURRENCE m_id="41"  >
  <token_anchor t_id="123"/>
</ACTION_OCCURRENCE>
<ACTION_OCCURRENCE m_id="10"  >
  <token_anchor t_id="66"/>
</ACTION_OCCURRENCE>
<ACTION_OCCURRENCE m_id="11"  >
  <token_anchor t_id="74"/>
</ACTION_OCCURRENCE>
<ACTION_OCCURRENCE m_id="46"  >
  <token_anchor t_id="143"/>
</ACTION_OCCURRENCE>
<ACTION_OCCURRENCE m_id="48"  >
  <token_anchor t_id="371"/>
</ACTION_OCCURRENCE>
<ACTION_OCCURRENCE m_id="49"  >
  <token_anchor t_id="372"/>
</ACTION_OCCURRENCE>
<ACTION_OCCURRENCE m_id="51"  >
  <token_anchor t_id="411"/>
</ACTION_OCCURRENCE>
<ACTION_OCCURRENCE m_id="20"  >
  <token_anchor t_id="23"/>
</ACTION_OCCURRENCE>
<ACTION_OCCURRENCE m_id="29"  >
  <token_anchor t_id="81"/>
  <token_anchor t_id="82"/>
</ACTION_OCCURRENCE>
<ACTION_OCCURRENCE m_id="31"  >
  <token_anchor t_id="96"/>
</ACTION_OCCURRENCE>
<ACTION_OCCURRENCE m_id="32"  >
  <token_anchor t_id="120"/>
</ACTION_OCCURRENCE>
<ACTION_OCCURRENCE m_id="37"  >
  <token_anchor t_id="105"/>
</ACTION_OCCURRENCE>
<ACTION_OCCURRENCE m_id="7"  >
  <token_anchor t_id="42"/>
</ACTION_OCCURRENCE>
<ACTION_OCCURRENCE m_id="39"  >
  <token_anchor t_id="126"/>
</ACTION_OCCURRENCE>
<ACTION_OCCURRENCE m_id="8"  >
  <token_anchor t_id="55"/>
</ACTION_OCCURRENCE>
<ACTION_OCCURRENCE m_id="40"  >
  <token_anchor t_id="141"/>
</ACTION_OCCURRENCE>
<ACTION_REPORTING m_id="45"  >
  <token_anchor t_id="135"/>
</ACTION_REPORTING>
<ACTION_REPORTING m_id="14"  >
  <token_anchor t_id="77"/>
</ACTION_REPORTING>
<ACTION_REPORTING m_id="33"  >
  <token_anchor t_id="117"/>
</ACTION_REPORTING>
<ACTION_STATE m_id="50"  >
  <token_anchor t_id="408"/>
</ACTION_STATE>
<ACTION_STATE m_id="21"  >
  <token_anchor t_id="29"/>
  <token_anchor t_id="31"/>
</ACTION_STATE>
<ACTION_STATE m_id="30"  >
  <token_anchor t_id="88"/>
  <token_anchor t_id="89"/>
</ACTION_STATE>
<HUMAN_PART_PER m_id="42"  >
  <token_anchor t_id="129"/>
</HUMAN_PART_PER>
<HUMAN_PART_PER m_id="43"  >
  <token_anchor t_id="133"/>
  <token_anchor t_id="134"/>
</HUMAN_PART_PER>
<HUMAN_PART_PER m_id="12"  >
  <token_anchor t_id="47"/>
</HUMAN_PART_PER>
<HUMAN_PART_PER m_id="44"  >
  <token_anchor t_id="145"/>
</HUMAN_PART_PER>
<HUMAN_PART_PER m_id="13"  >
  <token_anchor t_id="76"/>
</HUMAN_PART_PER>
<HUMAN_PART_PER m_id="22"  >
  <token_anchor t_id="80"/>
</HUMAN_PART_PER>
<HUMAN_PART_PER m_id="23"  >
  <token_anchor t_id="92"/>
</HUMAN_PART_PER>
<HUMAN_PART_PER m_id="24"  >
  <token_anchor t_id="98"/>
  <token_anchor t_id="99"/>
</HUMAN_PART_PER>
<HUMAN_PART_PER m_id="25"  >
  <token_anchor t_id="108"/>
</HUMAN_PART_PER>
<HUMAN_PART_PER m_id="26"  >
  <token_anchor t_id="113"/>
</HUMAN_PART_PER>
<HUMAN_PART_PER m_id="27"  >
  <token_anchor t_id="116"/>
</HUMAN_PART_PER>
<HUMAN_PART_PER m_id="28"  >
  <token_anchor t_id="118"/>
</HUMAN_PART_PER>
<HUMAN_PART_PER m_id="2"  >
  <token_anchor t_id="22"/>
</HUMAN_PART_PER>
<HUMAN_PART_PER m_id="3"  >
  <token_anchor t_id="41"/>
</HUMAN_PART_PER>
<HUMAN_PART_PER m_id="4"  >
  <token_anchor t_id="44"/>
</HUMAN_PART_PER>
<HUMAN_PART_PER m_id="5"  >
  <token_anchor t_id="59"/>
</HUMAN_PART_PER>
<HUMAN_PART_PER m_id="6"  >
  <token_anchor t_id="71"/>
</HUMAN_PART_PER>
<HUMAN_PART_PER m_id="38"  >
  <token_anchor t_id="104"/>
</HUMAN_PART_PER>
<LOC_FAC m_id="15"  >
  <token_anchor t_id="48"/>
  <token_anchor t_id="49"/>
  <token_anchor t_id="50"/>
  <token_anchor t_id="51"/>
  <token_anchor t_id="52"/>
</LOC_FAC>
<LOC_FAC m_id="34"  >
  <token_anchor t_id="114"/>
</LOC_FAC>
<LOC_GEO m_id="53"  >
  <token_anchor t_id="381"/>
  <token_anchor t_id="382"/>
  <token_anchor t_id="383"/>
  <token_anchor t_id="384"/>
  <token_anchor t_id="385"/>
  <token_anchor t_id="386"/>
  <token_anchor t_id="387"/>
  <token_anchor t_id="388"/>
  <token_anchor t_id="389"/>
  <token_anchor t_id="390"/>
  <token_anchor t_id="391"/>
  <token_anchor t_id="392"/>
  <token_anchor t_id="393"/>
  <token_anchor t_id="394"/>
  <token_anchor t_id="395"/>
  <token_anchor t_id="396"/>
  <token_anchor t_id="397"/>
  <token_anchor t_id="398"/>
  <token_anchor t_id="399"/>
  <token_anchor t_id="400"/>
  <token_anchor t_id="401"/>
  <token_anchor t_id="402"/>
  <token_anchor t_id="403"/>
</LOC_GEO>
<LOC_GEO m_id="35"  >
  <token_anchor t_id="84"/>
  <token_anchor t_id="85"/>
</LOC_GEO>
<NON_HUMAN_PART m_id="47"  >
  <token_anchor t_id="147"/>
</NON_HUMAN_PART>
<NON_HUMAN_PART m_id="17"  >
  <token_anchor t_id="64"/>
</NON_HUMAN_PART>
<NON_HUMAN_PART m_id="18"  >
  <token_anchor t_id="68"/>
</NON_HUMAN_PART>
<NON_HUMAN_PART m_id="19"  >
  <token_anchor t_id="72"/>
</NON_HUMAN_PART>
<TIME_DATE m_id="1"  >
  <token_anchor t_id="32"/>
  <token_anchor t_id="33"/>
  <token_anchor t_id="34"/>
  <token_anchor t_id="35"/>
</TIME_DATE>
<TIME_OF_THE_DAY m_id="52"  >
  <token_anchor t_id="373"/>
  <token_anchor t_id="374"/>
  <token_anchor t_id="375"/>
  <token_anchor t_id="376"/>
  <token_anchor t_id="377"/>
  <token_anchor t_id="378"/>
  <token_anchor t_id="379"/>
  <token_anchor t_id="380"/>
</TIME_OF_THE_DAY>
<TIME_OF_THE_DAY m_id="36"  >
  <token_anchor t_id="86"/>
  <token_anchor t_id="87"/>
</TIME_OF_THE_DAY>


<TIME_OF_THE_DAY m_id="58" note="byCROMER" >
  <token_anchor t_id="56"/>
</TIME_OF_THE_DAY>


<ACTION_OCCURRENCE m_id="62" RELATED_TO="" TAG_DESCRIPTOR="t15_shot" instance_id="ACT17479094205244348" />
<ACTION_OCCURRENCE m_id="59" RELATED_TO="" TAG_DESCRIPTOR="t15_spoke_to_neighbour" instance_id="ACT17630379767714213" />
<HUMAN_PART_PER m_id="61" RELATED_TO="" TAG_DESCRIPTOR="t15_orozco" instance_id="HUM17479022102121768" />
<LOC_GEO m_id="60" RELATED_TO="" TAG_DESCRIPTOR="t15_hawaiian_gardens" instance_id="LOC17479063968054394" />
<HUMAN_PART_PER m_id="69" RELATED_TO="" TAG_DESCRIPTOR="t15_authorities" instance_id="HUM17631926005386602" />
<ACTION_REPORTING m_id="70" RELATED_TO="" TAG_DESCRIPTOR="t15_authorities_said" instance_id="ACT17632296766374781" />
<ACTION_OCCURRENCE m_id="68" RELATED_TO="" TAG_DESCRIPTOR="t15_murder" instance_id="ACT17479136632367144" />
<HUMAN_PART_PER m_id="67" RELATED_TO="" TAG_DESCRIPTOR="t15_neighbour" instance_id="HUM17631493112342063" />
<ACTION_OCCURRENCE m_id="66" RELATED_TO="" TAG_DESCRIPTOR="t15_dying" instance_id="ACT17479178103697007" />
<HUMAN_PART_PER m_id="65" RELATED_TO="" TAG_DESCRIPTOR="t15_ortiz" instance_id="HUM17479043832472136" />
<LOC_FAC m_id="64" RELATED_TO="" TAG_DESCRIPTOR="t15_apartment" instance_id="LOC17479252729243978" />
<TIME_OF_THE_DAY m_id="63" RELATED_TO="" TAG_DESCRIPTOR="t15_friday_afternoon" instance_id="TIM17479366204380341" />
</Markables>

<Relations>
<CROSS_DOC_COREF r_id="25073" note="ACT17630379767714213" >
  <source m_id="7" />
  <source m_id="37" />
  <target m_id="59" />
</CROSS_DOC_COREF>
<CROSS_DOC_COREF r_id="25074" note="LOC17479063968054394" >
  <source m_id="35" />
  <source m_id="53" />
  <target m_id="60" />
</CROSS_DOC_COREF>
<CROSS_DOC_COREF r_id="25075" note="HUM17479022102121768" >
  <source m_id="5" />
  <source m_id="23" />
  <source m_id="2" />
  <target m_id="61" />
</CROSS_DOC_COREF>
<CROSS_DOC_COREF r_id="25076" note="ACT17479094205244348" >
  <source m_id="8" />
  <source m_id="48" />
  <source m_id="11" />
  <target m_id="62" />
</CROSS_DOC_COREF>
<CROSS_DOC_COREF r_id="25077" note="TIM17479366204380341" >
  <source m_id="58" />
  <source m_id="36" />
  <source m_id="52" />
  <target m_id="63" />
</CROSS_DOC_COREF>
<CROSS_DOC_COREF r_id="25078" note="LOC17479252729243978" >
  <source m_id="34" />
  <source m_id="15" />
  <target m_id="64" />
</CROSS_DOC_COREF>
<CROSS_DOC_COREF r_id="25079" note="HUM17479043832472136" >
  <source m_id="28" />
  <source m_id="3" />
  <source m_id="24" />
  <source m_id="38" />
  <source m_id="44" />
  <source m_id="42" />
  <source m_id="6" />
  <target m_id="65" />
</CROSS_DOC_COREF>
<CROSS_DOC_COREF r_id="25080" note="ACT17479178103697007" >
  <source m_id="32" />
  <target m_id="66" />
</CROSS_DOC_COREF>
<CROSS_DOC_COREF r_id="25081" note="HUM17631493112342063" >
  <source m_id="26" />
  <source m_id="25" />
  <source m_id="4" />
  <target m_id="67" />
</CROSS_DOC_COREF>
<CROSS_DOC_COREF r_id="25082" note="ACT17479136632367144" >
  <source m_id="39" />
  <source m_id="41" />
  <source m_id="20" />
  <target m_id="68" />
</CROSS_DOC_COREF>
<CROSS_DOC_COREF r_id="25083" note="HUM17631926005386602" >
  <source m_id="27" />
  <source m_id="13" />
  <target m_id="69" />
</CROSS_DOC_COREF>
<CROSS_DOC_COREF r_id="25084" note="ACT17632296766374781" >
  <source m_id="33" />
  <source m_id="14" />
  <target m_id="70" />
</CROSS_DOC_COREF>

</Relations>
</Document>
