<Document doc_name="28_1ecb.xml" doc_id="DOC15654957125645000">
<token t_id="1" sentence="0" number="0">Lawman</token>
<token t_id="2" sentence="0" number="1">'s</token>
<token t_id="3" sentence="0" number="2">Unwavering</token>
<token t_id="4" sentence="0" number="3">Compass</token>
<token t_id="5" sentence="0" number="4">Led</token>
<token t_id="6" sentence="0" number="5">Him</token>
<token t_id="7" sentence="0" number="6">to</token>
<token t_id="8" sentence="0" number="7">White</token>
<token t_id="9" sentence="0" number="8">House</token>
<token t_id="10" sentence="0" number="9">Showdown</token>
<token t_id="11" sentence="1" number="0">W.</token>
<token t_id="12" sentence="1" number="1">Mark</token>
<token t_id="13" sentence="1" number="2">Felt</token>
<token t_id="14" sentence="1" number="3">Sr.</token>
<token t_id="15" sentence="1" number="4">,</token>
<token t_id="16" sentence="1" number="5">the</token>
<token t_id="17" sentence="1" number="6">associate</token>
<token t_id="18" sentence="1" number="7">director</token>
<token t_id="19" sentence="1" number="8">of</token>
<token t_id="20" sentence="1" number="9">the</token>
<token t_id="21" sentence="1" number="10">FBI</token>
<token t_id="22" sentence="1" number="11">during</token>
<token t_id="23" sentence="1" number="12">the</token>
<token t_id="24" sentence="1" number="13">Watergate</token>
<token t_id="25" sentence="1" number="14">scandal</token>
<token t_id="26" sentence="1" number="15">who</token>
<token t_id="27" sentence="1" number="16">,</token>
<token t_id="28" sentence="1" number="17">better</token>
<token t_id="29" sentence="1" number="18">known</token>
<token t_id="30" sentence="1" number="19">as</token>
<token t_id="31" sentence="1" number="20">``</token>
<token t_id="32" sentence="1" number="21">Deep</token>
<token t_id="33" sentence="1" number="22">Throat</token>
<token t_id="34" sentence="1" number="23">,</token>
<token t_id="35" sentence="1" number="24">''</token>
<token t_id="36" sentence="1" number="25">became</token>
<token t_id="37" sentence="1" number="26">the</token>
<token t_id="38" sentence="1" number="27">most</token>
<token t_id="39" sentence="1" number="28">famous</token>
<token t_id="40" sentence="1" number="29">anonymous</token>
<token t_id="41" sentence="1" number="30">source</token>
<token t_id="42" sentence="1" number="31">in</token>
<token t_id="43" sentence="1" number="32">American</token>
<token t_id="44" sentence="1" number="33">history</token>
<token t_id="45" sentence="1" number="34">,</token>
<token t_id="46" sentence="1" number="35">died</token>
<token t_id="47" sentence="1" number="36">yesterday</token>
<token t_id="48" sentence="1" number="37">.</token>
<token t_id="49" sentence="2" number="0">Felt</token>
<token t_id="50" sentence="2" number="1">died</token>
<token t_id="51" sentence="2" number="2">at</token>
<token t_id="52" sentence="2" number="3">12:45</token>
<token t_id="53" sentence="2" number="4">p.m</token>
<token t_id="54" sentence="2" number="5">.</token>
<token t_id="55" sentence="2" number="6">at</token>
<token t_id="56" sentence="2" number="7">his</token>
<token t_id="57" sentence="2" number="8">home</token>
<token t_id="58" sentence="2" number="9">in</token>
<token t_id="59" sentence="2" number="10">Santa</token>
<token t_id="60" sentence="2" number="11">Rosa</token>
<token t_id="61" sentence="2" number="12">,</token>
<token t_id="62" sentence="2" number="13">Calif</token>
<token t_id="63" sentence="2" number="14">.</token>
<token t_id="64" sentence="3" number="0">On</token>
<token t_id="65" sentence="3" number="1">Tuesday</token>
<token t_id="66" sentence="3" number="2">,</token>
<token t_id="67" sentence="3" number="3">Oct.</token>
<token t_id="68" sentence="3" number="4">10</token>
<token t_id="69" sentence="3" number="5">,</token>
<token t_id="70" sentence="3" number="6">1972</token>
<token t_id="71" sentence="3" number="7">,</token>
<token t_id="72" sentence="3" number="8">Washington</token>
<token t_id="73" sentence="3" number="9">awoke</token>
<token t_id="74" sentence="3" number="10">to</token>
<token t_id="75" sentence="3" number="11">this</token>
<token t_id="76" sentence="3" number="12">startling</token>
<token t_id="77" sentence="3" number="13">news:</token>
<token t_id="78" sentence="4" number="0">``</token>
<token t_id="79" sentence="4" number="1">FBI</token>
<token t_id="80" sentence="4" number="2">agents</token>
<token t_id="81" sentence="4" number="3">have</token>
<token t_id="82" sentence="4" number="4">established</token>
<token t_id="83" sentence="4" number="5">that</token>
<token t_id="84" sentence="4" number="6">the</token>
<token t_id="85" sentence="4" number="7">Watergate</token>
<token t_id="86" sentence="4" number="8">bugging</token>
<token t_id="87" sentence="4" number="9">incident</token>
<token t_id="88" sentence="4" number="10">stemmed</token>
<token t_id="89" sentence="4" number="11">from</token>
<token t_id="90" sentence="4" number="12">a</token>
<token t_id="91" sentence="4" number="13">massive</token>
<token t_id="92" sentence="4" number="14">campaign</token>
<token t_id="93" sentence="4" number="15">of</token>
<token t_id="94" sentence="4" number="16">political</token>
<token t_id="95" sentence="4" number="17">spying</token>
<token t_id="96" sentence="4" number="18">and</token>
<token t_id="97" sentence="4" number="19">sabotage</token>
<token t_id="98" sentence="4" number="20">conducted</token>
<token t_id="99" sentence="4" number="21">on</token>
<token t_id="100" sentence="4" number="22">behalf</token>
<token t_id="101" sentence="4" number="23">of</token>
<token t_id="102" sentence="4" number="24">President</token>
<token t_id="103" sentence="4" number="25">Nixon</token>
<token t_id="104" sentence="4" number="26">'s</token>
<token t_id="105" sentence="4" number="27">reelection</token>
<token t_id="106" sentence="4" number="28">and</token>
<token t_id="107" sentence="4" number="29">directed</token>
<token t_id="108" sentence="4" number="30">by</token>
<token t_id="109" sentence="4" number="31">officials</token>
<token t_id="110" sentence="4" number="32">of</token>
<token t_id="111" sentence="4" number="33">the</token>
<token t_id="112" sentence="4" number="34">White</token>
<token t_id="113" sentence="4" number="35">House</token>
<token t_id="114" sentence="4" number="36">and</token>
<token t_id="115" sentence="4" number="37">the</token>
<token t_id="116" sentence="4" number="38">Committee</token>
<token t_id="117" sentence="4" number="39">for</token>
<token t_id="118" sentence="4" number="40">the</token>
<token t_id="119" sentence="4" number="41">Re-election</token>
<token t_id="120" sentence="4" number="42">of</token>
<token t_id="121" sentence="4" number="43">the</token>
<token t_id="122" sentence="4" number="44">President</token>
<token t_id="123" sentence="4" number="45">,</token>
<token t_id="124" sentence="4" number="46">''</token>
<token t_id="125" sentence="4" number="47">The</token>
<token t_id="126" sentence="4" number="48">Washington</token>
<token t_id="127" sentence="4" number="49">Post</token>
<token t_id="128" sentence="4" number="50">reported</token>
<token t_id="129" sentence="4" number="51">.</token>
<token t_id="130" sentence="5" number="0">Bob</token>
<token t_id="131" sentence="5" number="1">Woodward</token>
<token t_id="132" sentence="5" number="2">and</token>
<token t_id="133" sentence="5" number="3">Carl</token>
<token t_id="134" sentence="5" number="4">Bernstein</token>
<token t_id="135" sentence="5" number="5">wrote</token>
<token t_id="136" sentence="5" number="6">that</token>
<token t_id="137" sentence="5" number="7">story</token>
<token t_id="138" sentence="5" number="8">,</token>
<token t_id="139" sentence="5" number="9">but</token>
<token t_id="140" sentence="5" number="10">it</token>
<token t_id="141" sentence="5" number="11">would</token>
<token t_id="142" sentence="5" number="12">not</token>
<token t_id="143" sentence="5" number="13">have</token>
<token t_id="144" sentence="5" number="14">been</token>
<token t_id="145" sentence="5" number="15">possible</token>
<token t_id="146" sentence="5" number="16">,</token>
<token t_id="147" sentence="5" number="17">they</token>
<token t_id="148" sentence="5" number="18">would</token>
<token t_id="149" sentence="5" number="19">later</token>
<token t_id="150" sentence="5" number="20">tell</token>
<token t_id="151" sentence="5" number="21">the</token>
<token t_id="152" sentence="5" number="22">world</token>
<token t_id="153" sentence="5" number="23">,</token>
<token t_id="154" sentence="5" number="24">without</token>
<token t_id="155" sentence="5" number="25">the</token>
<token t_id="156" sentence="5" number="26">clandestine</token>
<token t_id="157" sentence="5" number="27">help</token>
<token t_id="158" sentence="5" number="28">of</token>
<token t_id="159" sentence="5" number="29">the</token>
<token t_id="160" sentence="5" number="30">most</token>
<token t_id="161" sentence="5" number="31">famous</token>
<token t_id="162" sentence="5" number="32">unnamed</token>
<token t_id="163" sentence="5" number="33">source</token>
<token t_id="164" sentence="5" number="34">in</token>
<token t_id="165" sentence="5" number="35">history</token>
<token t_id="166" sentence="5" number="36">,</token>
<token t_id="167" sentence="5" number="37">W.</token>
<token t_id="168" sentence="5" number="38">Mark</token>
<token t_id="169" sentence="5" number="39">Felt</token>
<token t_id="170" sentence="5" number="40">--</token>
<token t_id="171" sentence="5" number="41">the</token>
<token t_id="172" sentence="5" number="42">man</token>
<token t_id="173" sentence="5" number="43">they</token>
<token t_id="174" sentence="5" number="44">called</token>
<token t_id="175" sentence="5" number="45">``</token>
<token t_id="176" sentence="5" number="46">Deep</token>
<token t_id="177" sentence="5" number="47">Throat</token>
<token t_id="178" sentence="5" number="48">.</token>
<token t_id="179" sentence="5" number="49">''</token>
<token t_id="180" sentence="6" number="0">He</token>
<token t_id="181" sentence="6" number="1">was</token>
<token t_id="182" sentence="6" number="2">the</token>
<token t_id="183" sentence="6" number="3">associate</token>
<token t_id="184" sentence="6" number="4">director</token>
<token t_id="185" sentence="6" number="5">of</token>
<token t_id="186" sentence="6" number="6">the</token>
<token t_id="187" sentence="6" number="7">FBI</token>
<token t_id="188" sentence="6" number="8">,</token>
<token t_id="189" sentence="6" number="9">and</token>
<token t_id="190" sentence="6" number="10">he</token>
<token t_id="191" sentence="6" number="11">guided</token>
<token t_id="192" sentence="6" number="12">the</token>
<token t_id="193" sentence="6" number="13">reporters</token>
<token t_id="194" sentence="6" number="14">,</token>
<token t_id="195" sentence="6" number="15">all</token>
<token t_id="196" sentence="6" number="16">along</token>
<token t_id="197" sentence="6" number="17">insisting</token>
<token t_id="198" sentence="6" number="18">that</token>
<token t_id="199" sentence="6" number="19">Watergate</token>
<token t_id="200" sentence="6" number="20">was</token>
<token t_id="201" sentence="6" number="21">not</token>
<token t_id="202" sentence="6" number="22">an</token>
<token t_id="203" sentence="6" number="23">isolated</token>
<token t_id="204" sentence="6" number="24">incident</token>
<token t_id="205" sentence="6" number="25">but</token>
<token t_id="206" sentence="6" number="26">part</token>
<token t_id="207" sentence="6" number="27">of</token>
<token t_id="208" sentence="6" number="28">a</token>
<token t_id="209" sentence="6" number="29">wider</token>
<token t_id="210" sentence="6" number="30">conspiracy</token>
<token t_id="211" sentence="6" number="31">designed</token>
<token t_id="212" sentence="6" number="32">to</token>
<token t_id="213" sentence="6" number="33">destroy</token>
<token t_id="214" sentence="6" number="34">Democratic</token>
<token t_id="215" sentence="6" number="35">presidential</token>
<token t_id="216" sentence="6" number="36">candidates</token>
<token t_id="217" sentence="6" number="37">who</token>
<token t_id="218" sentence="6" number="38">might</token>
<token t_id="219" sentence="6" number="39">run</token>
<token t_id="220" sentence="6" number="40">against</token>
<token t_id="221" sentence="6" number="41">Nixon</token>
<token t_id="222" sentence="6" number="42">.</token>
<token t_id="223" sentence="7" number="0">Instead</token>
<token t_id="224" sentence="7" number="1">,</token>
<token t_id="225" sentence="7" number="2">the</token>
<token t_id="226" sentence="7" number="3">Watergate</token>
<token t_id="227" sentence="7" number="4">scandal</token>
<token t_id="228" sentence="7" number="5">subsequently</token>
<token t_id="229" sentence="7" number="6">destroyed</token>
<token t_id="230" sentence="7" number="7">the</token>
<token t_id="231" sentence="7" number="8">Nixon</token>
<token t_id="232" sentence="7" number="9">presidency</token>
<token t_id="233" sentence="7" number="10">.</token>
<token t_id="234" sentence="8" number="0">Facing</token>
<token t_id="235" sentence="8" number="1">impeachment</token>
<token t_id="236" sentence="8" number="2">,</token>
<token t_id="237" sentence="8" number="3">Nixon</token>
<token t_id="238" sentence="8" number="4">resigned</token>
<token t_id="239" sentence="8" number="5">the</token>
<token t_id="240" sentence="8" number="6">presidency</token>
<token t_id="241" sentence="8" number="7">in</token>
<token t_id="242" sentence="8" number="8">disgrace</token>
<token t_id="243" sentence="8" number="9">less</token>
<token t_id="244" sentence="8" number="10">than</token>
<token t_id="245" sentence="8" number="11">two</token>
<token t_id="246" sentence="8" number="12">years</token>
<token t_id="247" sentence="8" number="13">after</token>
<token t_id="248" sentence="8" number="14">that</token>
<token t_id="249" sentence="8" number="15">day</token>
<token t_id="250" sentence="8" number="16">in</token>
<token t_id="251" sentence="8" number="17">October</token>
<token t_id="252" sentence="8" number="18">when</token>
<token t_id="253" sentence="8" number="19">,</token>
<token t_id="254" sentence="8" number="20">one</token>
<token t_id="255" sentence="8" number="21">of</token>
<token t_id="256" sentence="8" number="22">his</token>
<token t_id="257" sentence="8" number="23">key</token>
<token t_id="258" sentence="8" number="24">lawyers</token>
<token t_id="259" sentence="8" number="25">would</token>
<token t_id="260" sentence="8" number="26">later</token>
<token t_id="261" sentence="8" number="27">say</token>
<token t_id="262" sentence="8" number="28">,</token>
<token t_id="263" sentence="8" number="29">it</token>
<token t_id="264" sentence="8" number="30">was</token>
<token t_id="265" sentence="8" number="31">apparent</token>
<token t_id="266" sentence="8" number="32">that</token>
<token t_id="267" sentence="8" number="33">``</token>
<token t_id="268" sentence="8" number="34">in</token>
<token t_id="269" sentence="8" number="35">a</token>
<token t_id="270" sentence="8" number="36">general</token>
<token t_id="271" sentence="8" number="37">way</token>
<token t_id="272" sentence="8" number="38">and</token>
<token t_id="273" sentence="8" number="39">with</token>
<token t_id="274" sentence="8" number="40">the</token>
<token t_id="275" sentence="8" number="41">help</token>
<token t_id="276" sentence="8" number="42">of</token>
<token t_id="277" sentence="8" number="43">Deep</token>
<token t_id="278" sentence="8" number="44">Throat</token>
<token t_id="279" sentence="8" number="45">,</token>
<token t_id="280" sentence="8" number="46">(</token>
<token t_id="281" sentence="8" number="47">Woodward</token>
<token t_id="282" sentence="8" number="48">and</token>
<token t_id="283" sentence="8" number="49">Bernstein</token>
<token t_id="284" sentence="8" number="50">)</token>
<token t_id="285" sentence="8" number="51">figured</token>
<token t_id="286" sentence="8" number="52">out</token>
<token t_id="287" sentence="8" number="53">Watergate</token>
<token t_id="288" sentence="8" number="54">.</token>
<token t_id="289" sentence="8" number="55">''</token>
<token t_id="290" sentence="9" number="0">Felt</token>
<token t_id="291" sentence="9" number="1">died</token>
<token t_id="292" sentence="9" number="2">Thursday</token>
<token t_id="293" sentence="9" number="3">at</token>
<token t_id="294" sentence="9" number="4">his</token>
<token t_id="295" sentence="9" number="5">home</token>
<token t_id="296" sentence="9" number="6">in</token>
<token t_id="297" sentence="9" number="7">Santa</token>
<token t_id="298" sentence="9" number="8">Rosa</token>
<token t_id="299" sentence="9" number="9">,</token>
<token t_id="300" sentence="9" number="10">Calif</token>
<token t_id="301" sentence="9" number="11">.</token>
<token t_id="302" sentence="10" number="0">He</token>
<token t_id="303" sentence="10" number="1">was</token>
<token t_id="304" sentence="10" number="2">95</token>
<token t_id="305" sentence="10" number="3">.</token>
<token t_id="306" sentence="11" number="0">As</token>
<token t_id="307" sentence="11" number="1">the</token>
<token t_id="308" sentence="11" number="2">second-ranking</token>
<token t_id="309" sentence="11" number="3">official</token>
<token t_id="310" sentence="11" number="4">in</token>
<token t_id="311" sentence="11" number="5">the</token>
<token t_id="312" sentence="11" number="6">FBI</token>
<token t_id="313" sentence="11" number="7">,</token>
<token t_id="314" sentence="11" number="8">Felt</token>
<token t_id="315" sentence="11" number="9">possessed</token>
<token t_id="316" sentence="11" number="10">authoritative</token>
<token t_id="317" sentence="11" number="11">knowledge</token>
<token t_id="318" sentence="11" number="12">of</token>
<token t_id="319" sentence="11" number="13">what</token>
<token t_id="320" sentence="11" number="14">came</token>
<token t_id="321" sentence="11" number="15">to</token>
<token t_id="322" sentence="11" number="16">be</token>
<token t_id="323" sentence="11" number="17">known</token>
<token t_id="324" sentence="11" number="18">as</token>
<token t_id="325" sentence="11" number="19">the</token>
<token t_id="326" sentence="11" number="20">Watergate</token>
<token t_id="327" sentence="11" number="21">conspiracy</token>
<token t_id="328" sentence="11" number="22">.</token>
<token t_id="329" sentence="12" number="0">Felt</token>
<token t_id="330" sentence="12" number="1">had</token>
<token t_id="331" sentence="12" number="2">personally</token>
<token t_id="332" sentence="12" number="3">witnessed</token>
<token t_id="333" sentence="12" number="4">the</token>
<token t_id="334" sentence="12" number="5">Nixon</token>
<token t_id="335" sentence="12" number="6">administration</token>
<token t_id="336" sentence="12" number="7">'s</token>
<token t_id="337" sentence="12" number="8">attempt</token>
<token t_id="338" sentence="12" number="9">to</token>
<token t_id="339" sentence="12" number="10">subvert</token>
<token t_id="340" sentence="12" number="11">the</token>
<token t_id="341" sentence="12" number="12">bureau</token>
<token t_id="342" sentence="12" number="13">'s</token>
<token t_id="343" sentence="12" number="14">investigation</token>
<token t_id="344" sentence="12" number="15">into</token>
<token t_id="345" sentence="12" number="16">the</token>
<token t_id="346" sentence="12" number="17">complex</token>
<token t_id="347" sentence="12" number="18">of</token>
<token t_id="348" sentence="12" number="19">crimes</token>
<token t_id="349" sentence="12" number="20">and</token>
<token t_id="350" sentence="12" number="21">coverups</token>
<token t_id="351" sentence="12" number="22">that</token>
<token t_id="352" sentence="12" number="23">began</token>
<token t_id="353" sentence="12" number="24">unraveling</token>
<token t_id="354" sentence="12" number="25">with</token>
<token t_id="355" sentence="12" number="26">a</token>
<token t_id="356" sentence="12" number="27">1972</token>
<token t_id="357" sentence="12" number="28">burglary</token>
<token t_id="358" sentence="12" number="29">of</token>
<token t_id="359" sentence="12" number="30">the</token>
<token t_id="360" sentence="12" number="31">Democratic</token>
<token t_id="361" sentence="12" number="32">National</token>
<token t_id="362" sentence="12" number="33">Committee</token>
<token t_id="363" sentence="12" number="34">'s</token>
<token t_id="364" sentence="12" number="35">headquarters</token>
<token t_id="365" sentence="12" number="36">at</token>
<token t_id="366" sentence="12" number="37">the</token>
<token t_id="367" sentence="12" number="38">Watergate</token>
<token t_id="368" sentence="12" number="39">complex</token>
<token t_id="369" sentence="12" number="40">in</token>
<token t_id="370" sentence="12" number="41">Northwest</token>
<token t_id="371" sentence="12" number="42">Washington</token>
<token t_id="372" sentence="12" number="43">.</token>
<token t_id="373" sentence="13" number="0">``</token>
<token t_id="374" sentence="13" number="1">He</token>
<token t_id="375" sentence="13" number="2">helped</token>
<token t_id="376" sentence="13" number="3">stiffen</token>
<token t_id="377" sentence="13" number="4">the</token>
<token t_id="378" sentence="13" number="5">spine</token>
<token t_id="379" sentence="13" number="6">of</token>
<token t_id="380" sentence="13" number="7">The</token>
<token t_id="381" sentence="13" number="8">Washington</token>
<token t_id="382" sentence="13" number="9">Post</token>
<token t_id="383" sentence="13" number="10">,</token>
<token t_id="384" sentence="13" number="11">which</token>
<token t_id="385" sentence="13" number="12">went</token>
<token t_id="386" sentence="13" number="13">out</token>
<token t_id="387" sentence="13" number="14">on</token>
<token t_id="388" sentence="13" number="15">a</token>
<token t_id="389" sentence="13" number="16">limb</token>
<token t_id="390" sentence="13" number="17">more</token>
<token t_id="391" sentence="13" number="18">than</token>
<token t_id="392" sentence="13" number="19">any</token>
<token t_id="393" sentence="13" number="20">other</token>
<token t_id="394" sentence="13" number="21">publication</token>
<token t_id="395" sentence="13" number="22">did</token>
<token t_id="396" sentence="13" number="23">,</token>
<token t_id="397" sentence="13" number="24">and</token>
<token t_id="398" sentence="13" number="25">broke</token>
<token t_id="399" sentence="13" number="26">stories</token>
<token t_id="400" sentence="13" number="27">that</token>
<token t_id="401" sentence="13" number="28">other</token>
<token t_id="402" sentence="13" number="29">outlets</token>
<token t_id="403" sentence="13" number="30">shunned</token>
<token t_id="404" sentence="13" number="31">,</token>
<token t_id="405" sentence="13" number="32">''</token>
<token t_id="406" sentence="13" number="33">said</token>
<token t_id="407" sentence="13" number="34">Mark</token>
<token t_id="408" sentence="13" number="35">Feldstein</token>
<token t_id="409" sentence="13" number="36">,</token>
<token t_id="410" sentence="13" number="37">a</token>
<token t_id="411" sentence="13" number="38">George</token>
<token t_id="412" sentence="13" number="39">Washington</token>
<token t_id="413" sentence="13" number="40">University</token>
<token t_id="414" sentence="13" number="41">faculty</token>
<token t_id="415" sentence="13" number="42">member</token>
<token t_id="416" sentence="13" number="43">who</token>
<token t_id="417" sentence="13" number="44">is</token>
<token t_id="418" sentence="13" number="45">writing</token>
<token t_id="419" sentence="13" number="46">a</token>
<token t_id="420" sentence="13" number="47">book</token>
<token t_id="421" sentence="13" number="48">on</token>
<token t_id="422" sentence="13" number="49">Nixon</token>
<token t_id="423" sentence="13" number="50">and</token>
<token t_id="424" sentence="13" number="51">the</token>
<token t_id="425" sentence="13" number="52">media</token>
<token t_id="426" sentence="13" number="53">.</token>
<token t_id="427" sentence="14" number="0">``</token>
<token t_id="428" sentence="14" number="1">Had</token>
<token t_id="429" sentence="14" number="2">Woodward</token>
<token t_id="430" sentence="14" number="3">not</token>
<token t_id="431" sentence="14" number="4">run</token>
<token t_id="432" sentence="14" number="5">with</token>
<token t_id="433" sentence="14" number="6">it</token>
<token t_id="434" sentence="14" number="7">,</token>
<token t_id="435" sentence="14" number="8">Felt</token>
<token t_id="436" sentence="14" number="9">had</token>
<token t_id="437" sentence="14" number="10">a</token>
<token t_id="438" sentence="14" number="11">network</token>
<token t_id="439" sentence="14" number="12">of</token>
<token t_id="440" sentence="14" number="13">connections</token>
<token t_id="441" sentence="14" number="14">in</token>
<token t_id="442" sentence="14" number="15">Washington</token>
<token t_id="443" sentence="14" number="16">,</token>
<token t_id="444" sentence="14" number="17">(</token>
<token t_id="445" sentence="14" number="18">other</token>
<token t_id="446" sentence="14" number="19">reporters</token>
<token t_id="447" sentence="14" number="20">)</token>
<token t_id="448" sentence="14" number="21">he</token>
<token t_id="449" sentence="14" number="22">was</token>
<token t_id="450" sentence="14" number="23">talking</token>
<token t_id="451" sentence="14" number="24">to</token>
<token t_id="452" sentence="14" number="25">...</token>
<token t_id="453" sentence="14" number="26">but</token>
<token t_id="454" sentence="14" number="27">no</token>
<token t_id="455" sentence="14" number="28">one</token>
<token t_id="456" sentence="14" number="29">knew</token>
<token t_id="457" sentence="14" number="30">of</token>
<token t_id="458" sentence="14" number="31">his</token>
<token t_id="459" sentence="14" number="32">connection</token>
<token t_id="460" sentence="14" number="33">to</token>
<token t_id="461" sentence="14" number="34">Woodward</token>
<token t_id="462" sentence="14" number="35">.</token>
<token t_id="463" sentence="14" number="36">''</token>
<token t_id="464" sentence="15" number="0">Felt</token>
<token t_id="465" sentence="15" number="1">,</token>
<token t_id="466" sentence="15" number="2">a</token>
<token t_id="467" sentence="15" number="3">dashing</token>
<token t_id="468" sentence="15" number="4">figure</token>
<token t_id="469" sentence="15" number="5">with</token>
<token t_id="470" sentence="15" number="6">a</token>
<token t_id="471" sentence="15" number="7">full</token>
<token t_id="472" sentence="15" number="8">head</token>
<token t_id="473" sentence="15" number="9">of</token>
<token t_id="474" sentence="15" number="10">silver</token>
<token t_id="475" sentence="15" number="11">hair</token>
<token t_id="476" sentence="15" number="12">and</token>
<token t_id="477" sentence="15" number="13">a</token>
<token t_id="478" sentence="15" number="14">reputation</token>
<token t_id="479" sentence="15" number="15">as</token>
<token t_id="480" sentence="15" number="16">a</token>
<token t_id="481" sentence="15" number="17">taskmaster</token>
<token t_id="482" sentence="15" number="18">,</token>
<token t_id="483" sentence="15" number="19">adamantly</token>
<token t_id="484" sentence="15" number="20">denied</token>
<token t_id="485" sentence="15" number="21">over</token>
<token t_id="486" sentence="15" number="22">the</token>
<token t_id="487" sentence="15" number="23">years</token>
<token t_id="488" sentence="15" number="24">that</token>
<token t_id="489" sentence="15" number="25">he</token>
<token t_id="490" sentence="15" number="26">was</token>
<token t_id="491" sentence="15" number="27">Deep</token>
<token t_id="492" sentence="15" number="28">Throat</token>
<token t_id="493" sentence="15" number="29">,</token>
<token t_id="494" sentence="15" number="30">even</token>
<token t_id="495" sentence="15" number="31">though</token>
<token t_id="496" sentence="15" number="32">Nixon</token>
<token t_id="497" sentence="15" number="33">suspected</token>
<token t_id="498" sentence="15" number="34">him</token>
<token t_id="499" sentence="15" number="35">almost</token>
<token t_id="500" sentence="15" number="36">from</token>
<token t_id="501" sentence="15" number="37">the</token>
<token t_id="502" sentence="15" number="38">start</token>
<token t_id="503" sentence="15" number="39">.</token>
<token t_id="504" sentence="16" number="0">Nixon</token>
<token t_id="505" sentence="16" number="1">ordered</token>
<token t_id="506" sentence="16" number="2">interim</token>
<token t_id="507" sentence="16" number="3">FBI</token>
<token t_id="508" sentence="16" number="4">director</token>
<token t_id="509" sentence="16" number="5">L.</token>
<token t_id="510" sentence="16" number="6">Patrick</token>
<token t_id="511" sentence="16" number="7">Gray</token>
<token t_id="512" sentence="16" number="8">to</token>
<token t_id="513" sentence="16" number="9">fire</token>
<token t_id="514" sentence="16" number="10">Felt</token>
<token t_id="515" sentence="16" number="11">five</token>
<token t_id="516" sentence="16" number="12">times</token>
<token t_id="517" sentence="16" number="13">.</token>
<token t_id="518" sentence="17" number="0">But</token>
<token t_id="519" sentence="17" number="1">Gray</token>
<token t_id="520" sentence="17" number="2">,</token>
<token t_id="521" sentence="17" number="3">convinced</token>
<token t_id="522" sentence="17" number="4">by</token>
<token t_id="523" sentence="17" number="5">Felt</token>
<token t_id="524" sentence="17" number="6">'s</token>
<token t_id="525" sentence="17" number="7">denials</token>
<token t_id="526" sentence="17" number="8">,</token>
<token t_id="527" sentence="17" number="9">never</token>
<token t_id="528" sentence="17" number="10">did</token>
<token t_id="529" sentence="17" number="11">.</token>
<token t_id="530" sentence="18" number="0">A</token>
<token t_id="531" sentence="18" number="1">master</token>
<token t_id="532" sentence="18" number="2">of</token>
<token t_id="533" sentence="18" number="3">bureaucratic</token>
<token t_id="534" sentence="18" number="4">infighting</token>
<token t_id="535" sentence="18" number="5">and</token>
<token t_id="536" sentence="18" number="6">misdirection</token>
<token t_id="537" sentence="18" number="7">,</token>
<token t_id="538" sentence="18" number="8">Felt</token>
<token t_id="539" sentence="18" number="9">seized</token>
<token t_id="540" sentence="18" number="10">upon</token>
<token t_id="541" sentence="18" number="11">a</token>
<token t_id="542" sentence="18" number="12">Post</token>
<token t_id="543" sentence="18" number="13">story</token>
<token t_id="544" sentence="18" number="14">that</token>
<token t_id="545" sentence="18" number="15">had</token>
<token t_id="546" sentence="18" number="16">not</token>
<token t_id="547" sentence="18" number="17">used</token>
<token t_id="548" sentence="18" number="18">him</token>
<token t_id="549" sentence="18" number="19">as</token>
<token t_id="550" sentence="18" number="20">a</token>
<token t_id="551" sentence="18" number="21">source</token>
<token t_id="552" sentence="18" number="22">.</token>
<token t_id="553" sentence="19" number="0">In</token>
<token t_id="554" sentence="19" number="1">a</token>
<token t_id="555" sentence="19" number="2">bold</token>
<token t_id="556" sentence="19" number="3">stroke</token>
<token t_id="557" sentence="19" number="4">,</token>
<token t_id="558" sentence="19" number="5">he</token>
<token t_id="559" sentence="19" number="6">denounced</token>
<token t_id="560" sentence="19" number="7">it</token>
<token t_id="561" sentence="19" number="8">in</token>
<token t_id="562" sentence="19" number="9">an</token>
<token t_id="563" sentence="19" number="10">internal</token>
<token t_id="564" sentence="19" number="11">memo</token>
<token t_id="565" sentence="19" number="12">and</token>
<token t_id="566" sentence="19" number="13">ordered</token>
<token t_id="567" sentence="19" number="14">an</token>
<token t_id="568" sentence="19" number="15">investigation</token>
<token t_id="569" sentence="19" number="16">into</token>
<token t_id="570" sentence="19" number="17">the</token>
<token t_id="571" sentence="19" number="18">leak</token>
<token t_id="572" sentence="19" number="19">.</token>
<token t_id="573" sentence="20" number="0">``</token>
<token t_id="574" sentence="20" number="1">Expedite</token>
<token t_id="575" sentence="20" number="2">,</token>
<token t_id="576" sentence="20" number="3">''</token>
<token t_id="577" sentence="20" number="4">he</token>
<token t_id="578" sentence="20" number="5">commanded</token>
<token t_id="579" sentence="20" number="6">.</token>
<token t_id="580" sentence="21" number="0">The</token>
<token t_id="581" sentence="21" number="1">next</token>
<token t_id="582" sentence="21" number="2">day</token>
<token t_id="583" sentence="21" number="3">,</token>
<token t_id="584" sentence="21" number="4">in</token>
<token t_id="585" sentence="21" number="5">a</token>
<token t_id="586" sentence="21" number="6">notation</token>
<token t_id="587" sentence="21" number="7">on</token>
<token t_id="588" sentence="21" number="8">another</token>
<token t_id="589" sentence="21" number="9">memo</token>
<token t_id="590" sentence="21" number="10">that</token>
<token t_id="591" sentence="21" number="11">passed</token>
<token t_id="592" sentence="21" number="12">across</token>
<token t_id="593" sentence="21" number="13">his</token>
<token t_id="594" sentence="21" number="14">desk</token>
<token t_id="595" sentence="21" number="15">,</token>
<token t_id="596" sentence="21" number="16">he</token>
<token t_id="597" sentence="21" number="17">pointed</token>
<token t_id="598" sentence="21" number="18">to</token>
<token t_id="599" sentence="21" number="19">a</token>
<token t_id="600" sentence="21" number="20">prosecutor</token>
<token t_id="601" sentence="21" number="21">as</token>
<token t_id="602" sentence="21" number="22">the</token>
<token t_id="603" sentence="21" number="23">source</token>
<token t_id="604" sentence="21" number="24">of</token>
<token t_id="605" sentence="21" number="25">the</token>
<token t_id="606" sentence="21" number="26">leak</token>
<token t_id="607" sentence="21" number="27">.</token>
<token t_id="608" sentence="22" number="0">``</token>
<token t_id="609" sentence="22" number="1">I</token>
<token t_id="610" sentence="22" number="2">was</token>
<token t_id="611" sentence="22" number="3">impressed</token>
<token t_id="612" sentence="22" number="4">.</token>
<token t_id="613" sentence="23" number="0">My</token>
<token t_id="614" sentence="23" number="1">guy</token>
<token t_id="615" sentence="23" number="2">knew</token>
<token t_id="616" sentence="23" number="3">his</token>
<token t_id="617" sentence="23" number="4">stuff</token>
<token t_id="618" sentence="23" number="5">,</token>
<token t_id="619" sentence="23" number="6">''</token>
<token t_id="620" sentence="23" number="7">Woodward</token>
<token t_id="621" sentence="23" number="8">wrote</token>
<token t_id="622" sentence="23" number="9">in</token>
<token t_id="623" sentence="23" number="10">``</token>
<token t_id="624" sentence="23" number="11">Secret</token>
<token t_id="625" sentence="23" number="12">Man</token>
<token t_id="626" sentence="23" number="13">:</token>
<token t_id="627" sentence="23" number="14">The</token>
<token t_id="628" sentence="23" number="15">Story</token>
<token t_id="629" sentence="23" number="16">of</token>
<token t_id="630" sentence="23" number="17">Watergate</token>
<token t_id="631" sentence="23" number="18">'s</token>
<token t_id="632" sentence="23" number="19">Deep</token>
<token t_id="633" sentence="23" number="20">Throat</token>
<token t_id="634" sentence="23" number="21">''</token>
<token t_id="635" sentence="23" number="22">(</token>
<token t_id="636" sentence="23" number="23">2006</token>
<token t_id="637" sentence="23" number="24">)</token>
<token t_id="638" sentence="23" number="25">.</token>
<token t_id="639" sentence="24" number="0">``</token>
<token t_id="640" sentence="24" number="1">The</token>
<token t_id="641" sentence="24" number="2">memo</token>
<token t_id="642" sentence="24" number="3">was</token>
<token t_id="643" sentence="24" number="4">an</token>
<token t_id="644" sentence="24" number="5">effective</token>
<token t_id="645" sentence="24" number="6">cover</token>
<token t_id="646" sentence="24" number="7">for</token>
<token t_id="647" sentence="24" number="8">him</token>
<token t_id="648" sentence="24" number="9">,</token>
<token t_id="649" sentence="24" number="10">the</token>
<token t_id="650" sentence="24" number="11">very</token>
<token t_id="651" sentence="24" number="12">best</token>
<token t_id="652" sentence="24" number="13">counterintelligence</token>
<token t_id="653" sentence="24" number="14">tradecraft</token>
<token t_id="654" sentence="24" number="15">.</token>
<token t_id="655" sentence="25" number="0">Not</token>
<token t_id="656" sentence="25" number="1">only</token>
<token t_id="657" sentence="25" number="2">had</token>
<token t_id="658" sentence="25" number="3">he</token>
<token t_id="659" sentence="25" number="4">initiated</token>
<token t_id="660" sentence="25" number="5">the</token>
<token t_id="661" sentence="25" number="6">leak</token>
<token t_id="662" sentence="25" number="7">inquiry</token>
<token t_id="663" sentence="25" number="8">,</token>
<token t_id="664" sentence="25" number="9">but</token>
<token t_id="665" sentence="25" number="10">Felt</token>
<token t_id="666" sentence="25" number="11">appeared</token>
<token t_id="667" sentence="25" number="12">to</token>
<token t_id="668" sentence="25" number="13">have</token>
<token t_id="669" sentence="25" number="14">discovered</token>
<token t_id="670" sentence="25" number="15">the</token>
<token t_id="671" sentence="25" number="16">leaker</token>
<token t_id="672" sentence="25" number="17">.</token>
<token t_id="673" sentence="25" number="18">''</token>
<token t_id="674" sentence="26" number="0">Felt</token>
<token t_id="675" sentence="26" number="1">had</token>
<token t_id="676" sentence="26" number="2">insisted</token>
<token t_id="677" sentence="26" number="3">on</token>
<token t_id="678" sentence="26" number="4">remaining</token>
<token t_id="679" sentence="26" number="5">completely</token>
<token t_id="680" sentence="26" number="6">anonymous</token>
<token t_id="681" sentence="26" number="7">,</token>
<token t_id="682" sentence="26" number="8">or</token>
<token t_id="683" sentence="26" number="9">on</token>
<token t_id="684" sentence="26" number="10">``</token>
<token t_id="685" sentence="26" number="11">deep</token>
<token t_id="686" sentence="26" number="12">background</token>
<token t_id="687" sentence="26" number="13">.</token>
<token t_id="688" sentence="26" number="14">''</token>
<token t_id="689" sentence="27" number="0">A</token>
<token t_id="690" sentence="27" number="1">Post</token>
<token t_id="691" sentence="27" number="2">editor</token>
<token t_id="692" sentence="27" number="3">dubbed</token>
<token t_id="693" sentence="27" number="4">him</token>
<token t_id="694" sentence="27" number="5">``</token>
<token t_id="695" sentence="27" number="6">Deep</token>
<token t_id="696" sentence="27" number="7">Throat</token>
<token t_id="697" sentence="27" number="8">,</token>
<token t_id="698" sentence="27" number="9">''</token>
<token t_id="699" sentence="27" number="10">a</token>
<token t_id="700" sentence="27" number="11">bit</token>
<token t_id="701" sentence="27" number="12">of</token>
<token t_id="702" sentence="27" number="13">wordplay</token>
<token t_id="703" sentence="27" number="14">based</token>
<token t_id="704" sentence="27" number="15">on</token>
<token t_id="705" sentence="27" number="16">the</token>
<token t_id="706" sentence="27" number="17">title</token>
<token t_id="707" sentence="27" number="18">of</token>
<token t_id="708" sentence="27" number="19">a</token>
<token t_id="709" sentence="27" number="20">pornographic</token>
<token t_id="710" sentence="27" number="21">movie</token>
<token t_id="711" sentence="27" number="22">of</token>
<token t_id="712" sentence="27" number="23">the</token>
<token t_id="713" sentence="27" number="24">time</token>
<token t_id="714" sentence="27" number="25">.</token>
<token t_id="715" sentence="28" number="0">The</token>
<token t_id="716" sentence="28" number="1">source</token>
<token t_id="717" sentence="28" number="2">'s</token>
<token t_id="718" sentence="28" number="3">existence</token>
<token t_id="719" sentence="28" number="4">,</token>
<token t_id="720" sentence="28" number="5">but</token>
<token t_id="721" sentence="28" number="6">not</token>
<token t_id="722" sentence="28" number="7">his</token>
<token t_id="723" sentence="28" number="8">identity</token>
<token t_id="724" sentence="28" number="9">,</token>
<token t_id="725" sentence="28" number="10">became</token>
<token t_id="726" sentence="28" number="11">known</token>
<token t_id="727" sentence="28" number="12">in</token>
<token t_id="728" sentence="28" number="13">Woodward</token>
<token t_id="729" sentence="28" number="14">and</token>
<token t_id="730" sentence="28" number="15">Bernstein</token>
<token t_id="731" sentence="28" number="16">'s</token>
<token t_id="732" sentence="28" number="17">1974</token>
<token t_id="733" sentence="28" number="18">book</token>
<token t_id="734" sentence="28" number="19">,</token>
<token t_id="735" sentence="28" number="20">``</token>
<token t_id="736" sentence="28" number="21">All</token>
<token t_id="737" sentence="28" number="22">the</token>
<token t_id="738" sentence="28" number="23">President</token>
<token t_id="739" sentence="28" number="24">'s</token>
<token t_id="740" sentence="28" number="25">Men</token>
<token t_id="741" sentence="28" number="26">,</token>
<token t_id="742" sentence="28" number="27">''</token>
<token t_id="743" sentence="28" number="28">and</token>
<token t_id="744" sentence="28" number="29">in</token>
<token t_id="745" sentence="28" number="30">the</token>
<token t_id="746" sentence="28" number="31">subsequent</token>
<token t_id="747" sentence="28" number="32">movie</token>
<token t_id="748" sentence="28" number="33">version</token>
<token t_id="749" sentence="28" number="34">,</token>
<token t_id="750" sentence="28" number="35">in</token>
<token t_id="751" sentence="28" number="36">which</token>
<token t_id="752" sentence="28" number="37">actor</token>
<token t_id="753" sentence="28" number="38">Hal</token>
<token t_id="754" sentence="28" number="39">Holbrook</token>
<token t_id="755" sentence="28" number="40">played</token>
<token t_id="756" sentence="28" number="41">the</token>
<token t_id="757" sentence="28" number="42">charismatic</token>
<token t_id="758" sentence="28" number="43">but</token>
<token t_id="759" sentence="28" number="44">shadowy</token>
<token t_id="760" sentence="28" number="45">source</token>
<token t_id="761" sentence="28" number="46">.</token>
<token t_id="762" sentence="29" number="0">It</token>
<token t_id="763" sentence="29" number="1">was</token>
<token t_id="764" sentence="29" number="2">n't</token>
<token t_id="765" sentence="29" number="3">until</token>
<token t_id="766" sentence="29" number="4">May</token>
<token t_id="767" sentence="29" number="5">30</token>
<token t_id="768" sentence="29" number="6">,</token>
<token t_id="769" sentence="29" number="7">2005</token>
<token t_id="770" sentence="29" number="8">,</token>
<token t_id="771" sentence="29" number="9">that</token>
<token t_id="772" sentence="29" number="10">Felt</token>
<token t_id="773" sentence="29" number="11">'s</token>
<token t_id="774" sentence="29" number="12">family</token>
<token t_id="775" sentence="29" number="13">revealed</token>
<token t_id="776" sentence="29" number="14">his</token>
<token t_id="777" sentence="29" number="15">identity</token>
<token t_id="778" sentence="29" number="16">in</token>
<token t_id="779" sentence="29" number="17">an</token>
<token t_id="780" sentence="29" number="18">article</token>
<token t_id="781" sentence="29" number="19">for</token>
<token t_id="782" sentence="29" number="20">Vanity</token>
<token t_id="783" sentence="29" number="21">Fair</token>
<token t_id="784" sentence="29" number="22">magazine</token>
<token t_id="785" sentence="29" number="23">.</token>
<token t_id="786" sentence="30" number="0">The</token>
<token t_id="787" sentence="30" number="1">story</token>
<token t_id="788" sentence="30" number="2">,</token>
<token t_id="789" sentence="30" number="3">written</token>
<token t_id="790" sentence="30" number="4">by</token>
<token t_id="791" sentence="30" number="5">San</token>
<token t_id="792" sentence="30" number="6">Francisco</token>
<token t_id="793" sentence="30" number="7">lawyer</token>
<token t_id="794" sentence="30" number="8">John</token>
<token t_id="795" sentence="30" number="9">D.</token>
<token t_id="796" sentence="30" number="10">O'Connor</token>
<token t_id="797" sentence="30" number="11">,</token>
<token t_id="798" sentence="30" number="12">did</token>
<token t_id="799" sentence="30" number="13">not</token>
<token t_id="800" sentence="30" number="14">make</token>
<token t_id="801" sentence="30" number="15">clear</token>
<token t_id="802" sentence="30" number="16">why</token>
<token t_id="803" sentence="30" number="17">Felt</token>
<token t_id="804" sentence="30" number="18">,</token>
<token t_id="805" sentence="30" number="19">who</token>
<token t_id="806" sentence="30" number="20">was</token>
<token t_id="807" sentence="30" number="21">suffering</token>
<token t_id="808" sentence="30" number="22">from</token>
<token t_id="809" sentence="30" number="23">dementia</token>
<token t_id="810" sentence="30" number="24">,</token>
<token t_id="811" sentence="30" number="25">admitted</token>
<token t_id="812" sentence="30" number="26">his</token>
<token t_id="813" sentence="30" number="27">role</token>
<token t_id="814" sentence="30" number="28">after</token>
<token t_id="815" sentence="30" number="29">more</token>
<token t_id="816" sentence="30" number="30">than</token>
<token t_id="817" sentence="30" number="31">30</token>
<token t_id="818" sentence="30" number="32">years</token>
<token t_id="819" sentence="30" number="33">.</token>
<token t_id="820" sentence="31" number="0">Woodward</token>
<token t_id="821" sentence="31" number="1">confirmed</token>
<token t_id="822" sentence="31" number="2">the</token>
<token t_id="823" sentence="31" number="3">revelation</token>
<token t_id="824" sentence="31" number="4">,</token>
<token t_id="825" sentence="31" number="5">and</token>
<token t_id="826" sentence="31" number="6">the</token>
<token t_id="827" sentence="31" number="7">secret</token>
<token t_id="828" sentence="31" number="8">was</token>
<token t_id="829" sentence="31" number="9">finally</token>
<token t_id="830" sentence="31" number="10">out</token>
<token t_id="831" sentence="31" number="11">.</token>
<Markables>
<ACTION_OCCURRENCE m_id="23"  >
  <token_anchor t_id="24"/>
  <token_anchor t_id="25"/>
</ACTION_OCCURRENCE>
<ACTION_OCCURRENCE m_id="24"  >
  <token_anchor t_id="43"/>
  <token_anchor t_id="44"/>
</ACTION_OCCURRENCE>
<ACTION_OCCURRENCE m_id="27"  >
  <token_anchor t_id="46"/>
</ACTION_OCCURRENCE>
<ACTION_OCCURRENCE m_id="28"  >
  <token_anchor t_id="50"/>
</ACTION_OCCURRENCE>
<ACTION_OCCURRENCE m_id="22"  >
  <token_anchor t_id="29"/>
</ACTION_OCCURRENCE>
<HUMAN_PART_ORG m_id="21"  >
  <token_anchor t_id="21"/>
</HUMAN_PART_ORG>
<HUMAN_PART_PER m_id="15"  >
  <token_anchor t_id="11"/>
  <token_anchor t_id="12"/>
  <token_anchor t_id="13"/>
  <token_anchor t_id="14"/>
</HUMAN_PART_PER>
<HUMAN_PART_PER m_id="16"  >
  <token_anchor t_id="18"/>
</HUMAN_PART_PER>
<HUMAN_PART_PER m_id="17"  >
  <token_anchor t_id="26"/>
</HUMAN_PART_PER>
<HUMAN_PART_PER m_id="18"  >
  <token_anchor t_id="41"/>
</HUMAN_PART_PER>
<HUMAN_PART_PER m_id="19"  >
  <token_anchor t_id="49"/>
</HUMAN_PART_PER>
<LOC_FAC m_id="25"  >
  <token_anchor t_id="55"/>
  <token_anchor t_id="56"/>
  <token_anchor t_id="57"/>
  <token_anchor t_id="58"/>
  <token_anchor t_id="59"/>
  <token_anchor t_id="60"/>
  <token_anchor t_id="61"/>
  <token_anchor t_id="62"/>
  <token_anchor t_id="63"/>
</LOC_FAC>
<TIME_DATE m_id="20"  >
  <token_anchor t_id="47"/>
</TIME_DATE>
<TIME_OF_THE_DAY m_id="26"  >
  <token_anchor t_id="51"/>
  <token_anchor t_id="52"/>
  <token_anchor t_id="53"/>
</TIME_OF_THE_DAY>


<HUMAN_PART_PER m_id="29" note="byCROMER" >
  <token_anchor t_id="32"/>
  <token_anchor t_id="33"/>
</HUMAN_PART_PER>


<TIME_DATE m_id="36" RELATED_TO="" TAG_DESCRIPTOR="t28b_friday" instance_id="TIM16942378538232679" />
<ACTION_OCCURRENCE m_id="35" RELATED_TO="" TAG_DESCRIPTOR="t28_watergate_scandal" instance_id="ACT16762238189665929" />
<ACTION_OCCURRENCE m_id="34" RELATED_TO="" TAG_DESCRIPTOR="t28b_known_as" instance_id="ACT16974938297863649" />
<LOC_FAC m_id="33" RELATED_TO="" TAG_DESCRIPTOR="t28b_his_home" instance_id="LOC16942449552455123" />
<HUMAN_PART_PER m_id="32" RELATED_TO="" TAG_DESCRIPTOR="t28_deep_throat" instance_id="HUM16762545642473164" />
<HUMAN_PART_PER m_id="31" RELATED_TO="" TAG_DESCRIPTOR="t28b_mark_felt" instance_id="HUM16762554083083396" />
<ACTION_OCCURRENCE m_id="30" RELATED_TO="" TAG_DESCRIPTOR="t28b_mark_felt_dies" instance_id="ACT16762501657378707" />
</Markables>

<Relations>
<CROSS_DOC_COREF r_id="37052" note="ACT16762501657378707" >
  <source m_id="27" />
  <source m_id="28" />
  <target m_id="30" />
</CROSS_DOC_COREF>
<CROSS_DOC_COREF r_id="37053" note="HUM16762554083083396" >
  <source m_id="15" />
  <source m_id="19" />
  <source m_id="18" />
  <source m_id="16" />
  <source m_id="17" />
  <target m_id="31" />
</CROSS_DOC_COREF>
<CROSS_DOC_COREF r_id="37054" note="HUM16762545642473164" >
  <source m_id="29" />
  <target m_id="32" />
</CROSS_DOC_COREF>
<CROSS_DOC_COREF r_id="37055" note="LOC16942449552455123" >
  <source m_id="25" />
  <target m_id="33" />
</CROSS_DOC_COREF>
<CROSS_DOC_COREF r_id="37056" note="ACT16974938297863649" >
  <source m_id="22" />
  <target m_id="34" />
</CROSS_DOC_COREF>
<CROSS_DOC_COREF r_id="37057" note="ACT16762238189665929" >
  <source m_id="23" />
  <target m_id="35" />
</CROSS_DOC_COREF>
<CROSS_DOC_COREF r_id="37058" note="TIM16942378538232679" >
  <source m_id="20" />
  <target m_id="36" />
</CROSS_DOC_COREF>

</Relations>
</Document>
