<Document doc_name="28_12ecb.xml" doc_id="DOC15654958256218915">
<token t_id="1" sentence="0" number="0">Mark</token>
<token t_id="2" sentence="0" number="1">Felt</token>
<token t_id="3" sentence="0" number="2">,</token>
<token t_id="4" sentence="0" number="3">'Deep</token>
<token t_id="5" sentence="0" number="4">Throat</token>
<token t_id="6" sentence="0" number="5">'</token>
<token t_id="7" sentence="0" number="6">in</token>
<token t_id="8" sentence="0" number="7">Watergate</token>
<token t_id="9" sentence="0" number="8">reports</token>
<token t_id="10" sentence="0" number="9">,</token>
<token t_id="11" sentence="0" number="10">dies</token>
<token t_id="12" sentence="1" number="0">Former</token>
<token t_id="13" sentence="1" number="1">FBI</token>
<token t_id="14" sentence="1" number="2">official</token>
<token t_id="15" sentence="1" number="3">had</token>
<token t_id="16" sentence="1" number="4">storied</token>
<token t_id="17" sentence="1" number="5">role</token>
<token t_id="18" sentence="1" number="6">in</token>
<token t_id="19" sentence="1" number="7">Washington</token>
<token t_id="20" sentence="1" number="8">Post</token>
<token t_id="21" sentence="1" number="9">investigation</token>
<token t_id="22" sentence="1" number="10">that</token>
<token t_id="23" sentence="1" number="11">brought</token>
<token t_id="24" sentence="1" number="12">down</token>
<token t_id="25" sentence="1" number="13">Nixon</token>
<token t_id="26" sentence="2" number="0">W.</token>
<token t_id="27" sentence="2" number="1">Mark</token>
<token t_id="28" sentence="2" number="2">Felt</token>
<token t_id="29" sentence="2" number="3">,</token>
<token t_id="30" sentence="2" number="4">the</token>
<token t_id="31" sentence="2" number="5">former</token>
<token t_id="32" sentence="2" number="6">FBI</token>
<token t_id="33" sentence="2" number="7">official</token>
<token t_id="34" sentence="2" number="8">who</token>
<token t_id="35" sentence="2" number="9">ended</token>
<token t_id="36" sentence="2" number="10">one</token>
<token t_id="37" sentence="2" number="11">of</token>
<token t_id="38" sentence="2" number="12">the</token>
<token t_id="39" sentence="2" number="13">United</token>
<token t_id="40" sentence="2" number="14">States</token>
<token t_id="41" sentence="2" number="15">'</token>
<token t_id="42" sentence="2" number="16">most</token>
<token t_id="43" sentence="2" number="17">intriguing</token>
<token t_id="44" sentence="2" number="18">political</token>
<token t_id="45" sentence="2" number="19">mysteries</token>
<token t_id="46" sentence="2" number="20">when</token>
<token t_id="47" sentence="2" number="21">he</token>
<token t_id="48" sentence="2" number="22">identified</token>
<token t_id="49" sentence="2" number="23">himself</token>
<token t_id="50" sentence="2" number="24">as</token>
<token t_id="51" sentence="2" number="25">``</token>
<token t_id="52" sentence="2" number="26">Deep</token>
<token t_id="53" sentence="2" number="27">Throat</token>
<token t_id="54" sentence="2" number="28">''</token>
<token t_id="55" sentence="2" number="29">--</token>
<token t_id="56" sentence="2" number="30">the</token>
<token t_id="57" sentence="2" number="31">nickname</token>
<token t_id="58" sentence="2" number="32">for</token>
<token t_id="59" sentence="2" number="33">the</token>
<token t_id="60" sentence="2" number="34">anonymous</token>
<token t_id="61" sentence="2" number="35">source</token>
<token t_id="62" sentence="2" number="36">who</token>
<token t_id="63" sentence="2" number="37">helped</token>
<token t_id="64" sentence="2" number="38">guide</token>
<token t_id="65" sentence="2" number="39">The</token>
<token t_id="66" sentence="2" number="40">Washington</token>
<token t_id="67" sentence="2" number="41">Post</token>
<token t_id="68" sentence="2" number="42">'s</token>
<token t_id="69" sentence="2" number="43">Pulitzer</token>
<token t_id="70" sentence="2" number="44">Prize-winning</token>
<token t_id="71" sentence="2" number="45">investigation</token>
<token t_id="72" sentence="2" number="46">into</token>
<token t_id="73" sentence="2" number="47">the</token>
<token t_id="74" sentence="2" number="48">Watergate</token>
<token t_id="75" sentence="2" number="49">scandal</token>
<token t_id="76" sentence="2" number="50">--</token>
<token t_id="77" sentence="2" number="51">has</token>
<token t_id="78" sentence="2" number="52">died</token>
<token t_id="79" sentence="2" number="53">.</token>
<token t_id="80" sentence="3" number="0">He</token>
<token t_id="81" sentence="3" number="1">was</token>
<token t_id="82" sentence="3" number="2">95</token>
<token t_id="83" sentence="3" number="3">.</token>
<token t_id="84" sentence="4" number="0">A</token>
<token t_id="85" sentence="4" number="1">controversial</token>
<token t_id="86" sentence="4" number="2">figure</token>
<token t_id="87" sentence="4" number="3">who</token>
<token t_id="88" sentence="4" number="4">was</token>
<token t_id="89" sentence="4" number="5">later</token>
<token t_id="90" sentence="4" number="6">convicted</token>
<token t_id="91" sentence="4" number="7">of</token>
<token t_id="92" sentence="4" number="8">authorizing</token>
<token t_id="93" sentence="4" number="9">illegal</token>
<token t_id="94" sentence="4" number="10">activities</token>
<token t_id="95" sentence="4" number="11">in</token>
<token t_id="96" sentence="4" number="12">pursuit</token>
<token t_id="97" sentence="4" number="13">of</token>
<token t_id="98" sentence="4" number="14">members</token>
<token t_id="99" sentence="4" number="15">of</token>
<token t_id="100" sentence="4" number="16">the</token>
<token t_id="101" sentence="4" number="17">radical</token>
<token t_id="102" sentence="4" number="18">Weather</token>
<token t_id="103" sentence="4" number="19">Underground</token>
<token t_id="104" sentence="4" number="20">,</token>
<token t_id="105" sentence="4" number="21">Felt</token>
<token t_id="106" sentence="4" number="22">died</token>
<token t_id="107" sentence="4" number="23">of</token>
<token t_id="108" sentence="4" number="24">heart</token>
<token t_id="109" sentence="4" number="25">failure</token>
<token t_id="110" sentence="4" number="26">Thursday</token>
<token t_id="111" sentence="4" number="27">at</token>
<token t_id="112" sentence="4" number="28">his</token>
<token t_id="113" sentence="4" number="29">home</token>
<token t_id="114" sentence="4" number="30">in</token>
<token t_id="115" sentence="4" number="31">Santa</token>
<token t_id="116" sentence="4" number="32">Rosa</token>
<token t_id="117" sentence="4" number="33">,</token>
<token t_id="118" sentence="4" number="34">Calif</token>
<token t_id="119" sentence="4" number="35">.</token>
<token t_id="120" sentence="4" number="36">,</token>
<token t_id="121" sentence="4" number="37">his</token>
<token t_id="122" sentence="4" number="38">grandson</token>
<token t_id="123" sentence="4" number="39">Rob</token>
<token t_id="124" sentence="4" number="40">Jones</token>
<token t_id="125" sentence="4" number="41">said</token>
<token t_id="126" sentence="4" number="42">.</token>
<token t_id="127" sentence="5" number="0">Felt</token>
<token t_id="128" sentence="5" number="1">was</token>
<token t_id="129" sentence="5" number="2">deputy</token>
<token t_id="130" sentence="5" number="3">associate</token>
<token t_id="131" sentence="5" number="4">director</token>
<token t_id="132" sentence="5" number="5">of</token>
<token t_id="133" sentence="5" number="6">the</token>
<token t_id="134" sentence="5" number="7">FBI</token>
<token t_id="135" sentence="5" number="8">in</token>
<token t_id="136" sentence="5" number="9">1972</token>
<token t_id="137" sentence="5" number="10">when</token>
<token t_id="138" sentence="5" number="11">he</token>
<token t_id="139" sentence="5" number="12">began</token>
<token t_id="140" sentence="5" number="13">supplying</token>
<token t_id="141" sentence="5" number="14">information</token>
<token t_id="142" sentence="5" number="15">to</token>
<token t_id="143" sentence="5" number="16">Bob</token>
<token t_id="144" sentence="5" number="17">Woodward</token>
<token t_id="145" sentence="5" number="18">,</token>
<token t_id="146" sentence="5" number="19">who</token>
<token t_id="147" sentence="5" number="20">with</token>
<token t_id="148" sentence="5" number="21">Carl</token>
<token t_id="149" sentence="5" number="22">Bernstein</token>
<token t_id="150" sentence="5" number="23">made</token>
<token t_id="151" sentence="5" number="24">up</token>
<token t_id="152" sentence="5" number="25">The</token>
<token t_id="153" sentence="5" number="26">Post</token>
<token t_id="154" sentence="5" number="27">'s</token>
<token t_id="155" sentence="5" number="28">investigative</token>
<token t_id="156" sentence="5" number="29">duo</token>
<token t_id="157" sentence="5" number="30">who</token>
<token t_id="158" sentence="5" number="31">doggedly</token>
<token t_id="159" sentence="5" number="32">pursued</token>
<token t_id="160" sentence="5" number="33">the</token>
<token t_id="161" sentence="5" number="34">story</token>
<token t_id="162" sentence="5" number="35">of</token>
<token t_id="163" sentence="5" number="36">the</token>
<token t_id="164" sentence="5" number="37">Watergate</token>
<token t_id="165" sentence="5" number="38">break-in</token>
<token t_id="166" sentence="5" number="39">and</token>
<token t_id="167" sentence="5" number="40">a</token>
<token t_id="168" sentence="5" number="41">conspiracy</token>
<token t_id="169" sentence="5" number="42">that</token>
<token t_id="170" sentence="5" number="43">led</token>
<token t_id="171" sentence="5" number="44">directly</token>
<token t_id="172" sentence="5" number="45">to</token>
<token t_id="173" sentence="5" number="46">President</token>
<token t_id="174" sentence="5" number="47">Richard</token>
<token t_id="175" sentence="5" number="48">M.</token>
<token t_id="176" sentence="5" number="49">Nixon</token>
<token t_id="177" sentence="5" number="50">,</token>
<token t_id="178" sentence="5" number="51">who</token>
<token t_id="179" sentence="5" number="52">ultimately</token>
<token t_id="180" sentence="5" number="53">resigned</token>
<token t_id="181" sentence="5" number="54">.</token>
<token t_id="182" sentence="6" number="0">The</token>
<token t_id="183" sentence="6" number="1">reporters</token>
<token t_id="184" sentence="6" number="2">continued</token>
<token t_id="185" sentence="6" number="3">to</token>
<token t_id="186" sentence="6" number="4">keep</token>
<token t_id="187" sentence="6" number="5">Felt</token>
<token t_id="188" sentence="6" number="6">'s</token>
<token t_id="189" sentence="6" number="7">name</token>
<token t_id="190" sentence="6" number="8">a</token>
<token t_id="191" sentence="6" number="9">secret</token>
<token t_id="192" sentence="6" number="10">,</token>
<token t_id="193" sentence="6" number="11">but</token>
<token t_id="194" sentence="6" number="12">in</token>
<token t_id="195" sentence="6" number="13">2005</token>
<token t_id="196" sentence="6" number="14">,</token>
<token t_id="197" sentence="6" number="15">at</token>
<token t_id="198" sentence="6" number="16">the</token>
<token t_id="199" sentence="6" number="17">age</token>
<token t_id="200" sentence="6" number="18">of</token>
<token t_id="201" sentence="6" number="19">91</token>
<token t_id="202" sentence="6" number="20">,</token>
<token t_id="203" sentence="6" number="21">Felt</token>
<token t_id="204" sentence="6" number="22">told</token>
<token t_id="205" sentence="6" number="23">Vanity</token>
<token t_id="206" sentence="6" number="24">Fair</token>
<token t_id="207" sentence="6" number="25">magazine</token>
<token t_id="208" sentence="6" number="26">,</token>
<token t_id="209" sentence="6" number="27">``</token>
<token t_id="210" sentence="6" number="28">I</token>
<token t_id="211" sentence="6" number="29">'m</token>
<token t_id="212" sentence="6" number="30">the</token>
<token t_id="213" sentence="6" number="31">guy</token>
<token t_id="214" sentence="6" number="32">they</token>
<token t_id="215" sentence="6" number="33">used</token>
<token t_id="216" sentence="6" number="34">to</token>
<token t_id="217" sentence="6" number="35">call</token>
<token t_id="218" sentence="6" number="36">Deep</token>
<token t_id="219" sentence="6" number="37">Throat</token>
<token t_id="220" sentence="6" number="38">.</token>
<token t_id="221" sentence="6" number="39">''</token>
<token t_id="222" sentence="7" number="0">His</token>
<token t_id="223" sentence="7" number="1">disclosure</token>
<token t_id="224" sentence="7" number="2">ended</token>
<token t_id="225" sentence="7" number="3">a</token>
<token t_id="226" sentence="7" number="4">mystery</token>
<token t_id="227" sentence="7" number="5">that</token>
<token t_id="228" sentence="7" number="6">had</token>
<token t_id="229" sentence="7" number="7">intrigued</token>
<token t_id="230" sentence="7" number="8">Washington</token>
<token t_id="231" sentence="7" number="9">insiders</token>
<token t_id="232" sentence="7" number="10">and</token>
<token t_id="233" sentence="7" number="11">journalists</token>
<token t_id="234" sentence="7" number="12">for</token>
<token t_id="235" sentence="7" number="13">three</token>
<token t_id="236" sentence="7" number="14">decades</token>
<token t_id="237" sentence="7" number="15">and</token>
<token t_id="238" sentence="7" number="16">provided</token>
<token t_id="239" sentence="7" number="17">the</token>
<token t_id="240" sentence="7" number="18">grist</token>
<token t_id="241" sentence="7" number="19">for</token>
<token t_id="242" sentence="7" number="20">many</token>
<token t_id="243" sentence="7" number="21">hotly</token>
<token t_id="244" sentence="7" number="22">debated</token>
<token t_id="245" sentence="7" number="23">newspaper</token>
<token t_id="246" sentence="7" number="24">and</token>
<token t_id="247" sentence="7" number="25">magazine</token>
<token t_id="248" sentence="7" number="26">articles</token>
<token t_id="249" sentence="7" number="27">.</token>
<token t_id="250" sentence="8" number="0">While</token>
<token t_id="251" sentence="8" number="1">Felt</token>
<token t_id="252" sentence="8" number="2">'s</token>
<token t_id="253" sentence="8" number="3">name</token>
<token t_id="254" sentence="8" number="4">was</token>
<token t_id="255" sentence="8" number="5">raised</token>
<token t_id="256" sentence="8" number="6">as</token>
<token t_id="257" sentence="8" number="7">a</token>
<token t_id="258" sentence="8" number="8">suspect</token>
<token t_id="259" sentence="8" number="9">on</token>
<token t_id="260" sentence="8" number="10">several</token>
<token t_id="261" sentence="8" number="11">occasions</token>
<token t_id="262" sentence="8" number="12">,</token>
<token t_id="263" sentence="8" number="13">he</token>
<token t_id="264" sentence="8" number="14">always</token>
<token t_id="265" sentence="8" number="15">managed</token>
<token t_id="266" sentence="8" number="16">to</token>
<token t_id="267" sentence="8" number="17">deflect</token>
<token t_id="268" sentence="8" number="18">attention</token>
<token t_id="269" sentence="8" number="19">,</token>
<token t_id="270" sentence="8" number="20">usually</token>
<token t_id="271" sentence="8" number="21">by</token>
<token t_id="272" sentence="8" number="22">saying</token>
<token t_id="273" sentence="8" number="23">that</token>
<token t_id="274" sentence="8" number="24">if</token>
<token t_id="275" sentence="8" number="25">had</token>
<token t_id="276" sentence="8" number="26">been</token>
<token t_id="277" sentence="8" number="27">Deep</token>
<token t_id="278" sentence="8" number="28">Throat</token>
<token t_id="279" sentence="8" number="29">he</token>
<token t_id="280" sentence="8" number="30">would</token>
<token t_id="281" sentence="8" number="31">have</token>
<token t_id="282" sentence="8" number="32">done</token>
<token t_id="283" sentence="8" number="33">a</token>
<token t_id="284" sentence="8" number="34">better</token>
<token t_id="285" sentence="8" number="35">job</token>
<token t_id="286" sentence="8" number="36">of</token>
<token t_id="287" sentence="8" number="37">exposing</token>
<token t_id="288" sentence="8" number="38">the</token>
<token t_id="289" sentence="8" number="39">wrongdoings</token>
<token t_id="290" sentence="8" number="40">at</token>
<token t_id="291" sentence="8" number="41">the</token>
<token t_id="292" sentence="8" number="42">White</token>
<token t_id="293" sentence="8" number="43">House</token>
<token t_id="294" sentence="8" number="44">.</token>
<token t_id="295" sentence="9" number="0">His</token>
<token t_id="296" sentence="9" number="1">disclosure</token>
<token t_id="297" sentence="9" number="2">in</token>
<token t_id="298" sentence="9" number="3">a</token>
<token t_id="299" sentence="9" number="4">Vanity</token>
<token t_id="300" sentence="9" number="5">Fair</token>
<token t_id="301" sentence="9" number="6">article</token>
<token t_id="302" sentence="9" number="7">by</token>
<token t_id="303" sentence="9" number="8">his</token>
<token t_id="304" sentence="9" number="9">family</token>
<token t_id="305" sentence="9" number="10">'s</token>
<token t_id="306" sentence="9" number="11">lawyer</token>
<token t_id="307" sentence="9" number="12">,</token>
<token t_id="308" sentence="9" number="13">John</token>
<token t_id="309" sentence="9" number="14">D.</token>
<token t_id="310" sentence="9" number="15">O'Connor</token>
<token t_id="311" sentence="9" number="16">,</token>
<token t_id="312" sentence="9" number="17">provoked</token>
<token t_id="313" sentence="9" number="18">a</token>
<token t_id="314" sentence="9" number="19">national</token>
<token t_id="315" sentence="9" number="20">debate:</token>
<token t_id="316" sentence="10" number="0">Was</token>
<token t_id="317" sentence="10" number="1">he</token>
<token t_id="318" sentence="10" number="2">a</token>
<token t_id="319" sentence="10" number="3">hero</token>
<token t_id="320" sentence="10" number="4">who</token>
<token t_id="321" sentence="10" number="5">should</token>
<token t_id="322" sentence="10" number="6">be</token>
<token t_id="323" sentence="10" number="7">lauded</token>
<token t_id="324" sentence="10" number="8">for</token>
<token t_id="325" sentence="10" number="9">sparing</token>
<token t_id="326" sentence="10" number="10">the</token>
<token t_id="327" sentence="10" number="11">country</token>
<token t_id="328" sentence="10" number="12">the</token>
<token t_id="329" sentence="10" number="13">strain</token>
<token t_id="330" sentence="10" number="14">of</token>
<token t_id="331" sentence="10" number="15">further</token>
<token t_id="332" sentence="10" number="16">high</token>
<token t_id="333" sentence="10" number="17">crimes</token>
<token t_id="334" sentence="10" number="18">and</token>
<token t_id="335" sentence="10" number="19">misdemeanors</token>
<token t_id="336" sentence="10" number="20">by</token>
<token t_id="337" sentence="10" number="21">the</token>
<token t_id="338" sentence="10" number="22">Nixon</token>
<token t_id="339" sentence="10" number="23">White</token>
<token t_id="340" sentence="10" number="24">House</token>
<token t_id="341" sentence="10" number="25">?</token>
<token t_id="342" sentence="11" number="0">Or</token>
<token t_id="343" sentence="11" number="1">was</token>
<token t_id="344" sentence="11" number="2">he</token>
<token t_id="345" sentence="11" number="3">a</token>
<token t_id="346" sentence="11" number="4">traitor</token>
<token t_id="347" sentence="11" number="5">who</token>
<token t_id="348" sentence="11" number="6">betrayed</token>
<token t_id="349" sentence="11" number="7">not</token>
<token t_id="350" sentence="11" number="8">only</token>
<token t_id="351" sentence="11" number="9">his</token>
<token t_id="352" sentence="11" number="10">president</token>
<token t_id="353" sentence="11" number="11">but</token>
<token t_id="354" sentence="11" number="12">his</token>
<token t_id="355" sentence="11" number="13">oath</token>
<token t_id="356" sentence="11" number="14">of</token>
<token t_id="357" sentence="11" number="15">office</token>
<token t_id="358" sentence="11" number="16">by</token>
<token t_id="359" sentence="11" number="17">disclosing</token>
<token t_id="360" sentence="11" number="18">grand</token>
<token t_id="361" sentence="11" number="19">jury</token>
<token t_id="362" sentence="11" number="20">information</token>
<token t_id="363" sentence="11" number="21">and</token>
<token t_id="364" sentence="11" number="22">the</token>
<token t_id="365" sentence="11" number="23">contents</token>
<token t_id="366" sentence="11" number="24">of</token>
<token t_id="367" sentence="11" number="25">FBI</token>
<token t_id="368" sentence="11" number="26">files</token>
<token t_id="369" sentence="11" number="27">?</token>
<token t_id="370" sentence="12" number="0">For</token>
<token t_id="371" sentence="12" number="1">the</token>
<token t_id="372" sentence="12" number="2">most</token>
<token t_id="373" sentence="12" number="3">part</token>
<token t_id="374" sentence="12" number="4">,</token>
<token t_id="375" sentence="12" number="5">reaction</token>
<token t_id="376" sentence="12" number="6">split</token>
<token t_id="377" sentence="12" number="7">along</token>
<token t_id="378" sentence="12" number="8">political</token>
<token t_id="379" sentence="12" number="9">lines</token>
<token t_id="380" sentence="12" number="10">.</token>
<token t_id="381" sentence="13" number="0">``</token>
<token t_id="382" sentence="13" number="1">There</token>
<token t_id="383" sentence="13" number="2">'s</token>
<token t_id="384" sentence="13" number="3">nothing</token>
<token t_id="385" sentence="13" number="4">heroic</token>
<token t_id="386" sentence="13" number="5">about</token>
<token t_id="387" sentence="13" number="6">breaking</token>
<token t_id="388" sentence="13" number="7">faith</token>
<token t_id="389" sentence="13" number="8">with</token>
<token t_id="390" sentence="13" number="9">your</token>
<token t_id="391" sentence="13" number="10">people</token>
<token t_id="392" sentence="13" number="11">,</token>
<token t_id="393" sentence="13" number="12">''</token>
<token t_id="394" sentence="13" number="13">said</token>
<token t_id="395" sentence="13" number="14">commentator</token>
<token t_id="396" sentence="13" number="15">Patrick</token>
<token t_id="397" sentence="13" number="16">J.</token>
<token t_id="398" sentence="13" number="17">Buchanan</token>
<token t_id="399" sentence="13" number="18">,</token>
<token t_id="400" sentence="13" number="19">a</token>
<token t_id="401" sentence="13" number="20">former</token>
<token t_id="402" sentence="13" number="21">Nixon</token>
<token t_id="403" sentence="13" number="22">speechwriter</token>
<token t_id="404" sentence="13" number="23">.</token>
<token t_id="405" sentence="14" number="0">Felt</token>
<token t_id="406" sentence="14" number="1">``</token>
<token t_id="407" sentence="14" number="2">disgraced</token>
<token t_id="408" sentence="14" number="3">himself</token>
<token t_id="409" sentence="14" number="4">and</token>
<token t_id="410" sentence="14" number="5">dishonored</token>
<token t_id="411" sentence="14" number="6">everything</token>
<token t_id="412" sentence="14" number="7">an</token>
<token t_id="413" sentence="14" number="8">FBI</token>
<token t_id="414" sentence="14" number="9">agent</token>
<token t_id="415" sentence="14" number="10">should</token>
<token t_id="416" sentence="14" number="11">stand</token>
<token t_id="417" sentence="14" number="12">for</token>
<token t_id="418" sentence="14" number="13">.</token>
<token t_id="419" sentence="14" number="14">''</token>
<token t_id="420" sentence="15" number="0">But</token>
<token t_id="421" sentence="15" number="1">Richard</token>
<token t_id="422" sentence="15" number="2">Ben-Veniste</token>
<token t_id="423" sentence="15" number="3">,</token>
<token t_id="424" sentence="15" number="4">a</token>
<token t_id="425" sentence="15" number="5">key</token>
<token t_id="426" sentence="15" number="6">lawyer</token>
<token t_id="427" sentence="15" number="7">in</token>
<token t_id="428" sentence="15" number="8">the</token>
<token t_id="429" sentence="15" number="9">Watergate</token>
<token t_id="430" sentence="15" number="10">prosecution</token>
<token t_id="431" sentence="15" number="11">team</token>
<token t_id="432" sentence="15" number="12">,</token>
<token t_id="433" sentence="15" number="13">said</token>
<token t_id="434" sentence="15" number="14">Felt</token>
<token t_id="435" sentence="15" number="15">'s</token>
<token t_id="436" sentence="15" number="16">role</token>
<token t_id="437" sentence="15" number="17">showed</token>
<token t_id="438" sentence="15" number="18">that</token>
<token t_id="439" sentence="15" number="19">``</token>
<token t_id="440" sentence="15" number="20">the</token>
<token t_id="441" sentence="15" number="21">importance</token>
<token t_id="442" sentence="15" number="22">of</token>
<token t_id="443" sentence="15" number="23">whistle-blowers</token>
<token t_id="444" sentence="15" number="24">should</token>
<token t_id="445" sentence="15" number="25">n't</token>
<token t_id="446" sentence="15" number="26">be</token>
<token t_id="447" sentence="15" number="27">underestimated</token>
<token t_id="448" sentence="15" number="28">,</token>
<token t_id="449" sentence="15" number="29">particularly</token>
<token t_id="450" sentence="15" number="30">when</token>
<token t_id="451" sentence="15" number="31">there</token>
<token t_id="452" sentence="15" number="32">are</token>
<token t_id="453" sentence="15" number="33">excesses</token>
<token t_id="454" sentence="15" number="34">by</token>
<token t_id="455" sentence="15" number="35">the</token>
<token t_id="456" sentence="15" number="36">executive</token>
<token t_id="457" sentence="15" number="37">branch</token>
<token t_id="458" sentence="15" number="38">of</token>
<token t_id="459" sentence="15" number="39">government</token>
<token t_id="460" sentence="15" number="40">--</token>
<token t_id="461" sentence="15" number="41">which</token>
<token t_id="462" sentence="15" number="42">in</token>
<token t_id="463" sentence="15" number="43">this</token>
<token t_id="464" sentence="15" number="44">case</token>
<token t_id="465" sentence="15" number="45">went</token>
<token t_id="466" sentence="15" number="46">all</token>
<token t_id="467" sentence="15" number="47">the</token>
<token t_id="468" sentence="15" number="48">way</token>
<token t_id="469" sentence="15" number="49">to</token>
<token t_id="470" sentence="15" number="50">the</token>
<token t_id="471" sentence="15" number="51">executive</token>
<token t_id="472" sentence="15" number="52">office</token>
<token t_id="473" sentence="15" number="53">.</token>
<token t_id="474" sentence="15" number="54">''</token>
<token t_id="475" sentence="16" number="0">Felt</token>
<token t_id="476" sentence="16" number="1">'s</token>
<token t_id="477" sentence="16" number="2">moment</token>
<token t_id="478" sentence="16" number="3">in</token>
<token t_id="479" sentence="16" number="4">history</token>
<token t_id="480" sentence="16" number="5">began</token>
<token t_id="481" sentence="16" number="6">to</token>
<token t_id="482" sentence="16" number="7">unfold</token>
<token t_id="483" sentence="16" number="8">shortly</token>
<token t_id="484" sentence="16" number="9">after</token>
<token t_id="485" sentence="16" number="10">five</token>
<token t_id="486" sentence="16" number="11">men</token>
<token t_id="487" sentence="16" number="12">in</token>
<token t_id="488" sentence="16" number="13">business</token>
<token t_id="489" sentence="16" number="14">suits</token>
<token t_id="490" sentence="16" number="15">were</token>
<token t_id="491" sentence="16" number="16">arrested</token>
<token t_id="492" sentence="16" number="17">at</token>
<token t_id="493" sentence="16" number="18">the</token>
<token t_id="494" sentence="16" number="19">Watergate</token>
<token t_id="495" sentence="16" number="20">complex</token>
<token t_id="496" sentence="16" number="21">in</token>
<token t_id="497" sentence="16" number="22">Washington</token>
<token t_id="498" sentence="16" number="23">on</token>
<token t_id="499" sentence="16" number="24">June</token>
<token t_id="500" sentence="16" number="25">17</token>
<token t_id="501" sentence="16" number="26">,</token>
<token t_id="502" sentence="16" number="27">1972</token>
<token t_id="503" sentence="16" number="28">,</token>
<token t_id="504" sentence="16" number="29">after</token>
<token t_id="505" sentence="16" number="30">breaking</token>
<token t_id="506" sentence="16" number="31">into</token>
<token t_id="507" sentence="16" number="32">the</token>
<token t_id="508" sentence="16" number="33">offices</token>
<token t_id="509" sentence="16" number="34">of</token>
<token t_id="510" sentence="16" number="35">the</token>
<token t_id="511" sentence="16" number="36">Democratic</token>
<token t_id="512" sentence="16" number="37">National</token>
<token t_id="513" sentence="16" number="38">Committee</token>
<token t_id="514" sentence="16" number="39">.</token>
<token t_id="515" sentence="17" number="0">Nixon</token>
<token t_id="516" sentence="17" number="1">press</token>
<token t_id="517" sentence="17" number="2">secretary</token>
<token t_id="518" sentence="17" number="3">Ron</token>
<token t_id="519" sentence="17" number="4">Ziegler</token>
<token t_id="520" sentence="17" number="5">dismissed</token>
<token t_id="521" sentence="17" number="6">the</token>
<token t_id="522" sentence="17" number="7">incident</token>
<token t_id="523" sentence="17" number="8">as</token>
<token t_id="524" sentence="17" number="9">``</token>
<token t_id="525" sentence="17" number="10">a</token>
<token t_id="526" sentence="17" number="11">third-rate</token>
<token t_id="527" sentence="17" number="12">burglary</token>
<token t_id="528" sentence="17" number="13">,</token>
<token t_id="529" sentence="17" number="14">''</token>
<token t_id="530" sentence="17" number="15">but</token>
<token t_id="531" sentence="17" number="16">details</token>
<token t_id="532" sentence="17" number="17">gradually</token>
<token t_id="533" sentence="17" number="18">tumbled</token>
<token t_id="534" sentence="17" number="19">out</token>
<token t_id="535" sentence="17" number="20">tying</token>
<token t_id="536" sentence="17" number="21">the</token>
<token t_id="537" sentence="17" number="22">burglars</token>
<token t_id="538" sentence="17" number="23">to</token>
<token t_id="539" sentence="17" number="24">the</token>
<token t_id="540" sentence="17" number="25">president</token>
<token t_id="541" sentence="17" number="26">'s</token>
<token t_id="542" sentence="17" number="27">re-election</token>
<token t_id="543" sentence="17" number="28">campaign</token>
<token t_id="544" sentence="17" number="29">.</token>
<token t_id="545" sentence="18" number="0">Misdeeds</token>
<token t_id="546" sentence="18" number="1">in</token>
<token t_id="547" sentence="18" number="2">the</token>
<token t_id="548" sentence="18" number="3">White</token>
<token t_id="549" sentence="18" number="4">House</token>
<token t_id="550" sentence="18" number="5">were</token>
<token t_id="551" sentence="18" number="6">uncovered</token>
<token t_id="552" sentence="18" number="7">,</token>
<token t_id="553" sentence="18" number="8">hearings</token>
<token t_id="554" sentence="18" number="9">were</token>
<token t_id="555" sentence="18" number="10">conducted</token>
<token t_id="556" sentence="18" number="11">in</token>
<token t_id="557" sentence="18" number="12">the</token>
<token t_id="558" sentence="18" number="13">House</token>
<token t_id="559" sentence="18" number="14">of</token>
<token t_id="560" sentence="18" number="15">Representatives</token>
<token t_id="561" sentence="18" number="16">and</token>
<token t_id="562" sentence="18" number="17">Senate</token>
<token t_id="563" sentence="18" number="18">,</token>
<token t_id="564" sentence="18" number="19">and</token>
<token t_id="565" sentence="18" number="20">for</token>
<token t_id="566" sentence="18" number="21">the</token>
<token t_id="567" sentence="18" number="22">first</token>
<token t_id="568" sentence="18" number="23">time</token>
<token t_id="569" sentence="18" number="24">in</token>
<token t_id="570" sentence="18" number="25">American</token>
<token t_id="571" sentence="18" number="26">history</token>
<token t_id="572" sentence="18" number="27">a</token>
<token t_id="573" sentence="18" number="28">president</token>
<token t_id="574" sentence="18" number="29">was</token>
<token t_id="575" sentence="18" number="30">forced</token>
<token t_id="576" sentence="18" number="31">to</token>
<token t_id="577" sentence="18" number="32">resign</token>
<token t_id="578" sentence="18" number="33">.</token>
<token t_id="579" sentence="19" number="0">The</token>
<token t_id="580" sentence="19" number="1">relationship</token>
<token t_id="581" sentence="19" number="2">that</token>
<token t_id="582" sentence="19" number="3">defined</token>
<token t_id="583" sentence="19" number="4">a</token>
<token t_id="584" sentence="19" number="5">generation</token>
<token t_id="585" sentence="19" number="6">in</token>
<token t_id="586" sentence="19" number="7">journalism</token>
<token t_id="587" sentence="19" number="8">began</token>
<token t_id="588" sentence="19" number="9">about</token>
<token t_id="589" sentence="19" number="10">1970</token>
<token t_id="590" sentence="19" number="11">when</token>
<token t_id="591" sentence="19" number="12">Woodward</token>
<token t_id="592" sentence="19" number="13">was</token>
<token t_id="593" sentence="19" number="14">a</token>
<token t_id="594" sentence="19" number="15">Navy</token>
<token t_id="595" sentence="19" number="16">lieutenant</token>
<token t_id="596" sentence="19" number="17">assigned</token>
<token t_id="597" sentence="19" number="18">to</token>
<token t_id="598" sentence="19" number="19">the</token>
<token t_id="599" sentence="19" number="20">Pentagon</token>
<token t_id="600" sentence="19" number="21">as</token>
<token t_id="601" sentence="19" number="22">a</token>
<token t_id="602" sentence="19" number="23">watch</token>
<token t_id="603" sentence="19" number="24">officer</token>
<token t_id="604" sentence="19" number="25">.</token>
<token t_id="605" sentence="20" number="0">In</token>
<token t_id="606" sentence="20" number="1">his</token>
<token t_id="607" sentence="20" number="2">book</token>
<token t_id="608" sentence="20" number="3">,</token>
<token t_id="609" sentence="20" number="4">``</token>
<token t_id="610" sentence="20" number="5">The</token>
<token t_id="611" sentence="20" number="6">Secret</token>
<token t_id="612" sentence="20" number="7">Man</token>
<token t_id="613" sentence="20" number="8">:</token>
<token t_id="614" sentence="20" number="9">The</token>
<token t_id="615" sentence="20" number="10">Story</token>
<token t_id="616" sentence="20" number="11">of</token>
<token t_id="617" sentence="20" number="12">Watergate</token>
<token t_id="618" sentence="20" number="13">'s</token>
<token t_id="619" sentence="20" number="14">Deep</token>
<token t_id="620" sentence="20" number="15">Throat</token>
<token t_id="621" sentence="20" number="16">,</token>
<token t_id="622" sentence="20" number="17">''</token>
<token t_id="623" sentence="20" number="18">published</token>
<token t_id="624" sentence="20" number="19">after</token>
<token t_id="625" sentence="20" number="20">the</token>
<token t_id="626" sentence="20" number="21">Vanity</token>
<token t_id="627" sentence="20" number="22">Fair</token>
<token t_id="628" sentence="20" number="23">article</token>
<token t_id="629" sentence="20" number="24">appeared</token>
<token t_id="630" sentence="20" number="25">,</token>
<token t_id="631" sentence="20" number="26">Woodward</token>
<token t_id="632" sentence="20" number="27">wrote</token>
<token t_id="633" sentence="20" number="28">that</token>
<token t_id="634" sentence="20" number="29">he</token>
<token t_id="635" sentence="20" number="30">met</token>
<token t_id="636" sentence="20" number="31">Felt</token>
<token t_id="637" sentence="20" number="32">when</token>
<token t_id="638" sentence="20" number="33">he</token>
<token t_id="639" sentence="20" number="34">delivered</token>
<token t_id="640" sentence="20" number="35">a</token>
<token t_id="641" sentence="20" number="36">package</token>
<token t_id="642" sentence="20" number="37">of</token>
<token t_id="643" sentence="20" number="38">documents</token>
<token t_id="644" sentence="20" number="39">to</token>
<token t_id="645" sentence="20" number="40">the</token>
<token t_id="646" sentence="20" number="41">White</token>
<token t_id="647" sentence="20" number="42">House</token>
<token t_id="648" sentence="20" number="43">and</token>
<token t_id="649" sentence="20" number="44">struck</token>
<token t_id="650" sentence="20" number="45">up</token>
<token t_id="651" sentence="20" number="46">a</token>
<token t_id="652" sentence="20" number="47">conversation</token>
<token t_id="653" sentence="20" number="48">with</token>
<token t_id="654" sentence="20" number="49">him</token>
<token t_id="655" sentence="20" number="50">in</token>
<token t_id="656" sentence="20" number="51">a</token>
<token t_id="657" sentence="20" number="52">waiting</token>
<token t_id="658" sentence="20" number="53">room</token>
<token t_id="659" sentence="20" number="54">.</token>
<token t_id="660" sentence="21" number="0">From</token>
<token t_id="661" sentence="21" number="1">that</token>
<token t_id="662" sentence="21" number="2">initial</token>
<token t_id="663" sentence="21" number="3">meeting</token>
<token t_id="664" sentence="21" number="4">,</token>
<token t_id="665" sentence="21" number="5">Woodward</token>
<token t_id="666" sentence="21" number="6">cultivated</token>
<token t_id="667" sentence="21" number="7">a</token>
<token t_id="668" sentence="21" number="8">friendship</token>
<token t_id="669" sentence="21" number="9">that</token>
<token t_id="670" sentence="21" number="10">would</token>
<token t_id="671" sentence="21" number="11">pay</token>
<token t_id="672" sentence="21" number="12">off</token>
<token t_id="673" sentence="21" number="13">handsomely</token>
<token t_id="674" sentence="21" number="14">after</token>
<token t_id="675" sentence="21" number="15">he</token>
<token t_id="676" sentence="21" number="16">entered</token>
<token t_id="677" sentence="21" number="17">journalism</token>
<token t_id="678" sentence="21" number="18">.</token>
<token t_id="679" sentence="22" number="0">Felt</token>
<token t_id="680" sentence="22" number="1">began</token>
<token t_id="681" sentence="22" number="2">to</token>
<token t_id="682" sentence="22" number="3">provide</token>
<token t_id="683" sentence="22" number="4">tips</token>
<token t_id="684" sentence="22" number="5">to</token>
<token t_id="685" sentence="22" number="6">Woodward</token>
<token t_id="686" sentence="22" number="7">when</token>
<token t_id="687" sentence="22" number="8">he</token>
<token t_id="688" sentence="22" number="9">was</token>
<token t_id="689" sentence="22" number="10">a</token>
<token t_id="690" sentence="22" number="11">cub</token>
<token t_id="691" sentence="22" number="12">reporter</token>
<token t_id="692" sentence="22" number="13">at</token>
<token t_id="693" sentence="22" number="14">the</token>
<token t_id="694" sentence="22" number="15">Montgomery</token>
<token t_id="695" sentence="22" number="16">County</token>
<token t_id="696" sentence="22" number="17">Sentinel</token>
<token t_id="697" sentence="22" number="18">,</token>
<token t_id="698" sentence="22" number="19">a</token>
<token t_id="699" sentence="22" number="20">suburban</token>
<token t_id="700" sentence="22" number="21">Maryland</token>
<token t_id="701" sentence="22" number="22">newspaper</token>
<token t_id="702" sentence="22" number="23">,</token>
<token t_id="703" sentence="22" number="24">and</token>
<token t_id="704" sentence="22" number="25">later</token>
<token t_id="705" sentence="22" number="26">at</token>
<token t_id="706" sentence="22" number="27">The</token>
<token t_id="707" sentence="22" number="28">Post</token>
<token t_id="708" sentence="22" number="29">,</token>
<token t_id="709" sentence="22" number="30">where</token>
<token t_id="710" sentence="22" number="31">he</token>
<token t_id="711" sentence="22" number="32">was</token>
<token t_id="712" sentence="22" number="33">tipped</token>
<token t_id="713" sentence="22" number="34">by</token>
<token t_id="714" sentence="22" number="35">Felt</token>
<token t_id="715" sentence="22" number="36">on</token>
<token t_id="716" sentence="22" number="37">stories</token>
<token t_id="717" sentence="22" number="38">about</token>
<token t_id="718" sentence="22" number="39">the</token>
<token t_id="719" sentence="22" number="40">investigation</token>
<token t_id="720" sentence="22" number="41">of</token>
<token t_id="721" sentence="22" number="42">the</token>
<token t_id="722" sentence="22" number="43">1972</token>
<token t_id="723" sentence="22" number="44">shooting</token>
<token t_id="724" sentence="22" number="45">of</token>
<token t_id="725" sentence="22" number="46">George</token>
<token t_id="726" sentence="22" number="47">C.</token>
<token t_id="727" sentence="22" number="48">Wallace</token>
<token t_id="728" sentence="22" number="49">,</token>
<token t_id="729" sentence="22" number="50">the</token>
<token t_id="730" sentence="22" number="51">Alabama</token>
<token t_id="731" sentence="22" number="52">governor</token>
<token t_id="732" sentence="22" number="53">then</token>
<token t_id="733" sentence="22" number="54">running</token>
<token t_id="734" sentence="22" number="55">for</token>
<token t_id="735" sentence="22" number="56">president</token>
<token t_id="736" sentence="22" number="57">.</token>
<token t_id="737" sentence="23" number="0">When</token>
<token t_id="738" sentence="23" number="1">Woodward</token>
<token t_id="739" sentence="23" number="2">was</token>
<token t_id="740" sentence="23" number="3">assigned</token>
<token t_id="741" sentence="23" number="4">to</token>
<token t_id="742" sentence="23" number="5">the</token>
<token t_id="743" sentence="23" number="6">Watergate</token>
<token t_id="744" sentence="23" number="7">break-in</token>
<token t_id="745" sentence="23" number="8">,</token>
<token t_id="746" sentence="23" number="9">he</token>
<token t_id="747" sentence="23" number="10">again</token>
<token t_id="748" sentence="23" number="11">pressed</token>
<token t_id="749" sentence="23" number="12">Felt</token>
<token t_id="750" sentence="23" number="13">for</token>
<token t_id="751" sentence="23" number="14">help</token>
<token t_id="752" sentence="23" number="15">.</token>
<token t_id="753" sentence="24" number="0">His</token>
<token t_id="754" sentence="24" number="1">request</token>
<token t_id="755" sentence="24" number="2">came</token>
<token t_id="756" sentence="24" number="3">during</token>
<token t_id="757" sentence="24" number="4">a</token>
<token t_id="758" sentence="24" number="5">crucial</token>
<token t_id="759" sentence="24" number="6">moment</token>
<token t_id="760" sentence="24" number="7">in</token>
<token t_id="761" sentence="24" number="8">the</token>
<token t_id="762" sentence="24" number="9">FBI</token>
<token t_id="763" sentence="24" number="10">'s</token>
<token t_id="764" sentence="24" number="11">history:</token>
<token t_id="765" sentence="25" number="0">Felt</token>
<token t_id="766" sentence="25" number="1">'s</token>
<token t_id="767" sentence="25" number="2">mentor</token>
<token t_id="768" sentence="25" number="3">,</token>
<token t_id="769" sentence="25" number="4">the</token>
<token t_id="770" sentence="25" number="5">legendary</token>
<token t_id="771" sentence="25" number="6">founding</token>
<token t_id="772" sentence="25" number="7">director</token>
<token t_id="773" sentence="25" number="8">J.</token>
<token t_id="774" sentence="25" number="9">Edgar</token>
<token t_id="775" sentence="25" number="10">Hoover</token>
<token t_id="776" sentence="25" number="11">,</token>
<token t_id="777" sentence="25" number="12">had</token>
<token t_id="778" sentence="25" number="13">died</token>
<token t_id="779" sentence="25" number="14">the</token>
<token t_id="780" sentence="25" number="15">month</token>
<token t_id="781" sentence="25" number="16">before</token>
<token t_id="782" sentence="25" number="17">the</token>
<token t_id="783" sentence="25" number="18">break-in</token>
<token t_id="784" sentence="25" number="19">,</token>
<token t_id="785" sentence="25" number="20">and</token>
<token t_id="786" sentence="25" number="21">Assistant</token>
<token t_id="787" sentence="25" number="22">Attorney</token>
<token t_id="788" sentence="25" number="23">General</token>
<token t_id="789" sentence="25" number="24">L.</token>
<token t_id="790" sentence="25" number="25">Patrick</token>
<token t_id="791" sentence="25" number="26">Gray</token>
<token t_id="792" sentence="25" number="27">III</token>
<token t_id="793" sentence="25" number="28">had</token>
<token t_id="794" sentence="25" number="29">been</token>
<token t_id="795" sentence="25" number="30">named</token>
<token t_id="796" sentence="25" number="31">acting</token>
<token t_id="797" sentence="25" number="32">director</token>
<token t_id="798" sentence="25" number="33">.</token>
<token t_id="799" sentence="26" number="0">Felt</token>
<token t_id="800" sentence="26" number="1">feared</token>
<token t_id="801" sentence="26" number="2">--</token>
<token t_id="802" sentence="26" number="3">and</token>
<token t_id="803" sentence="26" number="4">his</token>
<token t_id="804" sentence="26" number="5">suspicions</token>
<token t_id="805" sentence="26" number="6">were</token>
<token t_id="806" sentence="26" number="7">later</token>
<token t_id="807" sentence="26" number="8">proven</token>
<token t_id="808" sentence="26" number="9">right</token>
<token t_id="809" sentence="26" number="10">--</token>
<token t_id="810" sentence="26" number="11">that</token>
<token t_id="811" sentence="26" number="12">Gray</token>
<token t_id="812" sentence="26" number="13">was</token>
<token t_id="813" sentence="26" number="14">too</token>
<token t_id="814" sentence="26" number="15">close</token>
<token t_id="815" sentence="26" number="16">to</token>
<token t_id="816" sentence="26" number="17">the</token>
<token t_id="817" sentence="26" number="18">Nixon</token>
<token t_id="818" sentence="26" number="19">administration</token>
<token t_id="819" sentence="26" number="20">to</token>
<token t_id="820" sentence="26" number="21">conduct</token>
<token t_id="821" sentence="26" number="22">an</token>
<token t_id="822" sentence="26" number="23">uncompromised</token>
<token t_id="823" sentence="26" number="24">investigation</token>
<token t_id="824" sentence="26" number="25">.</token>
<token t_id="825" sentence="27" number="0">Felt</token>
<token t_id="826" sentence="27" number="1">agreed</token>
<token t_id="827" sentence="27" number="2">to</token>
<token t_id="828" sentence="27" number="3">help</token>
<token t_id="829" sentence="27" number="4">Woodward</token>
<token t_id="830" sentence="27" number="5">but</token>
<token t_id="831" sentence="27" number="6">only</token>
<token t_id="832" sentence="27" number="7">on</token>
<token t_id="833" sentence="27" number="8">``</token>
<token t_id="834" sentence="27" number="9">deep</token>
<token t_id="835" sentence="27" number="10">background</token>
<token t_id="836" sentence="27" number="11">,</token>
<token t_id="837" sentence="27" number="12">''</token>
<token t_id="838" sentence="27" number="13">a</token>
<token t_id="839" sentence="27" number="14">term</token>
<token t_id="840" sentence="27" number="15">meaning</token>
<token t_id="841" sentence="27" number="16">that</token>
<token t_id="842" sentence="27" number="17">``</token>
<token t_id="843" sentence="27" number="18">the</token>
<token t_id="844" sentence="27" number="19">information</token>
<token t_id="845" sentence="27" number="20">could</token>
<token t_id="846" sentence="27" number="21">be</token>
<token t_id="847" sentence="27" number="22">used</token>
<token t_id="848" sentence="27" number="23">,</token>
<token t_id="849" sentence="27" number="24">''</token>
<token t_id="850" sentence="27" number="25">Woodward</token>
<token t_id="851" sentence="27" number="26">wrote</token>
<token t_id="852" sentence="27" number="27">,</token>
<token t_id="853" sentence="27" number="28">``</token>
<token t_id="854" sentence="27" number="29">but</token>
<token t_id="855" sentence="27" number="30">no</token>
<token t_id="856" sentence="27" number="31">source</token>
<token t_id="857" sentence="27" number="32">of</token>
<token t_id="858" sentence="27" number="33">any</token>
<token t_id="859" sentence="27" number="34">kind</token>
<token t_id="860" sentence="27" number="35">would</token>
<token t_id="861" sentence="27" number="36">be</token>
<token t_id="862" sentence="27" number="37">identified</token>
<token t_id="863" sentence="27" number="38">in</token>
<token t_id="864" sentence="27" number="39">the</token>
<token t_id="865" sentence="27" number="40">newspaper</token>
<token t_id="866" sentence="27" number="41">.</token>
<token t_id="867" sentence="27" number="42">''</token>
<token t_id="868" sentence="28" number="0">Felt</token>
<token t_id="869" sentence="28" number="1">insisted</token>
<token t_id="870" sentence="28" number="2">on</token>
<token t_id="871" sentence="28" number="3">using</token>
<token t_id="872" sentence="28" number="4">covert</token>
<token t_id="873" sentence="28" number="5">rules</token>
<token t_id="874" sentence="28" number="6">he</token>
<token t_id="875" sentence="28" number="7">had</token>
<token t_id="876" sentence="28" number="8">learned</token>
<token t_id="877" sentence="28" number="9">while</token>
<token t_id="878" sentence="28" number="10">working</token>
<token t_id="879" sentence="28" number="11">in</token>
<token t_id="880" sentence="28" number="12">the</token>
<token t_id="881" sentence="28" number="13">FBI</token>
<token t_id="882" sentence="28" number="14">'s</token>
<token t_id="883" sentence="28" number="15">espionage</token>
<token t_id="884" sentence="28" number="16">section</token>
<token t_id="885" sentence="28" number="17">during</token>
<token t_id="886" sentence="28" number="18">World</token>
<token t_id="887" sentence="28" number="19">War</token>
<token t_id="888" sentence="28" number="20">II</token>
<token t_id="889" sentence="28" number="21">.</token>
<token t_id="890" sentence="29" number="0">If</token>
<token t_id="891" sentence="29" number="1">Woodward</token>
<token t_id="892" sentence="29" number="2">needed</token>
<token t_id="893" sentence="29" number="3">to</token>
<token t_id="894" sentence="29" number="4">talk</token>
<token t_id="895" sentence="29" number="5">to</token>
<token t_id="896" sentence="29" number="6">Felt</token>
<token t_id="897" sentence="29" number="7">,</token>
<token t_id="898" sentence="29" number="8">he</token>
<token t_id="899" sentence="29" number="9">would</token>
<token t_id="900" sentence="29" number="10">move</token>
<token t_id="901" sentence="29" number="11">a</token>
<token t_id="902" sentence="29" number="12">flower</token>
<token t_id="903" sentence="29" number="13">pot</token>
<token t_id="904" sentence="29" number="14">with</token>
<token t_id="905" sentence="29" number="15">a</token>
<token t_id="906" sentence="29" number="16">red</token>
<token t_id="907" sentence="29" number="17">cloth</token>
<token t_id="908" sentence="29" number="18">flag</token>
<token t_id="909" sentence="29" number="19">in</token>
<token t_id="910" sentence="29" number="20">it</token>
<token t_id="911" sentence="29" number="21">to</token>
<token t_id="912" sentence="29" number="22">the</token>
<token t_id="913" sentence="29" number="23">front</token>
<token t_id="914" sentence="29" number="24">of</token>
<token t_id="915" sentence="29" number="25">his</token>
<token t_id="916" sentence="29" number="26">apartment</token>
<token t_id="917" sentence="29" number="27">balcony</token>
<token t_id="918" sentence="29" number="28">.</token>
<token t_id="919" sentence="30" number="0">If</token>
<token t_id="920" sentence="30" number="1">Felt</token>
<token t_id="921" sentence="30" number="2">needed</token>
<token t_id="922" sentence="30" number="3">to</token>
<token t_id="923" sentence="30" number="4">talk</token>
<token t_id="924" sentence="30" number="5">to</token>
<token t_id="925" sentence="30" number="6">the</token>
<token t_id="926" sentence="30" number="7">reporter</token>
<token t_id="927" sentence="30" number="8">--</token>
<token t_id="928" sentence="30" number="9">to</token>
<token t_id="929" sentence="30" number="10">correct</token>
<token t_id="930" sentence="30" number="11">something</token>
<token t_id="931" sentence="30" number="12">The</token>
<token t_id="932" sentence="30" number="13">Post</token>
<token t_id="933" sentence="30" number="14">had</token>
<token t_id="934" sentence="30" number="15">written</token>
<token t_id="935" sentence="30" number="16">or</token>
<token t_id="936" sentence="30" number="17">to</token>
<token t_id="937" sentence="30" number="18">convey</token>
<token t_id="938" sentence="30" number="19">other</token>
<token t_id="939" sentence="30" number="20">information</token>
<token t_id="940" sentence="30" number="21">--</token>
<token t_id="941" sentence="30" number="22">he</token>
<token t_id="942" sentence="30" number="23">would</token>
<token t_id="943" sentence="30" number="24">circle</token>
<token t_id="944" sentence="30" number="25">page</token>
<token t_id="945" sentence="30" number="26">20</token>
<token t_id="946" sentence="30" number="27">in</token>
<token t_id="947" sentence="30" number="28">Woodward</token>
<token t_id="948" sentence="30" number="29">'s</token>
<token t_id="949" sentence="30" number="30">home-delivered</token>
<token t_id="950" sentence="30" number="31">copy</token>
<token t_id="951" sentence="30" number="32">of</token>
<token t_id="952" sentence="30" number="33">The</token>
<token t_id="953" sentence="30" number="34">New</token>
<token t_id="954" sentence="30" number="35">York</token>
<token t_id="955" sentence="30" number="36">Times</token>
<token t_id="956" sentence="30" number="37">and</token>
<token t_id="957" sentence="30" number="38">draw</token>
<token t_id="958" sentence="30" number="39">clock</token>
<token t_id="959" sentence="30" number="40">hands</token>
<token t_id="960" sentence="30" number="41">on</token>
<token t_id="961" sentence="30" number="42">the</token>
<token t_id="962" sentence="30" number="43">page</token>
<token t_id="963" sentence="30" number="44">to</token>
<token t_id="964" sentence="30" number="45">indicate</token>
<token t_id="965" sentence="30" number="46">the</token>
<token t_id="966" sentence="30" number="47">time</token>
<token t_id="967" sentence="30" number="48">of</token>
<token t_id="968" sentence="30" number="49">the</token>
<token t_id="969" sentence="30" number="50">meeting</token>
<token t_id="970" sentence="30" number="51">.</token>
<token t_id="971" sentence="31" number="0">He</token>
<token t_id="972" sentence="31" number="1">resisted</token>
<token t_id="973" sentence="31" number="2">telephone</token>
<token t_id="974" sentence="31" number="3">contact</token>
<token t_id="975" sentence="31" number="4">in</token>
<token t_id="976" sentence="31" number="5">favor</token>
<token t_id="977" sentence="31" number="6">of</token>
<token t_id="978" sentence="31" number="7">clandestine</token>
<token t_id="979" sentence="31" number="8">2</token>
<token t_id="980" sentence="31" number="9">a.m.</token>
<token t_id="981" sentence="31" number="10">encounters</token>
<token t_id="982" sentence="31" number="11">at</token>
<token t_id="983" sentence="31" number="12">an</token>
<token t_id="984" sentence="31" number="13">underground</token>
<token t_id="985" sentence="31" number="14">parking</token>
<token t_id="986" sentence="31" number="15">garage</token>
<token t_id="987" sentence="31" number="16">in</token>
<token t_id="988" sentence="31" number="17">Rosslyn</token>
<token t_id="989" sentence="31" number="18">,</token>
<token t_id="990" sentence="31" number="19">Virginia</token>
<token t_id="991" sentence="31" number="20">.</token>
<token t_id="992" sentence="32" number="0">The</token>
<token t_id="993" sentence="32" number="1">two</token>
<token t_id="994" sentence="32" number="2">met</token>
<token t_id="995" sentence="32" number="3">from</token>
<token t_id="996" sentence="32" number="4">June</token>
<token t_id="997" sentence="32" number="5">19</token>
<token t_id="998" sentence="32" number="6">,</token>
<token t_id="999" sentence="32" number="7">1972</token>
<token t_id="1000" sentence="32" number="8">--</token>
<token t_id="1001" sentence="32" number="9">two</token>
<token t_id="1002" sentence="32" number="10">days</token>
<token t_id="1003" sentence="32" number="11">after</token>
<token t_id="1004" sentence="32" number="12">the</token>
<token t_id="1005" sentence="32" number="13">break-in</token>
<token t_id="1006" sentence="32" number="14">--</token>
<token t_id="1007" sentence="32" number="15">to</token>
<token t_id="1008" sentence="32" number="16">November</token>
<token t_id="1009" sentence="32" number="17">1973</token>
<token t_id="1010" sentence="32" number="18">,</token>
<token t_id="1011" sentence="32" number="19">five</token>
<token t_id="1012" sentence="32" number="20">months</token>
<token t_id="1013" sentence="32" number="21">after</token>
<token t_id="1014" sentence="32" number="22">Felt</token>
<token t_id="1015" sentence="32" number="23">left</token>
<token t_id="1016" sentence="32" number="24">the</token>
<token t_id="1017" sentence="32" number="25">FBI</token>
<token t_id="1018" sentence="32" number="26">.</token>
<token t_id="1019" sentence="33" number="0">Within</token>
<token t_id="1020" sentence="33" number="1">the</token>
<token t_id="1021" sentence="33" number="2">paper</token>
<token t_id="1022" sentence="33" number="3">,</token>
<token t_id="1023" sentence="33" number="4">only</token>
<token t_id="1024" sentence="33" number="5">Woodward</token>
<token t_id="1025" sentence="33" number="6">and</token>
<token t_id="1026" sentence="33" number="7">Bernstein</token>
<token t_id="1027" sentence="33" number="8">knew</token>
<token t_id="1028" sentence="33" number="9">the</token>
<token t_id="1029" sentence="33" number="10">identity</token>
<token t_id="1030" sentence="33" number="11">of</token>
<token t_id="1031" sentence="33" number="12">Deep</token>
<token t_id="1032" sentence="33" number="13">Throat</token>
<token t_id="1033" sentence="33" number="14">,</token>
<token t_id="1034" sentence="33" number="15">a</token>
<token t_id="1035" sentence="33" number="16">name</token>
<token t_id="1036" sentence="33" number="17">borrowed</token>
<token t_id="1037" sentence="33" number="18">from</token>
<token t_id="1038" sentence="33" number="19">a</token>
<token t_id="1039" sentence="33" number="20">notorious</token>
<token t_id="1040" sentence="33" number="21">pornographic</token>
<token t_id="1041" sentence="33" number="22">movie</token>
<token t_id="1042" sentence="33" number="23">of</token>
<token t_id="1043" sentence="33" number="24">the</token>
<token t_id="1044" sentence="33" number="25">era</token>
<token t_id="1045" sentence="33" number="26">.</token>
<token t_id="1046" sentence="34" number="0">But</token>
<token t_id="1047" sentence="34" number="1">Felt</token>
<token t_id="1048" sentence="34" number="2">dealt</token>
<token t_id="1049" sentence="34" number="3">only</token>
<token t_id="1050" sentence="34" number="4">with</token>
<token t_id="1051" sentence="34" number="5">Woodward</token>
<token t_id="1052" sentence="34" number="6">,</token>
<token t_id="1053" sentence="34" number="7">and</token>
<token t_id="1054" sentence="34" number="8">Bernstein</token>
<token t_id="1055" sentence="34" number="9">did</token>
<token t_id="1056" sentence="34" number="10">not</token>
<token t_id="1057" sentence="34" number="11">meet</token>
<token t_id="1058" sentence="34" number="12">him</token>
<token t_id="1059" sentence="34" number="13">until</token>
<token t_id="1060" sentence="34" number="14">2008</token>
<token t_id="1061" sentence="34" number="15">.</token>
<token t_id="1062" sentence="35" number="0">When</token>
<token t_id="1063" sentence="35" number="1">Nixon</token>
<token t_id="1064" sentence="35" number="2">left</token>
<token t_id="1065" sentence="35" number="3">office</token>
<token t_id="1066" sentence="35" number="4">on</token>
<token t_id="1067" sentence="35" number="5">Aug.</token>
<token t_id="1068" sentence="35" number="6">9</token>
<token t_id="1069" sentence="35" number="7">,</token>
<token t_id="1070" sentence="35" number="8">1974</token>
<token t_id="1071" sentence="35" number="9">,</token>
<token t_id="1072" sentence="35" number="10">the</token>
<token t_id="1073" sentence="35" number="11">two</token>
<token t_id="1074" sentence="35" number="12">reporters</token>
<token t_id="1075" sentence="35" number="13">shared</token>
<token t_id="1076" sentence="35" number="14">the</token>
<token t_id="1077" sentence="35" number="15">secret</token>
<token t_id="1078" sentence="35" number="16">with</token>
<token t_id="1079" sentence="35" number="17">Post</token>
<token t_id="1080" sentence="35" number="18">Editor</token>
<token t_id="1081" sentence="35" number="19">Benjamin</token>
<token t_id="1082" sentence="35" number="20">C.</token>
<token t_id="1083" sentence="35" number="21">Bradlee</token>
<token t_id="1084" sentence="35" number="22">,</token>
<token t_id="1085" sentence="35" number="23">who</token>
<token t_id="1086" sentence="35" number="24">until</token>
<token t_id="1087" sentence="35" number="25">then</token>
<token t_id="1088" sentence="35" number="26">had</token>
<token t_id="1089" sentence="35" number="27">only</token>
<token t_id="1090" sentence="35" number="28">known</token>
<token t_id="1091" sentence="35" number="29">that</token>
<token t_id="1092" sentence="35" number="30">the</token>
<token t_id="1093" sentence="35" number="31">source</token>
<token t_id="1094" sentence="35" number="32">was</token>
<token t_id="1095" sentence="35" number="33">a</token>
<token t_id="1096" sentence="35" number="34">high</token>
<token t_id="1097" sentence="35" number="35">Justice</token>
<token t_id="1098" sentence="35" number="36">Department</token>
<token t_id="1099" sentence="35" number="37">official</token>
<token t_id="1100" sentence="35" number="38">.</token>
<token t_id="1101" sentence="36" number="0">Nixon</token>
<token t_id="1102" sentence="36" number="1">,</token>
<token t_id="1103" sentence="36" number="2">according</token>
<token t_id="1104" sentence="36" number="3">to</token>
<token t_id="1105" sentence="36" number="4">Woodward</token>
<token t_id="1106" sentence="36" number="5">,</token>
<token t_id="1107" sentence="36" number="6">had</token>
<token t_id="1108" sentence="36" number="7">suspected</token>
<token t_id="1109" sentence="36" number="8">Felt</token>
<token t_id="1110" sentence="36" number="9">of</token>
<token t_id="1111" sentence="36" number="10">being</token>
<token t_id="1112" sentence="36" number="11">the</token>
<token t_id="1113" sentence="36" number="12">confidential</token>
<token t_id="1114" sentence="36" number="13">source</token>
<token t_id="1115" sentence="36" number="14">and</token>
<token t_id="1116" sentence="36" number="15">assumed</token>
<token t_id="1117" sentence="36" number="16">him</token>
<token t_id="1118" sentence="36" number="17">to</token>
<token t_id="1119" sentence="36" number="18">be</token>
<token t_id="1120" sentence="36" number="19">part</token>
<token t_id="1121" sentence="36" number="20">of</token>
<token t_id="1122" sentence="36" number="21">a</token>
<token t_id="1123" sentence="36" number="22">Jewish</token>
<token t_id="1124" sentence="36" number="23">cabal</token>
<token t_id="1125" sentence="36" number="24">out</token>
<token t_id="1126" sentence="36" number="25">to</token>
<token t_id="1127" sentence="36" number="26">get</token>
<token t_id="1128" sentence="36" number="27">him</token>
<token t_id="1129" sentence="36" number="28">.</token>
<token t_id="1130" sentence="37" number="0">According</token>
<token t_id="1131" sentence="37" number="1">to</token>
<token t_id="1132" sentence="37" number="2">Vanity</token>
<token t_id="1133" sentence="37" number="3">Fair</token>
<token t_id="1134" sentence="37" number="4">,</token>
<token t_id="1135" sentence="37" number="5">Felt</token>
<token t_id="1136" sentence="37" number="6">had</token>
<token t_id="1137" sentence="37" number="7">no</token>
<token t_id="1138" sentence="37" number="8">religious</token>
<token t_id="1139" sentence="37" number="9">affiliation</token>
<token t_id="1140" sentence="37" number="10">.</token>
<Markables>
<ACTION_ASPECTUAL m_id="51"  >
  <token_anchor t_id="35"/>
</ACTION_ASPECTUAL>
<ACTION_OCCURRENCE m_id="42"  >
  <token_anchor t_id="36"/>
</ACTION_OCCURRENCE>
<ACTION_OCCURRENCE m_id="43"  >
  <token_anchor t_id="48"/>
</ACTION_OCCURRENCE>
<ACTION_OCCURRENCE m_id="44"  >
  <token_anchor t_id="74"/>
</ACTION_OCCURRENCE>
<ACTION_OCCURRENCE m_id="46"  >
  <token_anchor t_id="63"/>
</ACTION_OCCURRENCE>
<ACTION_OCCURRENCE m_id="48"  >
  <token_anchor t_id="106"/>
</ACTION_OCCURRENCE>
<ACTION_OCCURRENCE m_id="49"  >
  <token_anchor t_id="78"/>
</ACTION_OCCURRENCE>
<ACTION_OCCURRENCE m_id="50"  >
  <token_anchor t_id="64"/>
</ACTION_OCCURRENCE>
<ACTION_OCCURRENCE m_id="54"  >
  <token_anchor t_id="92"/>
</ACTION_OCCURRENCE>
<ACTION_OCCURRENCE m_id="55"  >
  <token_anchor t_id="90"/>
</ACTION_OCCURRENCE>
<ACTION_OCCURRENCE m_id="59"  >
  <token_anchor t_id="94"/>
</ACTION_OCCURRENCE>
<ACTION_OCCURRENCE m_id="65"  >
  <token_anchor t_id="71"/>
</ACTION_OCCURRENCE>
<ACTION_OCCURRENCE m_id="66"  >
  <token_anchor t_id="108"/>
  <token_anchor t_id="109"/>
</ACTION_OCCURRENCE>
<ACTION_OCCURRENCE m_id="40"  >
  <token_anchor t_id="96"/>
</ACTION_OCCURRENCE>
<ACTION_OCCURRENCE m_id="41"  >
  <token_anchor t_id="45"/>
</ACTION_OCCURRENCE>
<ACTION_REPORTING m_id="60"  >
  <token_anchor t_id="125"/>
</ACTION_REPORTING>
<HUMAN_PART_GPE m_id="53"  >
  <token_anchor t_id="39"/>
  <token_anchor t_id="40"/>
</HUMAN_PART_GPE>
<HUMAN_PART_ORG m_id="45"  >
  <token_anchor t_id="32"/>
</HUMAN_PART_ORG>
<HUMAN_PART_ORG m_id="47"  >
  <token_anchor t_id="65"/>
  <token_anchor t_id="66"/>
  <token_anchor t_id="67"/>
  <token_anchor t_id="68"/>
</HUMAN_PART_ORG>
<HUMAN_PART_ORG m_id="57"  >
  <token_anchor t_id="102"/>
  <token_anchor t_id="103"/>
</HUMAN_PART_ORG>
<HUMAN_PART_PER m_id="52"  >
  <token_anchor t_id="123"/>
  <token_anchor t_id="124"/>
</HUMAN_PART_PER>
<HUMAN_PART_PER m_id="58"  >
  <token_anchor t_id="98"/>
</HUMAN_PART_PER>
<HUMAN_PART_PER m_id="61"  >
  <token_anchor t_id="105"/>
</HUMAN_PART_PER>
<HUMAN_PART_PER m_id="62"  >
  <token_anchor t_id="52"/>
  <token_anchor t_id="53"/>
</HUMAN_PART_PER>
<HUMAN_PART_PER m_id="34"  >
  <token_anchor t_id="26"/>
  <token_anchor t_id="27"/>
  <token_anchor t_id="28"/>
</HUMAN_PART_PER>
<HUMAN_PART_PER m_id="35"  >
  <token_anchor t_id="33"/>
</HUMAN_PART_PER>
<HUMAN_PART_PER m_id="36"  >
  <token_anchor t_id="86"/>
</HUMAN_PART_PER>
<HUMAN_PART_PER m_id="37"  >
  <token_anchor t_id="47"/>
</HUMAN_PART_PER>
<HUMAN_PART_PER m_id="38"  >
  <token_anchor t_id="49"/>
</HUMAN_PART_PER>
<HUMAN_PART_PER m_id="39"  >
  <token_anchor t_id="61"/>
</HUMAN_PART_PER>
<LOC_FAC m_id="67"  >
  <token_anchor t_id="111"/>
  <token_anchor t_id="112"/>
  <token_anchor t_id="113"/>
  <token_anchor t_id="114"/>
  <token_anchor t_id="115"/>
  <token_anchor t_id="116"/>
  <token_anchor t_id="117"/>
  <token_anchor t_id="118"/>
  <token_anchor t_id="119"/>
</LOC_FAC>
<NON_HUMAN_PART m_id="63"  >
  <token_anchor t_id="57"/>
</NON_HUMAN_PART>
<TIME_DATE m_id="56"  >
  <token_anchor t_id="110"/>
</TIME_DATE>




<ACTION_OCCURRENCE m_id="77" RELATED_TO="" TAG_DESCRIPTOR="t28_watergate_scandal" instance_id="ACT16762238189665929" />
<LOC_FAC m_id="76" RELATED_TO="" TAG_DESCRIPTOR="t28b_his_home" instance_id="LOC16942449552455123" />
<TIME_DATE m_id="75" RELATED_TO="" TAG_DESCRIPTOR="t28b_thursday" instance_id="TIM16942369985815303" />
<ACTION_OCCURRENCE m_id="74" RELATED_TO="" TAG_DESCRIPTOR="t28b_heart_failure" instance_id="ACT16762512442913619" />
<HUMAN_PART_PER m_id="73" RELATED_TO="" TAG_DESCRIPTOR="t28b_rob_jones" instance_id="HUM16975370612436505" />
<HUMAN_PART_PER m_id="72" RELATED_TO="" TAG_DESCRIPTOR="t28_deep_throat" instance_id="HUM16762545642473164" />
<HUMAN_PART_PER m_id="71" RELATED_TO="" TAG_DESCRIPTOR="t28b_mark_felt" instance_id="HUM16762554083083396" />
<ACTION_REPORTING m_id="70" RELATED_TO="" TAG_DESCRIPTOR="t28b_rob_jones_said" instance_id="ACT16975502660494555" />
<ACTION_OCCURRENCE m_id="69" RELATED_TO="" TAG_DESCRIPTOR="t28b_revealed" instance_id="ACT16975385765195368" />
<ACTION_OCCURRENCE m_id="68" RELATED_TO="" TAG_DESCRIPTOR="t28b_mark_felt_dies" instance_id="ACT16762501657378707" />
</Markables>

<Relations>
<CROSS_DOC_COREF r_id="37216" note="ACT16762501657378707" >
  <source m_id="49" />
  <source m_id="48" />
  <target m_id="68" />
</CROSS_DOC_COREF>
<CROSS_DOC_COREF r_id="37217" note="ACT16975385765195368" >
  <source m_id="43" />
  <target m_id="69" />
</CROSS_DOC_COREF>
<CROSS_DOC_COREF r_id="37218" note="ACT16975502660494555" >
  <source m_id="60" />
  <target m_id="70" />
</CROSS_DOC_COREF>
<CROSS_DOC_COREF r_id="37219" note="HUM16762554083083396" >
  <source m_id="38" />
  <source m_id="37" />
  <source m_id="35" />
  <source m_id="34" />
  <source m_id="61" />
  <source m_id="36" />
  <target m_id="71" />
</CROSS_DOC_COREF>
<CROSS_DOC_COREF r_id="37220" note="HUM16762545642473164" >
  <source m_id="62" />
  <source m_id="39" />
  <target m_id="72" />
</CROSS_DOC_COREF>
<CROSS_DOC_COREF r_id="37221" note="HUM16975370612436505" >
  <source m_id="52" />
  <target m_id="73" />
</CROSS_DOC_COREF>
<CROSS_DOC_COREF r_id="37222" note="ACT16762512442913619" >
  <source m_id="66" />
  <target m_id="74" />
</CROSS_DOC_COREF>
<CROSS_DOC_COREF r_id="37223" note="TIM16942369985815303" >
  <source m_id="56" />
  <target m_id="75" />
</CROSS_DOC_COREF>
<CROSS_DOC_COREF r_id="37224" note="LOC16942449552455123" >
  <source m_id="67" />
  <target m_id="76" />
</CROSS_DOC_COREF>
<CROSS_DOC_COREF r_id="37225" note="ACT16762238189665929" >
  <source m_id="44" />
  <target m_id="77" />
</CROSS_DOC_COREF>

</Relations>
</Document>
