<Document doc_name="28_10ecb.xml" doc_id="DOC15654957596019842">
<token t_id="1" sentence="0" number="0">Mark</token>
<token t_id="2" sentence="0" number="1">Felt</token>
<token t_id="3" sentence="0" number="2">,</token>
<token t_id="4" sentence="0" number="3">who</token>
<token t_id="5" sentence="0" number="4">was</token>
<token t_id="6" sentence="0" number="5">known</token>
<token t_id="7" sentence="0" number="6">as</token>
<token t_id="8" sentence="0" number="7">Watergate</token>
<token t_id="9" sentence="0" number="8">scandal</token>
<token t_id="10" sentence="0" number="9">informant</token>
<token t_id="11" sentence="0" number="10">'Deep</token>
<token t_id="12" sentence="0" number="11">Throat</token>
<token t_id="13" sentence="0" number="12">,</token>
<token t_id="14" sentence="0" number="13">'</token>
<token t_id="15" sentence="0" number="14">died</token>
<token t_id="16" sentence="0" number="15">on</token>
<token t_id="17" sentence="0" number="16">Friday</token>
<token t_id="18" sentence="0" number="17">.</token>
<token t_id="19" sentence="1" number="0">He</token>
<token t_id="20" sentence="1" number="1">was</token>
<token t_id="21" sentence="1" number="2">95</token>
<token t_id="22" sentence="1" number="3">.</token>
<token t_id="23" sentence="2" number="0">Felt</token>
<token t_id="24" sentence="2" number="1">worked</token>
<token t_id="25" sentence="2" number="2">as</token>
<token t_id="26" sentence="2" number="3">the</token>
<token t_id="27" sentence="2" number="4">associate</token>
<token t_id="28" sentence="2" number="5">director</token>
<token t_id="29" sentence="2" number="6">of</token>
<token t_id="30" sentence="2" number="7">the</token>
<token t_id="31" sentence="2" number="8">FBI</token>
<token t_id="32" sentence="2" number="9">in</token>
<token t_id="33" sentence="2" number="10">the</token>
<token t_id="34" sentence="2" number="11">1970s</token>
<token t_id="35" sentence="2" number="12">and</token>
<token t_id="36" sentence="2" number="13">is</token>
<token t_id="37" sentence="2" number="14">one</token>
<token t_id="38" sentence="2" number="15">of</token>
<token t_id="39" sentence="2" number="16">the</token>
<token t_id="40" sentence="2" number="17">most</token>
<token t_id="41" sentence="2" number="18">famous</token>
<token t_id="42" sentence="2" number="19">anonymous</token>
<token t_id="43" sentence="2" number="20">sources</token>
<token t_id="44" sentence="2" number="21">for</token>
<token t_id="45" sentence="2" number="22">the</token>
<token t_id="46" sentence="2" number="23">press</token>
<token t_id="47" sentence="2" number="24">in</token>
<token t_id="48" sentence="2" number="25">American</token>
<token t_id="49" sentence="2" number="26">history</token>
<token t_id="50" sentence="2" number="27">.</token>
<token t_id="51" sentence="3" number="0">His</token>
<token t_id="52" sentence="3" number="1">daughter</token>
<token t_id="53" sentence="3" number="2">Joan</token>
<token t_id="54" sentence="3" number="3">Felt</token>
<token t_id="55" sentence="3" number="4">said</token>
<token t_id="56" sentence="3" number="5">her</token>
<token t_id="57" sentence="3" number="6">father</token>
<token t_id="58" sentence="3" number="7">ate</token>
<token t_id="59" sentence="3" number="8">a</token>
<token t_id="60" sentence="3" number="9">big</token>
<token t_id="61" sentence="3" number="10">breakfast</token>
<token t_id="62" sentence="3" number="11">before</token>
<token t_id="63" sentence="3" number="12">saying</token>
<token t_id="64" sentence="3" number="13">he</token>
<token t_id="65" sentence="3" number="14">was</token>
<token t_id="66" sentence="3" number="15">tired</token>
<token t_id="67" sentence="3" number="16">,</token>
<token t_id="68" sentence="3" number="17">and</token>
<token t_id="69" sentence="3" number="18">went</token>
<token t_id="70" sentence="3" number="19">to</token>
<token t_id="71" sentence="3" number="20">sleep</token>
<token t_id="72" sentence="3" number="21">,</token>
<token t_id="73" sentence="3" number="22">she</token>
<token t_id="74" sentence="3" number="23">told</token>
<token t_id="75" sentence="3" number="24">the</token>
<token t_id="76" sentence="3" number="25">Washington</token>
<token t_id="77" sentence="3" number="26">Post</token>
<token t_id="78" sentence="3" number="27">.</token>
<token t_id="79" sentence="4" number="0">He</token>
<token t_id="80" sentence="4" number="1">died</token>
<token t_id="81" sentence="4" number="2">at</token>
<token t_id="82" sentence="4" number="3">12:45</token>
<token t_id="83" sentence="4" number="4">p.m.</token>
<token t_id="84" sentence="4" number="5">on</token>
<token t_id="85" sentence="4" number="6">Thursday</token>
<token t_id="86" sentence="4" number="7">at</token>
<token t_id="87" sentence="4" number="8">his</token>
<token t_id="88" sentence="4" number="9">home</token>
<token t_id="89" sentence="4" number="10">in</token>
<token t_id="90" sentence="4" number="11">Santa</token>
<token t_id="91" sentence="4" number="12">Rosa</token>
<token t_id="92" sentence="4" number="13">,</token>
<token t_id="93" sentence="4" number="14">California</token>
<token t_id="94" sentence="4" number="15">,</token>
<token t_id="95" sentence="4" number="16">the</token>
<token t_id="96" sentence="4" number="17">Post</token>
<token t_id="97" sentence="4" number="18">stated</token>
<token t_id="98" sentence="4" number="19">.</token>
<token t_id="99" sentence="5" number="0">``</token>
<token t_id="100" sentence="5" number="1">He</token>
<token t_id="101" sentence="5" number="2">slipped</token>
<token t_id="102" sentence="5" number="3">away</token>
<token t_id="103" sentence="5" number="4">,</token>
<token t_id="104" sentence="5" number="5">''</token>
<token t_id="105" sentence="5" number="6">she</token>
<token t_id="106" sentence="5" number="7">said</token>
<token t_id="107" sentence="5" number="8">.</token>
<token t_id="108" sentence="6" number="0">Felt</token>
<token t_id="109" sentence="6" number="1">blew</token>
<token t_id="110" sentence="6" number="2">the</token>
<token t_id="111" sentence="6" number="3">whistle</token>
<token t_id="112" sentence="6" number="4">on</token>
<token t_id="113" sentence="6" number="5">a</token>
<token t_id="114" sentence="6" number="6">corrupt</token>
<token t_id="115" sentence="6" number="7">administration</token>
<token t_id="116" sentence="6" number="8">trying</token>
<token t_id="117" sentence="6" number="9">to</token>
<token t_id="118" sentence="6" number="10">cover</token>
<token t_id="119" sentence="6" number="11">up</token>
<token t_id="120" sentence="6" number="12">attempts</token>
<token t_id="121" sentence="6" number="13">to</token>
<token t_id="122" sentence="6" number="14">sabotage</token>
<token t_id="123" sentence="6" number="15">opponents</token>
<token t_id="124" sentence="6" number="16">.</token>
<token t_id="125" sentence="7" number="0">He</token>
<token t_id="126" sentence="7" number="1">secretly</token>
<token t_id="127" sentence="7" number="2">guided</token>
<token t_id="128" sentence="7" number="3">Washington</token>
<token t_id="129" sentence="7" number="4">Post</token>
<token t_id="130" sentence="7" number="5">reporter</token>
<token t_id="131" sentence="7" number="6">Bob</token>
<token t_id="132" sentence="7" number="7">Woodward</token>
<token t_id="133" sentence="7" number="8">and</token>
<token t_id="134" sentence="7" number="9">his</token>
<token t_id="135" sentence="7" number="10">colleague</token>
<token t_id="136" sentence="7" number="11">Carl</token>
<token t_id="137" sentence="7" number="12">Bernstein</token>
<token t_id="138" sentence="7" number="13">who</token>
<token t_id="139" sentence="7" number="14">pursued</token>
<token t_id="140" sentence="7" number="15">the</token>
<token t_id="141" sentence="7" number="16">story</token>
<token t_id="142" sentence="7" number="17">of</token>
<token t_id="143" sentence="7" number="18">the</token>
<token t_id="144" sentence="7" number="19">1972</token>
<token t_id="145" sentence="7" number="20">break-in</token>
<token t_id="146" sentence="7" number="21">of</token>
<token t_id="147" sentence="7" number="22">the</token>
<token t_id="148" sentence="7" number="23">Democratic</token>
<token t_id="149" sentence="7" number="24">National</token>
<token t_id="150" sentence="7" number="25">Committee</token>
<token t_id="151" sentence="7" number="26">'s</token>
<token t_id="152" sentence="7" number="27">headquarters</token>
<token t_id="153" sentence="7" number="28">at</token>
<token t_id="154" sentence="7" number="29">the</token>
<token t_id="155" sentence="7" number="30">Watergate</token>
<token t_id="156" sentence="7" number="31">office</token>
<token t_id="157" sentence="7" number="32">buildings</token>
<token t_id="158" sentence="7" number="33">.</token>
<token t_id="159" sentence="8" number="0">That</token>
<token t_id="160" sentence="8" number="1">ultimately</token>
<token t_id="161" sentence="8" number="2">led</token>
<token t_id="162" sentence="8" number="3">to</token>
<token t_id="163" sentence="8" number="4">the</token>
<token t_id="164" sentence="8" number="5">resignation</token>
<token t_id="165" sentence="8" number="6">of</token>
<token t_id="166" sentence="8" number="7">President</token>
<token t_id="167" sentence="8" number="8">Richard</token>
<token t_id="168" sentence="8" number="9">M.</token>
<token t_id="169" sentence="8" number="10">Nixon</token>
<token t_id="170" sentence="8" number="11">.</token>
<token t_id="171" sentence="9" number="0">Felt</token>
<token t_id="172" sentence="9" number="1">insisted</token>
<token t_id="173" sentence="9" number="2">on</token>
<token t_id="174" sentence="9" number="3">remaining</token>
<token t_id="175" sentence="9" number="4">completely</token>
<token t_id="176" sentence="9" number="5">anonymous</token>
<token t_id="177" sentence="9" number="6">until</token>
<token t_id="178" sentence="9" number="7">May</token>
<token t_id="179" sentence="9" number="8">30</token>
<token t_id="180" sentence="9" number="9">,</token>
<token t_id="181" sentence="9" number="10">2005</token>
<token t_id="182" sentence="9" number="11">when</token>
<token t_id="183" sentence="9" number="12">Felt</token>
<token t_id="184" sentence="9" number="13">'s</token>
<token t_id="185" sentence="9" number="14">family</token>
<token t_id="186" sentence="9" number="15">revealed</token>
<token t_id="187" sentence="9" number="16">his</token>
<token t_id="188" sentence="9" number="17">identity</token>
<token t_id="189" sentence="9" number="18">in</token>
<token t_id="190" sentence="9" number="19">an</token>
<token t_id="191" sentence="9" number="20">article</token>
<token t_id="192" sentence="9" number="21">for</token>
<token t_id="193" sentence="9" number="22">Vanity</token>
<token t_id="194" sentence="9" number="23">Fair</token>
<token t_id="195" sentence="9" number="24">magazine</token>
<token t_id="196" sentence="9" number="25">.</token>
<Markables>
<ACTION_OCCURRENCE m_id="9"  >
  <token_anchor t_id="6"/>
</ACTION_OCCURRENCE>
<ACTION_OCCURRENCE m_id="10"  >
  <token_anchor t_id="8"/>
  <token_anchor t_id="9"/>
</ACTION_OCCURRENCE>
<ACTION_OCCURRENCE m_id="11"  >
  <token_anchor t_id="15"/>
</ACTION_OCCURRENCE>
<HUMAN_PART_PER m_id="5"  >
  <token_anchor t_id="1"/>
  <token_anchor t_id="2"/>
</HUMAN_PART_PER>
<HUMAN_PART_PER m_id="6"  >
  <token_anchor t_id="4"/>
</HUMAN_PART_PER>
<HUMAN_PART_PER m_id="7"  >
  <token_anchor t_id="11"/>
  <token_anchor t_id="12"/>
</HUMAN_PART_PER>
<TIME_DATE m_id="8"  >
  <token_anchor t_id="16"/>
  <token_anchor t_id="17"/>
</TIME_DATE>




<TIME_DATE m_id="17" RELATED_TO="" TAG_DESCRIPTOR="t28b_friday" instance_id="TIM16942378538232679" />
<ACTION_OCCURRENCE m_id="16" RELATED_TO="" TAG_DESCRIPTOR="t28_watergate_scandal" instance_id="ACT16762238189665929" />
<ACTION_OCCURRENCE m_id="15" RELATED_TO="" TAG_DESCRIPTOR="t28b_known_as" instance_id="ACT16974938297863649" />
<HUMAN_PART_PER m_id="14" RELATED_TO="" TAG_DESCRIPTOR="t28_deep_throat" instance_id="HUM16762545642473164" />
<HUMAN_PART_PER m_id="13" RELATED_TO="" TAG_DESCRIPTOR="t28b_mark_felt" instance_id="HUM16762554083083396" />
<ACTION_OCCURRENCE m_id="12" RELATED_TO="" TAG_DESCRIPTOR="t28b_mark_felt_dies" instance_id="ACT16762501657378707" />
</Markables>

<Relations>
<CROSS_DOC_COREF r_id="37174" note="ACT16762501657378707" >
  <source m_id="11" />
  <target m_id="12" />
</CROSS_DOC_COREF>
<CROSS_DOC_COREF r_id="37175" note="HUM16762554083083396" >
  <source m_id="5" />
  <source m_id="6" />
  <target m_id="13" />
</CROSS_DOC_COREF>
<CROSS_DOC_COREF r_id="37176" note="HUM16762545642473164" >
  <source m_id="7" />
  <target m_id="14" />
</CROSS_DOC_COREF>
<CROSS_DOC_COREF r_id="37177" note="ACT16974938297863649" >
  <source m_id="9" />
  <target m_id="15" />
</CROSS_DOC_COREF>
<CROSS_DOC_COREF r_id="37178" note="ACT16762238189665929" >
  <source m_id="10" />
  <target m_id="16" />
</CROSS_DOC_COREF>
<CROSS_DOC_COREF r_id="37179" note="TIM16942378538232679" >
  <source m_id="8" />
  <target m_id="17" />
</CROSS_DOC_COREF>

</Relations>
</Document>
