<Document doc_name="28_2ecb.xml" doc_id="DOC15654957234759435">
<token t_id="1" sentence="0" number="0">Mark</token>
<token t_id="2" sentence="0" number="1">Felt</token>
<token t_id="3" sentence="0" number="2">,</token>
<token t_id="4" sentence="0" number="3">the</token>
<token t_id="5" sentence="0" number="4">mysterious</token>
<token t_id="6" sentence="0" number="5">``</token>
<token t_id="7" sentence="0" number="6">Deep</token>
<token t_id="8" sentence="0" number="7">Throat</token>
<token t_id="9" sentence="0" number="8">''</token>
<token t_id="10" sentence="0" number="9">source</token>
<token t_id="11" sentence="0" number="10">who</token>
<token t_id="12" sentence="0" number="11">helped</token>
<token t_id="13" sentence="0" number="12">Washington</token>
<token t_id="14" sentence="0" number="13">Post</token>
<token t_id="15" sentence="0" number="14">reporters</token>
<token t_id="16" sentence="0" number="15">Bob</token>
<token t_id="17" sentence="0" number="16">Woodward</token>
<token t_id="18" sentence="0" number="17">and</token>
<token t_id="19" sentence="0" number="18">Carl</token>
<token t_id="20" sentence="0" number="19">Bernstein</token>
<token t_id="21" sentence="0" number="20">crack</token>
<token t_id="22" sentence="0" number="21">the</token>
<token t_id="23" sentence="0" number="22">Watergate</token>
<token t_id="24" sentence="0" number="23">scandal</token>
<token t_id="25" sentence="0" number="24">that</token>
<token t_id="26" sentence="0" number="25">brought</token>
<token t_id="27" sentence="0" number="26">down</token>
<token t_id="28" sentence="0" number="27">President</token>
<token t_id="29" sentence="0" number="28">Richard</token>
<token t_id="30" sentence="0" number="29">Nixon</token>
<token t_id="31" sentence="0" number="30">,</token>
<token t_id="32" sentence="0" number="31">has</token>
<token t_id="33" sentence="0" number="32">died</token>
<token t_id="34" sentence="0" number="33">at</token>
<token t_id="35" sentence="0" number="34">age</token>
<token t_id="36" sentence="0" number="35">95</token>
<token t_id="37" sentence="0" number="36">.</token>
<token t_id="38" sentence="1" number="0">Felt</token>
<token t_id="39" sentence="1" number="1">suffered</token>
<token t_id="40" sentence="1" number="2">from</token>
<token t_id="41" sentence="1" number="3">congestive</token>
<token t_id="42" sentence="1" number="4">heart</token>
<token t_id="43" sentence="1" number="5">failure</token>
<token t_id="44" sentence="1" number="6">but</token>
<token t_id="45" sentence="1" number="7">the</token>
<token t_id="46" sentence="1" number="8">exact</token>
<token t_id="47" sentence="1" number="9">cause</token>
<token t_id="48" sentence="1" number="10">of</token>
<token t_id="49" sentence="1" number="11">his</token>
<token t_id="50" sentence="1" number="12">death</token>
<token t_id="51" sentence="1" number="13">at</token>
<token t_id="52" sentence="1" number="14">home</token>
<token t_id="53" sentence="1" number="15">on</token>
<token t_id="54" sentence="1" number="16">Thursday</token>
<token t_id="55" sentence="1" number="17">was</token>
<token t_id="56" sentence="1" number="18">not</token>
<token t_id="57" sentence="1" number="19">immediately</token>
<token t_id="58" sentence="1" number="20">known</token>
<token t_id="59" sentence="1" number="21">,</token>
<token t_id="60" sentence="1" number="22">said</token>
<token t_id="61" sentence="1" number="23">the</token>
<token t_id="62" sentence="1" number="24">Press</token>
<token t_id="63" sentence="1" number="25">Democrat</token>
<token t_id="64" sentence="1" number="26">newspaper</token>
<token t_id="65" sentence="1" number="27">in</token>
<token t_id="66" sentence="1" number="28">Santa</token>
<token t_id="67" sentence="1" number="29">Rosa</token>
<token t_id="68" sentence="1" number="30">,</token>
<token t_id="69" sentence="1" number="31">California</token>
<token t_id="70" sentence="1" number="32">,</token>
<token t_id="71" sentence="1" number="33">55</token>
<token t_id="72" sentence="1" number="34">miles</token>
<token t_id="73" sentence="1" number="35">(</token>
<token t_id="74" sentence="1" number="36">90</token>
<token t_id="75" sentence="1" number="37">km</token>
<token t_id="76" sentence="1" number="38">)</token>
<token t_id="77" sentence="1" number="39">north</token>
<token t_id="78" sentence="1" number="40">of</token>
<token t_id="79" sentence="1" number="41">San</token>
<token t_id="80" sentence="1" number="42">Francisco</token>
<token t_id="81" sentence="1" number="43">.</token>
<token t_id="82" sentence="2" number="0">In</token>
<token t_id="83" sentence="2" number="1">its</token>
<token t_id="84" sentence="2" number="2">report</token>
<token t_id="85" sentence="2" number="3">on</token>
<token t_id="86" sentence="2" number="4">Felt</token>
<token t_id="87" sentence="2" number="5">'s</token>
<token t_id="88" sentence="2" number="6">death</token>
<token t_id="89" sentence="2" number="7">,</token>
<token t_id="90" sentence="2" number="8">the</token>
<token t_id="91" sentence="2" number="9">New</token>
<token t_id="92" sentence="2" number="10">York</token>
<token t_id="93" sentence="2" number="11">Times</token>
<token t_id="94" sentence="2" number="12">called</token>
<token t_id="95" sentence="2" number="13">him</token>
<token t_id="96" sentence="2" number="14">``</token>
<token t_id="97" sentence="2" number="15">the</token>
<token t_id="98" sentence="2" number="16">most</token>
<token t_id="99" sentence="2" number="17">famous</token>
<token t_id="100" sentence="2" number="18">anonymous</token>
<token t_id="101" sentence="2" number="19">source</token>
<token t_id="102" sentence="2" number="20">in</token>
<token t_id="103" sentence="2" number="21">American</token>
<token t_id="104" sentence="2" number="22">history</token>
<token t_id="105" sentence="2" number="23">.</token>
<token t_id="106" sentence="2" number="24">''</token>
<token t_id="107" sentence="3" number="0">Felt</token>
<token t_id="108" sentence="3" number="1">,</token>
<token t_id="109" sentence="3" number="2">the</token>
<token t_id="110" sentence="3" number="3">No.</token>
<token t_id="111" sentence="3" number="4">2</token>
<token t_id="112" sentence="3" number="5">official</token>
<token t_id="113" sentence="3" number="6">at</token>
<token t_id="114" sentence="3" number="7">the</token>
<token t_id="115" sentence="3" number="8">FBI</token>
<token t_id="116" sentence="3" number="9">when</token>
<token t_id="117" sentence="3" number="10">the</token>
<token t_id="118" sentence="3" number="11">Watergate</token>
<token t_id="119" sentence="3" number="12">case</token>
<token t_id="120" sentence="3" number="13">broke</token>
<token t_id="121" sentence="3" number="14">,</token>
<token t_id="122" sentence="3" number="15">kept</token>
<token t_id="123" sentence="3" number="16">his</token>
<token t_id="124" sentence="3" number="17">role</token>
<token t_id="125" sentence="3" number="18">in</token>
<token t_id="126" sentence="3" number="19">the</token>
<token t_id="127" sentence="3" number="20">story</token>
<token t_id="128" sentence="3" number="21">a</token>
<token t_id="129" sentence="3" number="22">secret</token>
<token t_id="130" sentence="3" number="23">for</token>
<token t_id="131" sentence="3" number="24">30</token>
<token t_id="132" sentence="3" number="25">years</token>
<token t_id="133" sentence="3" number="26">.</token>
<token t_id="134" sentence="4" number="0">Only</token>
<token t_id="135" sentence="4" number="1">in</token>
<token t_id="136" sentence="4" number="2">2005</token>
<token t_id="137" sentence="4" number="3">,</token>
<token t_id="138" sentence="4" number="4">at</token>
<token t_id="139" sentence="4" number="5">age</token>
<token t_id="140" sentence="4" number="6">91</token>
<token t_id="141" sentence="4" number="7">,</token>
<token t_id="142" sentence="4" number="8">was</token>
<token t_id="143" sentence="4" number="9">his</token>
<token t_id="144" sentence="4" number="10">part</token>
<token t_id="145" sentence="4" number="11">made</token>
<token t_id="146" sentence="4" number="12">public</token>
<token t_id="147" sentence="4" number="13">in</token>
<token t_id="148" sentence="4" number="14">an</token>
<token t_id="149" sentence="4" number="15">article</token>
<token t_id="150" sentence="4" number="16">in</token>
<token t_id="151" sentence="4" number="17">Vanity</token>
<token t_id="152" sentence="4" number="18">Fair</token>
<token t_id="153" sentence="4" number="19">magazine</token>
<token t_id="154" sentence="4" number="20">written</token>
<token t_id="155" sentence="4" number="21">by</token>
<token t_id="156" sentence="4" number="22">Felt</token>
<token t_id="157" sentence="4" number="23">'s</token>
<token t_id="158" sentence="4" number="24">family</token>
<token t_id="159" sentence="4" number="25">lawyer</token>
<token t_id="160" sentence="4" number="26">.</token>
<token t_id="161" sentence="5" number="0">``</token>
<token t_id="162" sentence="5" number="1">I</token>
<token t_id="163" sentence="5" number="2">'m</token>
<token t_id="164" sentence="5" number="3">the</token>
<token t_id="165" sentence="5" number="4">guy</token>
<token t_id="166" sentence="5" number="5">they</token>
<token t_id="167" sentence="5" number="6">used</token>
<token t_id="168" sentence="5" number="7">to</token>
<token t_id="169" sentence="5" number="8">call</token>
<token t_id="170" sentence="5" number="9">Deep</token>
<token t_id="171" sentence="5" number="10">Throat</token>
<token t_id="172" sentence="5" number="11">,</token>
<token t_id="173" sentence="5" number="12">''</token>
<token t_id="174" sentence="5" number="13">Felt</token>
<token t_id="175" sentence="5" number="14">told</token>
<token t_id="176" sentence="5" number="15">attorney</token>
<token t_id="177" sentence="5" number="16">John</token>
<token t_id="178" sentence="5" number="17">O'Connor</token>
<token t_id="179" sentence="5" number="18">.</token>
<token t_id="180" sentence="6" number="0">For</token>
<token t_id="181" sentence="6" number="1">years</token>
<token t_id="182" sentence="6" number="2">,</token>
<token t_id="183" sentence="6" number="3">people</token>
<token t_id="184" sentence="6" number="4">had</token>
<token t_id="185" sentence="6" number="5">speculated</token>
<token t_id="186" sentence="6" number="6">and</token>
<token t_id="187" sentence="6" number="7">argued</token>
<token t_id="188" sentence="6" number="8">about</token>
<token t_id="189" sentence="6" number="9">the</token>
<token t_id="190" sentence="6" number="10">identity</token>
<token t_id="191" sentence="6" number="11">of</token>
<token t_id="192" sentence="6" number="12">``</token>
<token t_id="193" sentence="6" number="13">Deep</token>
<token t_id="194" sentence="6" number="14">Throat</token>
<token t_id="195" sentence="6" number="15">,</token>
<token t_id="196" sentence="6" number="16">''</token>
<token t_id="197" sentence="6" number="17">whose</token>
<token t_id="198" sentence="6" number="18">name</token>
<token t_id="199" sentence="6" number="19">was</token>
<token t_id="200" sentence="6" number="20">derived</token>
<token t_id="201" sentence="6" number="21">from</token>
<token t_id="202" sentence="6" number="22">the</token>
<token t_id="203" sentence="6" number="23">title</token>
<token t_id="204" sentence="6" number="24">of</token>
<token t_id="205" sentence="6" number="25">a</token>
<token t_id="206" sentence="6" number="26">popular</token>
<token t_id="207" sentence="6" number="27">pornographic</token>
<token t_id="208" sentence="6" number="28">movie</token>
<token t_id="209" sentence="6" number="29">.</token>
<token t_id="210" sentence="7" number="0">Vanity</token>
<token t_id="211" sentence="7" number="1">Fair</token>
<token t_id="212" sentence="7" number="2">scooped</token>
<token t_id="213" sentence="7" number="3">Woodward</token>
<token t_id="214" sentence="7" number="4">and</token>
<token t_id="215" sentence="7" number="5">Bernstein</token>
<token t_id="216" sentence="7" number="6">,</token>
<token t_id="217" sentence="7" number="7">who</token>
<token t_id="218" sentence="7" number="8">had</token>
<token t_id="219" sentence="7" number="9">promised</token>
<token t_id="220" sentence="7" number="10">not</token>
<token t_id="221" sentence="7" number="11">to</token>
<token t_id="222" sentence="7" number="12">reveal</token>
<token t_id="223" sentence="7" number="13">the</token>
<token t_id="224" sentence="7" number="14">name</token>
<token t_id="225" sentence="7" number="15">of</token>
<token t_id="226" sentence="7" number="16">the</token>
<token t_id="227" sentence="7" number="17">star</token>
<token t_id="228" sentence="7" number="18">source</token>
<token t_id="229" sentence="7" number="19">of</token>
<token t_id="230" sentence="7" number="20">their</token>
<token t_id="231" sentence="7" number="21">1974</token>
<token t_id="232" sentence="7" number="22">stories</token>
<token t_id="233" sentence="7" number="23">until</token>
<token t_id="234" sentence="7" number="24">after</token>
<token t_id="235" sentence="7" number="25">his</token>
<token t_id="236" sentence="7" number="26">death</token>
<token t_id="237" sentence="7" number="27">.</token>
<token t_id="238" sentence="8" number="0">But</token>
<token t_id="239" sentence="8" number="1">within</token>
<token t_id="240" sentence="8" number="2">a</token>
<token t_id="241" sentence="8" number="3">day</token>
<token t_id="242" sentence="8" number="4">of</token>
<token t_id="243" sentence="8" number="5">Felt</token>
<token t_id="244" sentence="8" number="6">'s</token>
<token t_id="245" sentence="8" number="7">unveiling</token>
<token t_id="246" sentence="8" number="8">,</token>
<token t_id="247" sentence="8" number="9">Woodward</token>
<token t_id="248" sentence="8" number="10">wrote</token>
<token t_id="249" sentence="8" number="11">of</token>
<token t_id="250" sentence="8" number="12">his</token>
<token t_id="251" sentence="8" number="13">relationship</token>
<token t_id="252" sentence="8" number="14">with</token>
<token t_id="253" sentence="8" number="15">Felt</token>
<token t_id="254" sentence="8" number="16">.</token>
<token t_id="255" sentence="9" number="0">Woodward</token>
<token t_id="256" sentence="9" number="1">said</token>
<token t_id="257" sentence="9" number="2">he</token>
<token t_id="258" sentence="9" number="3">turned</token>
<token t_id="259" sentence="9" number="4">to</token>
<token t_id="260" sentence="9" number="5">Felt</token>
<token t_id="261" sentence="9" number="6">after</token>
<token t_id="262" sentence="9" number="7">he</token>
<token t_id="263" sentence="9" number="8">and</token>
<token t_id="264" sentence="9" number="9">Bernstein</token>
<token t_id="265" sentence="9" number="10">wrote</token>
<token t_id="266" sentence="9" number="11">about</token>
<token t_id="267" sentence="9" number="12">the</token>
<token t_id="268" sentence="9" number="13">break-in</token>
<token t_id="269" sentence="9" number="14">at</token>
<token t_id="270" sentence="9" number="15">the</token>
<token t_id="271" sentence="9" number="16">offices</token>
<token t_id="272" sentence="9" number="17">of</token>
<token t_id="273" sentence="9" number="18">the</token>
<token t_id="274" sentence="9" number="19">Democratic</token>
<token t_id="275" sentence="9" number="20">National</token>
<token t_id="276" sentence="9" number="21">Committee</token>
<token t_id="277" sentence="9" number="22">at</token>
<token t_id="278" sentence="9" number="23">the</token>
<token t_id="279" sentence="9" number="24">Watergate</token>
<token t_id="280" sentence="9" number="25">complex</token>
<token t_id="281" sentence="9" number="26">in</token>
<token t_id="282" sentence="9" number="27">Washington</token>
<token t_id="283" sentence="9" number="28">.</token>
<Markables>
<ACTION_CAUSATIVE m_id="29"  >
  <token_anchor t_id="47"/>
</ACTION_CAUSATIVE>
<ACTION_OCCURRENCE m_id="37"  >
  <token_anchor t_id="23"/>
</ACTION_OCCURRENCE>
<ACTION_OCCURRENCE m_id="38"  >
  <token_anchor t_id="26"/>
  <token_anchor t_id="27"/>
</ACTION_OCCURRENCE>
<ACTION_OCCURRENCE m_id="39"  >
  <token_anchor t_id="21"/>
</ACTION_OCCURRENCE>
<ACTION_OCCURRENCE m_id="45"  >
  <token_anchor t_id="58"/>
</ACTION_OCCURRENCE>
<ACTION_OCCURRENCE m_id="46"  >
  <token_anchor t_id="39"/>
</ACTION_OCCURRENCE>
<ACTION_OCCURRENCE m_id="47"  >
  <token_anchor t_id="41"/>
  <token_anchor t_id="42"/>
  <token_anchor t_id="43"/>
</ACTION_OCCURRENCE>
<ACTION_OCCURRENCE m_id="49"  >
  <token_anchor t_id="50"/>
</ACTION_OCCURRENCE>
<ACTION_OCCURRENCE m_id="33"  >
  <token_anchor t_id="12"/>
</ACTION_OCCURRENCE>
<ACTION_OCCURRENCE m_id="34"  >
  <token_anchor t_id="33"/>
</ACTION_OCCURRENCE>
<ACTION_REPORTING m_id="48"  >
  <token_anchor t_id="60"/>
</ACTION_REPORTING>
<HUMAN_PART_MET m_id="42"  >
  <token_anchor t_id="62"/>
  <token_anchor t_id="63"/>
</HUMAN_PART_MET>
<HUMAN_PART_ORG m_id="32"  >
  <token_anchor t_id="13"/>
  <token_anchor t_id="14"/>
</HUMAN_PART_ORG>
<HUMAN_PART_PER m_id="35"  >
  <token_anchor t_id="16"/>
  <token_anchor t_id="17"/>
</HUMAN_PART_PER>
<HUMAN_PART_PER m_id="36"  >
  <token_anchor t_id="29"/>
  <token_anchor t_id="30"/>
</HUMAN_PART_PER>
<HUMAN_PART_PER m_id="41"  >
  <token_anchor t_id="19"/>
  <token_anchor t_id="20"/>
</HUMAN_PART_PER>
<HUMAN_PART_PER m_id="27"  >
  <token_anchor t_id="38"/>
</HUMAN_PART_PER>
<HUMAN_PART_PER m_id="28"  >
  <token_anchor t_id="49"/>
</HUMAN_PART_PER>
<HUMAN_PART_PER m_id="30"  >
  <token_anchor t_id="1"/>
  <token_anchor t_id="2"/>
</HUMAN_PART_PER>
<HUMAN_PART_PER m_id="31"  >
  <token_anchor t_id="7"/>
  <token_anchor t_id="8"/>
</HUMAN_PART_PER>
<LOC_FAC m_id="44"  >
  <token_anchor t_id="51"/>
  <token_anchor t_id="52"/>
</LOC_FAC>
<LOC_GEO m_id="43"  >
  <token_anchor t_id="65"/>
  <token_anchor t_id="66"/>
  <token_anchor t_id="67"/>
  <token_anchor t_id="68"/>
  <token_anchor t_id="69"/>
  <token_anchor t_id="70"/>
  <token_anchor t_id="71"/>
  <token_anchor t_id="72"/>
  <token_anchor t_id="73"/>
  <token_anchor t_id="74"/>
  <token_anchor t_id="75"/>
  <token_anchor t_id="76"/>
  <token_anchor t_id="77"/>
  <token_anchor t_id="78"/>
  <token_anchor t_id="79"/>
  <token_anchor t_id="80"/>
</LOC_GEO>
<TIME_DATE m_id="40"  >
  <token_anchor t_id="53"/>
  <token_anchor t_id="54"/>
</TIME_DATE>




<HUMAN_PART_PER m_id="59" RELATED_TO="" TAG_DESCRIPTOR="t28b_reporter_bob_woodward" instance_id="HUM16762569506289095" />
<HUMAN_PART_PER m_id="58" RELATED_TO="" TAG_DESCRIPTOR="t28b_nixon" instance_id="HUM27379778521624645" />
<LOC_FAC m_id="57" RELATED_TO="" TAG_DESCRIPTOR="t28b_his_home" instance_id="LOC16942449552455123" />
<HUMAN_PART_PER m_id="56" RELATED_TO="" TAG_DESCRIPTOR="t28b_carl_bernstein" instance_id="HUM16975455695416799" />
<ACTION_OCCURRENCE m_id="55" RELATED_TO="" TAG_DESCRIPTOR="t28b_heart_failure" instance_id="ACT16762512442913619" />
<TIME_DATE m_id="54" RELATED_TO="" TAG_DESCRIPTOR="t28b_thursday" instance_id="TIM16942369985815303" />
<HUMAN_PART_PER m_id="53" RELATED_TO="" TAG_DESCRIPTOR="t28_deep_throat" instance_id="HUM16762545642473164" />
<HUMAN_PART_PER m_id="52" RELATED_TO="" TAG_DESCRIPTOR="t28b_mark_felt" instance_id="HUM16762554083083396" />
<ACTION_OCCURRENCE m_id="51" RELATED_TO="" TAG_DESCRIPTOR="t28b_bring_down_nixon" instance_id="ACT27379751006237079" />
<ACTION_OCCURRENCE m_id="50" RELATED_TO="" TAG_DESCRIPTOR="t28b_mark_felt_dies" instance_id="ACT16762501657378707" />
<ACTION_OCCURRENCE m_id="61" RELATED_TO="" TAG_DESCRIPTOR="t28_watergate_scandal" instance_id="ACT16762238189665929" />
<ACTION_OCCURRENCE m_id="60" RELATED_TO="" TAG_DESCRIPTOR="t28b_known_as" instance_id="ACT16974938297863649" />
</Markables>

<Relations>
<CROSS_DOC_COREF r_id="37074" note="ACT16762501657378707" >
  <source m_id="34" />
  <source m_id="49" />
  <target m_id="50" />
</CROSS_DOC_COREF>
<CROSS_DOC_COREF r_id="37075" note="ACT27379751006237079" >
  <source m_id="38" />
  <target m_id="51" />
</CROSS_DOC_COREF>
<CROSS_DOC_COREF r_id="37076" note="HUM16762554083083396" >
  <source m_id="27" />
  <source m_id="30" />
  <target m_id="52" />
</CROSS_DOC_COREF>
<CROSS_DOC_COREF r_id="37077" note="HUM16762545642473164" >
  <source m_id="28" />
  <source m_id="31" />
  <target m_id="53" />
</CROSS_DOC_COREF>
<CROSS_DOC_COREF r_id="37078" note="TIM16942369985815303" >
  <source m_id="40" />
  <target m_id="54" />
</CROSS_DOC_COREF>
<CROSS_DOC_COREF r_id="37079" note="ACT16762512442913619" >
  <source m_id="47" />
  <target m_id="55" />
</CROSS_DOC_COREF>
<CROSS_DOC_COREF r_id="37080" note="HUM16975455695416799" >
  <source m_id="41" />
  <target m_id="56" />
</CROSS_DOC_COREF>
<CROSS_DOC_COREF r_id="37081" note="LOC16942449552455123" >
  <source m_id="44" />
  <target m_id="57" />
</CROSS_DOC_COREF>
<CROSS_DOC_COREF r_id="37082" note="HUM27379778521624645" >
  <source m_id="36" />
  <target m_id="58" />
</CROSS_DOC_COREF>
<CROSS_DOC_COREF r_id="37083" note="HUM16762569506289095" >
  <source m_id="35" />
  <target m_id="59" />
</CROSS_DOC_COREF>
<CROSS_DOC_COREF r_id="37084" note="ACT16974938297863649" >
  <source m_id="45" />
  <target m_id="60" />
</CROSS_DOC_COREF>
<CROSS_DOC_COREF r_id="37085" note="ACT16762238189665929" >
  <source m_id="37" />
  <target m_id="61" />
</CROSS_DOC_COREF>

</Relations>
</Document>
