<Document doc_name="28_4ecbplus.xml" doc_id="DOC15651712050256267">
<token t_id="1" sentence="0" number="0">http</token>
<token t_id="2" sentence="0" number="1">:</token>
<token t_id="3" sentence="0" number="2">/</token>
<token t_id="4" sentence="0" number="3">/</token>
<token t_id="5" sentence="0" number="4">www</token>
<token t_id="6" sentence="0" number="5">.</token>
<token t_id="7" sentence="0" number="6">sptimes</token>
<token t_id="8" sentence="0" number="7">.</token>
<token t_id="9" sentence="0" number="8">com</token>
<token t_id="10" sentence="0" number="9">/</token>
<token t_id="11" sentence="0" number="10">2004</token>
<token t_id="12" sentence="0" number="11">/</token>
<token t_id="13" sentence="0" number="12">07</token>
<token t_id="14" sentence="0" number="13">/</token>
<token t_id="15" sentence="0" number="14">28</token>
<token t_id="16" sentence="0" number="15">/</token>
<token t_id="17" sentence="0" number="16">Worldandnation</token>
<token t_id="18" sentence="0" number="17">/</token>
<token t_id="19" sentence="0" number="18">Watergate</token>
<token t_id="20" sentence="0" number="19">_</token>
<token t_id="21" sentence="0" number="20">figure</token>
<token t_id="22" sentence="0" number="21">_</token>
<token t_id="23" sentence="0" number="22">Fred</token>
<token t_id="24" sentence="0" number="23">.</token>
<token t_id="25" sentence="0" number="24">shtml</token>
<token t_id="26" sentence="1" number="0">Watergate</token>
<token t_id="27" sentence="1" number="1">figure</token>
<token t_id="28" sentence="1" number="2">Fred</token>
<token t_id="29" sentence="1" number="3">LaRue</token>
<token t_id="30" sentence="1" number="4">dies</token>
<token t_id="31" sentence="2" number="0">Published</token>
<token t_id="32" sentence="2" number="1">July</token>
<token t_id="33" sentence="2" number="2">28</token>
<token t_id="34" sentence="2" number="3">,</token>
<token t_id="35" sentence="2" number="4">2004</token>
<token t_id="36" sentence="3" number="0">Fred</token>
<token t_id="37" sentence="3" number="1">LaRue</token>
<token t_id="38" sentence="3" number="2">,</token>
<token t_id="39" sentence="3" number="3">a</token>
<token t_id="40" sentence="3" number="4">Watergate</token>
<token t_id="41" sentence="3" number="5">figure</token>
<token t_id="42" sentence="3" number="6">and</token>
<token t_id="43" sentence="3" number="7">high</token>
<token t_id="44" sentence="3" number="8">-</token>
<token t_id="45" sentence="3" number="9">ranking</token>
<token t_id="46" sentence="3" number="10">Nixon</token>
<token t_id="47" sentence="3" number="11">administration</token>
<token t_id="48" sentence="3" number="12">official</token>
<token t_id="49" sentence="3" number="13">who</token>
<token t_id="50" sentence="3" number="14">once</token>
<token t_id="51" sentence="3" number="15">was</token>
<token t_id="52" sentence="3" number="16">rumored</token>
<token t_id="53" sentence="3" number="17">to</token>
<token t_id="54" sentence="3" number="18">be</token>
<token t_id="55" sentence="3" number="19">Deep</token>
<token t_id="56" sentence="3" number="20">Throat</token>
<token t_id="57" sentence="3" number="21">,</token>
<token t_id="58" sentence="3" number="22">has</token>
<token t_id="59" sentence="3" number="23">died</token>
<token t_id="60" sentence="3" number="24">of</token>
<token t_id="61" sentence="3" number="25">natural</token>
<token t_id="62" sentence="3" number="26">causes</token>
<token t_id="63" sentence="3" number="27">.</token>
<token t_id="64" sentence="4" number="0">He</token>
<token t_id="65" sentence="4" number="1">was</token>
<token t_id="66" sentence="4" number="2">75</token>
<token t_id="67" sentence="4" number="3">.</token>
<token t_id="68" sentence="5" number="0">His</token>
<token t_id="69" sentence="5" number="1">body</token>
<token t_id="70" sentence="5" number="2">was</token>
<token t_id="71" sentence="5" number="3">discovered</token>
<token t_id="72" sentence="5" number="4">Tuesday</token>
<token t_id="73" sentence="5" number="5">by</token>
<token t_id="74" sentence="5" number="6">a</token>
<token t_id="75" sentence="5" number="7">maid</token>
<token t_id="76" sentence="5" number="8">who</token>
<token t_id="77" sentence="5" number="9">entered</token>
<token t_id="78" sentence="5" number="10">his</token>
<token t_id="79" sentence="5" number="11">hotel</token>
<token t_id="80" sentence="5" number="12">room</token>
<token t_id="81" sentence="5" number="13">in</token>
<token t_id="82" sentence="5" number="14">Biloxi</token>
<token t_id="83" sentence="5" number="15">,</token>
<token t_id="84" sentence="5" number="16">Coroner</token>
<token t_id="85" sentence="5" number="17">Gary</token>
<token t_id="86" sentence="5" number="18">Hargrove</token>
<token t_id="87" sentence="5" number="19">said</token>
<token t_id="88" sentence="5" number="20">.</token>
<token t_id="89" sentence="6" number="0">The</token>
<token t_id="90" sentence="6" number="1">coroner</token>
<token t_id="91" sentence="6" number="2">said</token>
<token t_id="92" sentence="6" number="3">he</token>
<token t_id="93" sentence="6" number="4">believes</token>
<token t_id="94" sentence="6" number="5">Mr</token>
<token t_id="95" sentence="6" number="6">.</token>
<token t_id="96" sentence="6" number="7">LaRue</token>
<token t_id="97" sentence="6" number="8">died</token>
<token t_id="98" sentence="6" number="9">Saturday</token>
<token t_id="99" sentence="6" number="10">(</token>
<token t_id="100" sentence="6" number="11">July</token>
<token t_id="101" sentence="6" number="12">24</token>
<token t_id="102" sentence="6" number="13">,</token>
<token t_id="103" sentence="6" number="14">2004</token>
<token t_id="104" sentence="6" number="15">)</token>
<token t_id="105" sentence="6" number="16">.</token>
<token t_id="106" sentence="7" number="0">Mr</token>
<token t_id="107" sentence="7" number="1">.</token>
<token t_id="108" sentence="7" number="2">LaRue</token>
<token t_id="109" sentence="7" number="3">was</token>
<token t_id="110" sentence="7" number="4">known</token>
<token t_id="111" sentence="7" number="5">as</token>
<token t_id="112" sentence="7" number="6">the</token>
<token t_id="113" sentence="7" number="7">"bagman"</token>
<token t_id="114" sentence="7" number="8">who</token>
<token t_id="115" sentence="7" number="9">delivered</token>
<token t_id="116" sentence="7" number="10">payoffs</token>
<token t_id="117" sentence="7" number="11">to</token>
<token t_id="118" sentence="7" number="12">keep</token>
<token t_id="119" sentence="7" number="13">participants</token>
<token t_id="120" sentence="7" number="14">in</token>
<token t_id="121" sentence="7" number="15">the</token>
<token t_id="122" sentence="7" number="16">Watergate</token>
<token t_id="123" sentence="7" number="17">breakin</token>
<token t_id="124" sentence="7" number="18">quiet</token>
<token t_id="125" sentence="7" number="19">,</token>
<token t_id="126" sentence="7" number="20">and</token>
<token t_id="127" sentence="7" number="21">served</token>
<token t_id="128" sentence="7" number="22">41</token>
<token t_id="129" sentence="7" number="23">/</token>
<token t_id="130" sentence="7" number="24">2</token>
<token t_id="131" sentence="7" number="25">months</token>
<token t_id="132" sentence="7" number="26">in</token>
<token t_id="133" sentence="7" number="27">federal</token>
<token t_id="134" sentence="7" number="28">prison</token>
<token t_id="135" sentence="7" number="29">for</token>
<token t_id="136" sentence="7" number="30">conspiracy</token>
<token t_id="137" sentence="7" number="31">to</token>
<token t_id="138" sentence="7" number="32">obstruct</token>
<token t_id="139" sentence="7" number="33">justice</token>
<token t_id="140" sentence="7" number="34">.</token>
<token t_id="141" sentence="8" number="0">Mr</token>
<token t_id="142" sentence="8" number="1">.</token>
<token t_id="143" sentence="8" number="2">LaRue</token>
<token t_id="144" sentence="8" number="3">served</token>
<token t_id="145" sentence="8" number="4">as</token>
<token t_id="146" sentence="8" number="5">special</token>
<token t_id="147" sentence="8" number="6">assistant</token>
<token t_id="148" sentence="8" number="7">to</token>
<token t_id="149" sentence="8" number="8">John</token>
<token t_id="150" sentence="8" number="9">Mitchell</token>
<token t_id="151" sentence="8" number="10">,</token>
<token t_id="152" sentence="8" number="11">the</token>
<token t_id="153" sentence="8" number="12">former</token>
<token t_id="154" sentence="8" number="13">attorney</token>
<token t_id="155" sentence="8" number="14">general</token>
<token t_id="156" sentence="8" number="15">who</token>
<token t_id="157" sentence="8" number="16">later</token>
<token t_id="158" sentence="8" number="17">headed</token>
<token t_id="159" sentence="8" number="18">President</token>
<token t_id="160" sentence="8" number="19">Richard</token>
<token t_id="161" sentence="8" number="20">Nixon's</token>
<token t_id="162" sentence="8" number="21">re</token>
<token t_id="163" sentence="8" number="22">-</token>
<token t_id="164" sentence="8" number="23">election</token>
<token t_id="165" sentence="8" number="24">committee</token>
<token t_id="166" sentence="8" number="25">.</token>
<token t_id="167" sentence="9" number="0">Mr</token>
<token t_id="168" sentence="9" number="1">.</token>
<token t_id="169" sentence="9" number="2">LaRue</token>
<token t_id="170" sentence="9" number="3">was</token>
<token t_id="171" sentence="9" number="4">at</token>
<token t_id="172" sentence="9" number="5">a</token>
<token t_id="173" sentence="9" number="6">1972</token>
<token t_id="174" sentence="9" number="7">meeting</token>
<token t_id="175" sentence="9" number="8">with</token>
<token t_id="176" sentence="9" number="9">Mitchell</token>
<token t_id="177" sentence="9" number="10">and</token>
<token t_id="178" sentence="9" number="11">Nixon</token>
<token t_id="179" sentence="9" number="12">aide</token>
<token t_id="180" sentence="9" number="13">Jeb</token>
<token t_id="181" sentence="9" number="14">Stuart</token>
<token t_id="182" sentence="9" number="15">Magruder</token>
<token t_id="183" sentence="9" number="16">in</token>
<token t_id="184" sentence="9" number="17">Key</token>
<token t_id="185" sentence="9" number="18">Biscayne</token>
<token t_id="186" sentence="9" number="19">,</token>
<token t_id="187" sentence="9" number="20">where</token>
<token t_id="188" sentence="9" number="21">the</token>
<token t_id="189" sentence="9" number="22">plan</token>
<token t_id="190" sentence="9" number="23">to</token>
<token t_id="191" sentence="9" number="24">break</token>
<token t_id="192" sentence="9" number="25">into</token>
<token t_id="193" sentence="9" number="26">the</token>
<token t_id="194" sentence="9" number="27">Watergate</token>
<token t_id="195" sentence="9" number="28">complex</token>
<token t_id="196" sentence="9" number="29">allegedly</token>
<token t_id="197" sentence="9" number="30">was</token>
<token t_id="198" sentence="9" number="31">hatched</token>
<token t_id="199" sentence="9" number="32">.</token>
<token t_id="200" sentence="10" number="0">After</token>
<token t_id="201" sentence="10" number="1">his</token>
<token t_id="202" sentence="10" number="2">political</token>
<token t_id="203" sentence="10" number="3">career</token>
<token t_id="204" sentence="10" number="4">ended</token>
<token t_id="205" sentence="10" number="5">in</token>
<token t_id="206" sentence="10" number="6">scandal</token>
<token t_id="207" sentence="10" number="7">,</token>
<token t_id="208" sentence="10" number="8">Mr</token>
<token t_id="209" sentence="10" number="9">.</token>
<token t_id="210" sentence="10" number="10">LaRue</token>
<token t_id="211" sentence="10" number="11">returned</token>
<token t_id="212" sentence="10" number="12">to</token>
<token t_id="213" sentence="10" number="13">his</token>
<token t_id="214" sentence="10" number="14">home</token>
<token t_id="215" sentence="10" number="15">state</token>
<token t_id="216" sentence="10" number="16">of</token>
<token t_id="217" sentence="10" number="17">Mississippi</token>
<token t_id="218" sentence="10" number="18">to</token>
<token t_id="219" sentence="10" number="19">work</token>
<token t_id="220" sentence="10" number="20">in</token>
<token t_id="221" sentence="10" number="21">his</token>
<token t_id="222" sentence="10" number="22">family's</token>
<token t_id="223" sentence="10" number="23">business</token>
<token t_id="224" sentence="10" number="24">.</token>
<token t_id="225" sentence="11" number="0">Mr</token>
<token t_id="226" sentence="11" number="1">.</token>
<token t_id="227" sentence="11" number="2">LaRue</token>
<token t_id="228" sentence="11" number="3">discounted</token>
<token t_id="229" sentence="11" number="4">rumors</token>
<token t_id="230" sentence="11" number="5">that</token>
<token t_id="231" sentence="11" number="6">he</token>
<token t_id="232" sentence="11" number="7">was</token>
<token t_id="233" sentence="11" number="8">Deep</token>
<token t_id="234" sentence="11" number="9">Throat</token>
<token t_id="235" sentence="11" number="10">,</token>
<token t_id="236" sentence="11" number="11">saying</token>
<token t_id="237" sentence="11" number="12">the</token>
<token t_id="238" sentence="11" number="13">mysterious</token>
<token t_id="239" sentence="11" number="14">source</token>
<token t_id="240" sentence="11" number="15">for</token>
<token t_id="241" sentence="11" number="16">Washington</token>
<token t_id="242" sentence="11" number="17">Post</token>
<token t_id="243" sentence="11" number="18">reporters</token>
<token t_id="244" sentence="11" number="19">Bob</token>
<token t_id="245" sentence="11" number="20">Woodward</token>
<token t_id="246" sentence="11" number="21">and</token>
<token t_id="247" sentence="11" number="22">Carl</token>
<token t_id="248" sentence="11" number="23">Bernstein</token>
<token t_id="249" sentence="11" number="24">was</token>
<token t_id="250" sentence="11" number="25">not</token>
<token t_id="251" sentence="11" number="26">one</token>
<token t_id="252" sentence="11" number="27">person</token>
<token t_id="253" sentence="11" number="28">,</token>
<token t_id="254" sentence="11" number="29">but</token>
<token t_id="255" sentence="11" number="30">probably</token>
<token t_id="256" sentence="11" number="31">a</token>
<token t_id="257" sentence="11" number="32">combination</token>
<token t_id="258" sentence="11" number="33">of</token>
<token t_id="259" sentence="11" number="34">people</token>
<token t_id="260" sentence="11" number="35">.</token>
<Markables>
<ACTION_OCCURRENCE m_id="9"  >
  <token_anchor t_id="93"/>
</ACTION_OCCURRENCE>
<ACTION_OCCURRENCE m_id="10"  >
  <token_anchor t_id="97"/>
</ACTION_OCCURRENCE>
<ACTION_OCCURRENCE m_id="11"  >
  <token_anchor t_id="110"/>
</ACTION_OCCURRENCE>
<ACTION_OCCURRENCE m_id="12"  >
  <token_anchor t_id="115"/>
</ACTION_OCCURRENCE>
<ACTION_OCCURRENCE m_id="13"  >
  <token_anchor t_id="116"/>
</ACTION_OCCURRENCE>
<ACTION_OCCURRENCE m_id="14"  >
  <token_anchor t_id="118"/>
</ACTION_OCCURRENCE>
<ACTION_OCCURRENCE m_id="81"  >
  <token_anchor t_id="122"/>
  <token_anchor t_id="123"/>
</ACTION_OCCURRENCE>
<ACTION_OCCURRENCE m_id="15"  >
  <token_anchor t_id="127"/>
</ACTION_OCCURRENCE>
<ACTION_OCCURRENCE m_id="16"  >
  <token_anchor t_id="136"/>
</ACTION_OCCURRENCE>
<ACTION_OCCURRENCE m_id="17"  >
  <token_anchor t_id="138"/>
</ACTION_OCCURRENCE>
<ACTION_OCCURRENCE m_id="18"  >
  <token_anchor t_id="144"/>
</ACTION_OCCURRENCE>
<ACTION_OCCURRENCE m_id="19"  >
  <token_anchor t_id="228"/>
</ACTION_OCCURRENCE>
<ACTION_OCCURRENCE m_id="20"  >
  <token_anchor t_id="229"/>
</ACTION_OCCURRENCE>
<ACTION_OCCURRENCE m_id="21"  >
  <token_anchor t_id="211"/>
</ACTION_OCCURRENCE>
<ACTION_OCCURRENCE m_id="22"  >
  <token_anchor t_id="219"/>
</ACTION_OCCURRENCE>
<ACTION_OCCURRENCE m_id="23"  >
  <token_anchor t_id="174"/>
</ACTION_OCCURRENCE>
<ACTION_OCCURRENCE m_id="24"  >
  <token_anchor t_id="189"/>
</ACTION_OCCURRENCE>
<ACTION_OCCURRENCE m_id="25"  >
  <token_anchor t_id="191"/>
  <token_anchor t_id="192"/>
</ACTION_OCCURRENCE>
<ACTION_OCCURRENCE m_id="26"  >
  <token_anchor t_id="198"/>
</ACTION_OCCURRENCE>
<ACTION_OCCURRENCE m_id="27"  >
  <token_anchor t_id="162"/>
  <token_anchor t_id="163"/>
  <token_anchor t_id="164"/>
</ACTION_OCCURRENCE>
<ACTION_OCCURRENCE m_id="28"  >
  <token_anchor t_id="158"/>
</ACTION_OCCURRENCE>
<ACTION_OCCURRENCE m_id="1"  >
  <token_anchor t_id="26"/>
</ACTION_OCCURRENCE>
<ACTION_OCCURRENCE m_id="2"  >
  <token_anchor t_id="30"/>
</ACTION_OCCURRENCE>
<ACTION_OCCURRENCE m_id="3"  >
  <token_anchor t_id="40"/>
</ACTION_OCCURRENCE>
<ACTION_OCCURRENCE m_id="4"  >
  <token_anchor t_id="52"/>
</ACTION_OCCURRENCE>
<ACTION_OCCURRENCE m_id="5"  >
  <token_anchor t_id="59"/>
</ACTION_OCCURRENCE>
<ACTION_OCCURRENCE m_id="6"  >
  <token_anchor t_id="61"/>
  <token_anchor t_id="62"/>
</ACTION_OCCURRENCE>
<ACTION_OCCURRENCE m_id="7"  >
  <token_anchor t_id="71"/>
</ACTION_OCCURRENCE>
<ACTION_OCCURRENCE m_id="8"  >
  <token_anchor t_id="77"/>
</ACTION_OCCURRENCE>
<ACTION_REPORTING m_id="75"  >
  <token_anchor t_id="87"/>
</ACTION_REPORTING>
<ACTION_STATE m_id="77"  >
  <token_anchor t_id="124"/>
</ACTION_STATE>
<HUMAN_PART_ORG m_id="72"  >
  <token_anchor t_id="165"/>
</HUMAN_PART_ORG>
<HUMAN_PART_PER m_id="41"  >
  <token_anchor t_id="106"/>
  <token_anchor t_id="107"/>
  <token_anchor t_id="108"/>
</HUMAN_PART_PER>
<HUMAN_PART_PER m_id="42"  >
  <token_anchor t_id="113"/>
</HUMAN_PART_PER>
<HUMAN_PART_PER m_id="43"  >
  <token_anchor t_id="114"/>
</HUMAN_PART_PER>
<HUMAN_PART_PER m_id="44"  >
  <token_anchor t_id="119"/>
</HUMAN_PART_PER>
<HUMAN_PART_PER m_id="45"  >
  <token_anchor t_id="141"/>
  <token_anchor t_id="142"/>
  <token_anchor t_id="143"/>
</HUMAN_PART_PER>
<HUMAN_PART_PER m_id="46"  >
  <token_anchor t_id="149"/>
  <token_anchor t_id="150"/>
</HUMAN_PART_PER>
<HUMAN_PART_PER m_id="47"  >
  <token_anchor t_id="146"/>
  <token_anchor t_id="147"/>
</HUMAN_PART_PER>
<HUMAN_PART_PER m_id="82"  >
  <token_anchor t_id="27"/>
</HUMAN_PART_PER>
<HUMAN_PART_PER m_id="48"  >
  <token_anchor t_id="160"/>
  <token_anchor t_id="161"/>
</HUMAN_PART_PER>
<HUMAN_PART_PER m_id="84"  >
  <token_anchor t_id="76"/>
</HUMAN_PART_PER>
<HUMAN_PART_PER m_id="49"  >
  <token_anchor t_id="167"/>
  <token_anchor t_id="168"/>
  <token_anchor t_id="169"/>
</HUMAN_PART_PER>
<HUMAN_PART_PER m_id="50"  >
  <token_anchor t_id="176"/>
</HUMAN_PART_PER>
<HUMAN_PART_PER m_id="88"  >
  <token_anchor t_id="49"/>
</HUMAN_PART_PER>
<HUMAN_PART_PER m_id="51"  >
  <token_anchor t_id="180"/>
  <token_anchor t_id="181"/>
  <token_anchor t_id="182"/>
</HUMAN_PART_PER>
<HUMAN_PART_PER m_id="52"  >
  <token_anchor t_id="208"/>
  <token_anchor t_id="209"/>
  <token_anchor t_id="210"/>
</HUMAN_PART_PER>
<HUMAN_PART_PER m_id="53"  >
  <token_anchor t_id="222"/>
</HUMAN_PART_PER>
<HUMAN_PART_PER m_id="54"  >
  <token_anchor t_id="233"/>
  <token_anchor t_id="234"/>
</HUMAN_PART_PER>
<HUMAN_PART_PER m_id="55"  >
  <token_anchor t_id="225"/>
  <token_anchor t_id="226"/>
  <token_anchor t_id="227"/>
</HUMAN_PART_PER>
<HUMAN_PART_PER m_id="56"  >
  <token_anchor t_id="231"/>
</HUMAN_PART_PER>
<HUMAN_PART_PER m_id="57"  >
  <token_anchor t_id="244"/>
  <token_anchor t_id="245"/>
</HUMAN_PART_PER>
<HUMAN_PART_PER m_id="58"  >
  <token_anchor t_id="247"/>
  <token_anchor t_id="248"/>
</HUMAN_PART_PER>
<HUMAN_PART_PER m_id="59"  >
  <token_anchor t_id="252"/>
</HUMAN_PART_PER>
<HUMAN_PART_PER m_id="60"  >
  <token_anchor t_id="259"/>
</HUMAN_PART_PER>
<HUMAN_PART_PER m_id="29"  >
  <token_anchor t_id="28"/>
  <token_anchor t_id="29"/>
</HUMAN_PART_PER>
<HUMAN_PART_PER m_id="61"  >
  <token_anchor t_id="239"/>
</HUMAN_PART_PER>
<HUMAN_PART_PER m_id="30"  >
  <token_anchor t_id="36"/>
  <token_anchor t_id="37"/>
</HUMAN_PART_PER>
<HUMAN_PART_PER m_id="31"  >
  <token_anchor t_id="41"/>
</HUMAN_PART_PER>
<HUMAN_PART_PER m_id="32"  >
  <token_anchor t_id="48"/>
</HUMAN_PART_PER>
<HUMAN_PART_PER m_id="33"  >
  <token_anchor t_id="55"/>
  <token_anchor t_id="56"/>
</HUMAN_PART_PER>
<HUMAN_PART_PER m_id="34"  >
  <token_anchor t_id="64"/>
</HUMAN_PART_PER>
<HUMAN_PART_PER m_id="36"  >
  <token_anchor t_id="75"/>
</HUMAN_PART_PER>
<HUMAN_PART_PER m_id="37"  >
  <token_anchor t_id="85"/>
  <token_anchor t_id="86"/>
</HUMAN_PART_PER>
<HUMAN_PART_PER m_id="38"  >
  <token_anchor t_id="92"/>
</HUMAN_PART_PER>
<HUMAN_PART_PER m_id="39"  >
  <token_anchor t_id="90"/>
</HUMAN_PART_PER>
<HUMAN_PART_PER m_id="40"  >
  <token_anchor t_id="94"/>
  <token_anchor t_id="95"/>
  <token_anchor t_id="96"/>
</HUMAN_PART_PER>
<LOC_FAC m_id="73"  >
  <token_anchor t_id="132"/>
  <token_anchor t_id="133"/>
  <token_anchor t_id="134"/>
</LOC_FAC>
<LOC_FAC m_id="85"  >
  <token_anchor t_id="79"/>
  <token_anchor t_id="80"/>
  <token_anchor t_id="81"/>
  <token_anchor t_id="82"/>
</LOC_FAC>
<LOC_FAC m_id="66"  >
  <token_anchor t_id="194"/>
  <token_anchor t_id="195"/>
</LOC_FAC>
<LOC_GEO m_id="69"  >
  <token_anchor t_id="212"/>
  <token_anchor t_id="213"/>
  <token_anchor t_id="214"/>
  <token_anchor t_id="215"/>
  <token_anchor t_id="216"/>
  <token_anchor t_id="217"/>
</LOC_GEO>
<LOC_GEO m_id="71"  >
  <token_anchor t_id="183"/>
  <token_anchor t_id="184"/>
  <token_anchor t_id="185"/>
</LOC_GEO>
<NON_HUMAN_PART m_id="68"  >
  <token_anchor t_id="202"/>
  <token_anchor t_id="203"/>
</NON_HUMAN_PART>
<NON_HUMAN_PART m_id="70"  >
  <token_anchor t_id="223"/>
</NON_HUMAN_PART>
<NON_HUMAN_PART_GENERIC m_id="76"  >
  <token_anchor t_id="139"/>
</NON_HUMAN_PART_GENERIC>
<TIME_DATE m_id="62"  >
  <token_anchor t_id="32"/>
  <token_anchor t_id="33"/>
  <token_anchor t_id="34"/>
  <token_anchor t_id="35"/>
</TIME_DATE>
<TIME_DATE m_id="63"  >
  <token_anchor t_id="98"/>
  <token_anchor t_id="99"/>
  <token_anchor t_id="100"/>
  <token_anchor t_id="101"/>
  <token_anchor t_id="102"/>
  <token_anchor t_id="103"/>
  <token_anchor t_id="104"/>
  <token_anchor t_id="105"/>
</TIME_DATE>
<TIME_DATE m_id="64"  >
  <token_anchor t_id="72"/>
</TIME_DATE>
<TIME_DATE m_id="65"  >
  <token_anchor t_id="173"/>
</TIME_DATE>
<TIME_DURATION m_id="74"  >
  <token_anchor t_id="128"/>
  <token_anchor t_id="129"/>
  <token_anchor t_id="130"/>
  <token_anchor t_id="131"/>
</TIME_DURATION>


<HUMAN_PART_PER m_id="89" note="byCROMER" >
  <token_anchor t_id="68"/>
  <token_anchor t_id="69"/>
</HUMAN_PART_PER>
<ACTION_REPORTING m_id="90" note="byCROMER" >
  <token_anchor t_id="91"/>
</ACTION_REPORTING>
<ACTION_OCCURRENCE m_id="91" note="byCROMER" >
  <token_anchor t_id="206"/>
</ACTION_OCCURRENCE>


<ACTION_OCCURRENCE m_id="99" RELATED_TO="" TAG_DESCRIPTOR="t28_watergate_scandal" instance_id="ACT16762238189665929" />
<ACTION_OCCURRENCE m_id="98" RELATED_TO="" TAG_DESCRIPTOR="t28_maid_entered_room" instance_id="ACT16762200536905847" />
<ACTION_OCCURRENCE m_id="97" RELATED_TO="" TAG_DESCRIPTOR="t28_maid_found_body" instance_id="ACT16762223878467716" />
<HUMAN_PART_PER m_id="96" RELATED_TO="" TAG_DESCRIPTOR="t28_maid" instance_id="HUM16762394101942113" />
<HUMAN_PART_PER m_id="107" RELATED_TO="" TAG_DESCRIPTOR="t28_gary_hargrove_coroner" instance_id="HUM16762387067149443" />
<HUMAN_PART_PER m_id="95" RELATED_TO="" TAG_DESCRIPTOR="t28_deep_throat" instance_id="HUM16762545642473164" />
<ACTION_REPORTING m_id="106" RELATED_TO="" TAG_DESCRIPTOR="t28_coroner_says" instance_id="ACT16762361759448319" />
<TIME_DATE m_id="94" RELATED_TO="" TAG_DESCRIPTOR="t28_saturday_25_july_2004" instance_id="TIM16762450584630828" />
<HUMAN_PART_PER m_id="105" RELATED_TO="" TAG_DESCRIPTOR="t28_fred_larue" instance_id="HUM16762375448415764" />
<LOC_FAC m_id="93" RELATED_TO="" TAG_DESCRIPTOR="t28_hotel_room_biloxi" instance_id="LOC16762474499152487" />
<TIME_DATE m_id="104" RELATED_TO="" TAG_DESCRIPTOR="t28_tuesday_27_july_2004" instance_id="TIM16762465386809315" />
<ACTION_OCCURRENCE m_id="92" RELATED_TO="" TAG_DESCRIPTOR="t28_natural_causes" instance_id="ACT16762271336158477" />
<ACTION_OCCURRENCE m_id="103" RELATED_TO="" TAG_DESCRIPTOR="t28_larue_dies" instance_id="ACT16762189251591291" />
<ACTION_OCCURRENCE m_id="102" RELATED_TO="" TAG_DESCRIPTOR="t28_rumored" instance_id="ACT16970418292747875" />
<ACTION_OCCURRENCE m_id="101" RELATED_TO="" TAG_DESCRIPTOR="t28_coroner_believes" instance_id="ACT16762214923191521" />
<ACTION_OCCURRENCE m_id="100" RELATED_TO="" TAG_DESCRIPTOR="t28_suspecting" instance_id="ACT16762303466680661" />
</Markables>

<Relations>
<CROSS_DOC_COREF r_id="38571" note="ACT16762271336158477" >
  <source m_id="6" />
  <target m_id="92" />
</CROSS_DOC_COREF>
<CROSS_DOC_COREF r_id="38572" note="LOC16762474499152487" >
  <source m_id="85" />
  <target m_id="93" />
</CROSS_DOC_COREF>
<CROSS_DOC_COREF r_id="38573" note="TIM16762450584630828" >
  <source m_id="63" />
  <target m_id="94" />
</CROSS_DOC_COREF>
<CROSS_DOC_COREF r_id="38574" note="HUM16762545642473164" >
  <source m_id="33" />
  <target m_id="95" />
</CROSS_DOC_COREF>
<CROSS_DOC_COREF r_id="38575" note="HUM16762394101942113" >
  <source m_id="36" />
  <source m_id="84" />
  <target m_id="96" />
</CROSS_DOC_COREF>
<CROSS_DOC_COREF r_id="38576" note="ACT16762223878467716" >
  <source m_id="7" />
  <target m_id="97" />
</CROSS_DOC_COREF>
<CROSS_DOC_COREF r_id="38577" note="ACT16762200536905847" >
  <source m_id="8" />
  <target m_id="98" />
</CROSS_DOC_COREF>
<CROSS_DOC_COREF r_id="38578" note="ACT16762238189665929" >
  <source m_id="3" />
  <source m_id="1" />
  <target m_id="99" />
</CROSS_DOC_COREF>
<CROSS_DOC_COREF r_id="38579" note="ACT16762303466680661" >
  <source m_id="91" />
  <target m_id="100" />
</CROSS_DOC_COREF>
<CROSS_DOC_COREF r_id="38580" note="ACT16762214923191521" >
  <source m_id="9" />
  <target m_id="101" />
</CROSS_DOC_COREF>
<CROSS_DOC_COREF r_id="38581" note="ACT16970418292747875" >
  <source m_id="4" />
  <target m_id="102" />
</CROSS_DOC_COREF>
<CROSS_DOC_COREF r_id="38582" note="ACT16762189251591291" >
  <source m_id="5" />
  <source m_id="10" />
  <source m_id="2" />
  <target m_id="103" />
</CROSS_DOC_COREF>
<CROSS_DOC_COREF r_id="38583" note="TIM16762465386809315" >
  <source m_id="64" />
  <target m_id="104" />
</CROSS_DOC_COREF>
<CROSS_DOC_COREF r_id="38584" note="HUM16762375448415764" >
  <source m_id="40" />
  <source m_id="30" />
  <source m_id="89" />
  <source m_id="29" />
  <source m_id="31" />
  <source m_id="88" />
  <source m_id="32" />
  <source m_id="82" />
  <target m_id="105" />
</CROSS_DOC_COREF>
<CROSS_DOC_COREF r_id="38585" note="ACT16762361759448319" >
  <source m_id="75" />
  <source m_id="90" />
  <target m_id="106" />
</CROSS_DOC_COREF>
<CROSS_DOC_COREF r_id="38586" note="HUM16762387067149443" >
  <source m_id="37" />
  <source m_id="38" />
  <source m_id="39" />
  <target m_id="107" />
</CROSS_DOC_COREF>

</Relations>
</Document>
