<Document doc_name="28_5ecb.xml" doc_id="DOC15654957307392132">
<token t_id="1" sentence="0" number="0">Deep</token>
<token t_id="2" sentence="0" number="1">Throat</token>
<token t_id="3" sentence="0" number="2">is</token>
<token t_id="4" sentence="0" number="3">dead</token>
<token t_id="5" sentence="0" number="4">.</token>
<token t_id="6" sentence="1" number="0">The</token>
<token t_id="7" sentence="1" number="1">passing</token>
<token t_id="8" sentence="1" number="2">yesterday</token>
<token t_id="9" sentence="1" number="3">of</token>
<token t_id="10" sentence="1" number="4">W.</token>
<token t_id="11" sentence="1" number="5">Mark</token>
<token t_id="12" sentence="1" number="6">Felt</token>
<token t_id="13" sentence="1" number="7">,</token>
<token t_id="14" sentence="1" number="8">the</token>
<token t_id="15" sentence="1" number="9">man</token>
<token t_id="16" sentence="1" number="10">who</token>
<token t_id="17" sentence="1" number="11">was</token>
<token t_id="18" sentence="1" number="12">the</token>
<token t_id="19" sentence="1" number="13">infamous</token>
<token t_id="20" sentence="1" number="14">secret</token>
<token t_id="21" sentence="1" number="15">source</token>
<token t_id="22" sentence="1" number="16">for</token>
<token t_id="23" sentence="1" number="17">Washington</token>
<token t_id="24" sentence="1" number="18">Post</token>
<token t_id="25" sentence="1" number="19">reporters</token>
<token t_id="26" sentence="1" number="20">Bob</token>
<token t_id="27" sentence="1" number="21">Woodward</token>
<token t_id="28" sentence="1" number="22">and</token>
<token t_id="29" sentence="1" number="23">Carl</token>
<token t_id="30" sentence="1" number="24">Bernstein</token>
<token t_id="31" sentence="1" number="25">during</token>
<token t_id="32" sentence="1" number="26">their</token>
<token t_id="33" sentence="1" number="27">investigation</token>
<token t_id="34" sentence="1" number="28">of</token>
<token t_id="35" sentence="1" number="29">the</token>
<token t_id="36" sentence="1" number="30">Watergate</token>
<token t_id="37" sentence="1" number="31">scandal</token>
<token t_id="38" sentence="1" number="32">,</token>
<token t_id="39" sentence="1" number="33">marks</token>
<token t_id="40" sentence="1" number="34">the</token>
<token t_id="41" sentence="1" number="35">end</token>
<token t_id="42" sentence="1" number="36">of</token>
<token t_id="43" sentence="1" number="37">a</token>
<token t_id="44" sentence="1" number="38">life</token>
<token t_id="45" sentence="1" number="39">that</token>
<token t_id="46" sentence="1" number="40">brought</token>
<token t_id="47" sentence="1" number="41">about</token>
<token t_id="48" sentence="1" number="42">both</token>
<token t_id="49" sentence="1" number="43">the</token>
<token t_id="50" sentence="1" number="44">good</token>
<token t_id="51" sentence="1" number="45">and</token>
<token t_id="52" sentence="1" number="46">the</token>
<token t_id="53" sentence="1" number="47">bad</token>
<token t_id="54" sentence="1" number="48">of</token>
<token t_id="55" sentence="1" number="49">anonymous</token>
<token t_id="56" sentence="1" number="50">sources</token>
<token t_id="57" sentence="1" number="51">in</token>
<token t_id="58" sentence="1" number="52">political</token>
<token t_id="59" sentence="1" number="53">journalism</token>
<token t_id="60" sentence="1" number="54">.</token>
<token t_id="61" sentence="2" number="0">Without</token>
<token t_id="62" sentence="2" number="1">Felt</token>
<token t_id="63" sentence="2" number="2">'s</token>
<token t_id="64" sentence="2" number="3">information</token>
<token t_id="65" sentence="2" number="4">,</token>
<token t_id="66" sentence="2" number="5">the</token>
<token t_id="67" sentence="2" number="6">full</token>
<token t_id="68" sentence="2" number="7">scale</token>
<token t_id="69" sentence="2" number="8">of</token>
<token t_id="70" sentence="2" number="9">the</token>
<token t_id="71" sentence="2" number="10">Nixon</token>
<token t_id="72" sentence="2" number="11">administration</token>
<token t_id="73" sentence="2" number="12">'s</token>
<token t_id="74" sentence="2" number="13">corruption</token>
<token t_id="75" sentence="2" number="14">would</token>
<token t_id="76" sentence="2" number="15">likely</token>
<token t_id="77" sentence="2" number="16">never</token>
<token t_id="78" sentence="2" number="17">have</token>
<token t_id="79" sentence="2" number="18">come</token>
<token t_id="80" sentence="2" number="19">to</token>
<token t_id="81" sentence="2" number="20">light</token>
<token t_id="82" sentence="2" number="21">,</token>
<token t_id="83" sentence="2" number="22">he</token>
<token t_id="84" sentence="2" number="23">would</token>
<token t_id="85" sentence="2" number="24">n't</token>
<token t_id="86" sentence="2" number="25">have</token>
<token t_id="87" sentence="2" number="26">resigned</token>
<token t_id="88" sentence="2" number="27">in</token>
<token t_id="89" sentence="2" number="28">disgrace</token>
<token t_id="90" sentence="2" number="29">,</token>
<token t_id="91" sentence="2" number="30">and</token>
<token t_id="92" sentence="2" number="31">it</token>
<token t_id="93" sentence="2" number="32">might</token>
<token t_id="94" sentence="2" number="33">have</token>
<token t_id="95" sentence="2" number="34">set</token>
<token t_id="96" sentence="2" number="35">a</token>
<token t_id="97" sentence="2" number="36">precedent</token>
<token t_id="98" sentence="2" number="37">that</token>
<token t_id="99" sentence="2" number="38">the</token>
<token t_id="100" sentence="2" number="39">president</token>
<token t_id="101" sentence="2" number="40">of</token>
<token t_id="102" sentence="2" number="41">the</token>
<token t_id="103" sentence="2" number="42">United</token>
<token t_id="104" sentence="2" number="43">States</token>
<token t_id="105" sentence="2" number="44">is</token>
<token t_id="106" sentence="2" number="45">above</token>
<token t_id="107" sentence="2" number="46">the</token>
<token t_id="108" sentence="2" number="47">law</token>
<token t_id="109" sentence="2" number="48">.</token>
<token t_id="110" sentence="3" number="0">Deep</token>
<token t_id="111" sentence="3" number="1">Throat</token>
<token t_id="112" sentence="3" number="2">also</token>
<token t_id="113" sentence="3" number="3">gave</token>
<token t_id="114" sentence="3" number="4">us</token>
<token t_id="115" sentence="3" number="5">a</token>
<token t_id="116" sentence="3" number="6">new</token>
<token t_id="117" sentence="3" number="7">archetype</token>
<token t_id="118" sentence="3" number="8">in</token>
<token t_id="119" sentence="3" number="9">popular</token>
<token t_id="120" sentence="3" number="10">culture</token>
<token t_id="121" sentence="3" number="11">:</token>
<token t_id="122" sentence="3" number="12">the</token>
<token t_id="123" sentence="3" number="13">shadowy</token>
<token t_id="124" sentence="3" number="14">insider</token>
<token t_id="125" sentence="3" number="15">in</token>
<token t_id="126" sentence="3" number="16">a</token>
<token t_id="127" sentence="3" number="17">trench</token>
<token t_id="128" sentence="3" number="18">coat</token>
<token t_id="129" sentence="3" number="19">,</token>
<token t_id="130" sentence="3" number="20">calling</token>
<token t_id="131" sentence="3" number="21">up</token>
<token t_id="132" sentence="3" number="22">reporters</token>
<token t_id="133" sentence="3" number="23">for</token>
<token t_id="134" sentence="3" number="24">secret</token>
<token t_id="135" sentence="3" number="25">meetings</token>
<token t_id="136" sentence="3" number="26">in</token>
<token t_id="137" sentence="3" number="27">parking</token>
<token t_id="138" sentence="3" number="28">garages</token>
<token t_id="139" sentence="3" number="29">to</token>
<token t_id="140" sentence="3" number="30">spill</token>
<token t_id="141" sentence="3" number="31">the</token>
<token t_id="142" sentence="3" number="32">dirt</token>
<token t_id="143" sentence="3" number="33">,</token>
<token t_id="144" sentence="3" number="34">often</token>
<token t_id="145" sentence="3" number="35">with</token>
<token t_id="146" sentence="3" number="36">gravely</token>
<token t_id="147" sentence="3" number="37">voices</token>
<token t_id="148" sentence="3" number="38">and</token>
<token t_id="149" sentence="3" number="39">cautious</token>
<token t_id="150" sentence="3" number="40">looks</token>
<token t_id="151" sentence="3" number="41">over</token>
<token t_id="152" sentence="3" number="42">the</token>
<token t_id="153" sentence="3" number="43">shoulder</token>
<token t_id="154" sentence="3" number="44">.</token>
<token t_id="155" sentence="4" number="0">It</token>
<token t_id="156" sentence="4" number="1">'s</token>
<token t_id="157" sentence="4" number="2">been</token>
<token t_id="158" sentence="4" number="3">employed</token>
<token t_id="159" sentence="4" number="4">in</token>
<token t_id="160" sentence="4" number="5">entertainment</token>
<token t_id="161" sentence="4" number="6">ever</token>
<token t_id="162" sentence="4" number="7">since</token>
<token t_id="163" sentence="4" number="8">,</token>
<token t_id="164" sentence="4" number="9">from</token>
<token t_id="165" sentence="4" number="10">Hal</token>
<token t_id="166" sentence="4" number="11">Holbrook</token>
<token t_id="167" sentence="4" number="12">'s</token>
<token t_id="168" sentence="4" number="13">performance</token>
<token t_id="169" sentence="4" number="14">as</token>
<token t_id="170" sentence="4" number="15">Deep</token>
<token t_id="171" sentence="4" number="16">Throat</token>
<token t_id="172" sentence="4" number="17">in</token>
<token t_id="173" sentence="4" number="18">All</token>
<token t_id="174" sentence="4" number="19">the</token>
<token t_id="175" sentence="4" number="20">President</token>
<token t_id="176" sentence="4" number="21">'s</token>
<token t_id="177" sentence="4" number="22">Men</token>
<token t_id="178" sentence="4" number="23">,</token>
<token t_id="179" sentence="4" number="24">to</token>
<token t_id="180" sentence="4" number="25">Fox</token>
<token t_id="181" sentence="4" number="26">Mulder</token>
<token t_id="182" sentence="4" number="27">'s</token>
<token t_id="183" sentence="4" number="28">informant</token>
<token t_id="184" sentence="4" number="29">in</token>
<token t_id="185" sentence="4" number="30">The</token>
<token t_id="186" sentence="4" number="31">X-Files</token>
<token t_id="187" sentence="4" number="32">,</token>
<token t_id="188" sentence="4" number="33">to</token>
<token t_id="189" sentence="4" number="34">even</token>
<token t_id="190" sentence="4" number="35">the</token>
<token t_id="191" sentence="4" number="36">Caped</token>
<token t_id="192" sentence="4" number="37">Crusader</token>
<token t_id="193" sentence="4" number="38">giving</token>
<token t_id="194" sentence="4" number="39">Vicki</token>
<token t_id="195" sentence="4" number="40">Vale</token>
<token t_id="196" sentence="4" number="41">the</token>
<token t_id="197" sentence="4" number="42">cure</token>
<token t_id="198" sentence="4" number="43">for</token>
<token t_id="199" sentence="4" number="44">the</token>
<token t_id="200" sentence="4" number="45">Joker</token>
<token t_id="201" sentence="4" number="46">'s</token>
<token t_id="202" sentence="4" number="47">poison</token>
<token t_id="203" sentence="4" number="48">gas</token>
<token t_id="204" sentence="4" number="49">in</token>
<token t_id="205" sentence="4" number="50">Batman</token>
<token t_id="206" sentence="4" number="51">.</token>
<token t_id="207" sentence="5" number="0">But</token>
<token t_id="208" sentence="5" number="1">the</token>
<token t_id="209" sentence="5" number="2">downside</token>
<token t_id="210" sentence="5" number="3">of</token>
<token t_id="211" sentence="5" number="4">Felt</token>
<token t_id="212" sentence="5" number="5">'s</token>
<token t_id="213" sentence="5" number="6">legacy</token>
<token t_id="214" sentence="5" number="7">is</token>
<token t_id="215" sentence="5" number="8">the</token>
<token t_id="216" sentence="5" number="9">increased</token>
<token t_id="217" sentence="5" number="10">willingness</token>
<token t_id="218" sentence="5" number="11">of</token>
<token t_id="219" sentence="5" number="12">modern</token>
<token t_id="220" sentence="5" number="13">day</token>
<token t_id="221" sentence="5" number="14">journalists</token>
<token t_id="222" sentence="5" number="15">to</token>
<token t_id="223" sentence="5" number="16">grant</token>
<token t_id="224" sentence="5" number="17">anonymity</token>
<token t_id="225" sentence="5" number="18">to</token>
<token t_id="226" sentence="5" number="19">sources</token>
<token t_id="227" sentence="5" number="20">at</token>
<token t_id="228" sentence="5" number="21">the</token>
<token t_id="229" sentence="5" number="22">drop</token>
<token t_id="230" sentence="5" number="23">of</token>
<token t_id="231" sentence="5" number="24">a</token>
<token t_id="232" sentence="5" number="25">fedora</token>
<token t_id="233" sentence="5" number="26">.</token>
<token t_id="234" sentence="6" number="0">I</token>
<token t_id="235" sentence="6" number="1">'ve</token>
<token t_id="236" sentence="6" number="2">been</token>
<token t_id="237" sentence="6" number="3">an</token>
<token t_id="238" sentence="6" number="4">avid</token>
<token t_id="239" sentence="6" number="5">reader</token>
<token t_id="240" sentence="6" number="6">of</token>
<token t_id="241" sentence="6" number="7">political</token>
<token t_id="242" sentence="6" number="8">news</token>
<token t_id="243" sentence="6" number="9">for</token>
<token t_id="244" sentence="6" number="10">ten</token>
<token t_id="245" sentence="6" number="11">years</token>
<token t_id="246" sentence="6" number="12">now</token>
<token t_id="247" sentence="6" number="13">and</token>
<token t_id="248" sentence="6" number="14">lost</token>
<token t_id="249" sentence="6" number="15">count</token>
<token t_id="250" sentence="6" number="16">of</token>
<token t_id="251" sentence="6" number="17">how</token>
<token t_id="252" sentence="6" number="18">many</token>
<token t_id="253" sentence="6" number="19">stories</token>
<token t_id="254" sentence="6" number="20">are</token>
<token t_id="255" sentence="6" number="21">attributed</token>
<token t_id="256" sentence="6" number="22">to</token>
<token t_id="257" sentence="6" number="23">someone</token>
<token t_id="258" sentence="6" number="24">,</token>
<token t_id="259" sentence="6" number="25">``</token>
<token t_id="260" sentence="6" number="26">who</token>
<token t_id="261" sentence="6" number="27">declined</token>
<token t_id="262" sentence="6" number="28">to</token>
<token t_id="263" sentence="6" number="29">be</token>
<token t_id="264" sentence="6" number="30">named</token>
<token t_id="265" sentence="6" number="31">because</token>
<token t_id="266" sentence="6" number="32">they</token>
<token t_id="267" sentence="6" number="33">were</token>
<token t_id="268" sentence="6" number="34">not</token>
<token t_id="269" sentence="6" number="35">authorized</token>
<token t_id="270" sentence="6" number="36">to</token>
<token t_id="271" sentence="6" number="37">speak</token>
<token t_id="272" sentence="6" number="38">on</token>
<token t_id="273" sentence="6" number="39">the</token>
<token t_id="274" sentence="6" number="40">matter</token>
<token t_id="275" sentence="6" number="41">,</token>
<token t_id="276" sentence="6" number="42">''</token>
<token t_id="277" sentence="6" number="43">or</token>
<token t_id="278" sentence="6" number="44">,</token>
<token t_id="279" sentence="6" number="45">``</token>
<token t_id="280" sentence="6" number="46">who</token>
<token t_id="281" sentence="6" number="47">declined</token>
<token t_id="282" sentence="6" number="48">to</token>
<token t_id="283" sentence="6" number="49">be</token>
<token t_id="284" sentence="6" number="50">named</token>
<token t_id="285" sentence="6" number="51">for</token>
<token t_id="286" sentence="6" number="52">fear</token>
<token t_id="287" sentence="6" number="53">of</token>
<token t_id="288" sentence="6" number="54">angering</token>
<token t_id="289" sentence="6" number="55">the</token>
<token t_id="290" sentence="6" number="56">President</token>
<token t_id="291" sentence="6" number="57">.</token>
<token t_id="292" sentence="6" number="58">''</token>
<token t_id="293" sentence="7" number="0">It</token>
<token t_id="294" sentence="7" number="1">'s</token>
<token t_id="295" sentence="7" number="2">become</token>
<token t_id="296" sentence="7" number="3">a</token>
<token t_id="297" sentence="7" number="4">lazy</token>
<token t_id="298" sentence="7" number="5">reporter</token>
<token t_id="299" sentence="7" number="6">'s</token>
<token t_id="300" sentence="7" number="7">default</token>
<token t_id="301" sentence="7" number="8">setting</token>
<token t_id="302" sentence="7" number="9">to</token>
<token t_id="303" sentence="7" number="10">allow</token>
<token t_id="304" sentence="7" number="11">people</token>
<token t_id="305" sentence="7" number="12">to</token>
<token t_id="306" sentence="7" number="13">talk</token>
<token t_id="307" sentence="7" number="14">on</token>
<token t_id="308" sentence="7" number="15">``</token>
<token t_id="309" sentence="7" number="16">deep</token>
<token t_id="310" sentence="7" number="17">background</token>
<token t_id="311" sentence="7" number="18">,</token>
<token t_id="312" sentence="7" number="19">''</token>
<token t_id="313" sentence="7" number="20">and</token>
<token t_id="314" sentence="7" number="21">as</token>
<token t_id="315" sentence="7" number="22">a</token>
<token t_id="316" sentence="7" number="23">result</token>
<token t_id="317" sentence="7" number="24">we</token>
<token t_id="318" sentence="7" number="25">'ve</token>
<token t_id="319" sentence="7" number="26">slipped</token>
<token t_id="320" sentence="7" number="27">into</token>
<token t_id="321" sentence="7" number="28">a</token>
<token t_id="322" sentence="7" number="29">rut</token>
<token t_id="323" sentence="7" number="30">where</token>
<token t_id="324" sentence="7" number="31">accountability</token>
<token t_id="325" sentence="7" number="32">in</token>
<token t_id="326" sentence="7" number="33">government</token>
<token t_id="327" sentence="7" number="34">has</token>
<token t_id="328" sentence="7" number="35">become</token>
<token t_id="329" sentence="7" number="36">a</token>
<token t_id="330" sentence="7" number="37">rare</token>
<token t_id="331" sentence="7" number="38">,</token>
<token t_id="332" sentence="7" number="39">almost</token>
<token t_id="333" sentence="7" number="40">non-existent</token>
<token t_id="334" sentence="7" number="41">concept</token>
<token t_id="335" sentence="7" number="42">.</token>
<token t_id="336" sentence="8" number="0">All</token>
<token t_id="337" sentence="8" number="1">journalists</token>
<token t_id="338" sentence="8" number="2">should</token>
<token t_id="339" sentence="8" number="3">pore</token>
<token t_id="340" sentence="8" number="4">over</token>
<token t_id="341" sentence="8" number="5">the</token>
<token t_id="342" sentence="8" number="6">many</token>
<token t_id="343" sentence="8" number="7">obits</token>
<token t_id="344" sentence="8" number="8">of</token>
<token t_id="345" sentence="8" number="9">Felt</token>
<token t_id="346" sentence="8" number="10">today</token>
<token t_id="347" sentence="8" number="11">and</token>
<token t_id="348" sentence="8" number="12">think</token>
<token t_id="349" sentence="8" number="13">long</token>
<token t_id="350" sentence="8" number="14">and</token>
<token t_id="351" sentence="8" number="15">hard</token>
<token t_id="352" sentence="8" number="16">about</token>
<token t_id="353" sentence="8" number="17">their</token>
<token t_id="354" sentence="8" number="18">duty</token>
<token t_id="355" sentence="8" number="19">to</token>
<token t_id="356" sentence="8" number="20">the</token>
<token t_id="357" sentence="8" number="21">public</token>
<token t_id="358" sentence="8" number="22">the</token>
<token t_id="359" sentence="8" number="23">next</token>
<token t_id="360" sentence="8" number="24">time</token>
<token t_id="361" sentence="8" number="25">someone</token>
<token t_id="362" sentence="8" number="26">asks</token>
<token t_id="363" sentence="8" number="27">to</token>
<token t_id="364" sentence="8" number="28">go</token>
<token t_id="365" sentence="8" number="29">off</token>
<token t_id="366" sentence="8" number="30">the</token>
<token t_id="367" sentence="8" number="31">record</token>
<token t_id="368" sentence="8" number="32">.</token>
<Markables>
<ACTION_CAUSATIVE m_id="37"  >
  <token_anchor t_id="46"/>
  <token_anchor t_id="47"/>
</ACTION_CAUSATIVE>
<ACTION_OCCURRENCE m_id="31"  >
  <token_anchor t_id="36"/>
</ACTION_OCCURRENCE>
<ACTION_OCCURRENCE m_id="32"  >
  <token_anchor t_id="39"/>
</ACTION_OCCURRENCE>
<ACTION_OCCURRENCE m_id="40"  >
  <token_anchor t_id="45"/>
</ACTION_OCCURRENCE>
<ACTION_OCCURRENCE m_id="20"  >
  <token_anchor t_id="7"/>
</ACTION_OCCURRENCE>
<ACTION_OCCURRENCE m_id="24"  >
  <token_anchor t_id="33"/>
</ACTION_OCCURRENCE>
<ACTION_OCCURRENCE m_id="26"  >
  <token_anchor t_id="44"/>
</ACTION_OCCURRENCE>
<ACTION_OCCURRENCE m_id="27"  >
  <token_anchor t_id="50"/>
  <token_anchor t_id="51"/>
  <token_anchor t_id="52"/>
  <token_anchor t_id="53"/>
</ACTION_OCCURRENCE>
<ACTION_STATE m_id="39"  >
  <token_anchor t_id="59"/>
</ACTION_STATE>
<HUMAN_PART_PER m_id="30"  >
  <token_anchor t_id="56"/>
</HUMAN_PART_PER>
<HUMAN_PART_PER m_id="34"  >
  <token_anchor t_id="29"/>
  <token_anchor t_id="30"/>
</HUMAN_PART_PER>
<HUMAN_PART_PER m_id="35"  >
  <token_anchor t_id="23"/>
  <token_anchor t_id="24"/>
  <token_anchor t_id="25"/>
</HUMAN_PART_PER>
<HUMAN_PART_PER m_id="36"  >
  <token_anchor t_id="32"/>
</HUMAN_PART_PER>
<HUMAN_PART_PER m_id="38"  >
  <token_anchor t_id="26"/>
  <token_anchor t_id="27"/>
</HUMAN_PART_PER>
<HUMAN_PART_PER m_id="21"  >
  <token_anchor t_id="10"/>
  <token_anchor t_id="11"/>
  <token_anchor t_id="12"/>
</HUMAN_PART_PER>
<HUMAN_PART_PER m_id="22"  >
  <token_anchor t_id="15"/>
</HUMAN_PART_PER>
<HUMAN_PART_PER m_id="23"  >
  <token_anchor t_id="21"/>
</HUMAN_PART_PER>
<TIME_DATE m_id="33"  >
  <token_anchor t_id="8"/>
</TIME_DATE>


<ACTION_OCCURRENCE m_id="41" note="byCROMER" >
  <token_anchor t_id="41"/>
</ACTION_OCCURRENCE>


<TIME_DATE m_id="48" RELATED_TO="" TAG_DESCRIPTOR="t28b_friday" instance_id="TIM16942378538232679" />
<ACTION_OCCURRENCE m_id="47" RELATED_TO="" TAG_DESCRIPTOR="t28_watergate_scandal" instance_id="ACT16762238189665929" />
<HUMAN_PART_PER m_id="46" RELATED_TO="" TAG_DESCRIPTOR="t28b_reporter_bob_woodward" instance_id="HUM16762569506289095" />
<HUMAN_PART_PER m_id="45" RELATED_TO="" TAG_DESCRIPTOR="t28b_carl_bernstein" instance_id="HUM16975455695416799" />
<UNKNOWN_INSTANCE_TAG m_id="14" RELATED_TO="" TAG_DESCRIPTOR="" />
<HUMAN_PART_PER m_id="44" RELATED_TO="" TAG_DESCRIPTOR="t28_deep_throat" instance_id="HUM16762545642473164" />
<HUMAN_PART_PER m_id="43" RELATED_TO="" TAG_DESCRIPTOR="t28b_mark_felt" instance_id="HUM16762554083083396" />
<UNKNOWN_INSTANCE_TAG m_id="12" RELATED_TO="" TAG_DESCRIPTOR="" />
<ACTION_OCCURRENCE m_id="42" RELATED_TO="" TAG_DESCRIPTOR="t28b_mark_felt_dies" instance_id="ACT16762501657378707" />
</Markables>

<Relations>
<INTRA_DOC_COREF r_id="37105" >
<source m_id="26" />
<source m_id="40" />
<target m_id="14" />
</INTRA_DOC_COREF>
<INTRA_DOC_COREF r_id="37115" >
<source m_id="35" />
<source m_id="36" />
<target m_id="12" />
</INTRA_DOC_COREF>
<CROSS_DOC_COREF r_id="37121" note="ACT16762501657378707" >
  <source m_id="20" />
  <source m_id="41" />
  <target m_id="42" />
</CROSS_DOC_COREF>
<CROSS_DOC_COREF r_id="37122" note="HUM16762554083083396" >
  <source m_id="22" />
  <source m_id="21" />
  <target m_id="43" />
</CROSS_DOC_COREF>
<CROSS_DOC_COREF r_id="37123" note="HUM16762545642473164" >
  <source m_id="23" />
  <target m_id="44" />
</CROSS_DOC_COREF>
<CROSS_DOC_COREF r_id="37124" note="HUM16975455695416799" >
  <source m_id="34" />
  <target m_id="45" />
</CROSS_DOC_COREF>
<CROSS_DOC_COREF r_id="37125" note="HUM16762569506289095" >
  <source m_id="38" />
  <target m_id="46" />
</CROSS_DOC_COREF>
<CROSS_DOC_COREF r_id="37126" note="ACT16762238189665929" >
  <source m_id="31" />
  <target m_id="47" />
</CROSS_DOC_COREF>
<CROSS_DOC_COREF r_id="37127" note="TIM16942378538232679" >
  <source m_id="33" />
  <target m_id="48" />
</CROSS_DOC_COREF>

</Relations>
</Document>
