<Document doc_name="28_6ecbplus.xml" doc_id="DOC15651712134287584">
<token t_id="1" sentence="0" number="0">http</token>
<token t_id="2" sentence="0" number="1">:</token>
<token t_id="3" sentence="0" number="2">/</token>
<token t_id="4" sentence="0" number="3">/</token>
<token t_id="5" sentence="0" number="4">www</token>
<token t_id="6" sentence="0" number="5">.</token>
<token t_id="7" sentence="0" number="6">sun</token>
<token t_id="8" sentence="0" number="7">-</token>
<token t_id="9" sentence="0" number="8">sentinel</token>
<token t_id="10" sentence="0" number="9">.</token>
<token t_id="11" sentence="0" number="10">com</token>
<token t_id="12" sentence="0" number="11">/</token>
<token t_id="13" sentence="0" number="12">sfl</token>
<token t_id="14" sentence="0" number="13">-</token>
<token t_id="15" sentence="0" number="14">728larue</token>
<token t_id="16" sentence="0" number="15">.</token>
<token t_id="17" sentence="0" number="16">jpg</token>
<token t_id="18" sentence="0" number="17">,</token>
<token t_id="19" sentence="0" number="18">0</token>
<token t_id="20" sentence="0" number="19">,</token>
<token t_id="21" sentence="0" number="20">5924311</token>
<token t_id="22" sentence="0" number="21">.</token>
<token t_id="23" sentence="0" number="22">photo</token>
<token t_id="24" sentence="1" number="0">Watergate</token>
<token t_id="25" sentence="1" number="1">figure</token>
<token t_id="26" sentence="1" number="2">Fred</token>
<token t_id="27" sentence="1" number="3">LaRue</token>
<token t_id="28" sentence="1" number="4">,</token>
<token t_id="29" sentence="1" number="5">July</token>
<token t_id="30" sentence="1" number="6">24</token>
<token t_id="31" sentence="2" number="0">July</token>
<token t_id="32" sentence="2" number="1">28</token>
<token t_id="33" sentence="2" number="2">,</token>
<token t_id="34" sentence="2" number="3">2004</token>
<token t_id="35" sentence="3" number="0">Fred</token>
<token t_id="36" sentence="3" number="1">LaRue</token>
<token t_id="37" sentence="3" number="2">,</token>
<token t_id="38" sentence="3" number="3">a</token>
<token t_id="39" sentence="3" number="4">high</token>
<token t_id="40" sentence="3" number="5">-</token>
<token t_id="41" sentence="3" number="6">ranking</token>
<token t_id="42" sentence="3" number="7">Nixon</token>
<token t_id="43" sentence="3" number="8">administration</token>
<token t_id="44" sentence="3" number="9">official</token>
<token t_id="45" sentence="3" number="10">who</token>
<token t_id="46" sentence="3" number="11">served</token>
<token t_id="47" sentence="3" number="12">a</token>
<token t_id="48" sentence="3" number="13">4</token>
<token t_id="49" sentence="3" number="14">-</token>
<token t_id="50" sentence="3" number="15">1</token>
<token t_id="51" sentence="3" number="16">/</token>
<token t_id="52" sentence="3" number="17">2</token>
<token t_id="53" sentence="3" number="18">-</token>
<token t_id="54" sentence="3" number="19">month</token>
<token t_id="55" sentence="3" number="20">prison</token>
<token t_id="56" sentence="3" number="21">term</token>
<token t_id="57" sentence="3" number="22">for</token>
<token t_id="58" sentence="3" number="23">his</token>
<token t_id="59" sentence="3" number="24">role</token>
<token t_id="60" sentence="3" number="25">in</token>
<token t_id="61" sentence="3" number="26">Watergate</token>
<token t_id="62" sentence="3" number="27">and</token>
<token t_id="63" sentence="3" number="28">was</token>
<token t_id="64" sentence="3" number="29">among</token>
<token t_id="65" sentence="3" number="30">those</token>
<token t_id="66" sentence="3" number="31">rumored</token>
<token t_id="67" sentence="3" number="32">to</token>
<token t_id="68" sentence="3" number="33">be</token>
<token t_id="69" sentence="3" number="34">Deep</token>
<token t_id="70" sentence="3" number="35">Throat</token>
<token t_id="71" sentence="3" number="36">,</token>
<token t_id="72" sentence="3" number="37">has</token>
<token t_id="73" sentence="3" number="38">died</token>
<token t_id="74" sentence="3" number="39">.</token>
<token t_id="75" sentence="4" number="0">He</token>
<token t_id="76" sentence="4" number="1">was</token>
<token t_id="77" sentence="4" number="2">75</token>
<token t_id="78" sentence="4" number="3">.</token>
<token t_id="79" sentence="5" number="0">His</token>
<token t_id="80" sentence="5" number="1">body</token>
<token t_id="81" sentence="5" number="2">was</token>
<token t_id="82" sentence="5" number="3">discovered</token>
<token t_id="83" sentence="5" number="4">Tuesday</token>
<token t_id="84" sentence="5" number="5">,</token>
<token t_id="85" sentence="5" number="6">July</token>
<token t_id="86" sentence="5" number="7">27</token>
<token t_id="87" sentence="5" number="8">,</token>
<token t_id="88" sentence="5" number="9">2004</token>
<token t_id="89" sentence="5" number="10">,</token>
<token t_id="90" sentence="5" number="11">by</token>
<token t_id="91" sentence="5" number="12">a</token>
<token t_id="92" sentence="5" number="13">maid</token>
<token t_id="93" sentence="5" number="14">who</token>
<token t_id="94" sentence="5" number="15">entered</token>
<token t_id="95" sentence="5" number="16">his</token>
<token t_id="96" sentence="5" number="17">hotel</token>
<token t_id="97" sentence="5" number="18">room</token>
<token t_id="98" sentence="5" number="19">in</token>
<token t_id="99" sentence="5" number="20">Biloxi</token>
<token t_id="100" sentence="5" number="21">,</token>
<token t_id="101" sentence="5" number="22">Miss</token>
<token t_id="102" sentence="5" number="23">.</token>
<token t_id="103" sentence="6" number="0">The</token>
<token t_id="104" sentence="6" number="1">coroner</token>
<token t_id="105" sentence="6" number="2">believes</token>
<token t_id="106" sentence="6" number="3">LaRue</token>
<token t_id="107" sentence="6" number="4">died</token>
<token t_id="108" sentence="6" number="5">Saturday</token>
<token t_id="109" sentence="6" number="6">,</token>
<token t_id="110" sentence="6" number="7">July</token>
<token t_id="111" sentence="6" number="8">24</token>
<token t_id="112" sentence="6" number="9">,</token>
<token t_id="113" sentence="6" number="10">2004</token>
<token t_id="114" sentence="6" number="11">,</token>
<token t_id="115" sentence="6" number="12">of</token>
<token t_id="116" sentence="6" number="13">natural</token>
<token t_id="117" sentence="6" number="14">causes</token>
<token t_id="118" sentence="6" number="15">.</token>
<token t_id="119" sentence="7" number="0">LaRue</token>
<token t_id="120" sentence="7" number="1">was</token>
<token t_id="121" sentence="7" number="2">known</token>
<token t_id="122" sentence="7" number="3">as</token>
<token t_id="123" sentence="7" number="4">the</token>
<token t_id="124" sentence="7" number="5">``bagman''</token>
<token t_id="125" sentence="7" number="6">who</token>
<token t_id="126" sentence="7" number="7">delivered</token>
<token t_id="127" sentence="7" number="8">payoffs</token>
<token t_id="128" sentence="7" number="9">to</token>
<token t_id="129" sentence="7" number="10">keep</token>
<token t_id="130" sentence="7" number="11">participants</token>
<token t_id="131" sentence="7" number="12">in</token>
<token t_id="132" sentence="7" number="13">the</token>
<token t_id="133" sentence="7" number="14">Watergate</token>
<token t_id="134" sentence="7" number="15">break</token>
<token t_id="135" sentence="7" number="16">-</token>
<token t_id="136" sentence="7" number="17">in</token>
<token t_id="137" sentence="7" number="18">quiet</token>
<token t_id="138" sentence="7" number="19">.</token>
<token t_id="139" sentence="8" number="0">He</token>
<token t_id="140" sentence="8" number="1">was</token>
<token t_id="141" sentence="8" number="2">a</token>
<token t_id="142" sentence="8" number="3">special</token>
<token t_id="143" sentence="8" number="4">assistant</token>
<token t_id="144" sentence="8" number="5">to</token>
<token t_id="145" sentence="8" number="6">John</token>
<token t_id="146" sentence="8" number="7">Mitchell</token>
<token t_id="147" sentence="8" number="8">,</token>
<token t_id="148" sentence="8" number="9">the</token>
<token t_id="149" sentence="8" number="10">former</token>
<token t_id="150" sentence="8" number="11">attorney</token>
<token t_id="151" sentence="8" number="12">general</token>
<token t_id="152" sentence="8" number="13">who</token>
<token t_id="153" sentence="8" number="14">later</token>
<token t_id="154" sentence="8" number="15">headed</token>
<token t_id="155" sentence="8" number="16">President</token>
<token t_id="156" sentence="8" number="17">Nixon's</token>
<token t_id="157" sentence="8" number="18">Committee</token>
<token t_id="158" sentence="8" number="19">to</token>
<token t_id="159" sentence="8" number="20">Re</token>
<token t_id="160" sentence="8" number="21">-</token>
<token t_id="161" sentence="8" number="22">elect</token>
<token t_id="162" sentence="8" number="23">the</token>
<token t_id="163" sentence="8" number="24">President</token>
<token t_id="164" sentence="8" number="25">.</token>
<token t_id="165" sentence="9" number="0">LaRue</token>
<token t_id="166" sentence="9" number="1">was</token>
<token t_id="167" sentence="9" number="2">present</token>
<token t_id="168" sentence="9" number="3">at</token>
<token t_id="169" sentence="9" number="4">a</token>
<token t_id="170" sentence="9" number="5">1972</token>
<token t_id="171" sentence="9" number="6">meeting</token>
<token t_id="172" sentence="9" number="7">with</token>
<token t_id="173" sentence="9" number="8">Mitchell</token>
<token t_id="174" sentence="9" number="9">and</token>
<token t_id="175" sentence="9" number="10">Nixon</token>
<token t_id="176" sentence="9" number="11">aide</token>
<token t_id="177" sentence="9" number="12">Jeb</token>
<token t_id="178" sentence="9" number="13">Stuart</token>
<token t_id="179" sentence="9" number="14">Magruder</token>
<token t_id="180" sentence="9" number="15">at</token>
<token t_id="181" sentence="9" number="16">Nixon's</token>
<token t_id="182" sentence="9" number="17">vacation</token>
<token t_id="183" sentence="9" number="18">home</token>
<token t_id="184" sentence="9" number="19">in</token>
<token t_id="185" sentence="9" number="20">Key</token>
<token t_id="186" sentence="9" number="21">Biscayne</token>
<token t_id="187" sentence="9" number="22">where</token>
<token t_id="188" sentence="9" number="23">the</token>
<token t_id="189" sentence="9" number="24">plan</token>
<token t_id="190" sentence="9" number="25">to</token>
<token t_id="191" sentence="9" number="26">break</token>
<token t_id="192" sentence="9" number="27">in</token>
<token t_id="193" sentence="9" number="28">Democratic</token>
<token t_id="194" sentence="9" number="29">headquarters</token>
<token t_id="195" sentence="9" number="30">at</token>
<token t_id="196" sentence="9" number="31">the</token>
<token t_id="197" sentence="9" number="32">Watergate</token>
<token t_id="198" sentence="9" number="33">complex</token>
<token t_id="199" sentence="9" number="34">allegedly</token>
<token t_id="200" sentence="9" number="35">was</token>
<token t_id="201" sentence="9" number="36">hatched</token>
<token t_id="202" sentence="9" number="37">.</token>
<token t_id="203" sentence="10" number="0">LaRue</token>
<token t_id="204" sentence="10" number="1">always</token>
<token t_id="205" sentence="10" number="2">said</token>
<token t_id="206" sentence="10" number="3">he</token>
<token t_id="207" sentence="10" number="4">advised</token>
<token t_id="208" sentence="10" number="5">against</token>
<token t_id="209" sentence="10" number="6">the</token>
<token t_id="210" sentence="10" number="7">burglary</token>
<token t_id="211" sentence="10" number="8">.</token>
<token t_id="212" sentence="11" number="0">He</token>
<token t_id="213" sentence="11" number="1">also</token>
<token t_id="214" sentence="11" number="2">discounted</token>
<token t_id="215" sentence="11" number="3">rumors</token>
<token t_id="216" sentence="11" number="4">he</token>
<token t_id="217" sentence="11" number="5">was</token>
<token t_id="218" sentence="11" number="6">Deep</token>
<token t_id="219" sentence="11" number="7">Throat</token>
<token t_id="220" sentence="11" number="8">.</token>
<Markables>
<ACTION_ASPECTUAL m_id="62"  >
  <token_anchor t_id="129"/>
</ACTION_ASPECTUAL>
<ACTION_OCCURRENCE m_id="9"  >
  <token_anchor t_id="121"/>
</ACTION_OCCURRENCE>
<ACTION_OCCURRENCE m_id="10"  >
  <token_anchor t_id="126"/>
</ACTION_OCCURRENCE>
<ACTION_OCCURRENCE m_id="11"  >
  <token_anchor t_id="127"/>
</ACTION_OCCURRENCE>
<ACTION_OCCURRENCE m_id="12"  >
  <token_anchor t_id="159"/>
  <token_anchor t_id="160"/>
  <token_anchor t_id="161"/>
</ACTION_OCCURRENCE>
<ACTION_OCCURRENCE m_id="13"  >
  <token_anchor t_id="171"/>
</ACTION_OCCURRENCE>
<ACTION_OCCURRENCE m_id="14"  >
  <token_anchor t_id="189"/>
</ACTION_OCCURRENCE>
<ACTION_OCCURRENCE m_id="15"  >
  <token_anchor t_id="191"/>
  <token_anchor t_id="192"/>
</ACTION_OCCURRENCE>
<ACTION_OCCURRENCE m_id="16"  >
  <token_anchor t_id="201"/>
</ACTION_OCCURRENCE>
<ACTION_OCCURRENCE m_id="17"  >
  <token_anchor t_id="207"/>
</ACTION_OCCURRENCE>
<ACTION_OCCURRENCE m_id="18"  >
  <token_anchor t_id="210"/>
</ACTION_OCCURRENCE>
<ACTION_OCCURRENCE m_id="19"  >
  <token_anchor t_id="214"/>
</ACTION_OCCURRENCE>
<ACTION_OCCURRENCE m_id="20"  >
  <token_anchor t_id="215"/>
</ACTION_OCCURRENCE>
<ACTION_OCCURRENCE m_id="52"  >
  <token_anchor t_id="107"/>
</ACTION_OCCURRENCE>
<ACTION_OCCURRENCE m_id="59"  >
  <token_anchor t_id="61"/>
</ACTION_OCCURRENCE>
<ACTION_OCCURRENCE m_id="1"  >
  <token_anchor t_id="24"/>
</ACTION_OCCURRENCE>
<ACTION_OCCURRENCE m_id="66"  >
  <token_anchor t_id="133"/>
  <token_anchor t_id="134"/>
  <token_anchor t_id="135"/>
  <token_anchor t_id="136"/>
</ACTION_OCCURRENCE>
<ACTION_OCCURRENCE m_id="2"  >
  <token_anchor t_id="46"/>
</ACTION_OCCURRENCE>
<ACTION_OCCURRENCE m_id="68"  >
  <token_anchor t_id="55"/>
  <token_anchor t_id="56"/>
</ACTION_OCCURRENCE>
<ACTION_OCCURRENCE m_id="3"  >
  <token_anchor t_id="66"/>
</ACTION_OCCURRENCE>
<ACTION_OCCURRENCE m_id="4"  >
  <token_anchor t_id="73"/>
</ACTION_OCCURRENCE>
<ACTION_OCCURRENCE m_id="5"  >
  <token_anchor t_id="82"/>
</ACTION_OCCURRENCE>
<ACTION_OCCURRENCE m_id="6"  >
  <token_anchor t_id="94"/>
</ACTION_OCCURRENCE>
<ACTION_OCCURRENCE m_id="7"  >
  <token_anchor t_id="105"/>
</ACTION_OCCURRENCE>
<ACTION_OCCURRENCE m_id="8"  >
  <token_anchor t_id="116"/>
  <token_anchor t_id="117"/>
</ACTION_OCCURRENCE>
<ACTION_STATE m_id="51"  >
  <token_anchor t_id="167"/>
</ACTION_STATE>
<ACTION_STATE m_id="61"  >
  <token_anchor t_id="137"/>
</ACTION_STATE>
<HUMAN_PART_ORG m_id="45"  >
  <token_anchor t_id="157"/>
</HUMAN_PART_ORG>
<HUMAN_PART_ORG m_id="46"  >
  <token_anchor t_id="193"/>
</HUMAN_PART_ORG>
<HUMAN_PART_PER m_id="41"  >
  <token_anchor t_id="216"/>
</HUMAN_PART_PER>
<HUMAN_PART_PER m_id="42"  >
  <token_anchor t_id="203"/>
</HUMAN_PART_PER>
<HUMAN_PART_PER m_id="43"  >
  <token_anchor t_id="206"/>
</HUMAN_PART_PER>
<HUMAN_PART_PER m_id="44"  >
  <token_anchor t_id="181"/>
</HUMAN_PART_PER>
<HUMAN_PART_PER m_id="21"  >
  <token_anchor t_id="26"/>
  <token_anchor t_id="27"/>
</HUMAN_PART_PER>
<HUMAN_PART_PER m_id="22"  >
  <token_anchor t_id="35"/>
  <token_anchor t_id="36"/>
</HUMAN_PART_PER>
<HUMAN_PART_PER m_id="24"  >
  <token_anchor t_id="75"/>
</HUMAN_PART_PER>
<HUMAN_PART_PER m_id="25"  >
  <token_anchor t_id="58"/>
</HUMAN_PART_PER>
<HUMAN_PART_PER m_id="26"  >
  <token_anchor t_id="119"/>
</HUMAN_PART_PER>
<HUMAN_PART_PER m_id="27"  >
  <token_anchor t_id="104"/>
</HUMAN_PART_PER>
<HUMAN_PART_PER m_id="28"  >
  <token_anchor t_id="92"/>
</HUMAN_PART_PER>
<HUMAN_PART_PER m_id="60"  >
  <token_anchor t_id="69"/>
  <token_anchor t_id="70"/>
</HUMAN_PART_PER>
<HUMAN_PART_PER m_id="29"  >
  <token_anchor t_id="106"/>
</HUMAN_PART_PER>
<HUMAN_PART_PER m_id="30"  >
  <token_anchor t_id="124"/>
</HUMAN_PART_PER>
<HUMAN_PART_PER m_id="31"  >
  <token_anchor t_id="130"/>
</HUMAN_PART_PER>
<HUMAN_PART_PER m_id="64"  >
  <token_anchor t_id="45"/>
</HUMAN_PART_PER>
<HUMAN_PART_PER m_id="32"  >
  <token_anchor t_id="139"/>
</HUMAN_PART_PER>
<HUMAN_PART_PER m_id="65"  >
  <token_anchor t_id="125"/>
</HUMAN_PART_PER>
<HUMAN_PART_PER m_id="33"  >
  <token_anchor t_id="142"/>
  <token_anchor t_id="143"/>
</HUMAN_PART_PER>
<HUMAN_PART_PER m_id="34"  >
  <token_anchor t_id="145"/>
  <token_anchor t_id="146"/>
</HUMAN_PART_PER>
<HUMAN_PART_PER m_id="35"  >
  <token_anchor t_id="156"/>
</HUMAN_PART_PER>
<HUMAN_PART_PER m_id="69"  >
  <token_anchor t_id="93"/>
</HUMAN_PART_PER>
<HUMAN_PART_PER m_id="36"  >
  <token_anchor t_id="165"/>
</HUMAN_PART_PER>
<HUMAN_PART_PER m_id="37"  >
  <token_anchor t_id="173"/>
</HUMAN_PART_PER>
<HUMAN_PART_PER m_id="38"  >
  <token_anchor t_id="177"/>
  <token_anchor t_id="178"/>
  <token_anchor t_id="179"/>
</HUMAN_PART_PER>
<HUMAN_PART_PER m_id="39"  >
  <token_anchor t_id="212"/>
</HUMAN_PART_PER>
<HUMAN_PART_PER m_id="40"  >
  <token_anchor t_id="218"/>
  <token_anchor t_id="219"/>
</HUMAN_PART_PER>
<LOC_FAC m_id="47"  >
  <token_anchor t_id="194"/>
  <token_anchor t_id="195"/>
  <token_anchor t_id="196"/>
  <token_anchor t_id="197"/>
  <token_anchor t_id="198"/>
</LOC_FAC>
<LOC_FAC m_id="48"  >
  <token_anchor t_id="182"/>
  <token_anchor t_id="183"/>
  <token_anchor t_id="184"/>
  <token_anchor t_id="185"/>
  <token_anchor t_id="186"/>
</LOC_FAC>
<LOC_FAC m_id="49"  >
  <token_anchor t_id="187"/>
</LOC_FAC>
<LOC_FAC m_id="70"  >
  <token_anchor t_id="96"/>
  <token_anchor t_id="97"/>
  <token_anchor t_id="98"/>
  <token_anchor t_id="99"/>
  <token_anchor t_id="100"/>
  <token_anchor t_id="101"/>
</LOC_FAC>
<TIME_DATE m_id="50"  >
  <token_anchor t_id="170"/>
</TIME_DATE>
<TIME_DATE m_id="53"  >
  <token_anchor t_id="108"/>
  <token_anchor t_id="109"/>
  <token_anchor t_id="110"/>
  <token_anchor t_id="111"/>
  <token_anchor t_id="112"/>
  <token_anchor t_id="113"/>
</TIME_DATE>
<TIME_DATE m_id="54"  >
  <token_anchor t_id="83"/>
  <token_anchor t_id="84"/>
  <token_anchor t_id="85"/>
  <token_anchor t_id="86"/>
  <token_anchor t_id="87"/>
  <token_anchor t_id="88"/>
</TIME_DATE>
<TIME_DATE m_id="55"  >
  <token_anchor t_id="29"/>
  <token_anchor t_id="30"/>
</TIME_DATE>
<TIME_DATE m_id="56"  >
  <token_anchor t_id="31"/>
  <token_anchor t_id="32"/>
  <token_anchor t_id="33"/>
  <token_anchor t_id="34"/>
</TIME_DATE>
<TIME_DURATION m_id="57"  >
  <token_anchor t_id="48"/>
  <token_anchor t_id="49"/>
  <token_anchor t_id="50"/>
  <token_anchor t_id="51"/>
  <token_anchor t_id="52"/>
  <token_anchor t_id="53"/>
  <token_anchor t_id="54"/>
</TIME_DURATION>


<ACTION_OCCURRENCE m_id="73" note="byCROMER" >
  <token_anchor t_id="59"/>
</ACTION_OCCURRENCE>
<HUMAN_PART_PER m_id="74" note="byCROMER" >
  <token_anchor t_id="79"/>
  <token_anchor t_id="80"/>
</HUMAN_PART_PER>


<ACTION_OCCURRENCE m_id="81" RELATED_TO="" TAG_DESCRIPTOR="t28_watergate_scandal" instance_id="ACT16762238189665929" />
<ACTION_OCCURRENCE m_id="80" RELATED_TO="" TAG_DESCRIPTOR="t28_maid_found_body" instance_id="ACT16762223878467716" />
<ACTION_OCCURRENCE m_id="91" RELATED_TO="" TAG_DESCRIPTOR="t28_participating_in_watergate" instance_id="ACT16970383345303536" />
<HUMAN_PART_PER m_id="90" RELATED_TO="" TAG_DESCRIPTOR="t28_gary_hargrove_coroner" instance_id="HUM16762387067149443" />
<HUMAN_PART_PER m_id="79" RELATED_TO="" TAG_DESCRIPTOR="t28_maid" instance_id="HUM16762394101942113" />
<HUMAN_PART_PER m_id="78" RELATED_TO="" TAG_DESCRIPTOR="t28_deep_throat" instance_id="HUM16762545642473164" />
<TIME_DATE m_id="77" RELATED_TO="" TAG_DESCRIPTOR="t28_saturday_25_july_2004" instance_id="TIM16762450584630828" />
<LOC_FAC m_id="76" RELATED_TO="" TAG_DESCRIPTOR="t28_hotel_room_biloxi" instance_id="LOC16762474499152487" />
<ACTION_OCCURRENCE m_id="75" RELATED_TO="" TAG_DESCRIPTOR="t28_natural_causes" instance_id="ACT16762271336158477" />
<HUMAN_PART_PER m_id="89" RELATED_TO="" TAG_DESCRIPTOR="t28_fred_larue" instance_id="HUM16762375448415764" />
<TIME_DATE m_id="88" RELATED_TO="" TAG_DESCRIPTOR="t28_tuesday_27_july_2004" instance_id="TIM16762465386809315" />
<ACTION_OCCURRENCE m_id="87" RELATED_TO="" TAG_DESCRIPTOR="t28_larue_dies" instance_id="ACT16762189251591291" />
<ACTION_OCCURRENCE m_id="86" RELATED_TO="" TAG_DESCRIPTOR="t28_coroner_believes" instance_id="ACT16762214923191521" />
<ACTION_OCCURRENCE m_id="85" RELATED_TO="" TAG_DESCRIPTOR="t28_rumored" instance_id="ACT16970418292747875" />
<ACTION_OCCURRENCE m_id="84" RELATED_TO="" TAG_DESCRIPTOR="t28_serving_prison_term" instance_id="ACT16970350030346431" />
<ACTION_OCCURRENCE m_id="83" RELATED_TO="" TAG_DESCRIPTOR="t28_prison_term" instance_id="ACT16970363432681933" />
<ACTION_OCCURRENCE m_id="82" RELATED_TO="" TAG_DESCRIPTOR="t28_maid_entered_room" instance_id="ACT16762200536905847" />
</Markables>

<Relations>
<CROSS_DOC_COREF r_id="38573" note="ACT16762271336158477" >
  <source m_id="8" />
  <target m_id="75" />
</CROSS_DOC_COREF>
<CROSS_DOC_COREF r_id="38574" note="LOC16762474499152487" >
  <source m_id="70" />
  <target m_id="76" />
</CROSS_DOC_COREF>
<CROSS_DOC_COREF r_id="38575" note="TIM16762450584630828" >
  <source m_id="53" />
  <target m_id="77" />
</CROSS_DOC_COREF>
<CROSS_DOC_COREF r_id="38576" note="HUM16762545642473164" >
  <source m_id="60" />
  <target m_id="78" />
</CROSS_DOC_COREF>
<CROSS_DOC_COREF r_id="38577" note="HUM16762394101942113" >
  <source m_id="69" />
  <source m_id="28" />
  <target m_id="79" />
</CROSS_DOC_COREF>
<CROSS_DOC_COREF r_id="38578" note="ACT16762223878467716" >
  <source m_id="5" />
  <target m_id="80" />
</CROSS_DOC_COREF>
<CROSS_DOC_COREF r_id="38579" note="ACT16762238189665929" >
  <source m_id="59" />
  <target m_id="81" />
</CROSS_DOC_COREF>
<CROSS_DOC_COREF r_id="38580" note="ACT16762200536905847" >
  <source m_id="6" />
  <target m_id="82" />
</CROSS_DOC_COREF>
<CROSS_DOC_COREF r_id="38581" note="ACT16970363432681933" >
  <source m_id="68" />
  <target m_id="83" />
</CROSS_DOC_COREF>
<CROSS_DOC_COREF r_id="38582" note="ACT16970350030346431" >
  <source m_id="2" />
  <target m_id="84" />
</CROSS_DOC_COREF>
<CROSS_DOC_COREF r_id="38583" note="ACT16970418292747875" >
  <source m_id="3" />
  <target m_id="85" />
</CROSS_DOC_COREF>
<CROSS_DOC_COREF r_id="38584" note="ACT16762214923191521" >
  <source m_id="7" />
  <target m_id="86" />
</CROSS_DOC_COREF>
<CROSS_DOC_COREF r_id="38585" note="ACT16762189251591291" >
  <source m_id="52" />
  <source m_id="4" />
  <target m_id="87" />
</CROSS_DOC_COREF>
<CROSS_DOC_COREF r_id="38586" note="TIM16762465386809315" >
  <source m_id="54" />
  <target m_id="88" />
</CROSS_DOC_COREF>
<CROSS_DOC_COREF r_id="38587" note="HUM16762375448415764" >
  <source m_id="25" />
  <source m_id="64" />
  <source m_id="22" />
  <source m_id="74" />
  <source m_id="29" />
  <target m_id="89" />
</CROSS_DOC_COREF>
<CROSS_DOC_COREF r_id="38588" note="HUM16762387067149443" >
  <source m_id="27" />
  <target m_id="90" />
</CROSS_DOC_COREF>
<CROSS_DOC_COREF r_id="38589" note="ACT16970383345303536" >
  <source m_id="73" />
  <target m_id="91" />
</CROSS_DOC_COREF>

</Relations>
</Document>
