<Document doc_name="28_8ecb.xml" doc_id="DOC15654957671688721">
<token t_id="1" sentence="0" number="0">Mark</token>
<token t_id="2" sentence="0" number="1">``</token>
<token t_id="3" sentence="0" number="2">Deep</token>
<token t_id="4" sentence="0" number="3">Throat</token>
<token t_id="5" sentence="0" number="4">''</token>
<token t_id="6" sentence="0" number="5">Felt</token>
<token t_id="7" sentence="0" number="6">Dead</token>
<token t_id="8" sentence="0" number="7">at</token>
<token t_id="9" sentence="0" number="8">95</token>
<token t_id="10" sentence="1" number="0">W.</token>
<token t_id="11" sentence="1" number="1">Mark</token>
<token t_id="12" sentence="1" number="2">Felt</token>
<token t_id="13" sentence="1" number="3">,</token>
<token t_id="14" sentence="1" number="4">Sr.</token>
<token t_id="15" sentence="1" number="5">,</token>
<token t_id="16" sentence="1" number="6">the</token>
<token t_id="17" sentence="1" number="7">number</token>
<token t_id="18" sentence="1" number="8">2</token>
<token t_id="19" sentence="1" number="9">man</token>
<token t_id="20" sentence="1" number="10">at</token>
<token t_id="21" sentence="1" number="11">the</token>
<token t_id="22" sentence="1" number="12">FBI</token>
<token t_id="23" sentence="1" number="13">during</token>
<token t_id="24" sentence="1" number="14">the</token>
<token t_id="25" sentence="1" number="15">Watergate</token>
<token t_id="26" sentence="1" number="16">scandal</token>
<token t_id="27" sentence="1" number="17">,</token>
<token t_id="28" sentence="1" number="18">died</token>
<token t_id="29" sentence="1" number="19">yesterday</token>
<token t_id="30" sentence="1" number="20">from</token>
<token t_id="31" sentence="1" number="21">Alzheimer</token>
<token t_id="32" sentence="1" number="22">'s</token>
<token t_id="33" sentence="1" number="23">disease</token>
<token t_id="34" sentence="1" number="24">at</token>
<token t_id="35" sentence="1" number="25">a</token>
<token t_id="36" sentence="1" number="26">hospice</token>
<token t_id="37" sentence="1" number="27">near</token>
<token t_id="38" sentence="1" number="28">his</token>
<token t_id="39" sentence="1" number="29">home</token>
<token t_id="40" sentence="1" number="30">in</token>
<token t_id="41" sentence="1" number="31">Santa</token>
<token t_id="42" sentence="1" number="32">Rosa</token>
<token t_id="43" sentence="1" number="33">,</token>
<token t_id="44" sentence="1" number="34">California</token>
<token t_id="45" sentence="1" number="35">,</token>
<token t_id="46" sentence="1" number="36">the</token>
<token t_id="47" sentence="1" number="37">Washington</token>
<token t_id="48" sentence="1" number="38">Post</token>
<token t_id="49" sentence="1" number="39">reports</token>
<token t_id="50" sentence="1" number="40">.</token>
<token t_id="51" sentence="2" number="0">Felt</token>
<token t_id="52" sentence="2" number="1">was</token>
<token t_id="53" sentence="2" number="2">an</token>
<token t_id="54" sentence="2" number="3">instrumental</token>
<token t_id="55" sentence="2" number="4">player</token>
<token t_id="56" sentence="2" number="5">in</token>
<token t_id="57" sentence="2" number="6">the</token>
<token t_id="58" sentence="2" number="7">stunning</token>
<token t_id="59" sentence="2" number="8">downfall</token>
<token t_id="60" sentence="2" number="9">of</token>
<token t_id="61" sentence="2" number="10">President</token>
<token t_id="62" sentence="2" number="11">Nixon</token>
<token t_id="63" sentence="2" number="12">,</token>
<token t_id="64" sentence="2" number="13">but</token>
<token t_id="65" sentence="2" number="14">his</token>
<token t_id="66" sentence="2" number="15">identity</token>
<token t_id="67" sentence="2" number="16">as</token>
<token t_id="68" sentence="2" number="17">``</token>
<token t_id="69" sentence="2" number="18">Deep</token>
<token t_id="70" sentence="2" number="19">Throat</token>
<token t_id="71" sentence="2" number="20">''</token>
<token t_id="72" sentence="2" number="21">-reporter</token>
<token t_id="73" sentence="2" number="22">Bob</token>
<token t_id="74" sentence="2" number="23">Woodard</token>
<token t_id="75" sentence="2" number="24">'s</token>
<token t_id="76" sentence="2" number="25">anonymous</token>
<token t_id="77" sentence="2" number="26">source</token>
<token t_id="78" sentence="2" number="27">for</token>
<token t_id="79" sentence="2" number="28">the</token>
<token t_id="80" sentence="2" number="29">Post</token>
<token t_id="81" sentence="2" number="30">'s</token>
<token t_id="82" sentence="2" number="31">bombshell</token>
<token t_id="83" sentence="2" number="32">series</token>
<token t_id="84" sentence="2" number="33">of</token>
<token t_id="85" sentence="2" number="34">scoops</token>
<token t_id="86" sentence="2" number="35">on</token>
<token t_id="87" sentence="2" number="36">the</token>
<token t_id="88" sentence="2" number="37">Watergate</token>
<token t_id="89" sentence="2" number="38">affair</token>
<token t_id="90" sentence="2" number="39">in</token>
<token t_id="91" sentence="2" number="40">1972-was</token>
<token t_id="92" sentence="2" number="41">unknown</token>
<token t_id="93" sentence="2" number="42">until</token>
<token t_id="94" sentence="2" number="43">three</token>
<token t_id="95" sentence="2" number="44">years</token>
<token t_id="96" sentence="2" number="45">ago</token>
<token t_id="97" sentence="2" number="46">,</token>
<token t_id="98" sentence="2" number="47">when</token>
<token t_id="99" sentence="2" number="48">Felt</token>
<token t_id="100" sentence="2" number="49">'s</token>
<token t_id="101" sentence="2" number="50">family</token>
<token t_id="102" sentence="2" number="51">unmasked</token>
<token t_id="103" sentence="2" number="52">him</token>
<token t_id="104" sentence="2" number="53">in</token>
<token t_id="105" sentence="2" number="54">the</token>
<token t_id="106" sentence="2" number="55">pages</token>
<token t_id="107" sentence="2" number="56">of</token>
<token t_id="108" sentence="2" number="57">Vanity</token>
<token t_id="109" sentence="2" number="58">Fair</token>
<token t_id="110" sentence="2" number="59">.</token>
<token t_id="111" sentence="3" number="0">According</token>
<token t_id="112" sentence="3" number="1">to</token>
<token t_id="113" sentence="3" number="2">the</token>
<token t_id="114" sentence="3" number="3">Times</token>
<token t_id="115" sentence="3" number="4">,</token>
<token t_id="116" sentence="3" number="5">even</token>
<token t_id="117" sentence="3" number="6">Woodward</token>
<token t_id="118" sentence="3" number="7">was</token>
<token t_id="119" sentence="3" number="8">shocked</token>
<token t_id="120" sentence="3" number="9">at</token>
<token t_id="121" sentence="3" number="10">this</token>
<token t_id="122" sentence="3" number="11">;</token>
<token t_id="123" sentence="4" number="0">he</token>
<token t_id="124" sentence="4" number="1">had</token>
<token t_id="125" sentence="4" number="2">gaurded</token>
<token t_id="126" sentence="4" number="3">the</token>
<token t_id="127" sentence="4" number="4">secret</token>
<token t_id="128" sentence="4" number="5">so</token>
<token t_id="129" sentence="4" number="6">zealously</token>
<token t_id="130" sentence="4" number="7">that</token>
<token t_id="131" sentence="4" number="8">even</token>
<token t_id="132" sentence="4" number="9">his</token>
<token t_id="133" sentence="4" number="10">partner</token>
<token t_id="134" sentence="4" number="11">Carl</token>
<token t_id="135" sentence="4" number="12">Bernstein</token>
<token t_id="136" sentence="4" number="13">did</token>
<token t_id="137" sentence="4" number="14">not</token>
<token t_id="138" sentence="4" number="15">meet</token>
<token t_id="139" sentence="4" number="16">Felt</token>
<token t_id="140" sentence="4" number="17">until</token>
<token t_id="141" sentence="4" number="18">earlier</token>
<token t_id="142" sentence="4" number="19">this</token>
<token t_id="143" sentence="4" number="20">year</token>
<token t_id="144" sentence="4" number="21">.</token>
<token t_id="145" sentence="5" number="0">Felt</token>
<token t_id="146" sentence="5" number="1">never</token>
<token t_id="147" sentence="5" number="2">revealed</token>
<token t_id="148" sentence="5" number="3">why</token>
<token t_id="149" sentence="5" number="4">he</token>
<token t_id="150" sentence="5" number="5">leaked</token>
<token t_id="151" sentence="5" number="6">details</token>
<token t_id="152" sentence="5" number="7">on</token>
<token t_id="153" sentence="5" number="8">the</token>
<token t_id="154" sentence="5" number="9">Watergate</token>
<token t_id="155" sentence="5" number="10">break-in</token>
<token t_id="156" sentence="5" number="11">and</token>
<token t_id="157" sentence="5" number="12">cover</token>
<token t_id="158" sentence="5" number="13">up</token>
<token t_id="159" sentence="5" number="14">to</token>
<token t_id="160" sentence="5" number="15">Woodward</token>
<token t_id="161" sentence="5" number="16">,</token>
<token t_id="162" sentence="5" number="17">but</token>
<token t_id="163" sentence="5" number="18">the</token>
<token t_id="164" sentence="5" number="19">Times</token>
<token t_id="165" sentence="5" number="20">obituary</token>
<token t_id="166" sentence="5" number="21">points</token>
<token t_id="167" sentence="5" number="22">out</token>
<token t_id="168" sentence="5" number="23">that</token>
<token t_id="169" sentence="5" number="24">in</token>
<token t_id="170" sentence="5" number="25">May</token>
<token t_id="171" sentence="5" number="26">1972</token>
<token t_id="172" sentence="5" number="27">Feld</token>
<token t_id="173" sentence="5" number="28">had</token>
<token t_id="174" sentence="5" number="29">been</token>
<token t_id="175" sentence="5" number="30">passed</token>
<token t_id="176" sentence="5" number="31">over</token>
<token t_id="177" sentence="5" number="32">by</token>
<token t_id="178" sentence="5" number="33">Nixon</token>
<token t_id="179" sentence="5" number="34">as</token>
<token t_id="180" sentence="5" number="35">Edgar</token>
<token t_id="181" sentence="5" number="36">Hoover</token>
<token t_id="182" sentence="5" number="37">'s</token>
<token t_id="183" sentence="5" number="38">successor</token>
<token t_id="184" sentence="5" number="39">to</token>
<token t_id="185" sentence="5" number="40">run</token>
<token t_id="186" sentence="5" number="41">the</token>
<token t_id="187" sentence="5" number="42">bureau</token>
<token t_id="188" sentence="5" number="43">.</token>
<Markables>
<ACTION_OCCURRENCE m_id="22"  >
  <token_anchor t_id="25"/>
</ACTION_OCCURRENCE>
<ACTION_OCCURRENCE m_id="20"  >
  <token_anchor t_id="28"/>
</ACTION_OCCURRENCE>
<ACTION_OCCURRENCE m_id="21"  >
  <token_anchor t_id="31"/>
  <token_anchor t_id="32"/>
  <token_anchor t_id="33"/>
</ACTION_OCCURRENCE>
<ACTION_REPORTING m_id="18"  >
  <token_anchor t_id="49"/>
</ACTION_REPORTING>
<HUMAN_PART_MET m_id="16"  >
  <token_anchor t_id="47"/>
  <token_anchor t_id="48"/>
</HUMAN_PART_MET>
<HUMAN_PART_ORG m_id="23"  >
  <token_anchor t_id="22"/>
</HUMAN_PART_ORG>
<HUMAN_PART_PER m_id="14"  >
  <token_anchor t_id="10"/>
  <token_anchor t_id="11"/>
  <token_anchor t_id="12"/>
  <token_anchor t_id="13"/>
  <token_anchor t_id="14"/>
</HUMAN_PART_PER>
<HUMAN_PART_PER m_id="15"  >
  <token_anchor t_id="17"/>
  <token_anchor t_id="18"/>
  <token_anchor t_id="19"/>
</HUMAN_PART_PER>
<LOC_FAC m_id="17"  >
  <token_anchor t_id="34"/>
  <token_anchor t_id="35"/>
  <token_anchor t_id="36"/>
  <token_anchor t_id="37"/>
  <token_anchor t_id="38"/>
  <token_anchor t_id="39"/>
  <token_anchor t_id="40"/>
  <token_anchor t_id="41"/>
  <token_anchor t_id="42"/>
  <token_anchor t_id="43"/>
  <token_anchor t_id="44"/>
</LOC_FAC>
<TIME_DATE m_id="19"  >
  <token_anchor t_id="29"/>
</TIME_DATE>




<TIME_DATE m_id="28" RELATED_TO="" TAG_DESCRIPTOR="t28b_friday" instance_id="TIM16942378538232679" />
<ACTION_OCCURRENCE m_id="27" RELATED_TO="" TAG_DESCRIPTOR="t28_watergate_scandal" instance_id="ACT16762238189665929" />
<LOC_FAC m_id="26" RELATED_TO="" TAG_DESCRIPTOR="t28b_his_home" instance_id="LOC16942449552455123" />
<HUMAN_PART_PER m_id="25" RELATED_TO="" TAG_DESCRIPTOR="t28b_mark_felt" instance_id="HUM16762554083083396" />
<ACTION_OCCURRENCE m_id="24" RELATED_TO="" TAG_DESCRIPTOR="t28b_mark_felt_dies" instance_id="ACT16762501657378707" />
</Markables>

<Relations>
<CROSS_DOC_COREF r_id="37154" note="ACT16762501657378707" >
  <source m_id="20" />
  <target m_id="24" />
</CROSS_DOC_COREF>
<CROSS_DOC_COREF r_id="37155" note="HUM16762554083083396" >
  <source m_id="14" />
  <source m_id="15" />
  <target m_id="25" />
</CROSS_DOC_COREF>
<CROSS_DOC_COREF r_id="37156" note="LOC16942449552455123" >
  <source m_id="17" />
  <target m_id="26" />
</CROSS_DOC_COREF>
<CROSS_DOC_COREF r_id="37157" note="ACT16762238189665929" >
  <source m_id="22" />
  <target m_id="27" />
</CROSS_DOC_COREF>
<CROSS_DOC_COREF r_id="37158" note="TIM16942378538232679" >
  <source m_id="19" />
  <target m_id="28" />
</CROSS_DOC_COREF>

</Relations>
</Document>
