<Document doc_name="28_9ecb.xml" doc_id="DOC15654957730819197">
<token t_id="1" sentence="0" number="0">W.</token>
<token t_id="2" sentence="0" number="1">Mark</token>
<token t_id="3" sentence="0" number="2">Felt</token>
<token t_id="4" sentence="0" number="3">,</token>
<token t_id="5" sentence="0" number="4">who</token>
<token t_id="6" sentence="0" number="5">remained</token>
<token t_id="7" sentence="0" number="6">anonymous</token>
<token t_id="8" sentence="0" number="7">for</token>
<token t_id="9" sentence="0" number="8">more</token>
<token t_id="10" sentence="0" number="9">than</token>
<token t_id="11" sentence="0" number="10">three</token>
<token t_id="12" sentence="0" number="11">decades</token>
<token t_id="13" sentence="0" number="12">as</token>
<token t_id="14" sentence="0" number="13">the</token>
<token t_id="15" sentence="0" number="14">source</token>
<token t_id="16" sentence="0" number="15">known</token>
<token t_id="17" sentence="0" number="16">as</token>
<token t_id="18" sentence="0" number="17">``</token>
<token t_id="19" sentence="0" number="18">Deep</token>
<token t_id="20" sentence="0" number="19">Throat</token>
<token t_id="21" sentence="0" number="20">''</token>
<token t_id="22" sentence="0" number="21">in</token>
<token t_id="23" sentence="0" number="22">the</token>
<token t_id="24" sentence="0" number="23">1972</token>
<token t_id="25" sentence="0" number="24">Watergate</token>
<token t_id="26" sentence="0" number="25">scandal</token>
<token t_id="27" sentence="0" number="26">that</token>
<token t_id="28" sentence="0" number="27">toppled</token>
<token t_id="29" sentence="0" number="28">Richard</token>
<token t_id="30" sentence="0" number="29">Nixon</token>
<token t_id="31" sentence="0" number="30">'s</token>
<token t_id="32" sentence="0" number="31">presidency</token>
<token t_id="33" sentence="0" number="32">,</token>
<token t_id="34" sentence="0" number="33">has</token>
<token t_id="35" sentence="0" number="34">died</token>
<token t_id="36" sentence="0" number="35">.</token>
<token t_id="37" sentence="1" number="0">Felt</token>
<token t_id="38" sentence="1" number="1">died</token>
<token t_id="39" sentence="1" number="2">at</token>
<token t_id="40" sentence="1" number="3">his</token>
<token t_id="41" sentence="1" number="4">home</token>
<token t_id="42" sentence="1" number="5">in</token>
<token t_id="43" sentence="1" number="6">Santa</token>
<token t_id="44" sentence="1" number="7">Rosa</token>
<token t_id="45" sentence="1" number="8">,</token>
<token t_id="46" sentence="1" number="9">California</token>
<token t_id="47" sentence="1" number="10">,</token>
<token t_id="48" sentence="1" number="11">Thursday</token>
<token t_id="49" sentence="1" number="12">,</token>
<token t_id="50" sentence="1" number="13">the</token>
<token t_id="51" sentence="1" number="14">Press</token>
<token t_id="52" sentence="1" number="15">Democrat</token>
<token t_id="53" sentence="1" number="16">newspaper</token>
<token t_id="54" sentence="1" number="17">reported</token>
<token t_id="55" sentence="1" number="18">,</token>
<token t_id="56" sentence="1" number="19">citing</token>
<token t_id="57" sentence="1" number="20">Felt</token>
<token t_id="58" sentence="1" number="21">'s</token>
<token t_id="59" sentence="1" number="22">grandson</token>
<token t_id="60" sentence="1" number="23">Nick</token>
<token t_id="61" sentence="1" number="24">Jones</token>
<token t_id="62" sentence="1" number="25">.</token>
<token t_id="63" sentence="2" number="0">Felt</token>
<token t_id="64" sentence="2" number="1">provided</token>
<token t_id="65" sentence="2" number="2">tips</token>
<token t_id="66" sentence="2" number="3">and</token>
<token t_id="67" sentence="2" number="4">information</token>
<token t_id="68" sentence="2" number="5">that</token>
<token t_id="69" sentence="2" number="6">guided</token>
<token t_id="70" sentence="2" number="7">Washington</token>
<token t_id="71" sentence="2" number="8">Post</token>
<token t_id="72" sentence="2" number="9">reporters</token>
<token t_id="73" sentence="2" number="10">Bob</token>
<token t_id="74" sentence="2" number="11">Woodward</token>
<token t_id="75" sentence="2" number="12">and</token>
<token t_id="76" sentence="2" number="13">Carl</token>
<token t_id="77" sentence="2" number="14">Bernstein</token>
<token t_id="78" sentence="2" number="15">as</token>
<token t_id="79" sentence="2" number="16">they</token>
<token t_id="80" sentence="2" number="17">wrote</token>
<token t_id="81" sentence="2" number="18">stories</token>
<token t_id="82" sentence="2" number="19">stemming</token>
<token t_id="83" sentence="2" number="20">from</token>
<token t_id="84" sentence="2" number="21">the</token>
<token t_id="85" sentence="2" number="22">bungled</token>
<token t_id="86" sentence="2" number="23">burglary</token>
<token t_id="87" sentence="2" number="24">of</token>
<token t_id="88" sentence="2" number="25">the</token>
<token t_id="89" sentence="2" number="26">Democratic</token>
<token t_id="90" sentence="2" number="27">Party</token>
<token t_id="91" sentence="2" number="28">National</token>
<token t_id="92" sentence="2" number="29">Committee</token>
<token t_id="93" sentence="2" number="30">headquarters</token>
<token t_id="94" sentence="2" number="31">in</token>
<token t_id="95" sentence="2" number="32">1972</token>
<token t_id="96" sentence="2" number="33">.</token>
<token t_id="97" sentence="3" number="0">President</token>
<token t_id="98" sentence="3" number="1">Nixon</token>
<token t_id="99" sentence="3" number="2">ultimately</token>
<token t_id="100" sentence="3" number="3">resigned</token>
<token t_id="101" sentence="3" number="4">as</token>
<token t_id="102" sentence="3" number="5">a</token>
<token t_id="103" sentence="3" number="6">consequence</token>
<token t_id="104" sentence="3" number="7">of</token>
<token t_id="105" sentence="3" number="8">the</token>
<token t_id="106" sentence="3" number="9">White</token>
<token t_id="107" sentence="3" number="10">House</token>
<token t_id="108" sentence="3" number="11">role</token>
<token t_id="109" sentence="3" number="12">in</token>
<token t_id="110" sentence="3" number="13">the</token>
<token t_id="111" sentence="3" number="14">scandal</token>
<token t_id="112" sentence="3" number="15">and</token>
<token t_id="113" sentence="3" number="16">in</token>
<token t_id="114" sentence="3" number="17">the</token>
<token t_id="115" sentence="3" number="18">cover-up</token>
<token t_id="116" sentence="3" number="19">that</token>
<token t_id="117" sentence="3" number="20">followed</token>
<token t_id="118" sentence="3" number="21">.</token>
<token t_id="119" sentence="4" number="0">The</token>
<token t_id="120" sentence="4" number="1">identity</token>
<token t_id="121" sentence="4" number="2">of</token>
<token t_id="122" sentence="4" number="3">Felt</token>
<token t_id="123" sentence="4" number="4">,</token>
<token t_id="124" sentence="4" number="5">a</token>
<token t_id="125" sentence="4" number="6">former</token>
<token t_id="126" sentence="4" number="7">associate</token>
<token t_id="127" sentence="4" number="8">director</token>
<token t_id="128" sentence="4" number="9">at</token>
<token t_id="129" sentence="4" number="10">the</token>
<token t_id="130" sentence="4" number="11">Federal</token>
<token t_id="131" sentence="4" number="12">Bureau</token>
<token t_id="132" sentence="4" number="13">of</token>
<token t_id="133" sentence="4" number="14">Investigation</token>
<token t_id="134" sentence="4" number="15">,</token>
<token t_id="135" sentence="4" number="16">remained</token>
<token t_id="136" sentence="4" number="17">a</token>
<token t_id="137" sentence="4" number="18">secret</token>
<token t_id="138" sentence="4" number="19">until</token>
<token t_id="139" sentence="4" number="20">May</token>
<token t_id="140" sentence="4" number="21">2005</token>
<token t_id="141" sentence="4" number="22">,</token>
<token t_id="142" sentence="4" number="23">when</token>
<token t_id="143" sentence="4" number="24">Woodward</token>
<token t_id="144" sentence="4" number="25">and</token>
<token t_id="145" sentence="4" number="26">Bernstein</token>
<token t_id="146" sentence="4" number="27">confirmed</token>
<token t_id="147" sentence="4" number="28">revelations</token>
<token t_id="148" sentence="4" number="29">published</token>
<token t_id="149" sentence="4" number="30">in</token>
<token t_id="150" sentence="4" number="31">an</token>
<token t_id="151" sentence="4" number="32">article</token>
<token t_id="152" sentence="4" number="33">in</token>
<token t_id="153" sentence="4" number="34">the</token>
<token t_id="154" sentence="4" number="35">July</token>
<token t_id="155" sentence="4" number="36">issue</token>
<token t_id="156" sentence="4" number="37">of</token>
<token t_id="157" sentence="4" number="38">Vanity</token>
<token t_id="158" sentence="4" number="39">Fair</token>
<token t_id="159" sentence="4" number="40">.</token>
<token t_id="160" sentence="5" number="0">``</token>
<token t_id="161" sentence="5" number="1">Because</token>
<token t_id="162" sentence="5" number="2">of</token>
<token t_id="163" sentence="5" number="3">his</token>
<token t_id="164" sentence="5" number="4">position</token>
<token t_id="165" sentence="5" number="5">virtually</token>
<token t_id="166" sentence="5" number="6">atop</token>
<token t_id="167" sentence="5" number="7">the</token>
<token t_id="168" sentence="5" number="8">chief</token>
<token t_id="169" sentence="5" number="9">investigative</token>
<token t_id="170" sentence="5" number="10">agency</token>
<token t_id="171" sentence="5" number="11">,</token>
<token t_id="172" sentence="5" number="12">his</token>
<token t_id="173" sentence="5" number="13">words</token>
<token t_id="174" sentence="5" number="14">and</token>
<token t_id="175" sentence="5" number="15">guidance</token>
<token t_id="176" sentence="5" number="16">had</token>
<token t_id="177" sentence="5" number="17">immense</token>
<token t_id="178" sentence="5" number="18">,</token>
<token t_id="179" sentence="5" number="19">at</token>
<token t_id="180" sentence="5" number="20">times</token>
<token t_id="181" sentence="5" number="21">even</token>
<token t_id="182" sentence="5" number="22">staggering</token>
<token t_id="183" sentence="5" number="23">,</token>
<token t_id="184" sentence="5" number="24">authority</token>
<token t_id="185" sentence="5" number="25">,</token>
<token t_id="186" sentence="5" number="26">''</token>
<token t_id="187" sentence="5" number="27">Woodward</token>
<token t_id="188" sentence="5" number="28">said</token>
<token t_id="189" sentence="5" number="29">in</token>
<token t_id="190" sentence="5" number="30">an</token>
<token t_id="191" sentence="5" number="31">article</token>
<token t_id="192" sentence="5" number="32">in</token>
<token t_id="193" sentence="5" number="33">the</token>
<token t_id="194" sentence="5" number="34">Washington</token>
<token t_id="195" sentence="5" number="35">Post</token>
<token t_id="196" sentence="5" number="36">on</token>
<token t_id="197" sentence="5" number="37">June</token>
<token t_id="198" sentence="5" number="38">2</token>
<token t_id="199" sentence="5" number="39">,</token>
<token t_id="200" sentence="5" number="40">2005</token>
<token t_id="201" sentence="5" number="41">.</token>
<token t_id="202" sentence="6" number="0">The</token>
<token t_id="203" sentence="6" number="1">story</token>
<token t_id="204" sentence="6" number="2">of</token>
<token t_id="205" sentence="6" number="3">``</token>
<token t_id="206" sentence="6" number="4">Deep</token>
<token t_id="207" sentence="6" number="5">Throat</token>
<token t_id="208" sentence="6" number="6">,</token>
<token t_id="209" sentence="6" number="7">''</token>
<token t_id="210" sentence="6" number="8">a</token>
<token t_id="211" sentence="6" number="9">name</token>
<token t_id="212" sentence="6" number="10">borrowed</token>
<token t_id="213" sentence="6" number="11">from</token>
<token t_id="214" sentence="6" number="12">the</token>
<token t_id="215" sentence="6" number="13">title</token>
<token t_id="216" sentence="6" number="14">of</token>
<token t_id="217" sentence="6" number="15">a</token>
<token t_id="218" sentence="6" number="16">1972</token>
<token t_id="219" sentence="6" number="17">pornographic</token>
<token t_id="220" sentence="6" number="18">film</token>
<token t_id="221" sentence="6" number="19">,</token>
<token t_id="222" sentence="6" number="20">assumed</token>
<token t_id="223" sentence="6" number="21">legendary</token>
<token t_id="224" sentence="6" number="22">status</token>
<token t_id="225" sentence="6" number="23">as</token>
<token t_id="226" sentence="6" number="24">academics</token>
<token t_id="227" sentence="6" number="25">and</token>
<token t_id="228" sentence="6" number="26">history</token>
<token t_id="229" sentence="6" number="27">buffs</token>
<token t_id="230" sentence="6" number="28">clamored</token>
<token t_id="231" sentence="6" number="29">to</token>
<token t_id="232" sentence="6" number="30">unlock</token>
<token t_id="233" sentence="6" number="31">the</token>
<token t_id="234" sentence="6" number="32">enigma</token>
<token t_id="235" sentence="6" number="33">that</token>
<token t_id="236" sentence="6" number="34">played</token>
<token t_id="237" sentence="6" number="35">a</token>
<token t_id="238" sentence="6" number="36">role</token>
<token t_id="239" sentence="6" number="37">in</token>
<token t_id="240" sentence="6" number="38">Nixon</token>
<token t_id="241" sentence="6" number="39">'s</token>
<token t_id="242" sentence="6" number="40">resignation</token>
<token t_id="243" sentence="6" number="41">in</token>
<token t_id="244" sentence="6" number="42">1974</token>
<token t_id="245" sentence="6" number="43">.</token>
<token t_id="246" sentence="7" number="0">As</token>
<token t_id="247" sentence="7" number="1">early</token>
<token t_id="248" sentence="7" number="2">as</token>
<token t_id="249" sentence="7" number="3">October</token>
<token t_id="250" sentence="7" number="4">1972</token>
<token t_id="251" sentence="7" number="5">,</token>
<token t_id="252" sentence="7" number="6">Nixon</token>
<token t_id="253" sentence="7" number="7">himself</token>
<token t_id="254" sentence="7" number="8">voiced</token>
<token t_id="255" sentence="7" number="9">suspicion</token>
<token t_id="256" sentence="7" number="10">that</token>
<token t_id="257" sentence="7" number="11">Felt</token>
<token t_id="258" sentence="7" number="12">may</token>
<token t_id="259" sentence="7" number="13">be</token>
<token t_id="260" sentence="7" number="14">leaking</token>
<token t_id="261" sentence="7" number="15">information</token>
<token t_id="262" sentence="7" number="16">to</token>
<token t_id="263" sentence="7" number="17">the</token>
<token t_id="264" sentence="7" number="18">press</token>
<token t_id="265" sentence="7" number="19">and</token>
<token t_id="266" sentence="7" number="20">Attorney</token>
<token t_id="267" sentence="7" number="21">General</token>
<token t_id="268" sentence="7" number="22">Richard</token>
<token t_id="269" sentence="7" number="23">Kleindienst</token>
<token t_id="270" sentence="7" number="24">had</token>
<token t_id="271" sentence="7" number="25">pressured</token>
<token t_id="272" sentence="7" number="26">FBI</token>
<token t_id="273" sentence="7" number="27">Acting</token>
<token t_id="274" sentence="7" number="28">Director</token>
<token t_id="275" sentence="7" number="29">L.</token>
<token t_id="276" sentence="7" number="30">Patrick</token>
<token t_id="277" sentence="7" number="31">Gray</token>
<token t_id="278" sentence="7" number="32">to</token>
<token t_id="279" sentence="7" number="33">fire</token>
<token t_id="280" sentence="7" number="34">his</token>
<token t_id="281" sentence="7" number="35">deputy</token>
<token t_id="282" sentence="7" number="36">.</token>
<token t_id="283" sentence="8" number="0">Felt</token>
<token t_id="284" sentence="8" number="1">denied</token>
<token t_id="285" sentence="8" number="2">his</token>
<token t_id="286" sentence="8" number="3">role</token>
<token t_id="287" sentence="8" number="4">repeatedly</token>
<token t_id="288" sentence="8" number="5">and</token>
<token t_id="289" sentence="8" number="6">stayed</token>
<token t_id="290" sentence="8" number="7">at</token>
<token t_id="291" sentence="8" number="8">the</token>
<token t_id="292" sentence="8" number="9">FBI</token>
<token t_id="293" sentence="8" number="10">until</token>
<token t_id="294" sentence="8" number="11">his</token>
<token t_id="295" sentence="8" number="12">retirement</token>
<token t_id="296" sentence="8" number="13">in</token>
<token t_id="297" sentence="8" number="14">June</token>
<token t_id="298" sentence="8" number="15">1973</token>
<token t_id="299" sentence="8" number="16">.</token>
<token t_id="300" sentence="9" number="0">``</token>
<token t_id="301" sentence="9" number="1">The</token>
<token t_id="302" sentence="9" number="2">thing</token>
<token t_id="303" sentence="9" number="3">that</token>
<token t_id="304" sentence="9" number="4">stuns</token>
<token t_id="305" sentence="9" number="5">me</token>
<token t_id="306" sentence="9" number="6">is</token>
<token t_id="307" sentence="9" number="7">that</token>
<token t_id="308" sentence="9" number="8">the</token>
<token t_id="309" sentence="9" number="9">goddamn</token>
<token t_id="310" sentence="9" number="10">secret</token>
<token t_id="311" sentence="9" number="11">has</token>
<token t_id="312" sentence="9" number="12">lasted</token>
<token t_id="313" sentence="9" number="13">this</token>
<token t_id="314" sentence="9" number="14">long</token>
<token t_id="315" sentence="9" number="15">,</token>
<token t_id="316" sentence="9" number="16">''</token>
<token t_id="317" sentence="9" number="17">Ben</token>
<token t_id="318" sentence="9" number="18">Bradlee</token>
<token t_id="319" sentence="9" number="19">,</token>
<token t_id="320" sentence="9" number="20">who</token>
<token t_id="321" sentence="9" number="21">oversaw</token>
<token t_id="322" sentence="9" number="22">almost</token>
<token t_id="323" sentence="9" number="23">400</token>
<token t_id="324" sentence="9" number="24">stories</token>
<token t_id="325" sentence="9" number="25">on</token>
<token t_id="326" sentence="9" number="26">Watergate</token>
<token t_id="327" sentence="9" number="27">when</token>
<token t_id="328" sentence="9" number="28">he</token>
<token t_id="329" sentence="9" number="29">was</token>
<token t_id="330" sentence="9" number="30">the</token>
<token t_id="331" sentence="9" number="31">Washington</token>
<token t_id="332" sentence="9" number="32">Post</token>
<token t_id="333" sentence="9" number="33">'s</token>
<token t_id="334" sentence="9" number="34">executive</token>
<token t_id="335" sentence="9" number="35">editor</token>
<token t_id="336" sentence="9" number="36">,</token>
<token t_id="337" sentence="9" number="37">said</token>
<token t_id="338" sentence="9" number="38">after</token>
<token t_id="339" sentence="9" number="39">the</token>
<token t_id="340" sentence="9" number="40">May</token>
<token t_id="341" sentence="9" number="41">2005</token>
<token t_id="342" sentence="9" number="42">revelations</token>
<token t_id="343" sentence="9" number="43">.</token>
<token t_id="344" sentence="10" number="0">Although</token>
<token t_id="345" sentence="10" number="1">he</token>
<token t_id="346" sentence="10" number="2">knew</token>
<token t_id="347" sentence="10" number="3">the</token>
<token t_id="348" sentence="10" number="4">paper</token>
<token t_id="349" sentence="10" number="5">'s</token>
<token t_id="350" sentence="10" number="6">source</token>
<token t_id="351" sentence="10" number="7">was</token>
<token t_id="352" sentence="10" number="8">a</token>
<token t_id="353" sentence="10" number="9">high-ranking</token>
<token t_id="354" sentence="10" number="10">government</token>
<token t_id="355" sentence="10" number="11">official</token>
<token t_id="356" sentence="10" number="12">,</token>
<token t_id="357" sentence="10" number="13">Bradlee</token>
<token t_id="358" sentence="10" number="14">did</token>
<token t_id="359" sentence="10" number="15">n't</token>
<token t_id="360" sentence="10" number="16">find</token>
<token t_id="361" sentence="10" number="17">out</token>
<token t_id="362" sentence="10" number="18">Felt</token>
<token t_id="363" sentence="10" number="19">'s</token>
<token t_id="364" sentence="10" number="20">name</token>
<token t_id="365" sentence="10" number="21">until</token>
<token t_id="366" sentence="10" number="22">Nixon</token>
<token t_id="367" sentence="10" number="23">resigned</token>
<token t_id="368" sentence="10" number="24">.</token>
<token t_id="369" sentence="11" number="0">Felt</token>
<token t_id="370" sentence="11" number="1">was</token>
<token t_id="371" sentence="11" number="2">one</token>
<token t_id="372" sentence="11" number="3">of</token>
<token t_id="373" sentence="11" number="4">many</token>
<token t_id="374" sentence="11" number="5">people</token>
<token t_id="375" sentence="11" number="6">rumored</token>
<token t_id="376" sentence="11" number="7">to</token>
<token t_id="377" sentence="11" number="8">be</token>
<token t_id="378" sentence="11" number="9">``</token>
<token t_id="379" sentence="11" number="10">Deep</token>
<token t_id="380" sentence="11" number="11">Throat</token>
<token t_id="381" sentence="11" number="12">.</token>
<token t_id="382" sentence="11" number="13">''</token>
<token t_id="383" sentence="12" number="0">Others</token>
<token t_id="384" sentence="12" number="1">included</token>
<token t_id="385" sentence="12" number="2">Alexander</token>
<token t_id="386" sentence="12" number="3">Haig</token>
<token t_id="387" sentence="12" number="4">,</token>
<token t_id="388" sentence="12" number="5">Nixon</token>
<token t_id="389" sentence="12" number="6">'s</token>
<token t_id="390" sentence="12" number="7">White</token>
<token t_id="391" sentence="12" number="8">House</token>
<token t_id="392" sentence="12" number="9">chief</token>
<token t_id="393" sentence="12" number="10">of</token>
<token t_id="394" sentence="12" number="11">staff</token>
<token t_id="395" sentence="12" number="12">;</token>
<token t_id="396" sentence="12" number="13">former</token>
<token t_id="397" sentence="12" number="14">National</token>
<token t_id="398" sentence="12" number="15">Security</token>
<token t_id="399" sentence="12" number="16">Adviser</token>
<token t_id="400" sentence="12" number="17">Henry</token>
<token t_id="401" sentence="12" number="18">Kissinger</token>
<token t_id="402" sentence="12" number="19">;</token>
<token t_id="403" sentence="12" number="20">Fred</token>
<token t_id="404" sentence="12" number="21">Fielding</token>
<token t_id="405" sentence="12" number="22">,</token>
<token t_id="406" sentence="12" number="23">assistant</token>
<token t_id="407" sentence="12" number="24">to</token>
<token t_id="408" sentence="12" number="25">White</token>
<token t_id="409" sentence="12" number="26">House</token>
<token t_id="410" sentence="12" number="27">Counsel</token>
<token t_id="411" sentence="12" number="28">John</token>
<token t_id="412" sentence="12" number="29">Dean</token>
<token t_id="413" sentence="12" number="30">;</token>
<token t_id="414" sentence="12" number="31">and</token>
<token t_id="415" sentence="12" number="32">George</token>
<token t_id="416" sentence="12" number="33">H.W.</token>
<token t_id="417" sentence="12" number="34">Bush</token>
<token t_id="418" sentence="12" number="35">,</token>
<token t_id="419" sentence="12" number="36">the</token>
<token t_id="420" sentence="12" number="37">U.S.</token>
<token t_id="421" sentence="12" number="38">ambassador</token>
<token t_id="422" sentence="12" number="39">to</token>
<token t_id="423" sentence="12" number="40">the</token>
<token t_id="424" sentence="12" number="41">United</token>
<token t_id="425" sentence="12" number="42">Nations</token>
<token t_id="426" sentence="12" number="43">at</token>
<token t_id="427" sentence="12" number="44">the</token>
<token t_id="428" sentence="12" number="45">time</token>
<token t_id="429" sentence="12" number="46">.</token>
<token t_id="430" sentence="13" number="0">Speculation</token>
<token t_id="431" sentence="13" number="1">also</token>
<token t_id="432" sentence="13" number="2">surrounded</token>
<token t_id="433" sentence="13" number="3">former</token>
<token t_id="434" sentence="13" number="4">U.S.</token>
<token t_id="435" sentence="13" number="5">Supreme</token>
<token t_id="436" sentence="13" number="6">Court</token>
<token t_id="437" sentence="13" number="7">Chief</token>
<token t_id="438" sentence="13" number="8">Justice</token>
<token t_id="439" sentence="13" number="9">William</token>
<token t_id="440" sentence="13" number="10">Rehnquist</token>
<token t_id="441" sentence="13" number="11">,</token>
<token t_id="442" sentence="13" number="12">whose</token>
<token t_id="443" sentence="13" number="13">poor</token>
<token t_id="444" sentence="13" number="14">health</token>
<token t_id="445" sentence="13" number="15">coincided</token>
<token t_id="446" sentence="13" number="16">with</token>
<token t_id="447" sentence="13" number="17">unfounded</token>
<token t_id="448" sentence="13" number="18">reports</token>
<token t_id="449" sentence="13" number="19">that</token>
<token t_id="450" sentence="13" number="20">``</token>
<token t_id="451" sentence="13" number="21">Deep</token>
<token t_id="452" sentence="13" number="22">Throat</token>
<token t_id="453" sentence="13" number="23">''</token>
<token t_id="454" sentence="13" number="24">was</token>
<token t_id="455" sentence="13" number="25">gravely</token>
<token t_id="456" sentence="13" number="26">ill</token>
<token t_id="457" sentence="13" number="27">.</token>
<Markables>
<ACTION_OCCURRENCE m_id="30"  >
  <token_anchor t_id="35"/>
</ACTION_OCCURRENCE>
<ACTION_OCCURRENCE m_id="32"  >
  <token_anchor t_id="32"/>
</ACTION_OCCURRENCE>
<ACTION_OCCURRENCE m_id="33"  >
  <token_anchor t_id="16"/>
</ACTION_OCCURRENCE>
<ACTION_OCCURRENCE m_id="25"  >
  <token_anchor t_id="25"/>
</ACTION_OCCURRENCE>
<ACTION_OCCURRENCE m_id="28"  >
  <token_anchor t_id="28"/>
</ACTION_OCCURRENCE>
<ACTION_OCCURRENCE m_id="29"  >
  <token_anchor t_id="38"/>
</ACTION_OCCURRENCE>
<ACTION_REPORTING m_id="34"  >
  <token_anchor t_id="54"/>
</ACTION_REPORTING>
<ACTION_REPORTING m_id="37"  >
  <token_anchor t_id="56"/>
</ACTION_REPORTING>
<HUMAN_PART_MET m_id="38"  >
  <token_anchor t_id="51"/>
  <token_anchor t_id="52"/>
</HUMAN_PART_MET>
<HUMAN_PART_PER m_id="35"  >
  <token_anchor t_id="60"/>
  <token_anchor t_id="61"/>
</HUMAN_PART_PER>
<HUMAN_PART_PER m_id="36"  >
  <token_anchor t_id="37"/>
</HUMAN_PART_PER>
<HUMAN_PART_PER m_id="40"  >
  <token_anchor t_id="29"/>
  <token_anchor t_id="30"/>
</HUMAN_PART_PER>
<HUMAN_PART_PER m_id="22"  >
  <token_anchor t_id="1"/>
  <token_anchor t_id="2"/>
  <token_anchor t_id="3"/>
</HUMAN_PART_PER>
<HUMAN_PART_PER m_id="23"  >
  <token_anchor t_id="19"/>
  <token_anchor t_id="20"/>
</HUMAN_PART_PER>
<HUMAN_PART_PER m_id="24"  >
  <token_anchor t_id="15"/>
</HUMAN_PART_PER>
<LOC_FAC m_id="26"  >
  <token_anchor t_id="39"/>
  <token_anchor t_id="40"/>
  <token_anchor t_id="41"/>
  <token_anchor t_id="42"/>
  <token_anchor t_id="43"/>
  <token_anchor t_id="44"/>
  <token_anchor t_id="45"/>
  <token_anchor t_id="46"/>
</LOC_FAC>
<TIME_DATE m_id="31"  >
  <token_anchor t_id="24"/>
</TIME_DATE>
<TIME_DATE m_id="39"  >
  <token_anchor t_id="48"/>
</TIME_DATE>
<TIME_DURATION m_id="27"  >
  <token_anchor t_id="8"/>
  <token_anchor t_id="9"/>
  <token_anchor t_id="10"/>
  <token_anchor t_id="11"/>
  <token_anchor t_id="12"/>
</TIME_DURATION>




<ACTION_OCCURRENCE m_id="50" RELATED_TO="" TAG_DESCRIPTOR="t28b_known_as" instance_id="ACT16974938297863649" />
<HUMAN_PART_PER m_id="49" RELATED_TO="" TAG_DESCRIPTOR="t28b_nixon" instance_id="HUM27379778521624645" />
<LOC_FAC m_id="48" RELATED_TO="" TAG_DESCRIPTOR="t28b_his_home" instance_id="LOC16942449552455123" />
<TIME_DATE m_id="47" RELATED_TO="" TAG_DESCRIPTOR="t28b_thursday" instance_id="TIM16942369985815303" />
<HUMAN_PART_PER m_id="46" RELATED_TO="" TAG_DESCRIPTOR="t28_deep_throat" instance_id="HUM16762545642473164" />
<HUMAN_PART_PER m_id="45" RELATED_TO="" TAG_DESCRIPTOR="t28b_rob_jones" instance_id="HUM16975370612436505" />
<HUMAN_PART_PER m_id="44" RELATED_TO="" TAG_DESCRIPTOR="t28b_mark_felt" instance_id="HUM16762554083083396" />
<ACTION_REPORTING m_id="43" RELATED_TO="" TAG_DESCRIPTOR="t28b_rob_jones_said" instance_id="ACT16975502660494555" />
<ACTION_OCCURRENCE m_id="42" RELATED_TO="" TAG_DESCRIPTOR="t28b_bring_down_nixon" instance_id="ACT27379751006237079" />
<ACTION_OCCURRENCE m_id="41" RELATED_TO="" TAG_DESCRIPTOR="t28b_mark_felt_dies" instance_id="ACT16762501657378707" />
<ACTION_OCCURRENCE m_id="51" RELATED_TO="" TAG_DESCRIPTOR="t28_watergate_scandal" instance_id="ACT16762238189665929" />
</Markables>

<Relations>
<CROSS_DOC_COREF r_id="37170" note="ACT16762501657378707" >
  <source m_id="30" />
  <source m_id="29" />
  <target m_id="41" />
</CROSS_DOC_COREF>
<CROSS_DOC_COREF r_id="37171" note="ACT27379751006237079" >
  <source m_id="28" />
  <target m_id="42" />
</CROSS_DOC_COREF>
<CROSS_DOC_COREF r_id="37172" note="ACT16975502660494555" >
  <source m_id="37" />
  <target m_id="43" />
</CROSS_DOC_COREF>
<CROSS_DOC_COREF r_id="37173" note="HUM16762554083083396" >
  <source m_id="36" />
  <source m_id="22" />
  <target m_id="44" />
</CROSS_DOC_COREF>
<CROSS_DOC_COREF r_id="37174" note="HUM16975370612436505" >
  <source m_id="35" />
  <target m_id="45" />
</CROSS_DOC_COREF>
<CROSS_DOC_COREF r_id="37175" note="HUM16762545642473164" >
  <source m_id="24" />
  <source m_id="23" />
  <target m_id="46" />
</CROSS_DOC_COREF>
<CROSS_DOC_COREF r_id="37176" note="TIM16942369985815303" >
  <source m_id="39" />
  <target m_id="47" />
</CROSS_DOC_COREF>
<CROSS_DOC_COREF r_id="37177" note="LOC16942449552455123" >
  <source m_id="26" />
  <target m_id="48" />
</CROSS_DOC_COREF>
<CROSS_DOC_COREF r_id="37178" note="HUM27379778521624645" >
  <source m_id="40" />
  <target m_id="49" />
</CROSS_DOC_COREF>
<CROSS_DOC_COREF r_id="37179" note="ACT16974938297863649" >
  <source m_id="33" />
  <target m_id="50" />
</CROSS_DOC_COREF>
<CROSS_DOC_COREF r_id="37180" note="ACT16762238189665929" >
  <source m_id="25" />
  <target m_id="51" />
</CROSS_DOC_COREF>

</Relations>
</Document>
