<Document doc_name="26_1ecb.xml" doc_id="DOC15654840785070532">
<token t_id="1" sentence="0" number="0">Gaetano</token>
<token t_id="2" sentence="0" number="1">Lo</token>
<token t_id="3" sentence="0" number="2">Presti</token>
<token t_id="4" sentence="0" number="3">,</token>
<token t_id="5" sentence="0" number="4">one</token>
<token t_id="6" sentence="0" number="5">of</token>
<token t_id="7" sentence="0" number="6">99</token>
<token t_id="8" sentence="0" number="7">alleged</token>
<token t_id="9" sentence="0" number="8">Sicilian</token>
<token t_id="10" sentence="0" number="9">Mafia</token>
<token t_id="11" sentence="0" number="10">members</token>
<token t_id="12" sentence="0" number="11">seized</token>
<token t_id="13" sentence="0" number="12">on</token>
<token t_id="14" sentence="0" number="13">Tuesday</token>
<token t_id="15" sentence="0" number="14">,</token>
<token t_id="16" sentence="0" number="15">has</token>
<token t_id="17" sentence="0" number="16">apparently</token>
<token t_id="18" sentence="0" number="17">hanged</token>
<token t_id="19" sentence="0" number="18">himself</token>
<token t_id="20" sentence="0" number="19">with</token>
<token t_id="21" sentence="0" number="20">his</token>
<token t_id="22" sentence="0" number="21">belt</token>
<token t_id="23" sentence="0" number="22">in</token>
<token t_id="24" sentence="0" number="23">prison</token>
<token t_id="25" sentence="0" number="24">.</token>
<token t_id="26" sentence="1" number="0">Lo</token>
<token t_id="27" sentence="1" number="1">Presti</token>
<token t_id="28" sentence="1" number="2">,</token>
<token t_id="29" sentence="1" number="3">52</token>
<token t_id="30" sentence="1" number="4">,</token>
<token t_id="31" sentence="1" number="5">head</token>
<token t_id="32" sentence="1" number="6">of</token>
<token t_id="33" sentence="1" number="7">Mafia</token>
<token t_id="34" sentence="1" number="8">clans</token>
<token t_id="35" sentence="1" number="9">in</token>
<token t_id="36" sentence="1" number="10">the</token>
<token t_id="37" sentence="1" number="11">Porta</token>
<token t_id="38" sentence="1" number="12">Nuova</token>
<token t_id="39" sentence="1" number="13">area</token>
<token t_id="40" sentence="1" number="14">of</token>
<token t_id="41" sentence="1" number="15">Palermo</token>
<token t_id="42" sentence="1" number="16">,</token>
<token t_id="43" sentence="1" number="17">was</token>
<token t_id="44" sentence="1" number="18">found</token>
<token t_id="45" sentence="1" number="19">dead</token>
<token t_id="46" sentence="1" number="20">in</token>
<token t_id="47" sentence="1" number="21">Pagliarelli</token>
<token t_id="48" sentence="1" number="22">prison</token>
<token t_id="49" sentence="1" number="23">only</token>
<token t_id="50" sentence="1" number="24">hours</token>
<token t_id="51" sentence="1" number="25">after</token>
<token t_id="52" sentence="1" number="26">his</token>
<token t_id="53" sentence="1" number="27">arrest</token>
<token t_id="54" sentence="1" number="28">.</token>
<Markables>
<ACTION_OCCURRENCE m_id="37"  >
  <token_anchor t_id="53"/>
</ACTION_OCCURRENCE>
<ACTION_OCCURRENCE m_id="25"  >
  <token_anchor t_id="12"/>
</ACTION_OCCURRENCE>
<ACTION_OCCURRENCE m_id="26"  >
  <token_anchor t_id="18"/>
</ACTION_OCCURRENCE>
<ACTION_OCCURRENCE m_id="27"  >
  <token_anchor t_id="44"/>
</ACTION_OCCURRENCE>
<HUMAN_PART_ORG m_id="34"  >
  <token_anchor t_id="9"/>
  <token_anchor t_id="10"/>
</HUMAN_PART_ORG>
<HUMAN_PART_ORG m_id="35"  >
  <token_anchor t_id="34"/>
</HUMAN_PART_ORG>
<HUMAN_PART_PER m_id="36"  >
  <token_anchor t_id="5"/>
</HUMAN_PART_PER>
<HUMAN_PART_PER m_id="21"  >
  <token_anchor t_id="1"/>
  <token_anchor t_id="2"/>
  <token_anchor t_id="3"/>
</HUMAN_PART_PER>
<HUMAN_PART_PER m_id="22"  >
  <token_anchor t_id="11"/>
</HUMAN_PART_PER>
<HUMAN_PART_PER m_id="23"  >
  <token_anchor t_id="19"/>
</HUMAN_PART_PER>
<HUMAN_PART_PER m_id="24"  >
  <token_anchor t_id="26"/>
  <token_anchor t_id="27"/>
</HUMAN_PART_PER>
<LOC_FAC m_id="29"  >
  <token_anchor t_id="23"/>
  <token_anchor t_id="24"/>
</LOC_FAC>
<LOC_FAC m_id="32"  >
  <token_anchor t_id="46"/>
  <token_anchor t_id="47"/>
  <token_anchor t_id="48"/>
</LOC_FAC>
<LOC_GEO m_id="31"  >
  <token_anchor t_id="35"/>
  <token_anchor t_id="36"/>
  <token_anchor t_id="37"/>
  <token_anchor t_id="38"/>
  <token_anchor t_id="39"/>
  <token_anchor t_id="40"/>
  <token_anchor t_id="41"/>
</LOC_GEO>
<NON_HUMAN_PART m_id="28"  >
  <token_anchor t_id="22"/>
</NON_HUMAN_PART>
<TIME_DATE m_id="30"  >
  <token_anchor t_id="14"/>
</TIME_DATE>
<TIME_DURATION m_id="33"  >
  <token_anchor t_id="50"/>
</TIME_DURATION>


<ACTION_OCCURRENCE m_id="38" note="byCROMER" >
  <token_anchor t_id="45"/>
</ACTION_OCCURRENCE>


<LOC_FAC m_id="39" RELATED_TO="" TAG_DESCRIPTOR="t26b_prison" instance_id="LOC18441904201489761" />
<ACTION_OCCURRENCE m_id="46" RELATED_TO="" TAG_DESCRIPTOR="t26b_found" instance_id="ACT18441980729373787" />
<ACTION_OCCURRENCE m_id="45" RELATED_TO="" TAG_DESCRIPTOR="t26b_hanged" instance_id="ACT18441863532401006" />
<LOC_GEO m_id="44" RELATED_TO="" TAG_DESCRIPTOR="t26b_porta_nuova" instance_id="LOC18441954119583356" />
<TIME_DATE m_id="43" RELATED_TO="" TAG_DESCRIPTOR="t26b_yesterday" instance_id="TIM18441916830092148" />
<ACTION_OCCURRENCE m_id="42" RELATED_TO="" TAG_DESCRIPTOR="t26b_arrest" instance_id="ACT18441937963352466" />
<HUMAN_PART_PER m_id="41" RELATED_TO="" TAG_DESCRIPTOR="t26b_presti" instance_id="HUM18441890442259339" />
<TIME_DURATION m_id="40" RELATED_TO="" TAG_DESCRIPTOR="t26b_hours" instance_id="TIM18442142154629810" />
</Markables>

<Relations>
<CROSS_DOC_COREF r_id="52885" note="LOC18441904201489761" >
  <source m_id="29" />
  <source m_id="32" />
  <target m_id="39" />
</CROSS_DOC_COREF>
<CROSS_DOC_COREF r_id="52886" note="TIM18442142154629810" >
  <source m_id="33" />
  <target m_id="40" />
</CROSS_DOC_COREF>
<CROSS_DOC_COREF r_id="52887" note="HUM18441890442259339" >
  <source m_id="23" />
  <source m_id="24" />
  <source m_id="36" />
  <source m_id="21" />
  <target m_id="41" />
</CROSS_DOC_COREF>
<CROSS_DOC_COREF r_id="52888" note="ACT18441937963352466" >
  <source m_id="37" />
  <target m_id="42" />
</CROSS_DOC_COREF>
<CROSS_DOC_COREF r_id="52889" note="TIM18441916830092148" >
  <source m_id="30" />
  <target m_id="43" />
</CROSS_DOC_COREF>
<CROSS_DOC_COREF r_id="52890" note="LOC18441954119583356" >
  <source m_id="31" />
  <target m_id="44" />
</CROSS_DOC_COREF>
<CROSS_DOC_COREF r_id="52891" note="ACT18441863532401006" >
  <source m_id="38" />
  <source m_id="26" />
  <source m_id="25" />
  <target m_id="45" />
</CROSS_DOC_COREF>
<CROSS_DOC_COREF r_id="52892" note="ACT18441980729373787" >
  <source m_id="27" />
  <target m_id="46" />
</CROSS_DOC_COREF>

</Relations>
</Document>
