<Document doc_name="26_4ecbplus.xml" doc_id="DOC15646399879498092">
<token t_id="1" sentence="0" number="0">http</token>
<token t_id="2" sentence="0" number="1">:</token>
<token t_id="3" sentence="0" number="2">/</token>
<token t_id="4" sentence="0" number="3">/</token>
<token t_id="5" sentence="0" number="4">news</token>
<token t_id="6" sentence="0" number="5">.</token>
<token t_id="7" sentence="0" number="6">bbc</token>
<token t_id="8" sentence="0" number="7">.</token>
<token t_id="9" sentence="0" number="8">co</token>
<token t_id="10" sentence="0" number="9">.</token>
<token t_id="11" sentence="0" number="10">uk</token>
<token t_id="12" sentence="0" number="11">/</token>
<token t_id="13" sentence="0" number="12">2</token>
<token t_id="14" sentence="0" number="13">/</token>
<token t_id="15" sentence="0" number="14">hi</token>
<token t_id="16" sentence="0" number="15">/</token>
<token t_id="17" sentence="0" number="16">4544118</token>
<token t_id="18" sentence="0" number="17">.</token>
<token t_id="19" sentence="0" number="18">stm</token>
<token t_id="20" sentence="1" number="0">Last</token>
<token t_id="21" sentence="1" number="1">Updated</token>
<token t_id="22" sentence="1" number="2">:</token>
<token t_id="23" sentence="1" number="3">Tuesday</token>
<token t_id="24" sentence="1" number="4">,</token>
<token t_id="25" sentence="1" number="5">20</token>
<token t_id="26" sentence="1" number="6">December</token>
<token t_id="27" sentence="1" number="7">2005</token>
<token t_id="28" sentence="1" number="8">,</token>
<token t_id="29" sentence="1" number="9">10</token>
<token t_id="30" sentence="1" number="10">:</token>
<token t_id="31" sentence="1" number="11">39</token>
<token t_id="32" sentence="1" number="12">GMT</token>
<token t_id="33" sentence="2" number="0">US</token>
<token t_id="34" sentence="2" number="1">mafia</token>
<token t_id="35" sentence="2" number="2">godfather</token>
<token t_id="36" sentence="2" number="3">Gigante</token>
<token t_id="37" sentence="2" number="4">dies</token>
<token t_id="38" sentence="3" number="0">One</token>
<token t_id="39" sentence="3" number="1">of</token>
<token t_id="40" sentence="3" number="2">the</token>
<token t_id="41" sentence="3" number="3">most</token>
<token t_id="42" sentence="3" number="4">famous</token>
<token t_id="43" sentence="3" number="5">mafia</token>
<token t_id="44" sentence="3" number="6">godfathers</token>
<token t_id="45" sentence="3" number="7">in</token>
<token t_id="46" sentence="3" number="8">the</token>
<token t_id="47" sentence="3" number="9">US</token>
<token t_id="48" sentence="3" number="10">,</token>
<token t_id="49" sentence="3" number="11">Vincent</token>
<token t_id="50" sentence="3" number="12">"the</token>
<token t_id="51" sentence="3" number="13">Chin"</token>
<token t_id="52" sentence="3" number="14">Gigante</token>
<token t_id="53" sentence="3" number="15">,</token>
<token t_id="54" sentence="3" number="16">who</token>
<token t_id="55" sentence="3" number="17">spent</token>
<token t_id="56" sentence="3" number="18">much</token>
<token t_id="57" sentence="3" number="19">of</token>
<token t_id="58" sentence="3" number="20">his</token>
<token t_id="59" sentence="3" number="21">life</token>
<token t_id="60" sentence="3" number="22">avoiding</token>
<token t_id="61" sentence="3" number="23">prison</token>
<token t_id="62" sentence="3" number="24">,</token>
<token t_id="63" sentence="3" number="25">has</token>
<token t_id="64" sentence="3" number="26">died</token>
<token t_id="65" sentence="3" number="27">in</token>
<token t_id="66" sentence="3" number="28">jail</token>
<token t_id="67" sentence="3" number="29">,</token>
<token t_id="68" sentence="3" number="30">aged</token>
<token t_id="69" sentence="3" number="31">77</token>
<token t_id="70" sentence="3" number="32">.</token>
<token t_id="71" sentence="4" number="0">He</token>
<token t_id="72" sentence="4" number="1">was</token>
<token t_id="73" sentence="4" number="2">,</token>
<token t_id="74" sentence="4" number="3">according</token>
<token t_id="75" sentence="4" number="4">to</token>
<token t_id="76" sentence="4" number="5">the</token>
<token t_id="77" sentence="4" number="6">New</token>
<token t_id="78" sentence="4" number="7">York</token>
<token t_id="79" sentence="4" number="8">Times</token>
<token t_id="80" sentence="4" number="9">,</token>
<token t_id="81" sentence="4" number="10">the</token>
<token t_id="82" sentence="4" number="11">last</token>
<token t_id="83" sentence="4" number="12">great</token>
<token t_id="84" sentence="4" number="13">mafioso</token>
<token t_id="85" sentence="4" number="14">of</token>
<token t_id="86" sentence="4" number="15">the</token>
<token t_id="87" sentence="4" number="16">20th</token>
<token t_id="88" sentence="4" number="17">century</token>
<token t_id="89" sentence="4" number="18">.</token>
<token t_id="90" sentence="5" number="0">For</token>
<token t_id="91" sentence="5" number="1">years</token>
<token t_id="92" sentence="5" number="2">,</token>
<token t_id="93" sentence="5" number="3">Gigante</token>
<token t_id="94" sentence="5" number="4">evaded</token>
<token t_id="95" sentence="5" number="5">prison</token>
<token t_id="96" sentence="5" number="6">by</token>
<token t_id="97" sentence="5" number="7">concocting</token>
<token t_id="98" sentence="5" number="8">an</token>
<token t_id="99" sentence="5" number="9">elaborate</token>
<token t_id="100" sentence="5" number="10">mental</token>
<token t_id="101" sentence="5" number="11">illness</token>
<token t_id="102" sentence="5" number="12">.</token>
<token t_id="103" sentence="6" number="0">He</token>
<token t_id="104" sentence="6" number="1">routinely</token>
<token t_id="105" sentence="6" number="2">wandered</token>
<token t_id="106" sentence="6" number="3">the</token>
<token t_id="107" sentence="6" number="4">streets</token>
<token t_id="108" sentence="6" number="5">of</token>
<token t_id="109" sentence="6" number="6">New</token>
<token t_id="110" sentence="6" number="7">York's</token>
<token t_id="111" sentence="6" number="8">Manhattan</token>
<token t_id="112" sentence="6" number="9">,</token>
<token t_id="113" sentence="6" number="10">shuffling</token>
<token t_id="114" sentence="6" number="11">along</token>
<token t_id="115" sentence="6" number="12">in</token>
<token t_id="116" sentence="6" number="13">slippers</token>
<token t_id="117" sentence="6" number="14">and</token>
<token t_id="118" sentence="6" number="15">a</token>
<token t_id="119" sentence="6" number="16">tattered</token>
<token t_id="120" sentence="6" number="17">bathrobe</token>
<token t_id="121" sentence="6" number="18">,</token>
<token t_id="122" sentence="6" number="19">muttering</token>
<token t_id="123" sentence="6" number="20">incoherently</token>
<token t_id="124" sentence="6" number="21">.</token>
<token t_id="125" sentence="7" number="0">This</token>
<token t_id="126" sentence="7" number="1">bizarre</token>
<token t_id="127" sentence="7" number="2">behaviour</token>
<token t_id="128" sentence="7" number="3">earned</token>
<token t_id="129" sentence="7" number="4">him</token>
<token t_id="130" sentence="7" number="5">the</token>
<token t_id="131" sentence="7" number="6">title</token>
<token t_id="132" sentence="7" number="7">"the</token>
<token t_id="133" sentence="7" number="8">Oddfather"</token>
<token t_id="134" sentence="7" number="9">,</token>
<token t_id="135" sentence="7" number="10">but</token>
<token t_id="136" sentence="7" number="11">also</token>
<token t_id="137" sentence="7" number="12">helped</token>
<token t_id="138" sentence="7" number="13">to</token>
<token t_id="139" sentence="7" number="14">keep</token>
<token t_id="140" sentence="7" number="15">him</token>
<token t_id="141" sentence="7" number="16">out</token>
<token t_id="142" sentence="7" number="17">of</token>
<token t_id="143" sentence="7" number="18">jail</token>
<token t_id="144" sentence="7" number="19">,</token>
<token t_id="145" sentence="7" number="20">as</token>
<token t_id="146" sentence="7" number="21">a</token>
<token t_id="147" sentence="7" number="22">series</token>
<token t_id="148" sentence="7" number="23">of</token>
<token t_id="149" sentence="7" number="24">juries</token>
<token t_id="150" sentence="7" number="25">were</token>
<token t_id="151" sentence="7" number="26">convinced</token>
<token t_id="152" sentence="7" number="27">that</token>
<token t_id="153" sentence="7" number="28">Gigante</token>
<token t_id="154" sentence="7" number="29">was</token>
<token t_id="155" sentence="7" number="30">indeed</token>
<token t_id="156" sentence="7" number="31">insane</token>
<token t_id="157" sentence="7" number="32">.</token>
<token t_id="158" sentence="8" number="0">But</token>
<token t_id="159" sentence="8" number="1">in</token>
<token t_id="160" sentence="8" number="2">1997</token>
<token t_id="161" sentence="8" number="3">,</token>
<token t_id="162" sentence="8" number="4">he</token>
<token t_id="163" sentence="8" number="5">was</token>
<token t_id="164" sentence="8" number="6">finally</token>
<token t_id="165" sentence="8" number="7">convicted</token>
<token t_id="166" sentence="8" number="8">of</token>
<token t_id="167" sentence="8" number="9">racketeering</token>
<token t_id="168" sentence="8" number="10">,</token>
<token t_id="169" sentence="8" number="11">and</token>
<token t_id="170" sentence="8" number="12">in</token>
<token t_id="171" sentence="8" number="13">April</token>
<token t_id="172" sentence="8" number="14">2003</token>
<token t_id="173" sentence="8" number="15">he</token>
<token t_id="174" sentence="8" number="16">admitted</token>
<token t_id="175" sentence="8" number="17">to</token>
<token t_id="176" sentence="8" number="18">a</token>
<token t_id="177" sentence="8" number="19">court</token>
<token t_id="178" sentence="8" number="20">that</token>
<token t_id="179" sentence="8" number="21">his</token>
<token t_id="180" sentence="8" number="22">behaviour</token>
<token t_id="181" sentence="8" number="23">had</token>
<token t_id="182" sentence="8" number="24">been</token>
<token t_id="183" sentence="8" number="25">a</token>
<token t_id="184" sentence="8" number="26">ruse</token>
<token t_id="185" sentence="8" number="27">to</token>
<token t_id="186" sentence="8" number="28">stay</token>
<token t_id="187" sentence="8" number="29">out</token>
<token t_id="188" sentence="8" number="30">of</token>
<token t_id="189" sentence="8" number="31">prison</token>
<token t_id="190" sentence="8" number="32">.</token>
<token t_id="191" sentence="9" number="0">Heart</token>
<token t_id="192" sentence="9" number="1">disease</token>
<token t_id="193" sentence="10" number="0">He</token>
<token t_id="194" sentence="10" number="1">died</token>
<token t_id="195" sentence="10" number="2">in</token>
<token t_id="196" sentence="10" number="3">a</token>
<token t_id="197" sentence="10" number="4">medical</token>
<token t_id="198" sentence="10" number="5">prison</token>
<token t_id="199" sentence="10" number="6">in</token>
<token t_id="200" sentence="10" number="7">Springfield</token>
<token t_id="201" sentence="10" number="8">,</token>
<token t_id="202" sentence="10" number="9">Missouri</token>
<token t_id="203" sentence="10" number="10">,</token>
<token t_id="204" sentence="10" number="11">on</token>
<token t_id="205" sentence="10" number="12">Monday</token>
<token t_id="206" sentence="10" number="13">morning</token>
<token t_id="207" sentence="10" number="14">,</token>
<token t_id="208" sentence="10" number="15">said</token>
<token t_id="209" sentence="10" number="16">a</token>
<token t_id="210" sentence="10" number="17">spokesman</token>
<token t_id="211" sentence="10" number="18">for</token>
<token t_id="212" sentence="10" number="19">the</token>
<token t_id="213" sentence="10" number="20">facility</token>
<token t_id="214" sentence="10" number="21">.</token>
<token t_id="215" sentence="11" number="0">The</token>
<token t_id="216" sentence="11" number="1">cause</token>
<token t_id="217" sentence="11" number="2">of</token>
<token t_id="218" sentence="11" number="3">his</token>
<token t_id="219" sentence="11" number="4">death</token>
<token t_id="220" sentence="11" number="5">was</token>
<token t_id="221" sentence="11" number="6">unknown</token>
<token t_id="222" sentence="11" number="7">,</token>
<token t_id="223" sentence="11" number="8">although</token>
<token t_id="224" sentence="11" number="9">he</token>
<token t_id="225" sentence="11" number="10">had</token>
<token t_id="226" sentence="11" number="11">had</token>
<token t_id="227" sentence="11" number="12">heart</token>
<token t_id="228" sentence="11" number="13">disease</token>
<token t_id="229" sentence="11" number="14">,</token>
<token t_id="230" sentence="11" number="15">the</token>
<token t_id="231" sentence="11" number="16">spokesman</token>
<token t_id="232" sentence="11" number="17">said</token>
<token t_id="233" sentence="11" number="18">.</token>
<token t_id="234" sentence="12" number="0">His</token>
<token t_id="235" sentence="12" number="1">death</token>
<token t_id="236" sentence="12" number="2">was</token>
<token t_id="237" sentence="12" number="3">confirmed</token>
<token t_id="238" sentence="12" number="4">by</token>
<token t_id="239" sentence="12" number="5">the</token>
<token t_id="240" sentence="12" number="6">FBI</token>
<token t_id="241" sentence="12" number="7">,</token>
<token t_id="242" sentence="12" number="8">whose</token>
<token t_id="243" sentence="12" number="9">agents</token>
<token t_id="244" sentence="12" number="10">worked</token>
<token t_id="245" sentence="12" number="11">for</token>
<token t_id="246" sentence="12" number="12">decades</token>
<token t_id="247" sentence="12" number="13">to</token>
<token t_id="248" sentence="12" number="14">bring</token>
<token t_id="249" sentence="12" number="15">him</token>
<token t_id="250" sentence="12" number="16">to</token>
<token t_id="251" sentence="12" number="17">justice</token>
<token t_id="252" sentence="12" number="18">.</token>
<token t_id="253" sentence="13" number="0">He</token>
<token t_id="254" sentence="13" number="1">was</token>
<token t_id="255" sentence="13" number="2">born</token>
<token t_id="256" sentence="13" number="3">in</token>
<token t_id="257" sentence="13" number="4">the</token>
<token t_id="258" sentence="13" number="5">Bronx</token>
<token t_id="259" sentence="13" number="6">in</token>
<token t_id="260" sentence="13" number="7">1928</token>
<token t_id="261" sentence="13" number="8">to</token>
<token t_id="262" sentence="13" number="9">Italian</token>
<token t_id="263" sentence="13" number="10">immigrants</token>
<token t_id="264" sentence="13" number="11">,</token>
<token t_id="265" sentence="13" number="12">and</token>
<token t_id="266" sentence="13" number="13">given</token>
<token t_id="267" sentence="13" number="14">the</token>
<token t_id="268" sentence="13" number="15">nickname</token>
<token t_id="269" sentence="13" number="16">"Chin"</token>
<token t_id="270" sentence="13" number="17">-</token>
<token t_id="271" sentence="13" number="18">short</token>
<token t_id="272" sentence="13" number="19">for</token>
<token t_id="273" sentence="13" number="20">Vincenzo</token>
<token t_id="274" sentence="13" number="21">.</token>
<token t_id="275" sentence="14" number="0">The</token>
<token t_id="276" sentence="14" number="1">ex</token>
<token t_id="277" sentence="14" number="2">-</token>
<token t_id="278" sentence="14" number="3">boxer</token>
<token t_id="279" sentence="14" number="4">became</token>
<token t_id="280" sentence="14" number="5">part</token>
<token t_id="281" sentence="14" number="6">of</token>
<token t_id="282" sentence="14" number="7">the</token>
<token t_id="283" sentence="14" number="8">powerful</token>
<token t_id="284" sentence="14" number="9">Genovese</token>
<token t_id="285" sentence="14" number="10">mafia</token>
<token t_id="286" sentence="14" number="11">family</token>
<token t_id="287" sentence="14" number="12">,</token>
<token t_id="288" sentence="14" number="13">eventually</token>
<token t_id="289" sentence="14" number="14">winning</token>
<token t_id="290" sentence="14" number="15">the</token>
<token t_id="291" sentence="14" number="16">patronage</token>
<token t_id="292" sentence="14" number="17">of</token>
<token t_id="293" sentence="14" number="18">ambitious</token>
<token t_id="294" sentence="14" number="19">mobster</token>
<token t_id="295" sentence="14" number="20">Vito</token>
<token t_id="296" sentence="14" number="21">Genovese</token>
<token t_id="297" sentence="14" number="22">.</token>
<token t_id="298" sentence="15" number="0">Gigante</token>
<token t_id="299" sentence="15" number="1">carried</token>
<token t_id="300" sentence="15" number="2">out</token>
<token t_id="301" sentence="15" number="3">an</token>
<token t_id="302" sentence="15" number="4">attempted</token>
<token t_id="303" sentence="15" number="5">hit</token>
<token t_id="304" sentence="15" number="6">on</token>
<token t_id="305" sentence="15" number="7">the</token>
<token t_id="306" sentence="15" number="8">boss</token>
<token t_id="307" sentence="15" number="9">of</token>
<token t_id="308" sentence="15" number="10">the</token>
<token t_id="309" sentence="15" number="11">family</token>
<token t_id="310" sentence="15" number="12">,</token>
<token t_id="311" sentence="15" number="13">Frank</token>
<token t_id="312" sentence="15" number="14">Costello</token>
<token t_id="313" sentence="15" number="15">,</token>
<token t_id="314" sentence="15" number="16">in</token>
<token t_id="315" sentence="15" number="17">1957</token>
<token t_id="316" sentence="15" number="18">.</token>
<token t_id="317" sentence="16" number="0">The</token>
<token t_id="318" sentence="16" number="1">frightened</token>
<token t_id="319" sentence="16" number="2">Costello</token>
<token t_id="320" sentence="16" number="3">refused</token>
<token t_id="321" sentence="16" number="4">to</token>
<token t_id="322" sentence="16" number="5">name</token>
<token t_id="323" sentence="16" number="6">his</token>
<token t_id="324" sentence="16" number="7">attacker</token>
<token t_id="325" sentence="16" number="8">in</token>
<token t_id="326" sentence="16" number="9">court</token>
<token t_id="327" sentence="16" number="10">,</token>
<token t_id="328" sentence="16" number="11">and</token>
<token t_id="329" sentence="16" number="12">left</token>
<token t_id="330" sentence="16" number="13">Genovese</token>
<token t_id="331" sentence="16" number="14">to</token>
<token t_id="332" sentence="16" number="15">take</token>
<token t_id="333" sentence="16" number="16">over</token>
<token t_id="334" sentence="16" number="17">the</token>
<token t_id="335" sentence="16" number="18">mob</token>
<token t_id="336" sentence="16" number="19">.</token>
<token t_id="337" sentence="17" number="0">Mumbling</token>
<token t_id="338" sentence="17" number="1">quietly</token>
<token t_id="339" sentence="18" number="0">When</token>
<token t_id="340" sentence="18" number="1">the</token>
<token t_id="341" sentence="18" number="2">FBI</token>
<token t_id="342" sentence="18" number="3">closed</token>
<token t_id="343" sentence="18" number="4">in</token>
<token t_id="344" sentence="18" number="5">on</token>
<token t_id="345" sentence="18" number="6">Gigante</token>
<token t_id="346" sentence="18" number="7">,</token>
<token t_id="347" sentence="18" number="8">he</token>
<token t_id="348" sentence="18" number="9">feigned</token>
<token t_id="349" sentence="18" number="10">mental</token>
<token t_id="350" sentence="18" number="11">illness</token>
<token t_id="351" sentence="18" number="12">to</token>
<token t_id="352" sentence="18" number="13">escape</token>
<token t_id="353" sentence="18" number="14">conviction</token>
<token t_id="354" sentence="18" number="15">for</token>
<token t_id="355" sentence="18" number="16">police</token>
<token t_id="356" sentence="18" number="17">-</token>
<token t_id="357" sentence="18" number="18">bribery</token>
<token t_id="358" sentence="18" number="19">in</token>
<token t_id="359" sentence="18" number="20">1970</token>
<token t_id="360" sentence="18" number="21">.</token>
<token t_id="361" sentence="19" number="0">From</token>
<token t_id="362" sentence="19" number="1">then</token>
<token t_id="363" sentence="19" number="2">on</token>
<token t_id="364" sentence="19" number="3">,</token>
<token t_id="365" sentence="19" number="4">his</token>
<token t_id="366" sentence="19" number="5">act</token>
<token t_id="367" sentence="19" number="6">became</token>
<token t_id="368" sentence="19" number="7">more</token>
<token t_id="369" sentence="19" number="8">elaborate</token>
<token t_id="370" sentence="19" number="9">.</token>
<token t_id="371" sentence="20" number="0">Federal</token>
<token t_id="372" sentence="20" number="1">agents</token>
<token t_id="373" sentence="20" number="2">once</token>
<token t_id="374" sentence="20" number="3">found</token>
<token t_id="375" sentence="20" number="4">him</token>
<token t_id="376" sentence="20" number="5">standing</token>
<token t_id="377" sentence="20" number="6">naked</token>
<token t_id="378" sentence="20" number="7">in</token>
<token t_id="379" sentence="20" number="8">a</token>
<token t_id="380" sentence="20" number="9">shower</token>
<token t_id="381" sentence="20" number="10">,</token>
<token t_id="382" sentence="20" number="11">holding</token>
<token t_id="383" sentence="20" number="12">an</token>
<token t_id="384" sentence="20" number="13">umbrella</token>
<token t_id="385" sentence="20" number="14">.</token>
<token t_id="386" sentence="21" number="0">Relatives</token>
<token t_id="387" sentence="21" number="1">-</token>
<token t_id="388" sentence="21" number="2">even</token>
<token t_id="389" sentence="21" number="3">including</token>
<token t_id="390" sentence="21" number="4">his</token>
<token t_id="391" sentence="21" number="5">brother</token>
<token t_id="392" sentence="21" number="6">,</token>
<token t_id="393" sentence="21" number="7">a</token>
<token t_id="394" sentence="21" number="8">Roman</token>
<token t_id="395" sentence="21" number="9">Catholic</token>
<token t_id="396" sentence="21" number="10">priest</token>
<token t_id="397" sentence="21" number="11">-</token>
<token t_id="398" sentence="21" number="12">insisted</token>
<token t_id="399" sentence="21" number="13">he</token>
<token t_id="400" sentence="21" number="14">suffered</token>
<token t_id="401" sentence="21" number="15">from</token>
<token t_id="402" sentence="21" number="16">paranoid</token>
<token t_id="403" sentence="21" number="17">schizophrenia</token>
<token t_id="404" sentence="21" number="18">,</token>
<token t_id="405" sentence="21" number="19">dementia</token>
<token t_id="406" sentence="21" number="20">and</token>
<token t_id="407" sentence="21" number="21">Alzheimer's</token>
<token t_id="408" sentence="21" number="22">disease</token>
<token t_id="409" sentence="21" number="23">.</token>
<token t_id="410" sentence="22" number="0">At</token>
<token t_id="411" sentence="22" number="1">his</token>
<token t_id="412" sentence="22" number="2">trial</token>
<token t_id="413" sentence="22" number="3">in</token>
<token t_id="414" sentence="22" number="4">1997</token>
<token t_id="415" sentence="22" number="5">,</token>
<token t_id="416" sentence="22" number="6">for</token>
<token t_id="417" sentence="22" number="7">conspiracy</token>
<token t_id="418" sentence="22" number="8">to</token>
<token t_id="419" sentence="22" number="9">murder</token>
<token t_id="420" sentence="22" number="10">other</token>
<token t_id="421" sentence="22" number="11">organised</token>
<token t_id="422" sentence="22" number="12">crime</token>
<token t_id="423" sentence="22" number="13">figures</token>
<token t_id="424" sentence="22" number="14">,</token>
<token t_id="425" sentence="22" number="15">racketeering</token>
<token t_id="426" sentence="22" number="16">,</token>
<token t_id="427" sentence="22" number="17">and</token>
<token t_id="428" sentence="22" number="18">extortion</token>
<token t_id="429" sentence="22" number="19">,</token>
<token t_id="430" sentence="22" number="20">he</token>
<token t_id="431" sentence="22" number="21">sat</token>
<token t_id="432" sentence="22" number="22">in</token>
<token t_id="433" sentence="22" number="23">a</token>
<token t_id="434" sentence="22" number="24">wheelchair</token>
<token t_id="435" sentence="22" number="25">,</token>
<token t_id="436" sentence="22" number="26">mumbling</token>
<token t_id="437" sentence="22" number="27">quietly</token>
<token t_id="438" sentence="22" number="28">,</token>
<token t_id="439" sentence="22" number="29">apparently</token>
<token t_id="440" sentence="22" number="30">unaware</token>
<token t_id="441" sentence="22" number="31">of</token>
<token t_id="442" sentence="22" number="32">what</token>
<token t_id="443" sentence="22" number="33">was</token>
<token t_id="444" sentence="22" number="34">going</token>
<token t_id="445" sentence="22" number="35">on</token>
<token t_id="446" sentence="22" number="36">.</token>
<token t_id="447" sentence="23" number="0">It</token>
<token t_id="448" sentence="23" number="1">took</token>
<token t_id="449" sentence="23" number="2">the</token>
<token t_id="450" sentence="23" number="3">testimony</token>
<token t_id="451" sentence="23" number="4">of</token>
<token t_id="452" sentence="23" number="5">six</token>
<token t_id="453" sentence="23" number="6">turncoat</token>
<token t_id="454" sentence="23" number="7">mobsters</token>
<token t_id="455" sentence="23" number="8">,</token>
<token t_id="456" sentence="23" number="9">and</token>
<token t_id="457" sentence="23" number="10">FBI</token>
<token t_id="458" sentence="23" number="11">tape</token>
<token t_id="459" sentence="23" number="12">recordings</token>
<token t_id="460" sentence="23" number="13">in</token>
<token t_id="461" sentence="23" number="14">which</token>
<token t_id="462" sentence="23" number="15">the</token>
<token t_id="463" sentence="23" number="16">so</token>
<token t_id="464" sentence="23" number="17">-</token>
<token t_id="465" sentence="23" number="18">called</token>
<token t_id="466" sentence="23" number="19">Oddfather</token>
<token t_id="467" sentence="23" number="20">was</token>
<token t_id="468" sentence="23" number="21">heard</token>
<token t_id="469" sentence="23" number="22">conversing</token>
<token t_id="470" sentence="23" number="23">in</token>
<token t_id="471" sentence="23" number="24">a</token>
<token t_id="472" sentence="23" number="25">perfectly</token>
<token t_id="473" sentence="23" number="26">normal</token>
<token t_id="474" sentence="23" number="27">way</token>
<token t_id="475" sentence="23" number="28">,</token>
<token t_id="476" sentence="23" number="29">to</token>
<token t_id="477" sentence="23" number="30">convince</token>
<token t_id="478" sentence="23" number="31">the</token>
<token t_id="479" sentence="23" number="32">jury</token>
<token t_id="480" sentence="23" number="33">of</token>
<token t_id="481" sentence="23" number="34">his</token>
<token t_id="482" sentence="23" number="35">guilt</token>
<token t_id="483" sentence="23" number="36">.</token>
<token t_id="484" sentence="24" number="0">He</token>
<token t_id="485" sentence="24" number="1">was</token>
<token t_id="486" sentence="24" number="2">jailed</token>
<token t_id="487" sentence="24" number="3">for</token>
<token t_id="488" sentence="24" number="4">12</token>
<token t_id="489" sentence="24" number="5">years</token>
<token t_id="490" sentence="24" number="6">,</token>
<token t_id="491" sentence="24" number="7">but</token>
<token t_id="492" sentence="24" number="8">it</token>
<token t_id="493" sentence="24" number="9">took</token>
<token t_id="494" sentence="24" number="10">until</token>
<token t_id="495" sentence="24" number="11">2003</token>
<token t_id="496" sentence="24" number="12">for</token>
<token t_id="497" sentence="24" number="13">the</token>
<token t_id="498" sentence="24" number="14">Chin</token>
<token t_id="499" sentence="24" number="15">to</token>
<token t_id="500" sentence="24" number="16">admit</token>
<token t_id="501" sentence="24" number="17">his</token>
<token t_id="502" sentence="24" number="18">sham</token>
<token t_id="503" sentence="24" number="19">.</token>
<Markables>
<ACTION_CAUSATIVE m_id="26"  >
  <token_anchor t_id="216"/>
</ACTION_CAUSATIVE>
<ACTION_OCCURRENCE m_id="10"  >
  <token_anchor t_id="37"/>
</ACTION_OCCURRENCE>
<ACTION_OCCURRENCE m_id="11"  >
  <token_anchor t_id="55"/>
</ACTION_OCCURRENCE>
<ACTION_OCCURRENCE m_id="12"  >
  <token_anchor t_id="59"/>
</ACTION_OCCURRENCE>
<ACTION_OCCURRENCE m_id="13"  >
  <token_anchor t_id="60"/>
</ACTION_OCCURRENCE>
<ACTION_OCCURRENCE m_id="14"  >
  <token_anchor t_id="64"/>
</ACTION_OCCURRENCE>
<ACTION_OCCURRENCE m_id="15"  >
  <token_anchor t_id="194"/>
</ACTION_OCCURRENCE>
<ACTION_OCCURRENCE m_id="16"  >
  <token_anchor t_id="219"/>
</ACTION_OCCURRENCE>
<ACTION_OCCURRENCE m_id="17"  >
  <token_anchor t_id="235"/>
</ACTION_OCCURRENCE>
<ACTION_OCCURRENCE m_id="18"  >
  <token_anchor t_id="237"/>
</ACTION_OCCURRENCE>
<ACTION_OCCURRENCE m_id="19"  >
  <token_anchor t_id="244"/>
</ACTION_OCCURRENCE>
<ACTION_OCCURRENCE m_id="20"  >
  <token_anchor t_id="248"/>
</ACTION_OCCURRENCE>
<ACTION_REPORTING m_id="33"  >
  <token_anchor t_id="208"/>
</ACTION_REPORTING>
<ACTION_REPORTING m_id="34"  >
  <token_anchor t_id="232"/>
</ACTION_REPORTING>
<ACTION_STATE m_id="28"  >
  <token_anchor t_id="227"/>
  <token_anchor t_id="228"/>
</ACTION_STATE>
<ACTION_STATE m_id="30"  >
  <token_anchor t_id="42"/>
</ACTION_STATE>
<ACTION_STATE m_id="37"  >
  <token_anchor t_id="251"/>
</ACTION_STATE>
<HUMAN_PART_ORG m_id="35"  >
  <token_anchor t_id="240"/>
</HUMAN_PART_ORG>
<HUMAN_PART_PER m_id="9"  >
  <token_anchor t_id="243"/>
</HUMAN_PART_PER>
<HUMAN_PART_PER m_id="21"  >
  <token_anchor t_id="249"/>
</HUMAN_PART_PER>
<HUMAN_PART_PER m_id="22"  >
  <token_anchor t_id="58"/>
</HUMAN_PART_PER>
<HUMAN_PART_PER m_id="2"  >
  <token_anchor t_id="36"/>
</HUMAN_PART_PER>
<HUMAN_PART_PER m_id="3"  >
  <token_anchor t_id="43"/>
  <token_anchor t_id="44"/>
</HUMAN_PART_PER>
<HUMAN_PART_PER m_id="4"  >
  <token_anchor t_id="49"/>
  <token_anchor t_id="50"/>
  <token_anchor t_id="51"/>
  <token_anchor t_id="52"/>
</HUMAN_PART_PER>
<HUMAN_PART_PER m_id="5"  >
  <token_anchor t_id="193"/>
</HUMAN_PART_PER>
<HUMAN_PART_PER m_id="6"  >
  <token_anchor t_id="210"/>
</HUMAN_PART_PER>
<HUMAN_PART_PER m_id="7"  >
  <token_anchor t_id="224"/>
</HUMAN_PART_PER>
<HUMAN_PART_PER m_id="8"  >
  <token_anchor t_id="231"/>
</HUMAN_PART_PER>
<LOC_FAC m_id="24"  >
  <token_anchor t_id="197"/>
  <token_anchor t_id="198"/>
  <token_anchor t_id="199"/>
  <token_anchor t_id="200"/>
  <token_anchor t_id="201"/>
  <token_anchor t_id="202"/>
</LOC_FAC>
<LOC_FAC m_id="25"  >
  <token_anchor t_id="213"/>
</LOC_FAC>
<LOC_FAC m_id="29"  >
  <token_anchor t_id="66"/>
</LOC_FAC>
<LOC_GEO m_id="31"  >
  <token_anchor t_id="47"/>
</LOC_GEO>
<NEG_ACTION_STATE m_id="27"  >
  <token_anchor t_id="221"/>
</NEG_ACTION_STATE>
<TIME_DURATION m_id="36"  >
  <token_anchor t_id="246"/>
</TIME_DURATION>
<TIME_OF_THE_DAY m_id="1"  >
  <token_anchor t_id="23"/>
  <token_anchor t_id="24"/>
  <token_anchor t_id="25"/>
  <token_anchor t_id="26"/>
  <token_anchor t_id="27"/>
  <token_anchor t_id="28"/>
  <token_anchor t_id="29"/>
  <token_anchor t_id="30"/>
  <token_anchor t_id="31"/>
  <token_anchor t_id="32"/>
</TIME_OF_THE_DAY>


<TIME_DATE m_id="41" note="byCROMER" >
  <token_anchor t_id="204"/>
  <token_anchor t_id="205"/>
  <token_anchor t_id="206"/>
</TIME_DATE>
<NEG_ACTION_OCCURRENCE m_id="42" note="byCROMER" >
  <token_anchor t_id="61"/>
</NEG_ACTION_OCCURRENCE>


<LOC_FAC m_id="53" RELATED_TO="" TAG_DESCRIPTOR="t26_prison" instance_id="LOC18440750306982431" />
<TIME_DURATION m_id="52" RELATED_TO="" TAG_DESCRIPTOR="t26_decades" instance_id="TIM18440826675897964" />
<ACTION_OCCURRENCE m_id="51" RELATED_TO="" TAG_DESCRIPTOR="t26_died" instance_id="ACT18440577880137709" />
<NEG_ACTION_OCCURRENCE m_id="49" RELATED_TO="" TAG_DESCRIPTOR="t26_going_to_jail" instance_id="NEG28451243429836369" />
<ACTION_OCCURRENCE m_id="50" RELATED_TO="" TAG_DESCRIPTOR="t26_avoided_jail" instance_id="ACT18440590596898814" />
<ACTION_REPORTING m_id="48" RELATED_TO="" TAG_DESCRIPTOR="t26_said_quintero" instance_id="ACT28450088385472026" />
<ACTION_STATE m_id="47" RELATED_TO="" TAG_DESCRIPTOR="t26_heart_disease" instance_id="ACT18440655322799332" />
<HUMAN_PART_PER m_id="46" RELATED_TO="" TAG_DESCRIPTOR="t26_gigante" instance_id="HUM18440698565277092" />
<HUMAN_PART_ORG m_id="45" RELATED_TO="" TAG_DESCRIPTOR="t26_fbi" instance_id="HUM18440684059503251" />
<ACTION_OCCURRENCE m_id="44" RELATED_TO="" TAG_DESCRIPTOR="t26_confirmed" instance_id="ACT18440738014790639" />
<TIME_DATE m_id="43" RELATED_TO="" TAG_DESCRIPTOR="t26_monday" instance_id="TIM18440801253239963" />
<HUMAN_PART_PER m_id="40" RELATED_TO="" TAG_DESCRIPTOR="spokesman" />
</Markables>

<Relations>
<INTRA_DOC_COREF r_id="40753" >
<source m_id="6" />
<source m_id="8" />
<target m_id="40" />
</INTRA_DOC_COREF>
<CROSS_DOC_COREF r_id="40754" note="TIM18440801253239963" >
  <source m_id="41" />
  <target m_id="43" />
</CROSS_DOC_COREF>
<CROSS_DOC_COREF r_id="40755" note="ACT18440738014790639" >
  <source m_id="18" />
  <target m_id="44" />
</CROSS_DOC_COREF>
<CROSS_DOC_COREF r_id="40756" note="HUM18440684059503251" >
  <source m_id="35" />
  <target m_id="45" />
</CROSS_DOC_COREF>
<CROSS_DOC_COREF r_id="40757" note="HUM18440698565277092" >
  <source m_id="22" />
  <source m_id="7" />
  <source m_id="4" />
  <source m_id="2" />
  <source m_id="5" />
  <source m_id="3" />
  <source m_id="21" />
  <target m_id="46" />
</CROSS_DOC_COREF>
<CROSS_DOC_COREF r_id="40758" note="ACT18440655322799332" >
  <source m_id="28" />
  <target m_id="47" />
</CROSS_DOC_COREF>
<CROSS_DOC_COREF r_id="40759" note="ACT28450088385472026" >
  <source m_id="33" />
  <target m_id="48" />
</CROSS_DOC_COREF>
<CROSS_DOC_COREF r_id="40760" note="NEG28451243429836369" >
  <source m_id="42" />
  <target m_id="49" />
</CROSS_DOC_COREF>
<CROSS_DOC_COREF r_id="40761" note="ACT18440590596898814" >
  <source m_id="13" />
  <target m_id="50" />
</CROSS_DOC_COREF>
<CROSS_DOC_COREF r_id="40762" note="ACT18440577880137709" >
  <source m_id="16" />
  <source m_id="15" />
  <source m_id="10" />
  <source m_id="14" />
  <source m_id="17" />
  <target m_id="51" />
</CROSS_DOC_COREF>
<CROSS_DOC_COREF r_id="40763" note="TIM18440826675897964" >
  <source m_id="36" />
  <target m_id="52" />
</CROSS_DOC_COREF>
<CROSS_DOC_COREF r_id="40764" note="LOC18440750306982431" >
  <source m_id="29" />
  <source m_id="25" />
  <source m_id="24" />
  <target m_id="53" />
</CROSS_DOC_COREF>

</Relations>
</Document>
