<Document doc_name="26_6ecb.xml" doc_id="DOC15654840888103955">
<token t_id="1" sentence="0" number="0">A</token>
<token t_id="2" sentence="0" number="1">suspected</token>
<token t_id="3" sentence="0" number="2">Mafia</token>
<token t_id="4" sentence="0" number="3">boss</token>
<token t_id="5" sentence="0" number="4">arrested</token>
<token t_id="6" sentence="0" number="5">Tuesday</token>
<token t_id="7" sentence="0" number="6">in</token>
<token t_id="8" sentence="0" number="7">a</token>
<token t_id="9" sentence="0" number="8">high-profile</token>
<token t_id="10" sentence="0" number="9">police</token>
<token t_id="11" sentence="0" number="10">swoop</token>
<token t_id="12" sentence="0" number="11">has</token>
<token t_id="13" sentence="0" number="12">hanged</token>
<token t_id="14" sentence="0" number="13">himself</token>
<token t_id="15" sentence="0" number="14">in</token>
<token t_id="16" sentence="0" number="15">his</token>
<token t_id="17" sentence="0" number="16">prison</token>
<token t_id="18" sentence="0" number="17">cell</token>
<token t_id="19" sentence="0" number="18">,</token>
<token t_id="20" sentence="0" number="19">police</token>
<token t_id="21" sentence="0" number="20">sources</token>
<token t_id="22" sentence="0" number="21">said</token>
<token t_id="23" sentence="0" number="22">Wednesday</token>
<token t_id="24" sentence="0" number="23">.</token>
<token t_id="25" sentence="1" number="0">Gaetano</token>
<token t_id="26" sentence="1" number="1">Lo</token>
<token t_id="27" sentence="1" number="2">Presti</token>
<token t_id="28" sentence="1" number="3">,</token>
<token t_id="29" sentence="1" number="4">who</token>
<token t_id="30" sentence="1" number="5">was</token>
<token t_id="31" sentence="1" number="6">already</token>
<token t_id="32" sentence="1" number="7">convicted</token>
<token t_id="33" sentence="1" number="8">of</token>
<token t_id="34" sentence="1" number="9">mob-related</token>
<token t_id="35" sentence="1" number="10">crimes</token>
<token t_id="36" sentence="1" number="11">prior</token>
<token t_id="37" sentence="1" number="12">to</token>
<token t_id="38" sentence="1" number="13">his</token>
<token t_id="39" sentence="1" number="14">latest</token>
<token t_id="40" sentence="1" number="15">arrest</token>
<token t_id="41" sentence="1" number="16">,</token>
<token t_id="42" sentence="1" number="17">was</token>
<token t_id="43" sentence="1" number="18">found</token>
<token t_id="44" sentence="1" number="19">dead</token>
<token t_id="45" sentence="1" number="20">late</token>
<token t_id="46" sentence="1" number="21">last</token>
<token t_id="47" sentence="1" number="22">night</token>
<token t_id="48" sentence="1" number="23">in</token>
<token t_id="49" sentence="1" number="24">Pagliarelli</token>
<token t_id="50" sentence="1" number="25">prison</token>
<token t_id="51" sentence="1" number="26">in</token>
<token t_id="52" sentence="1" number="27">the</token>
<token t_id="53" sentence="1" number="28">Sicilian</token>
<token t_id="54" sentence="1" number="29">capital</token>
<token t_id="55" sentence="1" number="30">of</token>
<token t_id="56" sentence="1" number="31">Palermo</token>
<token t_id="57" sentence="1" number="32">.</token>
<Markables>
<ACTION_OCCURRENCE m_id="34"  >
  <token_anchor t_id="40"/>
</ACTION_OCCURRENCE>
<ACTION_OCCURRENCE m_id="21"  >
  <token_anchor t_id="5"/>
</ACTION_OCCURRENCE>
<ACTION_OCCURRENCE m_id="22"  >
  <token_anchor t_id="11"/>
</ACTION_OCCURRENCE>
<ACTION_OCCURRENCE m_id="23"  >
  <token_anchor t_id="13"/>
</ACTION_OCCURRENCE>
<ACTION_OCCURRENCE m_id="24"  >
  <token_anchor t_id="32"/>
</ACTION_OCCURRENCE>
<ACTION_OCCURRENCE m_id="25"  >
  <token_anchor t_id="43"/>
</ACTION_OCCURRENCE>
<ACTION_REPORTING m_id="32"  >
  <token_anchor t_id="22"/>
</ACTION_REPORTING>
<HUMAN_PART_PER m_id="31"  >
  <token_anchor t_id="21"/>
</HUMAN_PART_PER>
<HUMAN_PART_PER m_id="18"  >
  <token_anchor t_id="3"/>
  <token_anchor t_id="4"/>
</HUMAN_PART_PER>
<HUMAN_PART_PER m_id="19"  >
  <token_anchor t_id="14"/>
</HUMAN_PART_PER>
<HUMAN_PART_PER m_id="20"  >
  <token_anchor t_id="25"/>
  <token_anchor t_id="26"/>
  <token_anchor t_id="27"/>
</HUMAN_PART_PER>
<LOC_FAC m_id="28"  >
  <token_anchor t_id="15"/>
  <token_anchor t_id="16"/>
  <token_anchor t_id="17"/>
  <token_anchor t_id="18"/>
</LOC_FAC>
<LOC_FAC m_id="29"  >
  <token_anchor t_id="48"/>
  <token_anchor t_id="49"/>
  <token_anchor t_id="50"/>
  <token_anchor t_id="51"/>
  <token_anchor t_id="52"/>
  <token_anchor t_id="53"/>
  <token_anchor t_id="54"/>
  <token_anchor t_id="55"/>
  <token_anchor t_id="56"/>
</LOC_FAC>
<TIME_DATE m_id="26"  >
  <token_anchor t_id="6"/>
</TIME_DATE>
<TIME_DATE m_id="27"  >
  <token_anchor t_id="23"/>
</TIME_DATE>
<TIME_OF_THE_DAY m_id="30"  >
  <token_anchor t_id="45"/>
  <token_anchor t_id="46"/>
  <token_anchor t_id="47"/>
</TIME_OF_THE_DAY>




<ACTION_OCCURRENCE m_id="39" RELATED_TO="" TAG_DESCRIPTOR="t26b_arrest" instance_id="ACT18441937963352466" />
<HUMAN_PART_PER m_id="38" RELATED_TO="" TAG_DESCRIPTOR="t26b_presti" instance_id="HUM18441890442259339" />
<LOC_FAC m_id="37" RELATED_TO="" TAG_DESCRIPTOR="t26b_prison" instance_id="LOC18441904201489761" />
<ACTION_REPORTING m_id="36" RELATED_TO="" TAG_DESCRIPTOR="26b_police_statement" instance_id="ACT27338400145348157" />
<TIME_DATE m_id="35" RELATED_TO="" TAG_DESCRIPTOR="t26b_wednesday" instance_id="TIM18442419387533474" />
<ACTION_OCCURRENCE m_id="45" RELATED_TO="" TAG_DESCRIPTOR="t26b_found" instance_id="ACT18441980729373787" />
<ACTION_OCCURRENCE m_id="44" RELATED_TO="" TAG_DESCRIPTOR="t26b_police_raid" instance_id="ACT27337443408187958" />
<ACTION_OCCURRENCE m_id="43" RELATED_TO="" TAG_DESCRIPTOR="t26b_hanged" instance_id="ACT18441863532401006" />
<TIME_DATE m_id="42" RELATED_TO="" TAG_DESCRIPTOR="t26b_yesterday" instance_id="TIM18441916830092148" />
<ACTION_OCCURRENCE m_id="41" RELATED_TO="" TAG_DESCRIPTOR="t26b_convicted" instance_id="ACT18441992166643867" />
<TIME_OF_THE_DAY m_id="40" RELATED_TO="" TAG_DESCRIPTOR="t26b_late_tuesday" instance_id="TIM18442492397502925" />
</Markables>

<Relations>
<CROSS_DOC_COREF r_id="32666" note="TIM18442419387533474" >
  <source m_id="27" />
  <target m_id="35" />
</CROSS_DOC_COREF>
<CROSS_DOC_COREF r_id="32667" note="ACT27338400145348157" >
  <source m_id="32" />
  <target m_id="36" />
</CROSS_DOC_COREF>
<CROSS_DOC_COREF r_id="32668" note="LOC18441904201489761" >
  <source m_id="28" />
  <source m_id="29" />
  <target m_id="37" />
</CROSS_DOC_COREF>
<CROSS_DOC_COREF r_id="32669" note="HUM18441890442259339" >
  <source m_id="19" />
  <source m_id="20" />
  <source m_id="18" />
  <target m_id="38" />
</CROSS_DOC_COREF>
<CROSS_DOC_COREF r_id="32670" note="ACT18441937963352466" >
  <source m_id="21" />
  <source m_id="34" />
  <target m_id="39" />
</CROSS_DOC_COREF>
<CROSS_DOC_COREF r_id="32671" note="TIM18442492397502925" >
  <source m_id="30" />
  <target m_id="40" />
</CROSS_DOC_COREF>
<CROSS_DOC_COREF r_id="32672" note="ACT18441992166643867" >
  <source m_id="24" />
  <target m_id="41" />
</CROSS_DOC_COREF>
<CROSS_DOC_COREF r_id="32673" note="TIM18441916830092148" >
  <source m_id="26" />
  <target m_id="42" />
</CROSS_DOC_COREF>
<CROSS_DOC_COREF r_id="32674" note="ACT18441863532401006" >
  <source m_id="23" />
  <target m_id="43" />
</CROSS_DOC_COREF>
<CROSS_DOC_COREF r_id="32675" note="ACT27337443408187958" >
  <source m_id="22" />
  <target m_id="44" />
</CROSS_DOC_COREF>
<CROSS_DOC_COREF r_id="32676" note="ACT18441980729373787" >
  <source m_id="25" />
  <target m_id="45" />
</CROSS_DOC_COREF>

</Relations>
</Document>
