<Document doc_name="26_8ecbplus.xml" doc_id="DOC15646399644856793">
<token t_id="1" sentence="0" number="0">http</token>
<token t_id="2" sentence="0" number="1">:</token>
<token t_id="3" sentence="0" number="2">/</token>
<token t_id="4" sentence="0" number="3">/</token>
<token t_id="5" sentence="0" number="4">www</token>
<token t_id="6" sentence="0" number="5">.</token>
<token t_id="7" sentence="0" number="6">democraticunderground</token>
<token t_id="8" sentence="0" number="7">.</token>
<token t_id="9" sentence="0" number="8">com</token>
<token t_id="10" sentence="0" number="9">/</token>
<token t_id="11" sentence="0" number="10">discuss</token>
<token t_id="12" sentence="0" number="11">/</token>
<token t_id="13" sentence="0" number="12">duboard</token>
<token t_id="14" sentence="0" number="13">.</token>
<token t_id="15" sentence="0" number="14">php</token>
<token t_id="16" sentence="0" number="15">?</token>
<token t_id="17" sentence="0" number="16">az=view</token>
<token t_id="18" sentence="0" number="17">_</token>
<token t_id="19" sentence="0" number="18">all&amp;address=102x1996500</token>
<token t_id="20" sentence="1" number="0">Vincent</token>
<token t_id="21" sentence="1" number="1">'The</token>
<token t_id="22" sentence="1" number="2">Chin'</token>
<token t_id="23" sentence="1" number="3">Gigante</token>
<token t_id="24" sentence="1" number="4">Dies</token>
<token t_id="25" sentence="1" number="5">in</token>
<token t_id="26" sentence="1" number="6">Prison</token>
<token t_id="27" sentence="2" number="0">Edited</token>
<token t_id="28" sentence="2" number="1">on</token>
<token t_id="29" sentence="2" number="2">Mon</token>
<token t_id="30" sentence="2" number="3">Dec</token>
<token t_id="31" sentence="2" number="4">-</token>
<token t_id="32" sentence="2" number="5">19</token>
<token t_id="33" sentence="2" number="6">-</token>
<token t_id="34" sentence="2" number="7">05</token>
<token t_id="35" sentence="2" number="8">03</token>
<token t_id="36" sentence="2" number="9">:</token>
<token t_id="37" sentence="2" number="10">49</token>
<token t_id="38" sentence="2" number="11">PM</token>
<token t_id="39" sentence="3" number="0">Mob</token>
<token t_id="40" sentence="3" number="1">boss</token>
<token t_id="41" sentence="3" number="2">Vincent</token>
<token t_id="42" sentence="3" number="3">"The</token>
<token t_id="43" sentence="3" number="4">Chin"</token>
<token t_id="44" sentence="3" number="5">Gigante</token>
<token t_id="45" sentence="3" number="6">,</token>
<token t_id="46" sentence="3" number="7">the</token>
<token t_id="47" sentence="3" number="8">powerful</token>
<token t_id="48" sentence="3" number="9">Mafioso</token>
<token t_id="49" sentence="3" number="10">who</token>
<token t_id="50" sentence="3" number="11">avoided</token>
<token t_id="51" sentence="3" number="12">jail</token>
<token t_id="52" sentence="3" number="13">for</token>
<token t_id="53" sentence="3" number="14">decades</token>
<token t_id="54" sentence="3" number="15">by</token>
<token t_id="55" sentence="3" number="16">wandering</token>
<token t_id="56" sentence="3" number="17">the</token>
<token t_id="57" sentence="3" number="18">streets</token>
<token t_id="58" sentence="3" number="19">in</token>
<token t_id="59" sentence="3" number="20">a</token>
<token t_id="60" sentence="3" number="21">ratty</token>
<token t_id="61" sentence="3" number="22">bathrobe</token>
<token t_id="62" sentence="3" number="23">and</token>
<token t_id="63" sentence="3" number="24">slippers</token>
<token t_id="64" sentence="3" number="25">,</token>
<token t_id="65" sentence="3" number="26">feigning</token>
<token t_id="66" sentence="3" number="27">mental</token>
<token t_id="67" sentence="3" number="28">illness</token>
<token t_id="68" sentence="3" number="29">,</token>
<token t_id="69" sentence="3" number="30">died</token>
<token t_id="70" sentence="3" number="31">Monday</token>
<token t_id="71" sentence="3" number="32">in</token>
<token t_id="72" sentence="3" number="33">prison</token>
<token t_id="73" sentence="3" number="34">.</token>
<token t_id="74" sentence="4" number="0">He</token>
<token t_id="75" sentence="4" number="1">was</token>
<token t_id="76" sentence="4" number="2">77</token>
<token t_id="77" sentence="4" number="3">.</token>
<token t_id="78" sentence="5" number="0">The</token>
<token t_id="79" sentence="5" number="1">head</token>
<token t_id="80" sentence="5" number="2">of</token>
<token t_id="81" sentence="5" number="3">the</token>
<token t_id="82" sentence="5" number="4">Genovese</token>
<token t_id="83" sentence="5" number="5">crime</token>
<token t_id="84" sentence="5" number="6">family</token>
<token t_id="85" sentence="5" number="7">,</token>
<token t_id="86" sentence="5" number="8">who</token>
<token t_id="87" sentence="5" number="9">had</token>
<token t_id="88" sentence="5" number="10">suffered</token>
<token t_id="89" sentence="5" number="11">from</token>
<token t_id="90" sentence="5" number="12">heart</token>
<token t_id="91" sentence="5" number="13">disease</token>
<token t_id="92" sentence="5" number="14">,</token>
<token t_id="93" sentence="5" number="15">died</token>
<token t_id="94" sentence="5" number="16">at</token>
<token t_id="95" sentence="5" number="17">the</token>
<token t_id="96" sentence="5" number="18">federal</token>
<token t_id="97" sentence="5" number="19">prison</token>
<token t_id="98" sentence="5" number="20">in</token>
<token t_id="99" sentence="5" number="21">Springfield</token>
<token t_id="100" sentence="5" number="22">,</token>
<token t_id="101" sentence="5" number="23">Mo</token>
<token t_id="102" sentence="5" number="24">.</token>
<token t_id="103" sentence="5" number="25">,</token>
<token t_id="104" sentence="5" number="26">said</token>
<token t_id="105" sentence="5" number="27">prison</token>
<token t_id="106" sentence="5" number="28">spokesman</token>
<token t_id="107" sentence="5" number="29">Al</token>
<token t_id="108" sentence="5" number="30">Quintero</token>
<token t_id="109" sentence="5" number="31">.</token>
<token t_id="110" sentence="6" number="0">It</token>
<token t_id="111" sentence="6" number="1">was</token>
<token t_id="112" sentence="6" number="2">the</token>
<token t_id="113" sentence="6" number="3">same</token>
<token t_id="114" sentence="6" number="4">place</token>
<token t_id="115" sentence="6" number="5">where</token>
<token t_id="116" sentence="6" number="6">rival</token>
<token t_id="117" sentence="6" number="7">mob</token>
<token t_id="118" sentence="6" number="8">boss</token>
<token t_id="119" sentence="6" number="9">John</token>
<token t_id="120" sentence="6" number="10">Gotti</token>
<token t_id="121" sentence="6" number="11">died</token>
<token t_id="122" sentence="6" number="12">of</token>
<token t_id="123" sentence="6" number="13">cancer</token>
<token t_id="124" sentence="6" number="14">in</token>
<token t_id="125" sentence="6" number="15">2002</token>
<token t_id="126" sentence="6" number="16">at</token>
<token t_id="127" sentence="6" number="17">age</token>
<token t_id="128" sentence="6" number="18">61</token>
<token t_id="129" sentence="6" number="19">.</token>
<token t_id="130" sentence="7" number="0">Gigante's</token>
<token t_id="131" sentence="7" number="1">death</token>
<token t_id="132" sentence="7" number="2">also</token>
<token t_id="133" sentence="7" number="3">was</token>
<token t_id="134" sentence="7" number="4">confirmed</token>
<token t_id="135" sentence="7" number="5">by</token>
<token t_id="136" sentence="7" number="6">Christine</token>
<token t_id="137" sentence="7" number="7">Monaco</token>
<token t_id="138" sentence="7" number="8">,</token>
<token t_id="139" sentence="7" number="9">a</token>
<token t_id="140" sentence="7" number="10">spokeswoman</token>
<token t_id="141" sentence="7" number="11">for</token>
<token t_id="142" sentence="7" number="12">the</token>
<token t_id="143" sentence="7" number="13">FBI</token>
<token t_id="144" sentence="7" number="14">,</token>
<token t_id="145" sentence="7" number="15">the</token>
<token t_id="146" sentence="7" number="16">organization</token>
<token t_id="147" sentence="7" number="17">that</token>
<token t_id="148" sentence="7" number="18">worked</token>
<token t_id="149" sentence="7" number="19">for</token>
<token t_id="150" sentence="7" number="20">years</token>
<token t_id="151" sentence="7" number="21">to</token>
<token t_id="152" sentence="7" number="22">put</token>
<token t_id="153" sentence="7" number="23">him</token>
<token t_id="154" sentence="7" number="24">behind</token>
<token t_id="155" sentence="7" number="25">bars</token>
<token t_id="156" sentence="7" number="26">.</token>
<token t_id="157" sentence="8" number="0">Dubbed</token>
<token t_id="158" sentence="8" number="1">the</token>
<token t_id="159" sentence="8" number="2">"Oddfather"</token>
<token t_id="160" sentence="8" number="3">for</token>
<token t_id="161" sentence="8" number="4">his</token>
<token t_id="162" sentence="8" number="5">bizarre</token>
<token t_id="163" sentence="8" number="6">behavior</token>
<token t_id="164" sentence="8" number="7">,</token>
<token t_id="165" sentence="8" number="8">Gigante</token>
<token t_id="166" sentence="8" number="9">had</token>
<token t_id="167" sentence="8" number="10">scored</token>
<token t_id="168" sentence="8" number="11">a</token>
<token t_id="169" sentence="8" number="12">lengthy</token>
<token t_id="170" sentence="8" number="13">string</token>
<token t_id="171" sentence="8" number="14">of</token>
<token t_id="172" sentence="8" number="15">victories</token>
<token t_id="173" sentence="8" number="16">over</token>
<token t_id="174" sentence="8" number="17">prosecutors</token>
<token t_id="175" sentence="8" number="18">,</token>
<token t_id="176" sentence="8" number="19">but</token>
<token t_id="177" sentence="8" number="20">it</token>
<token t_id="178" sentence="8" number="21">ended</token>
<token t_id="179" sentence="8" number="22">with</token>
<token t_id="180" sentence="8" number="23">a</token>
<token t_id="181" sentence="8" number="24">July</token>
<token t_id="182" sentence="8" number="25">1997</token>
<token t_id="183" sentence="8" number="26">racketeering</token>
<token t_id="184" sentence="8" number="27">conviction</token>
<token t_id="185" sentence="8" number="28">.</token>
<token t_id="186" sentence="9" number="0">He</token>
<token t_id="187" sentence="9" number="1">was</token>
<token t_id="188" sentence="9" number="2">sentenced</token>
<token t_id="189" sentence="9" number="3">to</token>
<token t_id="190" sentence="9" number="4">12</token>
<token t_id="191" sentence="9" number="5">years</token>
<token t_id="192" sentence="9" number="6">in</token>
<token t_id="193" sentence="9" number="7">prison</token>
<token t_id="194" sentence="9" number="8">.</token>
<token t_id="195" sentence="10" number="0">After</token>
<token t_id="196" sentence="10" number="1">a</token>
<token t_id="197" sentence="10" number="2">quarter</token>
<token t_id="198" sentence="10" number="3">-</token>
<token t_id="199" sentence="10" number="4">century</token>
<token t_id="200" sentence="10" number="5">of</token>
<token t_id="201" sentence="10" number="6">public</token>
<token t_id="202" sentence="10" number="7">craziness</token>
<token t_id="203" sentence="10" number="8">,</token>
<token t_id="204" sentence="10" number="9">he</token>
<token t_id="205" sentence="10" number="10">finally</token>
<token t_id="206" sentence="10" number="11">admitted</token>
<token t_id="207" sentence="10" number="12">his</token>
<token t_id="208" sentence="10" number="13">insanity</token>
<token t_id="209" sentence="10" number="14">ruse</token>
<token t_id="210" sentence="10" number="15">at</token>
<token t_id="211" sentence="10" number="16">an</token>
<token t_id="212" sentence="10" number="17">April</token>
<token t_id="213" sentence="10" number="18">2003</token>
<token t_id="214" sentence="10" number="19">federal</token>
<token t_id="215" sentence="10" number="20">hearing</token>
<token t_id="216" sentence="10" number="21">in</token>
<token t_id="217" sentence="10" number="22">which</token>
<token t_id="218" sentence="10" number="23">he</token>
<token t_id="219" sentence="10" number="24">calmly</token>
<token t_id="220" sentence="10" number="25">pleaded</token>
<token t_id="221" sentence="10" number="26">guilty</token>
<token t_id="222" sentence="10" number="27">to</token>
<token t_id="223" sentence="10" number="28">obstruction</token>
<token t_id="224" sentence="10" number="29">of</token>
<token t_id="225" sentence="10" number="30">justice</token>
<token t_id="226" sentence="10" number="31">.</token>
<token t_id="227" sentence="11" number="0">That</token>
<token t_id="228" sentence="11" number="1">brought</token>
<token t_id="229" sentence="11" number="2">him</token>
<token t_id="230" sentence="11" number="3">another</token>
<token t_id="231" sentence="11" number="4">three</token>
<token t_id="232" sentence="11" number="5">-</token>
<token t_id="233" sentence="11" number="6">year</token>
<token t_id="234" sentence="11" number="7">sentence</token>
<token t_id="235" sentence="11" number="8">.</token>
<token t_id="236" sentence="12" number="0">.</token>
<token t_id="237" sentence="12" number="1">.</token>
<token t_id="238" sentence="12" number="2">.</token>
<token t_id="239" sentence="13" number="0">For</token>
<token t_id="240" sentence="13" number="1">the</token>
<token t_id="241" sentence="13" number="2">man</token>
<token t_id="242" sentence="13" number="3">described</token>
<token t_id="243" sentence="13" number="4">by</token>
<token t_id="244" sentence="13" number="5">The</token>
<token t_id="245" sentence="13" number="6">New</token>
<token t_id="246" sentence="13" number="7">York</token>
<token t_id="247" sentence="13" number="8">Times</token>
<token t_id="248" sentence="13" number="9">Magazine</token>
<token t_id="249" sentence="13" number="10">as</token>
<token t_id="250" sentence="13" number="11">"the</token>
<token t_id="251" sentence="13" number="12">last</token>
<token t_id="252" sentence="13" number="13">great</token>
<token t_id="253" sentence="13" number="14">Mafioso</token>
<token t_id="254" sentence="13" number="15">of</token>
<token t_id="255" sentence="13" number="16">the</token>
<token t_id="256" sentence="13" number="17">century</token>
<token t_id="257" sentence="13" number="18">,</token>
<token t_id="258" sentence="13" number="19">"</token>
<token t_id="259" sentence="13" number="20">his</token>
<token t_id="260" sentence="13" number="21">admission</token>
<token t_id="261" sentence="13" number="22">was</token>
<token t_id="262" sentence="13" number="23">the</token>
<token t_id="263" sentence="13" number="24">final</token>
<token t_id="264" sentence="13" number="25">act</token>
<token t_id="265" sentence="13" number="26">in</token>
<token t_id="266" sentence="13" number="27">a</token>
<token t_id="267" sentence="13" number="28">50</token>
<token t_id="268" sentence="13" number="29">-</token>
<token t_id="269" sentence="13" number="30">year</token>
<token t_id="270" sentence="13" number="31">career</token>
<token t_id="271" sentence="13" number="32">linking</token>
<token t_id="272" sentence="13" number="33">the</token>
<token t_id="273" sentence="13" number="34">era</token>
<token t_id="274" sentence="13" number="35">of</token>
<token t_id="275" sentence="13" number="36">old</token>
<token t_id="276" sentence="13" number="37">-</token>
<token t_id="277" sentence="13" number="38">time</token>
<token t_id="278" sentence="13" number="39">gangsters</token>
<token t_id="279" sentence="13" number="40">and</token>
<token t_id="280" sentence="13" number="41">the</token>
<token t_id="281" sentence="13" number="42">modern</token>
<token t_id="282" sentence="13" number="43">-</token>
<token t_id="283" sentence="13" number="44">day</token>
<token t_id="284" sentence="13" number="45">Mafia</token>
<token t_id="285" sentence="13" number="46">of</token>
<token t_id="286" sentence="13" number="47">Gotti</token>
<token t_id="287" sentence="13" number="48">.</token>
<Markables>
<ACTION_OCCURRENCE m_id="12"  >
  <token_anchor t_id="24"/>
</ACTION_OCCURRENCE>
<ACTION_OCCURRENCE m_id="13"  >
  <token_anchor t_id="50"/>
</ACTION_OCCURRENCE>
<ACTION_OCCURRENCE m_id="14"  >
  <token_anchor t_id="55"/>
</ACTION_OCCURRENCE>
<ACTION_OCCURRENCE m_id="15"  >
  <token_anchor t_id="65"/>
</ACTION_OCCURRENCE>
<ACTION_OCCURRENCE m_id="16"  >
  <token_anchor t_id="69"/>
</ACTION_OCCURRENCE>
<ACTION_OCCURRENCE m_id="18"  >
  <token_anchor t_id="88"/>
</ACTION_OCCURRENCE>
<ACTION_OCCURRENCE m_id="19"  >
  <token_anchor t_id="93"/>
</ACTION_OCCURRENCE>
<ACTION_OCCURRENCE m_id="20"  >
  <token_anchor t_id="131"/>
</ACTION_OCCURRENCE>
<ACTION_OCCURRENCE m_id="21"  >
  <token_anchor t_id="134"/>
</ACTION_OCCURRENCE>
<ACTION_OCCURRENCE m_id="22"  >
  <token_anchor t_id="148"/>
</ACTION_OCCURRENCE>
<ACTION_REPORTING m_id="37"  >
  <token_anchor t_id="104"/>
</ACTION_REPORTING>
<ACTION_STATE m_id="35"  >
  <token_anchor t_id="66"/>
  <token_anchor t_id="67"/>
</ACTION_STATE>
<ACTION_STATE m_id="36"  >
  <token_anchor t_id="90"/>
  <token_anchor t_id="91"/>
</ACTION_STATE>
<HUMAN_PART_ORG m_id="10"  >
  <token_anchor t_id="143"/>
</HUMAN_PART_ORG>
<HUMAN_PART_ORG m_id="11"  >
  <token_anchor t_id="146"/>
</HUMAN_PART_ORG>
<HUMAN_PART_PER m_id="9"  >
  <token_anchor t_id="153"/>
</HUMAN_PART_PER>
<HUMAN_PART_PER m_id="17"  >
  <token_anchor t_id="48"/>
</HUMAN_PART_PER>
<HUMAN_PART_PER m_id="1"  >
  <token_anchor t_id="20"/>
  <token_anchor t_id="21"/>
  <token_anchor t_id="22"/>
  <token_anchor t_id="23"/>
</HUMAN_PART_PER>
<HUMAN_PART_PER m_id="2"  >
  <token_anchor t_id="41"/>
  <token_anchor t_id="42"/>
  <token_anchor t_id="43"/>
  <token_anchor t_id="44"/>
</HUMAN_PART_PER>
<HUMAN_PART_PER m_id="3"  >
  <token_anchor t_id="79"/>
</HUMAN_PART_PER>
<HUMAN_PART_PER m_id="4"  >
  <token_anchor t_id="86"/>
</HUMAN_PART_PER>
<HUMAN_PART_PER m_id="5"  >
  <token_anchor t_id="107"/>
  <token_anchor t_id="108"/>
</HUMAN_PART_PER>
<HUMAN_PART_PER m_id="6"  >
  <token_anchor t_id="130"/>
</HUMAN_PART_PER>
<HUMAN_PART_PER m_id="7"  >
  <token_anchor t_id="136"/>
  <token_anchor t_id="137"/>
</HUMAN_PART_PER>
<HUMAN_PART_PER m_id="8"  >
  <token_anchor t_id="140"/>
</HUMAN_PART_PER>
<LOC_FAC m_id="23"  >
  <token_anchor t_id="25"/>
  <token_anchor t_id="26"/>
</LOC_FAC>
<LOC_FAC m_id="25"  >
  <token_anchor t_id="71"/>
  <token_anchor t_id="72"/>
</LOC_FAC>
<LOC_FAC m_id="26"  >
  <token_anchor t_id="95"/>
  <token_anchor t_id="96"/>
  <token_anchor t_id="97"/>
  <token_anchor t_id="98"/>
  <token_anchor t_id="99"/>
  <token_anchor t_id="100"/>
  <token_anchor t_id="101"/>
</LOC_FAC>
<LOC_FAC m_id="27"  >
  <token_anchor t_id="154"/>
  <token_anchor t_id="155"/>
</LOC_FAC>
<LOC_FAC m_id="32"  >
  <token_anchor t_id="56"/>
  <token_anchor t_id="57"/>
</LOC_FAC>
<NON_HUMAN_PART m_id="33"  >
  <token_anchor t_id="61"/>
</NON_HUMAN_PART>
<NON_HUMAN_PART m_id="34"  >
  <token_anchor t_id="63"/>
</NON_HUMAN_PART>
<TIME_DATE m_id="30"  >
  <token_anchor t_id="70"/>
</TIME_DATE>
<TIME_DURATION m_id="28"  >
  <token_anchor t_id="150"/>
</TIME_DURATION>
<TIME_DURATION m_id="29"  >
  <token_anchor t_id="53"/>
</TIME_DURATION>
<TIME_OF_THE_DAY m_id="31"  >
  <token_anchor t_id="29"/>
  <token_anchor t_id="30"/>
  <token_anchor t_id="31"/>
  <token_anchor t_id="32"/>
  <token_anchor t_id="33"/>
  <token_anchor t_id="34"/>
  <token_anchor t_id="35"/>
  <token_anchor t_id="36"/>
  <token_anchor t_id="37"/>
  <token_anchor t_id="38"/>
</TIME_OF_THE_DAY>


<NEG_ACTION_OCCURRENCE m_id="43" note="byCROMER" >
  <token_anchor t_id="51"/>
</NEG_ACTION_OCCURRENCE>


<NON_HUMAN_PART m_id="50" RELATED_TO="" TAG_DESCRIPTOR="t26_bathrobe" instance_id="NON18440775683576631" />
<ACTION_OCCURRENCE m_id="64" RELATED_TO="" TAG_DESCRIPTOR="t26_died" instance_id="ACT18440577880137709" />
<ACTION_STATE m_id="63" RELATED_TO="" TAG_DESCRIPTOR="t26_mental_illness" instance_id="ACT18440672179378046" />
<NON_HUMAN_PART m_id="62" RELATED_TO="" TAG_DESCRIPTOR="t26_slippers" instance_id="NON18440790227167183" />
<ACTION_OCCURRENCE m_id="61" RELATED_TO="" TAG_DESCRIPTOR="t26_avoided_jail" instance_id="ACT18440590596898814" />
<TIME_DURATION m_id="60" RELATED_TO="" TAG_DESCRIPTOR="t26_years" instance_id="TIM18441077680168948" />
<NEG_ACTION_OCCURRENCE m_id="49" RELATED_TO="" TAG_DESCRIPTOR="t26_going_to_jail" instance_id="NEG28451243429836369" />
<ACTION_STATE m_id="48" RELATED_TO="" TAG_DESCRIPTOR="t26_heart_disease" instance_id="ACT18440655322799332" />
<LOC_FAC m_id="47" RELATED_TO="" TAG_DESCRIPTOR="t26_streets" instance_id="LOC18440762931534969" />
<ACTION_OCCURRENCE m_id="46" RELATED_TO="" TAG_DESCRIPTOR="t26_feigning" instance_id="ACT18440603446786525" />
<HUMAN_PART_ORG m_id="45" RELATED_TO="" TAG_DESCRIPTOR="t26_fbi" instance_id="HUM18440684059503251" />
<TIME_DATE m_id="44" RELATED_TO="" TAG_DESCRIPTOR="t26_monday" instance_id="TIM18440801253239963" />
<HUMAN_PART_PER m_id="59" RELATED_TO="" TAG_DESCRIPTOR="t26_quintero" instance_id="HUM18440722716468597" />
<ACTION_REPORTING m_id="58" RELATED_TO="" TAG_DESCRIPTOR="t26_said_quintero" instance_id="ACT28450088385472026" />
<ACTION_OCCURRENCE m_id="57" RELATED_TO="" TAG_DESCRIPTOR="t26_wandering_streets" instance_id="ACT18440640282544111" />
<HUMAN_PART_PER m_id="56" RELATED_TO="" TAG_DESCRIPTOR="t26_gigante" instance_id="HUM18440698565277092" />
<HUMAN_PART_PER m_id="55" RELATED_TO="" TAG_DESCRIPTOR="t26_monaco" instance_id="HUM18440710617907813" />
<ACTION_OCCURRENCE m_id="54" RELATED_TO="" TAG_DESCRIPTOR="t26_suffered_heart_attack" instance_id="ACT18440623861291848" />
<ACTION_OCCURRENCE m_id="53" RELATED_TO="" TAG_DESCRIPTOR="t26_confirmed" instance_id="ACT18440738014790639" />
<LOC_FAC m_id="52" RELATED_TO="" TAG_DESCRIPTOR="t26_prison" instance_id="LOC18440750306982431" />
<TIME_DURATION m_id="51" RELATED_TO="" TAG_DESCRIPTOR="t26_decades" instance_id="TIM18440826675897964" />
</Markables>

<Relations>
<CROSS_DOC_COREF r_id="40762" note="TIM18440801253239963" >
  <source m_id="30" />
  <target m_id="44" />
</CROSS_DOC_COREF>
<CROSS_DOC_COREF r_id="40763" note="HUM18440684059503251" >
  <source m_id="10" />
  <source m_id="11" />
  <target m_id="45" />
</CROSS_DOC_COREF>
<CROSS_DOC_COREF r_id="40764" note="ACT18440603446786525" >
  <source m_id="15" />
  <target m_id="46" />
</CROSS_DOC_COREF>
<CROSS_DOC_COREF r_id="40765" note="LOC18440762931534969" >
  <source m_id="32" />
  <target m_id="47" />
</CROSS_DOC_COREF>
<CROSS_DOC_COREF r_id="40766" note="ACT18440655322799332" >
  <source m_id="36" />
  <target m_id="48" />
</CROSS_DOC_COREF>
<CROSS_DOC_COREF r_id="40767" note="NEG28451243429836369" >
  <source m_id="43" />
  <target m_id="49" />
</CROSS_DOC_COREF>
<CROSS_DOC_COREF r_id="40768" note="NON18440775683576631" >
  <source m_id="33" />
  <target m_id="50" />
</CROSS_DOC_COREF>
<CROSS_DOC_COREF r_id="40769" note="TIM18440826675897964" >
  <source m_id="29" />
  <target m_id="51" />
</CROSS_DOC_COREF>
<CROSS_DOC_COREF r_id="40770" note="LOC18440750306982431" >
  <source m_id="25" />
  <source m_id="27" />
  <source m_id="26" />
  <source m_id="23" />
  <target m_id="52" />
</CROSS_DOC_COREF>
<CROSS_DOC_COREF r_id="40771" note="ACT18440738014790639" >
  <source m_id="21" />
  <target m_id="53" />
</CROSS_DOC_COREF>
<CROSS_DOC_COREF r_id="40772" note="ACT18440623861291848" >
  <source m_id="18" />
  <target m_id="54" />
</CROSS_DOC_COREF>
<CROSS_DOC_COREF r_id="40773" note="HUM18440710617907813" >
  <source m_id="7" />
  <source m_id="8" />
  <target m_id="55" />
</CROSS_DOC_COREF>
<CROSS_DOC_COREF r_id="40774" note="HUM18440698565277092" >
  <source m_id="3" />
  <source m_id="9" />
  <source m_id="4" />
  <source m_id="6" />
  <source m_id="1" />
  <source m_id="17" />
  <source m_id="2" />
  <target m_id="56" />
</CROSS_DOC_COREF>
<CROSS_DOC_COREF r_id="40775" note="ACT18440640282544111" >
  <source m_id="14" />
  <target m_id="57" />
</CROSS_DOC_COREF>
<CROSS_DOC_COREF r_id="40776" note="ACT28450088385472026" >
  <source m_id="37" />
  <target m_id="58" />
</CROSS_DOC_COREF>
<CROSS_DOC_COREF r_id="40777" note="HUM18440722716468597" >
  <source m_id="5" />
  <target m_id="59" />
</CROSS_DOC_COREF>
<CROSS_DOC_COREF r_id="40778" note="TIM18441077680168948" >
  <source m_id="28" />
  <target m_id="60" />
</CROSS_DOC_COREF>
<CROSS_DOC_COREF r_id="40779" note="ACT18440590596898814" >
  <source m_id="13" />
  <target m_id="61" />
</CROSS_DOC_COREF>
<CROSS_DOC_COREF r_id="40780" note="NON18440790227167183" >
  <source m_id="34" />
  <target m_id="62" />
</CROSS_DOC_COREF>
<CROSS_DOC_COREF r_id="40781" note="ACT18440672179378046" >
  <source m_id="35" />
  <target m_id="63" />
</CROSS_DOC_COREF>
<CROSS_DOC_COREF r_id="40782" note="ACT18440577880137709" >
  <source m_id="20" />
  <source m_id="16" />
  <source m_id="19" />
  <source m_id="12" />
  <target m_id="64" />
</CROSS_DOC_COREF>

</Relations>
</Document>
