<Document doc_name="26_9ecb.xml" doc_id="DOC15654841637450590">
<token t_id="1" sentence="0" number="0">A</token>
<token t_id="2" sentence="0" number="1">mafioso</token>
<token t_id="3" sentence="0" number="2">committed</token>
<token t_id="4" sentence="0" number="3">suicide</token>
<token t_id="5" sentence="0" number="4">hours</token>
<token t_id="6" sentence="0" number="5">after</token>
<token t_id="7" sentence="0" number="6">his</token>
<token t_id="8" sentence="0" number="7">arrest</token>
<token t_id="9" sentence="0" number="8">in</token>
<token t_id="10" sentence="0" number="9">a</token>
<token t_id="11" sentence="0" number="10">police</token>
<token t_id="12" sentence="0" number="11">bust</token>
<token t_id="13" sentence="0" number="12">of</token>
<token t_id="14" sentence="0" number="13">almost</token>
<token t_id="15" sentence="0" number="14">100</token>
<token t_id="16" sentence="0" number="15">people</token>
<token t_id="17" sentence="0" number="16">suspected</token>
<token t_id="18" sentence="0" number="17">of</token>
<token t_id="19" sentence="0" number="18">trying</token>
<token t_id="20" sentence="0" number="19">to</token>
<token t_id="21" sentence="0" number="20">re-establish</token>
<token t_id="22" sentence="0" number="21">Cosa</token>
<token t_id="23" sentence="0" number="22">Nostra</token>
<token t_id="24" sentence="0" number="23">provincial</token>
<token t_id="25" sentence="0" number="24">'commission</token>
<token t_id="26" sentence="0" number="25">'</token>
<token t_id="27" sentence="0" number="26">.</token>
<token t_id="28" sentence="1" number="0">Gaetano</token>
<token t_id="29" sentence="1" number="1">Lo</token>
<token t_id="30" sentence="1" number="2">Presti</token>
<token t_id="31" sentence="1" number="3">,</token>
<token t_id="32" sentence="1" number="4">52</token>
<token t_id="33" sentence="1" number="5">,</token>
<token t_id="34" sentence="1" number="6">hung</token>
<token t_id="35" sentence="1" number="7">himself</token>
<token t_id="36" sentence="1" number="8">in</token>
<token t_id="37" sentence="1" number="9">his</token>
<token t_id="38" sentence="1" number="10">cell</token>
<token t_id="39" sentence="1" number="11">on</token>
<token t_id="40" sentence="1" number="12">Tuesday</token>
<token t_id="41" sentence="1" number="13">evening</token>
<token t_id="42" sentence="1" number="14">after</token>
<token t_id="43" sentence="1" number="15">he</token>
<token t_id="44" sentence="1" number="16">is</token>
<token t_id="45" sentence="1" number="17">believed</token>
<token t_id="46" sentence="1" number="18">to</token>
<token t_id="47" sentence="1" number="19">have</token>
<token t_id="48" sentence="1" number="20">read</token>
<token t_id="49" sentence="1" number="21">police</token>
<token t_id="50" sentence="1" number="22">wiretap</token>
<token t_id="51" sentence="1" number="23">transcripts</token>
<token t_id="52" sentence="1" number="24">implicating</token>
<token t_id="53" sentence="1" number="25">him</token>
<token t_id="54" sentence="1" number="26">in</token>
<token t_id="55" sentence="1" number="27">the</token>
<token t_id="56" sentence="1" number="28">affair</token>
<token t_id="57" sentence="1" number="29">.</token>
<Markables>
<ACTION_OCCURRENCE m_id="34"  >
  <token_anchor t_id="48"/>
</ACTION_OCCURRENCE>
<ACTION_OCCURRENCE m_id="35"  >
  <token_anchor t_id="52"/>
</ACTION_OCCURRENCE>
<ACTION_OCCURRENCE m_id="36"  >
  <token_anchor t_id="56"/>
</ACTION_OCCURRENCE>
<ACTION_OCCURRENCE m_id="40"  >
  <token_anchor t_id="21"/>
</ACTION_OCCURRENCE>
<ACTION_OCCURRENCE m_id="42"  >
  <token_anchor t_id="12"/>
</ACTION_OCCURRENCE>
<ACTION_OCCURRENCE m_id="28"  >
  <token_anchor t_id="4"/>
</ACTION_OCCURRENCE>
<ACTION_OCCURRENCE m_id="29"  >
  <token_anchor t_id="34"/>
</ACTION_OCCURRENCE>
<HUMAN_PART_ORG m_id="41"  >
  <token_anchor t_id="22"/>
  <token_anchor t_id="23"/>
</HUMAN_PART_ORG>
<HUMAN_PART_PER m_id="33"  >
  <token_anchor t_id="53"/>
</HUMAN_PART_PER>
<HUMAN_PART_PER m_id="39"  >
  <token_anchor t_id="16"/>
</HUMAN_PART_PER>
<HUMAN_PART_PER m_id="25"  >
  <token_anchor t_id="2"/>
</HUMAN_PART_PER>
<HUMAN_PART_PER m_id="26"  >
  <token_anchor t_id="28"/>
  <token_anchor t_id="29"/>
  <token_anchor t_id="30"/>
</HUMAN_PART_PER>
<HUMAN_PART_PER m_id="30"  >
  <token_anchor t_id="35"/>
</HUMAN_PART_PER>
<HUMAN_PART_PER m_id="31"  >
  <token_anchor t_id="43"/>
</HUMAN_PART_PER>
<LOC_FAC m_id="37"  >
  <token_anchor t_id="36"/>
  <token_anchor t_id="37"/>
  <token_anchor t_id="38"/>
</LOC_FAC>
<NON_HUMAN_PART m_id="32"  >
  <token_anchor t_id="51"/>
</NON_HUMAN_PART>
<TIME_DURATION m_id="27"  >
  <token_anchor t_id="5"/>
</TIME_DURATION>
<TIME_OF_THE_DAY m_id="38"  >
  <token_anchor t_id="39"/>
  <token_anchor t_id="40"/>
  <token_anchor t_id="41"/>
</TIME_OF_THE_DAY>


<HUMAN_PART_PER m_id="43" note="byCROMER" >
  <token_anchor t_id="7"/>
</HUMAN_PART_PER>
<ACTION_OCCURRENCE m_id="44" note="byCROMER" >
  <token_anchor t_id="8"/>
</ACTION_OCCURRENCE>


<ACTION_OCCURRENCE m_id="50" RELATED_TO="" TAG_DESCRIPTOR="t26b_hanged" instance_id="ACT18441863532401006" />
<TIME_OF_THE_DAY m_id="49" RELATED_TO="" TAG_DESCRIPTOR="t26b_late_tuesday" instance_id="TIM18442492397502925" />
<ACTION_OCCURRENCE m_id="48" RELATED_TO="" TAG_DESCRIPTOR="t26b_arrest" instance_id="ACT18441937963352466" />
<HUMAN_PART_PER m_id="47" RELATED_TO="" TAG_DESCRIPTOR="t26b_presti" instance_id="HUM18441890442259339" />
<TIME_DURATION m_id="46" RELATED_TO="" TAG_DESCRIPTOR="t26b_hours" instance_id="TIM18442142154629810" />
<LOC_FAC m_id="45" RELATED_TO="" TAG_DESCRIPTOR="t26b_prison" instance_id="LOC18441904201489761" />
<UNKNOWN_INSTANCE_TAG m_id="9" RELATED_TO="" TAG_DESCRIPTOR="" />
<ACTION_OCCURRENCE m_id="51" RELATED_TO="" TAG_DESCRIPTOR="t26b_police_raid" instance_id="ACT27337443408187958" />
</Markables>

<Relations>
<INTRA_DOC_COREF r_id="32712" >
<source m_id="36" />
<source m_id="40" />
<target m_id="9" />
</INTRA_DOC_COREF>
<CROSS_DOC_COREF r_id="32718" note="LOC18441904201489761" >
  <source m_id="37" />
  <target m_id="45" />
</CROSS_DOC_COREF>
<CROSS_DOC_COREF r_id="32719" note="TIM18442142154629810" >
  <source m_id="27" />
  <target m_id="46" />
</CROSS_DOC_COREF>
<CROSS_DOC_COREF r_id="32720" note="HUM18441890442259339" >
  <source m_id="26" />
  <source m_id="30" />
  <source m_id="25" />
  <source m_id="43" />
  <source m_id="31" />
  <source m_id="33" />
  <target m_id="47" />
</CROSS_DOC_COREF>
<CROSS_DOC_COREF r_id="32721" note="ACT18441937963352466" >
  <source m_id="44" />
  <target m_id="48" />
</CROSS_DOC_COREF>
<CROSS_DOC_COREF r_id="32722" note="TIM18442492397502925" >
  <source m_id="38" />
  <target m_id="49" />
</CROSS_DOC_COREF>
<CROSS_DOC_COREF r_id="32723" note="ACT18441863532401006" >
  <source m_id="29" />
  <source m_id="28" />
  <target m_id="50" />
</CROSS_DOC_COREF>
<CROSS_DOC_COREF r_id="32724" note="ACT27337443408187958" >
  <source m_id="42" />
  <target m_id="51" />
</CROSS_DOC_COREF>

</Relations>
</Document>
