<Document doc_name="18_15ecb.xml" doc_id="DOC15654428624224853">
<token t_id="1" sentence="0" number="0">A</token>
<token t_id="2" sentence="0" number="1">former</token>
<token t_id="3" sentence="0" number="2">employee</token>
<token t_id="4" sentence="0" number="3">walked</token>
<token t_id="5" sentence="0" number="4">into</token>
<token t_id="6" sentence="0" number="5">a</token>
<token t_id="7" sentence="0" number="6">staff</token>
<token t_id="8" sentence="0" number="7">Christmas</token>
<token t_id="9" sentence="0" number="8">party</token>
<token t_id="10" sentence="0" number="9">at</token>
<token t_id="11" sentence="0" number="10">an</token>
<token t_id="12" sentence="0" number="11">east</token>
<token t_id="13" sentence="0" number="12">Vancouver</token>
<token t_id="14" sentence="0" number="13">health</token>
<token t_id="15" sentence="0" number="14">products</token>
<token t_id="16" sentence="0" number="15">business</token>
<token t_id="17" sentence="0" number="16">Friday</token>
<token t_id="18" sentence="0" number="17">and</token>
<token t_id="19" sentence="0" number="18">shot</token>
<token t_id="20" sentence="0" number="19">and</token>
<token t_id="21" sentence="0" number="20">killed</token>
<token t_id="22" sentence="0" number="21">a</token>
<token t_id="23" sentence="0" number="22">man</token>
<token t_id="24" sentence="0" number="23">,</token>
<token t_id="25" sentence="0" number="24">according</token>
<token t_id="26" sentence="0" number="25">to</token>
<token t_id="27" sentence="0" number="26">police</token>
<token t_id="28" sentence="0" number="27">.</token>
<token t_id="29" sentence="1" number="0">Police</token>
<token t_id="30" sentence="1" number="1">said</token>
<token t_id="31" sentence="1" number="2">they</token>
<token t_id="32" sentence="1" number="3">were</token>
<token t_id="33" sentence="1" number="4">called</token>
<token t_id="34" sentence="1" number="5">to</token>
<token t_id="35" sentence="1" number="6">Tallgrass</token>
<token t_id="36" sentence="1" number="7">Distributors</token>
<token t_id="37" sentence="1" number="8">Ltd.</token>
<token t_id="38" sentence="1" number="9">,</token>
<token t_id="39" sentence="1" number="10">in</token>
<token t_id="40" sentence="1" number="11">the</token>
<token t_id="41" sentence="1" number="12">central</token>
<token t_id="42" sentence="1" number="13">Mount</token>
<token t_id="43" sentence="1" number="14">Pleasant</token>
<token t_id="44" sentence="1" number="15">neighbourhood</token>
<token t_id="45" sentence="1" number="16">,</token>
<token t_id="46" sentence="1" number="17">where</token>
<token t_id="47" sentence="1" number="18">a</token>
<token t_id="48" sentence="1" number="19">man</token>
<token t_id="49" sentence="1" number="20">carrying</token>
<token t_id="50" sentence="1" number="21">a</token>
<token t_id="51" sentence="1" number="22">firearm</token>
<token t_id="52" sentence="1" number="23">had</token>
<token t_id="53" sentence="1" number="24">confronted</token>
<token t_id="54" sentence="1" number="25">the</token>
<token t_id="55" sentence="1" number="26">crowd</token>
<token t_id="56" sentence="1" number="27">.</token>
<token t_id="57" sentence="2" number="0">``</token>
<token t_id="58" sentence="2" number="1">A</token>
<token t_id="59" sentence="2" number="2">man</token>
<token t_id="60" sentence="2" number="3">who</token>
<token t_id="61" sentence="2" number="4">apparently</token>
<token t_id="62" sentence="2" number="5">had</token>
<token t_id="63" sentence="2" number="6">just</token>
<token t_id="64" sentence="2" number="7">been</token>
<token t_id="65" sentence="2" number="8">let</token>
<token t_id="66" sentence="2" number="9">go</token>
<token t_id="67" sentence="2" number="10">from</token>
<token t_id="68" sentence="2" number="11">his</token>
<token t_id="69" sentence="2" number="12">job</token>
<token t_id="70" sentence="2" number="13">there</token>
<token t_id="71" sentence="2" number="14">came</token>
<token t_id="72" sentence="2" number="15">in</token>
<token t_id="73" sentence="2" number="16">,</token>
<token t_id="74" sentence="2" number="17">shot</token>
<token t_id="75" sentence="2" number="18">and</token>
<token t_id="76" sentence="2" number="19">killed</token>
<token t_id="77" sentence="2" number="20">another</token>
<token t_id="78" sentence="2" number="21">man</token>
<token t_id="79" sentence="2" number="22">,</token>
<token t_id="80" sentence="2" number="23">''</token>
<token t_id="81" sentence="2" number="24">Vancouver</token>
<token t_id="82" sentence="2" number="25">police</token>
<token t_id="83" sentence="2" number="26">Const.</token>
<token t_id="84" sentence="2" number="27">Tim</token>
<token t_id="85" sentence="2" number="28">Fanning</token>
<token t_id="86" sentence="2" number="29">told</token>
<token t_id="87" sentence="2" number="30">a</token>
<token t_id="88" sentence="2" number="31">news</token>
<token t_id="89" sentence="2" number="32">conference</token>
<token t_id="90" sentence="2" number="33">.</token>
<token t_id="91" sentence="3" number="0">``</token>
<token t_id="92" sentence="3" number="1">There</token>
<token t_id="93" sentence="3" number="2">was</token>
<token t_id="94" sentence="3" number="3">at</token>
<token t_id="95" sentence="3" number="4">least</token>
<token t_id="96" sentence="3" number="5">a</token>
<token t_id="97" sentence="3" number="6">dozen</token>
<token t_id="98" sentence="3" number="7">other</token>
<token t_id="99" sentence="3" number="8">people</token>
<token t_id="100" sentence="3" number="9">on</token>
<token t_id="101" sentence="3" number="10">the</token>
<token t_id="102" sentence="3" number="11">scene</token>
<token t_id="103" sentence="3" number="12">.</token>
<token t_id="104" sentence="4" number="0">They</token>
<token t_id="105" sentence="4" number="1">managed</token>
<token t_id="106" sentence="4" number="2">to</token>
<token t_id="107" sentence="4" number="3">get</token>
<token t_id="108" sentence="4" number="4">out</token>
<token t_id="109" sentence="4" number="5">.</token>
<token t_id="110" sentence="5" number="0">``</token>
<token t_id="111" sentence="5" number="1">Our</token>
<token t_id="112" sentence="5" number="2">negotiators</token>
<token t_id="113" sentence="5" number="3">got</token>
<token t_id="114" sentence="5" number="4">on</token>
<token t_id="115" sentence="5" number="5">the</token>
<token t_id="116" sentence="5" number="6">phone</token>
<token t_id="117" sentence="5" number="7">with</token>
<token t_id="118" sentence="5" number="8">him</token>
<token t_id="119" sentence="5" number="9">right</token>
<token t_id="120" sentence="5" number="10">away</token>
<token t_id="121" sentence="5" number="11">,</token>
<token t_id="122" sentence="5" number="12">and</token>
<token t_id="123" sentence="5" number="13">fortunately</token>
<token t_id="124" sentence="5" number="14">were</token>
<token t_id="125" sentence="5" number="15">able</token>
<token t_id="126" sentence="5" number="16">to</token>
<token t_id="127" sentence="5" number="17">talk</token>
<token t_id="128" sentence="5" number="18">him</token>
<token t_id="129" sentence="5" number="19">down</token>
<token t_id="130" sentence="5" number="20">from</token>
<token t_id="131" sentence="5" number="21">his</token>
<token t_id="132" sentence="5" number="22">very</token>
<token t_id="133" sentence="5" number="23">,</token>
<token t_id="134" sentence="5" number="24">very</token>
<token t_id="135" sentence="5" number="25">excited</token>
<token t_id="136" sentence="5" number="26">and</token>
<token t_id="137" sentence="5" number="27">upset</token>
<token t_id="138" sentence="5" number="28">state</token>
<token t_id="139" sentence="5" number="29">.</token>
<token t_id="140" sentence="5" number="30">''</token>
<token t_id="141" sentence="6" number="0">After</token>
<token t_id="142" sentence="6" number="1">two</token>
<token t_id="143" sentence="6" number="2">hours</token>
<token t_id="144" sentence="6" number="3">a</token>
<token t_id="145" sentence="6" number="4">61-year-old</token>
<token t_id="146" sentence="6" number="5">man</token>
<token t_id="147" sentence="6" number="6">surrendered</token>
<token t_id="148" sentence="6" number="7">and</token>
<token t_id="149" sentence="6" number="8">was</token>
<token t_id="150" sentence="6" number="9">arrested</token>
<token t_id="151" sentence="6" number="10">.</token>
<token t_id="152" sentence="7" number="0">Fanning</token>
<token t_id="153" sentence="7" number="1">could</token>
<token t_id="154" sentence="7" number="2">n't</token>
<token t_id="155" sentence="7" number="3">say</token>
<token t_id="156" sentence="7" number="4">if</token>
<token t_id="157" sentence="7" number="5">anyone</token>
<token t_id="158" sentence="7" number="6">else</token>
<token t_id="159" sentence="7" number="7">was</token>
<token t_id="160" sentence="7" number="8">in</token>
<token t_id="161" sentence="7" number="9">the</token>
<token t_id="162" sentence="7" number="10">building</token>
<token t_id="163" sentence="7" number="11">at</token>
<token t_id="164" sentence="7" number="12">the</token>
<token t_id="165" sentence="7" number="13">time</token>
<token t_id="166" sentence="7" number="14">,</token>
<token t_id="167" sentence="7" number="15">but</token>
<token t_id="168" sentence="7" number="16">said</token>
<token t_id="169" sentence="7" number="17">no</token>
<token t_id="170" sentence="7" number="18">one</token>
<token t_id="171" sentence="7" number="19">else</token>
<token t_id="172" sentence="7" number="20">was</token>
<token t_id="173" sentence="7" number="21">injured</token>
<token t_id="174" sentence="7" number="22">.</token>
<token t_id="175" sentence="8" number="0">Nigel</token>
<token t_id="176" sentence="8" number="1">Hacker</token>
<token t_id="177" sentence="8" number="2">said</token>
<token t_id="178" sentence="8" number="3">he</token>
<token t_id="179" sentence="8" number="4">looked</token>
<token t_id="180" sentence="8" number="5">outside</token>
<token t_id="181" sentence="8" number="6">his</token>
<token t_id="182" sentence="8" number="7">nearby</token>
<token t_id="183" sentence="8" number="8">office</token>
<token t_id="184" sentence="8" number="9">at</token>
<token t_id="185" sentence="8" number="10">about</token>
<token t_id="186" sentence="8" number="11">4:20</token>
<token t_id="187" sentence="8" number="12">p.m.</token>
<token t_id="188" sentence="8" number="13">to</token>
<token t_id="189" sentence="8" number="14">see</token>
<token t_id="190" sentence="8" number="15">the</token>
<token t_id="191" sentence="8" number="16">street</token>
<token t_id="192" sentence="8" number="17">cordoned</token>
<token t_id="193" sentence="8" number="18">off</token>
<token t_id="194" sentence="8" number="19">.</token>
<token t_id="195" sentence="9" number="0">``</token>
<token t_id="196" sentence="9" number="1">There</token>
<token t_id="197" sentence="9" number="2">was</token>
<token t_id="198" sentence="9" number="3">someone</token>
<token t_id="199" sentence="9" number="4">in</token>
<token t_id="200" sentence="9" number="5">the</token>
<token t_id="201" sentence="9" number="6">building</token>
<token t_id="202" sentence="9" number="7">and</token>
<token t_id="203" sentence="9" number="8">they</token>
<token t_id="204" sentence="9" number="9">were</token>
<token t_id="205" sentence="9" number="10">trying</token>
<token t_id="206" sentence="9" number="11">to</token>
<token t_id="207" sentence="9" number="12">get</token>
<token t_id="208" sentence="9" number="13">him</token>
<token t_id="209" sentence="9" number="14">out</token>
<token t_id="210" sentence="9" number="15">,</token>
<token t_id="211" sentence="9" number="16">''</token>
<token t_id="212" sentence="9" number="17">Hacker</token>
<token t_id="213" sentence="9" number="18">said</token>
<token t_id="214" sentence="9" number="19">.</token>
<token t_id="215" sentence="10" number="0">``</token>
<token t_id="216" sentence="10" number="1">I</token>
<token t_id="217" sentence="10" number="2">tried</token>
<token t_id="218" sentence="10" number="3">not</token>
<token t_id="219" sentence="10" number="4">to</token>
<token t_id="220" sentence="10" number="5">listen</token>
<token t_id="221" sentence="10" number="6">.</token>
<token t_id="222" sentence="10" number="7">''</token>
<token t_id="223" sentence="11" number="0">But</token>
<token t_id="224" sentence="11" number="1">he</token>
<token t_id="225" sentence="11" number="2">caught</token>
<token t_id="226" sentence="11" number="3">the</token>
<token t_id="227" sentence="11" number="4">tone</token>
<token t_id="228" sentence="11" number="5">of</token>
<token t_id="229" sentence="11" number="6">the</token>
<token t_id="230" sentence="11" number="7">conversation</token>
<token t_id="231" sentence="11" number="8">.</token>
<token t_id="232" sentence="12" number="0">``</token>
<token t_id="233" sentence="12" number="1">It</token>
<token t_id="234" sentence="12" number="2">was</token>
<token t_id="235" sentence="12" number="3">n't</token>
<token t_id="236" sentence="12" number="4">emotional</token>
<token t_id="237" sentence="12" number="5">from</token>
<token t_id="238" sentence="12" number="6">this</token>
<token t_id="239" sentence="12" number="7">end</token>
<token t_id="240" sentence="12" number="8">,</token>
<token t_id="241" sentence="12" number="9">''</token>
<token t_id="242" sentence="12" number="10">he</token>
<token t_id="243" sentence="12" number="11">said</token>
<token t_id="244" sentence="12" number="12">.</token>
<token t_id="245" sentence="13" number="0">``</token>
<token t_id="246" sentence="13" number="1">Everything</token>
<token t_id="247" sentence="13" number="2">seemed</token>
<token t_id="248" sentence="13" number="3">under</token>
<token t_id="249" sentence="13" number="4">control</token>
<token t_id="250" sentence="13" number="5">.</token>
<token t_id="251" sentence="14" number="0">They</token>
<token t_id="252" sentence="14" number="1">did</token>
<token t_id="253" sentence="14" number="2">a</token>
<token t_id="254" sentence="14" number="3">great</token>
<token t_id="255" sentence="14" number="4">job</token>
<token t_id="256" sentence="14" number="5">.</token>
<token t_id="257" sentence="14" number="6">''</token>
<token t_id="258" sentence="15" number="0">Down</token>
<token t_id="259" sentence="15" number="1">the</token>
<token t_id="260" sentence="15" number="2">street</token>
<token t_id="261" sentence="15" number="3">at</token>
<token t_id="262" sentence="15" number="4">Paperny</token>
<token t_id="263" sentence="15" number="5">Films</token>
<token t_id="264" sentence="15" number="6">,</token>
<token t_id="265" sentence="15" number="7">John</token>
<token t_id="266" sentence="15" number="8">Christie</token>
<token t_id="267" sentence="15" number="9">said</token>
<token t_id="268" sentence="15" number="10">employees</token>
<token t_id="269" sentence="15" number="11">were</token>
<token t_id="270" sentence="15" number="12">planning</token>
<token t_id="271" sentence="15" number="13">to</token>
<token t_id="272" sentence="15" number="14">hold</token>
<token t_id="273" sentence="15" number="15">an</token>
<token t_id="274" sentence="15" number="16">office</token>
<token t_id="275" sentence="15" number="17">party</token>
<token t_id="276" sentence="15" number="18">upstairs</token>
<token t_id="277" sentence="15" number="19">when</token>
<token t_id="278" sentence="15" number="20">someone</token>
<token t_id="279" sentence="15" number="21">heard</token>
<token t_id="280" sentence="15" number="22">shots</token>
<token t_id="281" sentence="15" number="23">fired</token>
<token t_id="282" sentence="15" number="24">and</token>
<token t_id="283" sentence="15" number="25">the</token>
<token t_id="284" sentence="15" number="26">police</token>
<token t_id="285" sentence="15" number="27">came</token>
<token t_id="286" sentence="15" number="28">knocking</token>
<token t_id="287" sentence="15" number="29">at</token>
<token t_id="288" sentence="15" number="30">their</token>
<token t_id="289" sentence="15" number="31">door</token>
<token t_id="290" sentence="15" number="32">.</token>
<token t_id="291" sentence="16" number="0">``</token>
<token t_id="292" sentence="16" number="1">We</token>
<token t_id="293" sentence="16" number="2">have</token>
<token t_id="294" sentence="16" number="3">been</token>
<token t_id="295" sentence="16" number="4">asked</token>
<token t_id="296" sentence="16" number="5">by</token>
<token t_id="297" sentence="16" number="6">the</token>
<token t_id="298" sentence="16" number="7">police</token>
<token t_id="299" sentence="16" number="8">to</token>
<token t_id="300" sentence="16" number="9">stay</token>
<token t_id="301" sentence="16" number="10">away</token>
<token t_id="302" sentence="16" number="11">from</token>
<token t_id="303" sentence="16" number="12">the</token>
<token t_id="304" sentence="16" number="13">windows</token>
<token t_id="305" sentence="16" number="14">and</token>
<token t_id="306" sentence="16" number="15">we</token>
<token t_id="307" sentence="16" number="16">'ve</token>
<token t_id="308" sentence="16" number="17">been</token>
<token t_id="309" sentence="16" number="18">forced</token>
<token t_id="310" sentence="16" number="19">to</token>
<token t_id="311" sentence="16" number="20">go</token>
<token t_id="312" sentence="16" number="21">downstairs</token>
<token t_id="313" sentence="16" number="22">,</token>
<token t_id="314" sentence="16" number="23">''</token>
<token t_id="315" sentence="16" number="24">Christie</token>
<token t_id="316" sentence="16" number="25">said</token>
<token t_id="317" sentence="16" number="26">.</token>
<token t_id="318" sentence="17" number="0">``</token>
<token t_id="319" sentence="17" number="1">We</token>
<token t_id="320" sentence="17" number="2">'re</token>
<token t_id="321" sentence="17" number="3">having</token>
<token t_id="322" sentence="17" number="4">an</token>
<token t_id="323" sentence="17" number="5">office</token>
<token t_id="324" sentence="17" number="6">party</token>
<token t_id="325" sentence="17" number="7">anyway</token>
<token t_id="326" sentence="17" number="8">so</token>
<token t_id="327" sentence="17" number="9">we</token>
<token t_id="328" sentence="17" number="10">'re</token>
<token t_id="329" sentence="17" number="11">just</token>
<token t_id="330" sentence="17" number="12">staying</token>
<token t_id="331" sentence="17" number="13">out</token>
<token t_id="332" sentence="17" number="14">of</token>
<token t_id="333" sentence="17" number="15">the</token>
<token t_id="334" sentence="17" number="16">way</token>
<token t_id="335" sentence="17" number="17">,</token>
<token t_id="336" sentence="17" number="18">undercover</token>
<token t_id="337" sentence="17" number="19">.</token>
<token t_id="338" sentence="18" number="0">If</token>
<token t_id="339" sentence="18" number="1">we</token>
<token t_id="340" sentence="18" number="2">'re</token>
<token t_id="341" sentence="18" number="3">in</token>
<token t_id="342" sentence="18" number="4">a</token>
<token t_id="343" sentence="18" number="5">lockdown</token>
<token t_id="344" sentence="18" number="6">,</token>
<token t_id="345" sentence="18" number="7">at</token>
<token t_id="346" sentence="18" number="8">least</token>
<token t_id="347" sentence="18" number="9">we</token>
<token t_id="348" sentence="18" number="10">have</token>
<token t_id="349" sentence="18" number="11">beers</token>
<token t_id="350" sentence="18" number="12">and</token>
<token t_id="351" sentence="18" number="13">pizza</token>
<token t_id="352" sentence="18" number="14">.</token>
<token t_id="353" sentence="18" number="15">''</token>
<token t_id="354" sentence="19" number="0">Christie</token>
<token t_id="355" sentence="19" number="1">said</token>
<token t_id="356" sentence="19" number="2">the</token>
<token t_id="357" sentence="19" number="3">police</token>
<token t_id="358" sentence="19" number="4">,</token>
<token t_id="359" sentence="19" number="5">who</token>
<token t_id="360" sentence="19" number="6">placed</token>
<token t_id="361" sentence="19" number="7">an</token>
<token t_id="362" sentence="19" number="8">undercover</token>
<token t_id="363" sentence="19" number="9">officer</token>
<token t_id="364" sentence="19" number="10">at</token>
<token t_id="365" sentence="19" number="11">Paperny</token>
<token t_id="366" sentence="19" number="12">'s</token>
<token t_id="367" sentence="19" number="13">front</token>
<token t_id="368" sentence="19" number="14">door</token>
<token t_id="369" sentence="19" number="15">,</token>
<token t_id="370" sentence="19" number="16">were</token>
<token t_id="371" sentence="19" number="17">n't</token>
<token t_id="372" sentence="19" number="18">pleased</token>
<token t_id="373" sentence="19" number="19">when</token>
<token t_id="374" sentence="19" number="20">some</token>
<token t_id="375" sentence="19" number="21">office</token>
<token t_id="376" sentence="19" number="22">workers</token>
<token t_id="377" sentence="19" number="23">fled</token>
<token t_id="378" sentence="19" number="24">through</token>
<token t_id="379" sentence="19" number="25">the</token>
<token t_id="380" sentence="19" number="26">back</token>
<token t_id="381" sentence="19" number="27">alley</token>
<token t_id="382" sentence="19" number="28">to</token>
<token t_id="383" sentence="19" number="29">get</token>
<token t_id="384" sentence="19" number="30">home</token>
<token t_id="385" sentence="19" number="31">.</token>
<token t_id="386" sentence="20" number="0">TallGrass</token>
<token t_id="387" sentence="20" number="1">claims</token>
<token t_id="388" sentence="20" number="2">it</token>
<token t_id="389" sentence="20" number="3">is</token>
<token t_id="390" sentence="20" number="4">the</token>
<token t_id="391" sentence="20" number="5">fastest-growing</token>
<token t_id="392" sentence="20" number="6">natural-health-product</token>
<token t_id="393" sentence="20" number="7">supplier</token>
<token t_id="394" sentence="20" number="8">to</token>
<token t_id="395" sentence="20" number="9">the</token>
<token t_id="396" sentence="20" number="10">Natural</token>
<token t_id="397" sentence="20" number="11">Health</token>
<token t_id="398" sentence="20" number="12">Industry</token>
<token t_id="399" sentence="20" number="13">in</token>
<token t_id="400" sentence="20" number="14">Canada</token>
<token t_id="401" sentence="20" number="15">.</token>
<token t_id="402" sentence="21" number="0">It</token>
<token t_id="403" sentence="21" number="1">was</token>
<token t_id="404" sentence="21" number="2">originally</token>
<token t_id="405" sentence="21" number="3">called</token>
<token t_id="406" sentence="21" number="4">Tallgrass</token>
<token t_id="407" sentence="21" number="5">Hemp</token>
<token t_id="408" sentence="21" number="6">Company</token>
<token t_id="409" sentence="21" number="7">,</token>
<token t_id="410" sentence="21" number="8">and</token>
<token t_id="411" sentence="21" number="9">supplied</token>
<token t_id="412" sentence="21" number="10">a</token>
<token t_id="413" sentence="21" number="11">variety</token>
<token t_id="414" sentence="21" number="12">of</token>
<token t_id="415" sentence="21" number="13">products</token>
<token t_id="416" sentence="21" number="14">based</token>
<token t_id="417" sentence="21" number="15">on</token>
<token t_id="418" sentence="21" number="16">the</token>
<token t_id="419" sentence="21" number="17">hemp</token>
<token t_id="420" sentence="21" number="18">plant</token>
<token t_id="421" sentence="21" number="19">,</token>
<token t_id="422" sentence="21" number="20">including</token>
<token t_id="423" sentence="21" number="21">Body</token>
<token t_id="424" sentence="21" number="22">Dope</token>
<token t_id="425" sentence="21" number="23">,</token>
<token t_id="426" sentence="21" number="24">a</token>
<token t_id="427" sentence="21" number="25">line</token>
<token t_id="428" sentence="21" number="26">of</token>
<token t_id="429" sentence="21" number="27">hair-</token>
<token t_id="430" sentence="21" number="28">and</token>
<token t_id="431" sentence="21" number="29">skin-care</token>
<token t_id="432" sentence="21" number="30">products</token>
<token t_id="433" sentence="21" number="31">made</token>
<token t_id="434" sentence="21" number="32">with</token>
<token t_id="435" sentence="21" number="33">hemp</token>
<token t_id="436" sentence="21" number="34">and</token>
<token t_id="437" sentence="21" number="35">other</token>
<token t_id="438" sentence="21" number="36">botanicals</token>
<token t_id="439" sentence="21" number="37">.</token>
<Markables>
<ACTION_OCCURRENCE m_id="15"  >
  <token_anchor t_id="21"/>
</ACTION_OCCURRENCE>
<ACTION_OCCURRENCE m_id="16"  >
  <token_anchor t_id="19"/>
</ACTION_OCCURRENCE>
<ACTION_OCCURRENCE m_id="17"  >
  <token_anchor t_id="9"/>
</ACTION_OCCURRENCE>
<ACTION_OCCURRENCE m_id="18"  >
  <token_anchor t_id="4"/>
</ACTION_OCCURRENCE>
<HUMAN_PART_ORG m_id="20"  >
  <token_anchor t_id="27"/>
</HUMAN_PART_ORG>
<HUMAN_PART_PER m_id="13"  >
  <token_anchor t_id="23"/>
</HUMAN_PART_PER>
<HUMAN_PART_PER m_id="19"  >
  <token_anchor t_id="3"/>
</HUMAN_PART_PER>
<LOC_FAC m_id="21"  >
  <token_anchor t_id="11"/>
  <token_anchor t_id="12"/>
  <token_anchor t_id="13"/>
  <token_anchor t_id="14"/>
  <token_anchor t_id="15"/>
  <token_anchor t_id="16"/>
</LOC_FAC>
<TIME_DATE m_id="14"  >
  <token_anchor t_id="17"/>
</TIME_DATE>


<ACTION_REPORTING m_id="22" note="byCROMER" >
  <token_anchor t_id="25"/>
  <token_anchor t_id="26"/>
</ACTION_REPORTING>


<TIME_DATE m_id="32" RELATED_TO="" TAG_DESCRIPTOR="t18b_friday" instance_id="TIM17731705329767162" />
<LOC_FAC m_id="31" RELATED_TO="" TAG_DESCRIPTOR="t18b_office" instance_id="LOC17731582246028489" />
<ACTION_OCCURRENCE m_id="30" RELATED_TO="" TAG_DESCRIPTOR="t18b_shooting" instance_id="ACT17731621786224442" />
<HUMAN_PART_PER m_id="29" RELATED_TO="" TAG_DESCRIPTOR="t18b_victim" instance_id="HUM17731813980483037" />
<ACTION_REPORTING m_id="28" RELATED_TO="" TAG_DESCRIPTOR="t18b_police_said" instance_id="ACT17731518502077156" />
<ACTION_OCCURRENCE m_id="27" RELATED_TO="" TAG_DESCRIPTOR="t18b_went_to_party" instance_id="ACT17732135331509624" />
<HUMAN_PART_PER m_id="26" RELATED_TO="" TAG_DESCRIPTOR="t18b_shooter" instance_id="HUM17731555438182725" />
<ACTION_OCCURRENCE m_id="25" RELATED_TO="" TAG_DESCRIPTOR="t18b_party" instance_id="ACT17731503198331596" />
<ACTION_OCCURRENCE m_id="24" RELATED_TO="" TAG_DESCRIPTOR="t18b_killing" instance_id="ACT17731468512044233" />
<HUMAN_PART_ORG m_id="23" RELATED_TO="" TAG_DESCRIPTOR="t18b_police" instance_id="HUM17731532645215730" />
</Markables>

<Relations>
<CROSS_DOC_COREF r_id="33820" note="HUM17731532645215730" >
  <source m_id="20" />
  <target m_id="23" />
</CROSS_DOC_COREF>
<CROSS_DOC_COREF r_id="33821" note="ACT17731468512044233" >
  <source m_id="15" />
  <target m_id="24" />
</CROSS_DOC_COREF>
<CROSS_DOC_COREF r_id="33822" note="ACT17731503198331596" >
  <source m_id="17" />
  <target m_id="25" />
</CROSS_DOC_COREF>
<CROSS_DOC_COREF r_id="33823" note="HUM17731555438182725" >
  <source m_id="19" />
  <target m_id="26" />
</CROSS_DOC_COREF>
<CROSS_DOC_COREF r_id="33824" note="ACT17732135331509624" >
  <source m_id="18" />
  <target m_id="27" />
</CROSS_DOC_COREF>
<CROSS_DOC_COREF r_id="33825" note="ACT17731518502077156" >
  <source m_id="22" />
  <target m_id="28" />
</CROSS_DOC_COREF>
<CROSS_DOC_COREF r_id="33826" note="HUM17731813980483037" >
  <source m_id="13" />
  <target m_id="29" />
</CROSS_DOC_COREF>
<CROSS_DOC_COREF r_id="33827" note="ACT17731621786224442" >
  <source m_id="16" />
  <target m_id="30" />
</CROSS_DOC_COREF>
<CROSS_DOC_COREF r_id="33828" note="LOC17731582246028489" >
  <source m_id="21" />
  <target m_id="31" />
</CROSS_DOC_COREF>
<CROSS_DOC_COREF r_id="33829" note="TIM17731705329767162" >
  <source m_id="14" />
  <target m_id="32" />
</CROSS_DOC_COREF>

</Relations>
</Document>
