<Document doc_name="18_10ecb.xml" doc_id="DOC15654427839158020">
<token t_id="1" sentence="0" number="0">A</token>
<token t_id="2" sentence="0" number="1">Vancouver</token>
<token t_id="3" sentence="0" number="2">man</token>
<token t_id="4" sentence="0" number="3">has</token>
<token t_id="5" sentence="0" number="4">been</token>
<token t_id="6" sentence="0" number="5">charged</token>
<token t_id="7" sentence="0" number="6">with</token>
<token t_id="8" sentence="0" number="7">first-degree</token>
<token t_id="9" sentence="0" number="8">murder</token>
<token t_id="10" sentence="0" number="9">after</token>
<token t_id="11" sentence="0" number="10">a</token>
<token t_id="12" sentence="0" number="11">killing</token>
<token t_id="13" sentence="0" number="12">at</token>
<token t_id="14" sentence="0" number="13">an</token>
<token t_id="15" sentence="0" number="14">office</token>
<token t_id="16" sentence="0" number="15">party</token>
<token t_id="17" sentence="0" number="16">.</token>
<token t_id="18" sentence="1" number="0">Police</token>
<token t_id="19" sentence="1" number="1">allege</token>
<token t_id="20" sentence="1" number="2">Eric</token>
<token t_id="21" sentence="1" number="3">Allen</token>
<token t_id="22" sentence="1" number="4">Kirkpatrick</token>
<token t_id="23" sentence="1" number="5">,</token>
<token t_id="24" sentence="1" number="6">61</token>
<token t_id="25" sentence="1" number="7">,</token>
<token t_id="26" sentence="1" number="8">opened</token>
<token t_id="27" sentence="1" number="9">fire</token>
<token t_id="28" sentence="1" number="10">at</token>
<token t_id="29" sentence="1" number="11">a</token>
<token t_id="30" sentence="1" number="12">Vancouver</token>
<token t_id="31" sentence="1" number="13">office</token>
<token t_id="32" sentence="1" number="14">Christmas</token>
<token t_id="33" sentence="1" number="15">party</token>
<token t_id="34" sentence="1" number="16">Friday</token>
<token t_id="35" sentence="1" number="17">,</token>
<token t_id="36" sentence="1" number="18">killing</token>
<token t_id="37" sentence="1" number="19">one</token>
<token t_id="38" sentence="1" number="20">man</token>
<token t_id="39" sentence="1" number="21">.</token>
<token t_id="40" sentence="2" number="0">Const.</token>
<token t_id="41" sentence="2" number="1">Tim</token>
<token t_id="42" sentence="2" number="2">Fanning</token>
<token t_id="43" sentence="2" number="3">told</token>
<token t_id="44" sentence="2" number="4">a</token>
<token t_id="45" sentence="2" number="5">news</token>
<token t_id="46" sentence="2" number="6">conference</token>
<token t_id="47" sentence="2" number="7">today</token>
<token t_id="48" sentence="2" number="8">a</token>
<token t_id="49" sentence="2" number="9">man</token>
<token t_id="50" sentence="2" number="10">walked</token>
<token t_id="51" sentence="2" number="11">into</token>
<token t_id="52" sentence="2" number="12">the</token>
<token t_id="53" sentence="2" number="13">party</token>
<token t_id="54" sentence="2" number="14">with</token>
<token t_id="55" sentence="2" number="15">a</token>
<token t_id="56" sentence="2" number="16">firearm</token>
<token t_id="57" sentence="2" number="17">and</token>
<token t_id="58" sentence="2" number="18">shot</token>
<token t_id="59" sentence="2" number="19">one</token>
<token t_id="60" sentence="2" number="20">person</token>
<token t_id="61" sentence="2" number="21">dead</token>
<token t_id="62" sentence="2" number="22">immediately</token>
<token t_id="63" sentence="2" number="23">.</token>
<token t_id="64" sentence="3" number="0">Police</token>
<token t_id="65" sentence="3" number="1">have</token>
<token t_id="66" sentence="3" number="2">identified</token>
<token t_id="67" sentence="3" number="3">the</token>
<token t_id="68" sentence="3" number="4">victim</token>
<token t_id="69" sentence="3" number="5">as</token>
<token t_id="70" sentence="3" number="6">Benjamin</token>
<token t_id="71" sentence="3" number="7">David</token>
<token t_id="72" sentence="3" number="8">Banky</token>
<token t_id="73" sentence="3" number="9">,</token>
<token t_id="74" sentence="3" number="10">40</token>
<token t_id="75" sentence="3" number="11">,</token>
<token t_id="76" sentence="3" number="12">of</token>
<token t_id="77" sentence="3" number="13">Vancouver</token>
<token t_id="78" sentence="3" number="14">.</token>
<token t_id="79" sentence="4" number="0">Twelve</token>
<token t_id="80" sentence="4" number="1">other</token>
<token t_id="81" sentence="4" number="2">people</token>
<token t_id="82" sentence="4" number="3">managed</token>
<token t_id="83" sentence="4" number="4">to</token>
<token t_id="84" sentence="4" number="5">leave</token>
<token t_id="85" sentence="4" number="6">the</token>
<token t_id="86" sentence="4" number="7">office</token>
<token t_id="87" sentence="4" number="8">while</token>
<token t_id="88" sentence="4" number="9">police</token>
<token t_id="89" sentence="4" number="10">began</token>
<token t_id="90" sentence="4" number="11">two</token>
<token t_id="91" sentence="4" number="12">hours</token>
<token t_id="92" sentence="4" number="13">of</token>
<token t_id="93" sentence="4" number="14">negotiations</token>
<token t_id="94" sentence="4" number="15">with</token>
<token t_id="95" sentence="4" number="16">a</token>
<token t_id="96" sentence="4" number="17">suspect</token>
<token t_id="97" sentence="4" number="18">.</token>
<token t_id="98" sentence="5" number="0">Fanning</token>
<token t_id="99" sentence="5" number="1">says</token>
<token t_id="100" sentence="5" number="2">the</token>
<token t_id="101" sentence="5" number="3">incident</token>
<token t_id="102" sentence="5" number="4">was</token>
<token t_id="103" sentence="5" number="5">extremely</token>
<token t_id="104" sentence="5" number="6">traumatic</token>
<token t_id="105" sentence="5" number="7">for</token>
<token t_id="106" sentence="5" number="8">witnesses</token>
<token t_id="107" sentence="5" number="9">.</token>
<Markables>
<ACTION_OCCURRENCE m_id="8"  >
  <token_anchor t_id="6"/>
</ACTION_OCCURRENCE>
<ACTION_OCCURRENCE m_id="9"  >
  <token_anchor t_id="9"/>
</ACTION_OCCURRENCE>
<ACTION_OCCURRENCE m_id="10"  >
  <token_anchor t_id="12"/>
</ACTION_OCCURRENCE>
<ACTION_OCCURRENCE m_id="11"  >
  <token_anchor t_id="16"/>
</ACTION_OCCURRENCE>
<HUMAN_PART_PER m_id="7"  >
  <token_anchor t_id="3"/>
</HUMAN_PART_PER>




<ACTION_OCCURRENCE m_id="16" RELATED_TO="" TAG_DESCRIPTOR="t18b_murder" instance_id="ACT17731480045763691" />
<HUMAN_PART_PER m_id="15" RELATED_TO="" TAG_DESCRIPTOR="t18b_shooter" instance_id="HUM17731555438182725" />
<ACTION_OCCURRENCE m_id="14" RELATED_TO="" TAG_DESCRIPTOR="t18b_party" instance_id="ACT17731503198331596" />
<ACTION_OCCURRENCE m_id="13" RELATED_TO="" TAG_DESCRIPTOR="t18b_charged" instance_id="ACT17731439887646884" />
<ACTION_OCCURRENCE m_id="12" RELATED_TO="" TAG_DESCRIPTOR="t18b_killing" instance_id="ACT17731468512044233" />
</Markables>

<Relations>
<CROSS_DOC_COREF r_id="33769" note="ACT17731468512044233" >
  <source m_id="10" />
  <target m_id="12" />
</CROSS_DOC_COREF>
<CROSS_DOC_COREF r_id="33770" note="ACT17731439887646884" >
  <source m_id="8" />
  <target m_id="13" />
</CROSS_DOC_COREF>
<CROSS_DOC_COREF r_id="33771" note="ACT17731503198331596" >
  <source m_id="11" />
  <target m_id="14" />
</CROSS_DOC_COREF>
<CROSS_DOC_COREF r_id="33772" note="HUM17731555438182725" >
  <source m_id="7" />
  <target m_id="15" />
</CROSS_DOC_COREF>
<CROSS_DOC_COREF r_id="33773" note="ACT17731480045763691" >
  <source m_id="9" />
  <target m_id="16" />
</CROSS_DOC_COREF>

</Relations>
</Document>
