<Document doc_name="18_10ecbplus.xml" doc_id="DOC15646236085061154">
<token t_id="1" sentence="0" number="0">http</token>
<token t_id="2" sentence="0" number="1">:</token>
<token t_id="3" sentence="0" number="2">/</token>
<token t_id="4" sentence="0" number="3">/</token>
<token t_id="5" sentence="0" number="4">www</token>
<token t_id="6" sentence="0" number="5">.</token>
<token t_id="7" sentence="0" number="6">foxnews</token>
<token t_id="8" sentence="0" number="7">.</token>
<token t_id="9" sentence="0" number="8">com</token>
<token t_id="10" sentence="0" number="9">/</token>
<token t_id="11" sentence="0" number="10">story</token>
<token t_id="12" sentence="0" number="11">/</token>
<token t_id="13" sentence="0" number="12">2007</token>
<token t_id="14" sentence="0" number="13">/</token>
<token t_id="15" sentence="0" number="14">04</token>
<token t_id="16" sentence="0" number="15">/</token>
<token t_id="17" sentence="0" number="16">11</token>
<token t_id="18" sentence="0" number="17">/</token>
<token t_id="19" sentence="0" number="18">detroit</token>
<token t_id="20" sentence="0" number="19">-</token>
<token t_id="21" sentence="0" number="20">office</token>
<token t_id="22" sentence="0" number="21">-</token>
<token t_id="23" sentence="0" number="22">shooter</token>
<token t_id="24" sentence="0" number="23">-</token>
<token t_id="25" sentence="0" number="24">charged</token>
<token t_id="26" sentence="0" number="25">-</token>
<token t_id="27" sentence="0" number="26">with</token>
<token t_id="28" sentence="0" number="27">-</token>
<token t_id="29" sentence="0" number="28">murder</token>
<token t_id="30" sentence="0" number="29">-</token>
<token t_id="31" sentence="0" number="30">attempted</token>
<token t_id="32" sentence="0" number="31">-</token>
<token t_id="33" sentence="0" number="32">murder</token>
<token t_id="34" sentence="0" number="33">/</token>
<token t_id="35" sentence="1" number="0">Detroit</token>
<token t_id="36" sentence="1" number="1">Office</token>
<token t_id="37" sentence="1" number="2">Shooter</token>
<token t_id="38" sentence="1" number="3">Charged</token>
<token t_id="39" sentence="1" number="4">With</token>
<token t_id="40" sentence="1" number="5">Murder</token>
<token t_id="41" sentence="1" number="6">,</token>
<token t_id="42" sentence="1" number="7">Attempted</token>
<token t_id="43" sentence="1" number="8">Murder</token>
<token t_id="44" sentence="2" number="0">Published</token>
<token t_id="45" sentence="2" number="1">April</token>
<token t_id="46" sentence="2" number="2">11</token>
<token t_id="47" sentence="2" number="3">,</token>
<token t_id="48" sentence="2" number="4">2007</token>
<token t_id="49" sentence="3" number="0">A</token>
<token t_id="50" sentence="3" number="1">man</token>
<token t_id="51" sentence="3" number="2">fired</token>
<token t_id="52" sentence="3" number="3">four</token>
<token t_id="53" sentence="3" number="4">days</token>
<token t_id="54" sentence="3" number="5">earlier</token>
<token t_id="55" sentence="3" number="6">from</token>
<token t_id="56" sentence="3" number="7">his</token>
<token t_id="57" sentence="3" number="8">job</token>
<token t_id="58" sentence="3" number="9">as</token>
<token t_id="59" sentence="3" number="10">an</token>
<token t_id="60" sentence="3" number="11">accountant</token>
<token t_id="61" sentence="3" number="12">walked</token>
<token t_id="62" sentence="3" number="13">into</token>
<token t_id="63" sentence="3" number="14">his</token>
<token t_id="64" sentence="3" number="15">old</token>
<token t_id="65" sentence="3" number="16">office</token>
<token t_id="66" sentence="3" number="17">,</token>
<token t_id="67" sentence="3" number="18">passed</token>
<token t_id="68" sentence="3" number="19">by</token>
<token t_id="69" sentence="3" number="20">the</token>
<token t_id="70" sentence="3" number="21">receptionist</token>
<token t_id="71" sentence="3" number="22">and</token>
<token t_id="72" sentence="3" number="23">made</token>
<token t_id="73" sentence="3" number="24">his</token>
<token t_id="74" sentence="3" number="25">way</token>
<token t_id="75" sentence="3" number="26">to</token>
<token t_id="76" sentence="3" number="27">a</token>
<token t_id="77" sentence="3" number="28">manager's</token>
<token t_id="78" sentence="3" number="29">office</token>
<token t_id="79" sentence="3" number="30">with</token>
<token t_id="80" sentence="3" number="31">the</token>
<token t_id="81" sentence="3" number="32">purpose</token>
<token t_id="82" sentence="3" number="33">of</token>
<token t_id="83" sentence="3" number="34">killing</token>
<token t_id="84" sentence="3" number="35">him</token>
<token t_id="85" sentence="3" number="36">with</token>
<token t_id="86" sentence="3" number="37">a</token>
<token t_id="87" sentence="3" number="38">shotgun</token>
<token t_id="88" sentence="3" number="39">,</token>
<token t_id="89" sentence="3" number="40">a</token>
<token t_id="90" sentence="3" number="41">police</token>
<token t_id="91" sentence="3" number="42">sergeant</token>
<token t_id="92" sentence="3" number="43">said</token>
<token t_id="93" sentence="3" number="44">Wednesday</token>
<token t_id="94" sentence="3" number="45">during</token>
<token t_id="95" sentence="3" number="46">the</token>
<token t_id="96" sentence="3" number="47">man's</token>
<token t_id="97" sentence="3" number="48">arraignment</token>
<token t_id="98" sentence="3" number="49">.</token>
<token t_id="99" sentence="4" number="0">When</token>
<token t_id="100" sentence="4" number="1">Monday's</token>
<token t_id="101" sentence="4" number="2">violence</token>
<token t_id="102" sentence="4" number="3">had</token>
<token t_id="103" sentence="4" number="4">concluded</token>
<token t_id="104" sentence="4" number="5">,</token>
<token t_id="105" sentence="4" number="6">the</token>
<token t_id="106" sentence="4" number="7">receptionist</token>
<token t_id="107" sentence="4" number="8">-</token>
<token t_id="108" sentence="4" number="9">-</token>
<token t_id="109" sentence="4" number="10">Madeline</token>
<token t_id="110" sentence="4" number="11">Kafoury</token>
<token t_id="111" sentence="4" number="12">-</token>
<token t_id="112" sentence="4" number="13">-</token>
<token t_id="113" sentence="4" number="14">was</token>
<token t_id="114" sentence="4" number="15">shot</token>
<token t_id="115" sentence="4" number="16">dead</token>
<token t_id="116" sentence="4" number="17">and</token>
<token t_id="117" sentence="4" number="18">two</token>
<token t_id="118" sentence="4" number="19">managers</token>
<token t_id="119" sentence="4" number="20">,</token>
<token t_id="120" sentence="4" number="21">Paul</token>
<token t_id="121" sentence="4" number="22">Riva</token>
<token t_id="122" sentence="4" number="23">and</token>
<token t_id="123" sentence="4" number="24">Alan</token>
<token t_id="124" sentence="4" number="25">Steinberg</token>
<token t_id="125" sentence="4" number="26">,</token>
<token t_id="126" sentence="4" number="27">were</token>
<token t_id="127" sentence="4" number="28">wounded</token>
<token t_id="128" sentence="4" number="29">.</token>
<token t_id="129" sentence="5" number="0">Steinberg</token>
<token t_id="130" sentence="5" number="1">was</token>
<token t_id="131" sentence="5" number="2">shot</token>
<token t_id="132" sentence="5" number="3">in</token>
<token t_id="133" sentence="5" number="4">the</token>
<token t_id="134" sentence="5" number="5">hip</token>
<token t_id="135" sentence="5" number="6">and</token>
<token t_id="136" sentence="5" number="7">has</token>
<token t_id="137" sentence="5" number="8">spoken</token>
<token t_id="138" sentence="5" number="9">to</token>
<token t_id="139" sentence="5" number="10">police</token>
<token t_id="140" sentence="5" number="11">about</token>
<token t_id="141" sentence="5" number="12">the</token>
<token t_id="142" sentence="5" number="13">attack</token>
<token t_id="143" sentence="5" number="14">,</token>
<token t_id="144" sentence="5" number="15">while</token>
<token t_id="145" sentence="5" number="16">Riva</token>
<token t_id="146" sentence="5" number="17">had</token>
<token t_id="147" sentence="5" number="18">not</token>
<token t_id="148" sentence="5" number="19">yet</token>
<token t_id="149" sentence="5" number="20">regained</token>
<token t_id="150" sentence="5" number="21">consciousness</token>
<token t_id="151" sentence="5" number="22">and</token>
<token t_id="152" sentence="5" number="23">was</token>
<token t_id="153" sentence="5" number="24">on</token>
<token t_id="154" sentence="5" number="25">a</token>
<token t_id="155" sentence="5" number="26">ventilator</token>
<token t_id="156" sentence="5" number="27">.</token>
<token t_id="157" sentence="6" number="0">The</token>
<token t_id="158" sentence="6" number="1">man</token>
<token t_id="159" sentence="6" number="2">accused</token>
<token t_id="160" sentence="6" number="3">of</token>
<token t_id="161" sentence="6" number="4">shooting</token>
<token t_id="162" sentence="6" number="5">his</token>
<token t_id="163" sentence="6" number="6">three</token>
<token t_id="164" sentence="6" number="7">former</token>
<token t_id="165" sentence="6" number="8">co</token>
<token t_id="166" sentence="6" number="9">-</token>
<token t_id="167" sentence="6" number="10">workers</token>
<token t_id="168" sentence="6" number="11">is</token>
<token t_id="169" sentence="6" number="12">Anthony</token>
<token t_id="170" sentence="6" number="13">LaCalamita</token>
<token t_id="171" sentence="6" number="14">III</token>
<token t_id="172" sentence="6" number="15">,</token>
<token t_id="173" sentence="6" number="16">a</token>
<token t_id="174" sentence="6" number="17">38</token>
<token t_id="175" sentence="6" number="18">-</token>
<token t_id="176" sentence="6" number="19">year</token>
<token t_id="177" sentence="6" number="20">-</token>
<token t_id="178" sentence="6" number="21">old</token>
<token t_id="179" sentence="6" number="22">Troy</token>
<token t_id="180" sentence="6" number="23">resident</token>
<token t_id="181" sentence="6" number="24">who</token>
<token t_id="182" sentence="6" number="25">was</token>
<token t_id="183" sentence="6" number="26">fired</token>
<token t_id="184" sentence="6" number="27">from</token>
<token t_id="185" sentence="6" number="28">Gordon</token>
<token t_id="186" sentence="6" number="29">Advisors</token>
<token t_id="187" sentence="6" number="30">on</token>
<token t_id="188" sentence="6" number="31">Thursday</token>
<token t_id="189" sentence="6" number="32">.</token>
<token t_id="190" sentence="7" number="0">A</token>
<token t_id="191" sentence="7" number="1">not</token>
<token t_id="192" sentence="7" number="2">guilty</token>
<token t_id="193" sentence="7" number="3">plea</token>
<token t_id="194" sentence="7" number="4">was</token>
<token t_id="195" sentence="7" number="5">entered</token>
<token t_id="196" sentence="7" number="6">on</token>
<token t_id="197" sentence="7" number="7">LaCalamita's</token>
<token t_id="198" sentence="7" number="8">behalf</token>
<token t_id="199" sentence="7" number="9">during</token>
<token t_id="200" sentence="7" number="10">Wednesday's</token>
<token t_id="201" sentence="7" number="11">hearing</token>
<token t_id="202" sentence="7" number="12">.</token>
<token t_id="203" sentence="8" number="0">LaCalamita</token>
<token t_id="204" sentence="8" number="1">is</token>
<token t_id="205" sentence="8" number="2">charged</token>
<token t_id="206" sentence="8" number="3">with</token>
<token t_id="207" sentence="8" number="4">first</token>
<token t_id="208" sentence="8" number="5">-</token>
<token t_id="209" sentence="8" number="6">degree</token>
<token t_id="210" sentence="8" number="7">murder</token>
<token t_id="211" sentence="8" number="8">in</token>
<token t_id="212" sentence="8" number="9">the</token>
<token t_id="213" sentence="8" number="10">death</token>
<token t_id="214" sentence="8" number="11">of</token>
<token t_id="215" sentence="8" number="12">Kafoury</token>
<token t_id="216" sentence="8" number="13">,</token>
<token t_id="217" sentence="8" number="14">63</token>
<token t_id="218" sentence="8" number="15">,</token>
<token t_id="219" sentence="8" number="16">of</token>
<token t_id="220" sentence="8" number="17">Warren</token>
<token t_id="221" sentence="8" number="18">.</token>
<token t_id="222" sentence="9" number="0">He</token>
<token t_id="223" sentence="9" number="1">also</token>
<token t_id="224" sentence="9" number="2">is</token>
<token t_id="225" sentence="9" number="3">charged</token>
<token t_id="226" sentence="9" number="4">with</token>
<token t_id="227" sentence="9" number="5">two</token>
<token t_id="228" sentence="9" number="6">counts</token>
<token t_id="229" sentence="9" number="7">of</token>
<token t_id="230" sentence="9" number="8">intent</token>
<token t_id="231" sentence="9" number="9">to</token>
<token t_id="232" sentence="9" number="10">murder</token>
<token t_id="233" sentence="9" number="11">in</token>
<token t_id="234" sentence="9" number="12">the</token>
<token t_id="235" sentence="9" number="13">shootings</token>
<token t_id="236" sentence="9" number="14">of</token>
<token t_id="237" sentence="9" number="15">Riva</token>
<token t_id="238" sentence="9" number="16">,</token>
<token t_id="239" sentence="9" number="17">47</token>
<token t_id="240" sentence="9" number="18">,</token>
<token t_id="241" sentence="9" number="19">of</token>
<token t_id="242" sentence="9" number="20">Sterling</token>
<token t_id="243" sentence="9" number="21">Heights</token>
<token t_id="244" sentence="9" number="22">,</token>
<token t_id="245" sentence="9" number="23">and</token>
<token t_id="246" sentence="9" number="24">Steinberg</token>
<token t_id="247" sentence="9" number="25">,</token>
<token t_id="248" sentence="9" number="26">48</token>
<token t_id="249" sentence="9" number="27">,</token>
<token t_id="250" sentence="9" number="28">of</token>
<token t_id="251" sentence="9" number="29">Macomb</token>
<token t_id="252" sentence="9" number="30">County's</token>
<token t_id="253" sentence="9" number="31">Bruce</token>
<token t_id="254" sentence="9" number="32">Township</token>
<token t_id="255" sentence="9" number="33">-</token>
<token t_id="256" sentence="9" number="34">-</token>
<token t_id="257" sentence="9" number="35">as</token>
<token t_id="258" sentence="9" number="36">well</token>
<token t_id="259" sentence="9" number="37">as</token>
<token t_id="260" sentence="9" number="38">three</token>
<token t_id="261" sentence="9" number="39">counts</token>
<token t_id="262" sentence="9" number="40">of</token>
<token t_id="263" sentence="9" number="41">possession</token>
<token t_id="264" sentence="9" number="42">of</token>
<token t_id="265" sentence="9" number="43">a</token>
<token t_id="266" sentence="9" number="44">firearm</token>
<token t_id="267" sentence="9" number="45">in</token>
<token t_id="268" sentence="9" number="46">the</token>
<token t_id="269" sentence="9" number="47">commission</token>
<token t_id="270" sentence="9" number="48">of</token>
<token t_id="271" sentence="9" number="49">a</token>
<token t_id="272" sentence="9" number="50">felony</token>
<token t_id="273" sentence="9" number="51">and</token>
<token t_id="274" sentence="9" number="52">one</token>
<token t_id="275" sentence="9" number="53">count</token>
<token t_id="276" sentence="9" number="54">of</token>
<token t_id="277" sentence="9" number="55">fleeing</token>
<token t_id="278" sentence="9" number="56">and</token>
<token t_id="279" sentence="9" number="57">eluding</token>
<token t_id="280" sentence="9" number="58">police</token>
<token t_id="281" sentence="9" number="59">.</token>
<token t_id="282" sentence="10" number="0">LaCalamita</token>
<token t_id="283" sentence="10" number="1">was</token>
<token t_id="284" sentence="10" number="2">asked</token>
<token t_id="285" sentence="10" number="3">by</token>
<token t_id="286" sentence="10" number="4">Judge</token>
<token t_id="287" sentence="10" number="5">Michael</token>
<token t_id="288" sentence="10" number="6">A</token>
<token t_id="289" sentence="10" number="7">.</token>
<token t_id="290" sentence="10" number="8">Martone</token>
<token t_id="291" sentence="10" number="9">if</token>
<token t_id="292" sentence="10" number="10">he</token>
<token t_id="293" sentence="10" number="11">understood</token>
<token t_id="294" sentence="10" number="12">the</token>
<token t_id="295" sentence="10" number="13">charges</token>
<token t_id="296" sentence="10" number="14">against</token>
<token t_id="297" sentence="10" number="15">him</token>
<token t_id="298" sentence="10" number="16">and</token>
<token t_id="299" sentence="10" number="17">if</token>
<token t_id="300" sentence="10" number="18">he</token>
<token t_id="301" sentence="10" number="19">was</token>
<token t_id="302" sentence="10" number="20">aware</token>
<token t_id="303" sentence="10" number="21">that</token>
<token t_id="304" sentence="10" number="22">he</token>
<token t_id="305" sentence="10" number="23">could</token>
<token t_id="306" sentence="10" number="24">be</token>
<token t_id="307" sentence="10" number="25">sentenced</token>
<token t_id="308" sentence="10" number="26">to</token>
<token t_id="309" sentence="10" number="27">life</token>
<token t_id="310" sentence="10" number="28">in</token>
<token t_id="311" sentence="10" number="29">prison</token>
<token t_id="312" sentence="10" number="30">without</token>
<token t_id="313" sentence="10" number="31">the</token>
<token t_id="314" sentence="10" number="32">possibility</token>
<token t_id="315" sentence="10" number="33">of</token>
<token t_id="316" sentence="10" number="34">parole</token>
<token t_id="317" sentence="10" number="35">if</token>
<token t_id="318" sentence="10" number="36">convicted</token>
<token t_id="319" sentence="10" number="37">of</token>
<token t_id="320" sentence="10" number="38">first</token>
<token t_id="321" sentence="10" number="39">-</token>
<token t_id="322" sentence="10" number="40">degree</token>
<token t_id="323" sentence="10" number="41">murder</token>
<token t_id="324" sentence="10" number="42">.</token>
<token t_id="325" sentence="11" number="0">He</token>
<token t_id="326" sentence="11" number="1">responded</token>
<token t_id="327" sentence="11" number="2">,</token>
<token t_id="328" sentence="11" number="3">"Yes</token>
<token t_id="329" sentence="11" number="4">,</token>
<token t_id="330" sentence="11" number="5">"</token>
<token t_id="331" sentence="11" number="6">to</token>
<token t_id="332" sentence="11" number="7">the</token>
<token t_id="333" sentence="11" number="8">series</token>
<token t_id="334" sentence="11" number="9">of</token>
<token t_id="335" sentence="11" number="10">questions</token>
<token t_id="336" sentence="11" number="11">posed</token>
<token t_id="337" sentence="11" number="12">by</token>
<token t_id="338" sentence="11" number="13">Martone</token>
<token t_id="339" sentence="11" number="14">.</token>
<token t_id="340" sentence="12" number="0">The</token>
<token t_id="341" sentence="12" number="1">judge</token>
<token t_id="342" sentence="12" number="2">ordered</token>
<token t_id="343" sentence="12" number="3">him</token>
<token t_id="344" sentence="12" number="4">held</token>
<token t_id="345" sentence="12" number="5">without</token>
<token t_id="346" sentence="12" number="6">bond</token>
<token t_id="347" sentence="12" number="7">pending</token>
<token t_id="348" sentence="12" number="8">his</token>
<token t_id="349" sentence="12" number="9">next</token>
<token t_id="350" sentence="12" number="10">court</token>
<token t_id="351" sentence="12" number="11">hearing</token>
<token t_id="352" sentence="12" number="12">April</token>
<token t_id="353" sentence="12" number="13">19</token>
<token t_id="354" sentence="12" number="14">.</token>
<token t_id="355" sentence="13" number="0">Kafoury's</token>
<token t_id="356" sentence="13" number="1">loved</token>
<token t_id="357" sentence="13" number="2">ones</token>
<token t_id="358" sentence="13" number="3">attended</token>
<token t_id="359" sentence="13" number="4">Wednesday's</token>
<token t_id="360" sentence="13" number="5">arraignment</token>
<token t_id="361" sentence="13" number="6">,</token>
<token t_id="362" sentence="13" number="7">and</token>
<token t_id="363" sentence="13" number="8">her</token>
<token t_id="364" sentence="13" number="9">daughter</token>
<token t_id="365" sentence="13" number="10">,</token>
<token t_id="366" sentence="13" number="11">Charlene</token>
<token t_id="367" sentence="13" number="12">-</token>
<token t_id="368" sentence="13" number="13">-</token>
<token t_id="369" sentence="13" number="14">holding</token>
<token t_id="370" sentence="13" number="15">a</token>
<token t_id="371" sentence="13" number="16">picture</token>
<token t_id="372" sentence="13" number="17">of</token>
<token t_id="373" sentence="13" number="18">Kafoury</token>
<token t_id="374" sentence="13" number="19">-</token>
<token t_id="375" sentence="13" number="20">-</token>
<token t_id="376" sentence="13" number="21">sobbed</token>
<token t_id="377" sentence="13" number="22">loudly</token>
<token t_id="378" sentence="13" number="23">during</token>
<token t_id="379" sentence="13" number="24">the</token>
<token t_id="380" sentence="13" number="25">proceedings</token>
<token t_id="381" sentence="13" number="26">.</token>
<token t_id="382" sentence="14" number="0">"She</token>
<token t_id="383" sentence="14" number="1">didn't</token>
<token t_id="384" sentence="14" number="2">do</token>
<token t_id="385" sentence="14" number="3">it</token>
<token t_id="386" sentence="14" number="4">.</token>
<token t_id="387" sentence="15" number="0">She</token>
<token t_id="388" sentence="15" number="1">didn't</token>
<token t_id="389" sentence="15" number="2">fire</token>
<token t_id="390" sentence="15" number="3">him</token>
<token t_id="391" sentence="15" number="4">,</token>
<token t_id="392" sentence="15" number="5">"</token>
<token t_id="393" sentence="15" number="6">Charlene</token>
<token t_id="394" sentence="15" number="7">Kafoury</token>
<token t_id="395" sentence="15" number="8">said</token>
<token t_id="396" sentence="15" number="9">.</token>
<token t_id="397" sentence="16" number="0">LaCalamita</token>
<token t_id="398" sentence="16" number="1">sat</token>
<token t_id="399" sentence="16" number="2">nearby</token>
<token t_id="400" sentence="16" number="3">and</token>
<token t_id="401" sentence="16" number="4">did</token>
<token t_id="402" sentence="16" number="5">not</token>
<token t_id="403" sentence="16" number="6">react</token>
<token t_id="404" sentence="16" number="7">to</token>
<token t_id="405" sentence="16" number="8">the</token>
<token t_id="406" sentence="16" number="9">comments</token>
<token t_id="407" sentence="16" number="10">from</token>
<token t_id="408" sentence="16" number="11">the</token>
<token t_id="409" sentence="16" number="12">victim's</token>
<token t_id="410" sentence="16" number="13">daughter</token>
<token t_id="411" sentence="16" number="14">.</token>
<token t_id="412" sentence="17" number="0">After</token>
<token t_id="413" sentence="17" number="1">the</token>
<token t_id="414" sentence="17" number="2">hearing</token>
<token t_id="415" sentence="17" number="3">,</token>
<token t_id="416" sentence="17" number="4">Charlene</token>
<token t_id="417" sentence="17" number="5">Kafoury</token>
<token t_id="418" sentence="17" number="6">and</token>
<token t_id="419" sentence="17" number="7">other</token>
<token t_id="420" sentence="17" number="8">loved</token>
<token t_id="421" sentence="17" number="9">ones</token>
<token t_id="422" sentence="17" number="10">gathered</token>
<token t_id="423" sentence="17" number="11">for</token>
<token t_id="424" sentence="17" number="12">a</token>
<token t_id="425" sentence="17" number="13">news</token>
<token t_id="426" sentence="17" number="14">conference</token>
<token t_id="427" sentence="17" number="15">.</token>
<token t_id="428" sentence="18" number="0">"She</token>
<token t_id="429" sentence="18" number="1">wasn't</token>
<token t_id="430" sentence="18" number="2">just</token>
<token t_id="431" sentence="18" number="3">a</token>
<token t_id="432" sentence="18" number="4">receptionist</token>
<token t_id="433" sentence="18" number="5">.</token>
<token t_id="434" sentence="18" number="6">.</token>
<token t_id="435" sentence="18" number="7">.</token>
<token t_id="436" sentence="18" number="8">.</token>
<token t_id="437" sentence="19" number="0">She</token>
<token t_id="438" sentence="19" number="1">was</token>
<token t_id="439" sentence="19" number="2">our</token>
<token t_id="440" sentence="19" number="3">mom</token>
<token t_id="441" sentence="19" number="4">and</token>
<token t_id="442" sentence="19" number="5">the</token>
<token t_id="443" sentence="19" number="6">grandmother</token>
<token t_id="444" sentence="19" number="7">of</token>
<token t_id="445" sentence="19" number="8">our</token>
<token t_id="446" sentence="19" number="9">children</token>
<token t_id="447" sentence="19" number="10">,</token>
<token t_id="448" sentence="19" number="11">"</token>
<token t_id="449" sentence="19" number="12">said</token>
<token t_id="450" sentence="19" number="13">Charlie</token>
<token t_id="451" sentence="19" number="14">Kafoury</token>
<token t_id="452" sentence="19" number="15">,</token>
<token t_id="453" sentence="19" number="16">Charlene's</token>
<token t_id="454" sentence="19" number="17">brother</token>
<token t_id="455" sentence="19" number="18">.</token>
<token t_id="456" sentence="20" number="0">"She</token>
<token t_id="457" sentence="20" number="1">was</token>
<token t_id="458" sentence="20" number="2">an</token>
<token t_id="459" sentence="20" number="3">essential</token>
<token t_id="460" sentence="20" number="4">point</token>
<token t_id="461" sentence="20" number="5">of</token>
<token t_id="462" sentence="20" number="6">our</token>
<token t_id="463" sentence="20" number="7">lives</token>
<token t_id="464" sentence="20" number="8">,</token>
<token t_id="465" sentence="20" number="9">"</token>
<token t_id="466" sentence="20" number="10">said</token>
<token t_id="467" sentence="20" number="11">a</token>
<token t_id="468" sentence="20" number="12">tearful</token>
<token t_id="469" sentence="20" number="13">Charlie</token>
<token t_id="470" sentence="20" number="14">Kafoury</token>
<token t_id="471" sentence="20" number="15">,</token>
<token t_id="472" sentence="20" number="16">who</token>
<token t_id="473" sentence="20" number="17">had</token>
<token t_id="474" sentence="20" number="18">difficulty</token>
<token t_id="475" sentence="20" number="19">getting</token>
<token t_id="476" sentence="20" number="20">out</token>
<token t_id="477" sentence="20" number="21">his</token>
<token t_id="478" sentence="20" number="22">words</token>
<token t_id="479" sentence="20" number="23">.</token>
<token t_id="480" sentence="21" number="0">A</token>
<token t_id="481" sentence="21" number="1">number</token>
<token t_id="482" sentence="21" number="2">of</token>
<token t_id="483" sentence="21" number="3">loved</token>
<token t_id="484" sentence="21" number="4">ones</token>
<token t_id="485" sentence="21" number="5">stood</token>
<token t_id="486" sentence="21" number="6">behind</token>
<token t_id="487" sentence="21" number="7">him</token>
<token t_id="488" sentence="21" number="8">and</token>
<token t_id="489" sentence="21" number="9">cried</token>
<token t_id="490" sentence="21" number="10">audibly</token>
<token t_id="491" sentence="21" number="11">.</token>
<token t_id="492" sentence="22" number="0">They</token>
<token t_id="493" sentence="22" number="1">engaged</token>
<token t_id="494" sentence="22" number="2">in</token>
<token t_id="495" sentence="22" number="3">a</token>
<token t_id="496" sentence="22" number="4">group</token>
<token t_id="497" sentence="22" number="5">hug</token>
<token t_id="498" sentence="22" number="6">after</token>
<token t_id="499" sentence="22" number="7">the</token>
<token t_id="500" sentence="22" number="8">news</token>
<token t_id="501" sentence="22" number="9">conference</token>
<token t_id="502" sentence="22" number="10">.</token>
<token t_id="503" sentence="23" number="0">Troy</token>
<token t_id="504" sentence="23" number="1">police</token>
<token t_id="505" sentence="23" number="2">Sgt</token>
<token t_id="506" sentence="23" number="3">.</token>
<token t_id="507" sentence="23" number="4">Barry</token>
<token t_id="508" sentence="23" number="5">Whiteside</token>
<token t_id="509" sentence="23" number="6">said</token>
<token t_id="510" sentence="23" number="7">LaCalamita</token>
<token t_id="511" sentence="23" number="8">first</token>
<token t_id="512" sentence="23" number="9">stopped</token>
<token t_id="513" sentence="23" number="10">at</token>
<token t_id="514" sentence="23" number="11">the</token>
<token t_id="515" sentence="23" number="12">reception</token>
<token t_id="516" sentence="23" number="13">area</token>
<token t_id="517" sentence="23" number="14">after</token>
<token t_id="518" sentence="23" number="15">10</token>
<token t_id="519" sentence="23" number="16">a</token>
<token t_id="520" sentence="23" number="17">.</token>
<token t_id="521" sentence="23" number="18">m</token>
<token t_id="522" sentence="23" number="19">.</token>
<token t_id="523" sentence="23" number="20">on</token>
<token t_id="524" sentence="23" number="21">Monday</token>
<token t_id="525" sentence="23" number="22">and</token>
<token t_id="526" sentence="23" number="23">talked</token>
<token t_id="527" sentence="23" number="24">to</token>
<token t_id="528" sentence="23" number="25">Kafoury</token>
<token t_id="529" sentence="23" number="26">,</token>
<token t_id="530" sentence="23" number="27">then</token>
<token t_id="531" sentence="23" number="28">entered</token>
<token t_id="532" sentence="23" number="29">Steinberg's</token>
<token t_id="533" sentence="23" number="30">office</token>
<token t_id="534" sentence="23" number="31">and</token>
<token t_id="535" sentence="23" number="32">asked</token>
<token t_id="536" sentence="23" number="33">him</token>
<token t_id="537" sentence="23" number="34">twice</token>
<token t_id="538" sentence="23" number="35">if</token>
<token t_id="539" sentence="23" number="36">he</token>
<token t_id="540" sentence="23" number="37">wanted</token>
<token t_id="541" sentence="23" number="38">to</token>
<token t_id="542" sentence="23" number="39">be</token>
<token t_id="543" sentence="23" number="40">shot</token>
<token t_id="544" sentence="23" number="41">.</token>
<token t_id="545" sentence="24" number="0">Steinberg</token>
<token t_id="546" sentence="24" number="1">told</token>
<token t_id="547" sentence="24" number="2">police</token>
<token t_id="548" sentence="24" number="3">he</token>
<token t_id="549" sentence="24" number="4">thought</token>
<token t_id="550" sentence="24" number="5">LaCalamita</token>
<token t_id="551" sentence="24" number="6">was</token>
<token t_id="552" sentence="24" number="7">holding</token>
<token t_id="553" sentence="24" number="8">a</token>
<token t_id="554" sentence="24" number="9">toy</token>
<token t_id="555" sentence="24" number="10">gun</token>
<token t_id="556" sentence="24" number="11">.</token>
<token t_id="557" sentence="25" number="0">"He</token>
<token t_id="558" sentence="25" number="1">didn't</token>
<token t_id="559" sentence="25" number="2">think</token>
<token t_id="560" sentence="25" number="3">it</token>
<token t_id="561" sentence="25" number="4">was</token>
<token t_id="562" sentence="25" number="5">real</token>
<token t_id="563" sentence="25" number="6">until</token>
<token t_id="564" sentence="25" number="7">he</token>
<token t_id="565" sentence="25" number="8">saw</token>
<token t_id="566" sentence="25" number="9">the</token>
<token t_id="567" sentence="25" number="10">shotgun</token>
<token t_id="568" sentence="25" number="11">was</token>
<token t_id="569" sentence="25" number="12">being</token>
<token t_id="570" sentence="25" number="13">racked</token>
<token t_id="571" sentence="25" number="14">,</token>
<token t_id="572" sentence="25" number="15">"</token>
<token t_id="573" sentence="25" number="16">Whiteside</token>
<token t_id="574" sentence="25" number="17">said</token>
<token t_id="575" sentence="25" number="18">.</token>
<token t_id="576" sentence="26" number="0">After</token>
<token t_id="577" sentence="26" number="1">shooting</token>
<token t_id="578" sentence="26" number="2">Steinberg</token>
<token t_id="579" sentence="26" number="3">,</token>
<token t_id="580" sentence="26" number="4">Whiteside</token>
<token t_id="581" sentence="26" number="5">said</token>
<token t_id="582" sentence="26" number="6">LaCalamita</token>
<token t_id="583" sentence="26" number="7">walked</token>
<token t_id="584" sentence="26" number="8">down</token>
<token t_id="585" sentence="26" number="9">the</token>
<token t_id="586" sentence="26" number="10">hall</token>
<token t_id="587" sentence="26" number="11">and</token>
<token t_id="588" sentence="26" number="12">into</token>
<token t_id="589" sentence="26" number="13">Riva's</token>
<token t_id="590" sentence="26" number="14">office</token>
<token t_id="591" sentence="26" number="15">.</token>
<token t_id="592" sentence="27" number="0">Kafoury</token>
<token t_id="593" sentence="27" number="1">,</token>
<token t_id="594" sentence="27" number="2">who</token>
<token t_id="595" sentence="27" number="3">was</token>
<token t_id="596" sentence="27" number="4">standing</token>
<token t_id="597" sentence="27" number="5">in</token>
<token t_id="598" sentence="27" number="6">the</token>
<token t_id="599" sentence="27" number="7">doorway</token>
<token t_id="600" sentence="27" number="8">of</token>
<token t_id="601" sentence="27" number="9">Riva's</token>
<token t_id="602" sentence="27" number="10">office</token>
<token t_id="603" sentence="27" number="11">,</token>
<token t_id="604" sentence="27" number="12">was</token>
<token t_id="605" sentence="27" number="13">struck</token>
<token t_id="606" sentence="27" number="14">in</token>
<token t_id="607" sentence="27" number="15">her</token>
<token t_id="608" sentence="27" number="16">midsection</token>
<token t_id="609" sentence="27" number="17">,</token>
<token t_id="610" sentence="27" number="18">Whiteside</token>
<token t_id="611" sentence="27" number="19">said</token>
<token t_id="612" sentence="27" number="20">.</token>
<token t_id="613" sentence="28" number="0">She</token>
<token t_id="614" sentence="28" number="1">fell</token>
<token t_id="615" sentence="28" number="2">to</token>
<token t_id="616" sentence="28" number="3">the</token>
<token t_id="617" sentence="28" number="4">floor</token>
<token t_id="618" sentence="28" number="5">and</token>
<token t_id="619" sentence="28" number="6">died</token>
<token t_id="620" sentence="28" number="7">from</token>
<token t_id="621" sentence="28" number="8">her</token>
<token t_id="622" sentence="28" number="9">wounds</token>
<token t_id="623" sentence="28" number="10">,</token>
<token t_id="624" sentence="28" number="11">he</token>
<token t_id="625" sentence="28" number="12">said</token>
<token t_id="626" sentence="28" number="13">.</token>
<token t_id="627" sentence="29" number="0">LaCalamita</token>
<token t_id="628" sentence="29" number="1">then</token>
<token t_id="629" sentence="29" number="2">fired</token>
<token t_id="630" sentence="29" number="3">one</token>
<token t_id="631" sentence="29" number="4">round</token>
<token t_id="632" sentence="29" number="5">at</token>
<token t_id="633" sentence="29" number="6">Riva</token>
<token t_id="634" sentence="29" number="7">,</token>
<token t_id="635" sentence="29" number="8">who</token>
<token t_id="636" sentence="29" number="9">was</token>
<token t_id="637" sentence="29" number="10">struck</token>
<token t_id="638" sentence="29" number="11">in</token>
<token t_id="639" sentence="29" number="12">the</token>
<token t_id="640" sentence="29" number="13">upper</token>
<token t_id="641" sentence="29" number="14">chest</token>
<token t_id="642" sentence="29" number="15">area</token>
<token t_id="643" sentence="29" number="16">.</token>
<token t_id="644" sentence="30" number="0">Riva</token>
<token t_id="645" sentence="30" number="1">tried</token>
<token t_id="646" sentence="30" number="2">to</token>
<token t_id="647" sentence="30" number="3">step</token>
<token t_id="648" sentence="30" number="4">over</token>
<token t_id="649" sentence="30" number="5">Kafoury</token>
<token t_id="650" sentence="30" number="6">and</token>
<token t_id="651" sentence="30" number="7">collapsed</token>
<token t_id="652" sentence="30" number="8">in</token>
<token t_id="653" sentence="30" number="9">the</token>
<token t_id="654" sentence="30" number="10">hall</token>
<token t_id="655" sentence="30" number="11">,</token>
<token t_id="656" sentence="30" number="12">Whiteside</token>
<token t_id="657" sentence="30" number="13">said</token>
<token t_id="658" sentence="30" number="14">.</token>
<token t_id="659" sentence="31" number="0">Police</token>
<token t_id="660" sentence="31" number="1">said</token>
<token t_id="661" sentence="31" number="2">LaCalamita</token>
<token t_id="662" sentence="31" number="3">targeted</token>
<token t_id="663" sentence="31" number="4">the</token>
<token t_id="664" sentence="31" number="5">two</token>
<token t_id="665" sentence="31" number="6">managers</token>
<token t_id="666" sentence="31" number="7">and</token>
<token t_id="667" sentence="31" number="8">also</token>
<token t_id="668" sentence="31" number="9">may</token>
<token t_id="669" sentence="31" number="10">have</token>
<token t_id="670" sentence="31" number="11">intended</token>
<token t_id="671" sentence="31" number="12">to</token>
<token t_id="672" sentence="31" number="13">shoot</token>
<token t_id="673" sentence="31" number="14">another</token>
<token t_id="674" sentence="31" number="15">one</token>
<token t_id="675" sentence="31" number="16">.</token>
<token t_id="676" sentence="32" number="0">"There</token>
<token t_id="677" sentence="32" number="1">is</token>
<token t_id="678" sentence="32" number="2">a</token>
<token t_id="679" sentence="32" number="3">suspicion</token>
<token t_id="680" sentence="32" number="4">that</token>
<token t_id="681" sentence="32" number="5">there</token>
<token t_id="682" sentence="32" number="6">might</token>
<token t_id="683" sentence="32" number="7">have</token>
<token t_id="684" sentence="32" number="8">been</token>
<token t_id="685" sentence="32" number="9">a</token>
<token t_id="686" sentence="32" number="10">third</token>
<token t_id="687" sentence="32" number="11">upper</token>
<token t_id="688" sentence="32" number="12">management</token>
<token t_id="689" sentence="32" number="13">official</token>
<token t_id="690" sentence="32" number="14">he</token>
<token t_id="691" sentence="32" number="15">was</token>
<token t_id="692" sentence="32" number="16">seeking</token>
<token t_id="693" sentence="32" number="17">,</token>
<token t_id="694" sentence="32" number="18">"</token>
<token t_id="695" sentence="32" number="19">said</token>
<token t_id="696" sentence="32" number="20">Troy</token>
<token t_id="697" sentence="32" number="21">police</token>
<token t_id="698" sentence="32" number="22">Lt</token>
<token t_id="699" sentence="32" number="23">.</token>
<token t_id="700" sentence="32" number="24">Gerry</token>
<token t_id="701" sentence="32" number="25">Scherlinck</token>
<token t_id="702" sentence="32" number="26">.</token>
<token t_id="703" sentence="33" number="0">The</token>
<token t_id="704" sentence="33" number="1">man</token>
<token t_id="705" sentence="33" number="2">,</token>
<token t_id="706" sentence="33" number="3">whom</token>
<token t_id="707" sentence="33" number="4">police</token>
<token t_id="708" sentence="33" number="5">did</token>
<token t_id="709" sentence="33" number="6">not</token>
<token t_id="710" sentence="33" number="7">identify</token>
<token t_id="711" sentence="33" number="8">,</token>
<token t_id="712" sentence="33" number="9">was</token>
<token t_id="713" sentence="33" number="10">not</token>
<token t_id="714" sentence="33" number="11">in</token>
<token t_id="715" sentence="33" number="12">the</token>
<token t_id="716" sentence="33" number="13">office</token>
<token t_id="717" sentence="33" number="14">suite</token>
<token t_id="718" sentence="33" number="15">at</token>
<token t_id="719" sentence="33" number="16">the</token>
<token t_id="720" sentence="33" number="17">time</token>
<token t_id="721" sentence="33" number="18">of</token>
<token t_id="722" sentence="33" number="19">the</token>
<token t_id="723" sentence="33" number="20">attack</token>
<token t_id="724" sentence="33" number="21">.</token>
<token t_id="725" sentence="34" number="0">Police</token>
<token t_id="726" sentence="34" number="1">said</token>
<token t_id="727" sentence="34" number="2">the</token>
<token t_id="728" sentence="34" number="3">shotgun</token>
<token t_id="729" sentence="34" number="4">was</token>
<token t_id="730" sentence="34" number="5">armed</token>
<token t_id="731" sentence="34" number="6">with</token>
<token t_id="732" sentence="34" number="7">buckshot</token>
<token t_id="733" sentence="34" number="8">that</token>
<token t_id="734" sentence="34" number="9">contained</token>
<token t_id="735" sentence="34" number="10">nine</token>
<token t_id="736" sentence="34" number="11">pellets</token>
<token t_id="737" sentence="34" number="12">in</token>
<token t_id="738" sentence="34" number="13">each</token>
<token t_id="739" sentence="34" number="14">shot</token>
<token t_id="740" sentence="34" number="15">.</token>
<token t_id="741" sentence="35" number="0">Some</token>
<token t_id="742" sentence="35" number="1">of</token>
<token t_id="743" sentence="35" number="2">the</token>
<token t_id="744" sentence="35" number="3">pellets</token>
<token t_id="745" sentence="35" number="4">hit</token>
<token t_id="746" sentence="35" number="5">the</token>
<token t_id="747" sentence="35" number="6">victims</token>
<token t_id="748" sentence="35" number="7">and</token>
<token t_id="749" sentence="35" number="8">some</token>
<token t_id="750" sentence="35" number="9">did</token>
<token t_id="751" sentence="35" number="10">not</token>
<token t_id="752" sentence="35" number="11">,</token>
<token t_id="753" sentence="35" number="12">police</token>
<token t_id="754" sentence="35" number="13">said</token>
<token t_id="755" sentence="35" number="14">.</token>
<token t_id="756" sentence="36" number="0">LaCalamita</token>
<token t_id="757" sentence="36" number="1">was</token>
<token t_id="758" sentence="36" number="2">fired</token>
<token t_id="759" sentence="36" number="3">from</token>
<token t_id="760" sentence="36" number="4">his</token>
<token t_id="761" sentence="36" number="5">position</token>
<token t_id="762" sentence="36" number="6">as</token>
<token t_id="763" sentence="36" number="7">a</token>
<token t_id="764" sentence="36" number="8">general</token>
<token t_id="765" sentence="36" number="9">accountant</token>
<token t_id="766" sentence="36" number="10">last</token>
<token t_id="767" sentence="36" number="11">Thursday</token>
<token t_id="768" sentence="36" number="12">because</token>
<token t_id="769" sentence="36" number="13">of</token>
<token t_id="770" sentence="36" number="14">poor</token>
<token t_id="771" sentence="36" number="15">performance</token>
<token t_id="772" sentence="36" number="16">,</token>
<token t_id="773" sentence="36" number="17">police</token>
<token t_id="774" sentence="36" number="18">said</token>
<token t_id="775" sentence="36" number="19">.</token>
<token t_id="776" sentence="37" number="0">According</token>
<token t_id="777" sentence="37" number="1">to</token>
<token t_id="778" sentence="37" number="2">receipts</token>
<token t_id="779" sentence="37" number="3">police</token>
<token t_id="780" sentence="37" number="4">recovered</token>
<token t_id="781" sentence="37" number="5">from</token>
<token t_id="782" sentence="37" number="6">his</token>
<token t_id="783" sentence="37" number="7">apartment</token>
<token t_id="784" sentence="37" number="8">,</token>
<token t_id="785" sentence="37" number="9">LaCalamita</token>
<token t_id="786" sentence="37" number="10">purchased</token>
<token t_id="787" sentence="37" number="11">the</token>
<token t_id="788" sentence="37" number="12">shotgun</token>
<token t_id="789" sentence="37" number="13">around</token>
<token t_id="790" sentence="37" number="14">3</token>
<token t_id="791" sentence="37" number="15">:</token>
<token t_id="792" sentence="37" number="16">45</token>
<token t_id="793" sentence="37" number="17">p</token>
<token t_id="794" sentence="37" number="18">.</token>
<token t_id="795" sentence="37" number="19">m</token>
<token t_id="796" sentence="37" number="20">.</token>
<token t_id="797" sentence="37" number="21">on</token>
<token t_id="798" sentence="37" number="22">Friday</token>
<token t_id="799" sentence="37" number="23">.</token>
<token t_id="800" sentence="38" number="0">LaCalamita</token>
<token t_id="801" sentence="38" number="1">was</token>
<token t_id="802" sentence="38" number="2">denied</token>
<token t_id="803" sentence="38" number="3">a</token>
<token t_id="804" sentence="38" number="4">handgun</token>
<token t_id="805" sentence="38" number="5">permit</token>
<token t_id="806" sentence="38" number="6">in</token>
<token t_id="807" sentence="38" number="7">March</token>
<token t_id="808" sentence="38" number="8">,</token>
<token t_id="809" sentence="38" number="9">said</token>
<token t_id="810" sentence="38" number="10">Scherlinck</token>
<token t_id="811" sentence="38" number="11">,</token>
<token t_id="812" sentence="38" number="12">who</token>
<token t_id="813" sentence="38" number="13">would</token>
<token t_id="814" sentence="38" number="14">not</token>
<token t_id="815" sentence="38" number="15">say</token>
<token t_id="816" sentence="38" number="16">why</token>
<token t_id="817" sentence="38" number="17">the</token>
<token t_id="818" sentence="38" number="18">permit</token>
<token t_id="819" sentence="38" number="19">was</token>
<token t_id="820" sentence="38" number="20">denied</token>
<token t_id="821" sentence="38" number="21">.</token>
<token t_id="822" sentence="39" number="0">LaCalamita</token>
<token t_id="823" sentence="39" number="1">was</token>
<token t_id="824" sentence="39" number="2">arrested</token>
<token t_id="825" sentence="39" number="3">Monday</token>
<token t_id="826" sentence="39" number="4">afternoon</token>
<token t_id="827" sentence="39" number="5">after</token>
<token t_id="828" sentence="39" number="6">leading</token>
<token t_id="829" sentence="39" number="7">police</token>
<token t_id="830" sentence="39" number="8">on</token>
<token t_id="831" sentence="39" number="9">a</token>
<token t_id="832" sentence="39" number="10">chase</token>
<token t_id="833" sentence="39" number="11">north</token>
<token t_id="834" sentence="39" number="12">along</token>
<token t_id="835" sentence="39" number="13">Interstate</token>
<token t_id="836" sentence="39" number="14">75</token>
<token t_id="837" sentence="39" number="15">in</token>
<token t_id="838" sentence="39" number="16">Genesee</token>
<token t_id="839" sentence="39" number="17">County</token>
<token t_id="840" sentence="39" number="18">in</token>
<token t_id="841" sentence="39" number="19">which</token>
<token t_id="842" sentence="39" number="20">speeds</token>
<token t_id="843" sentence="39" number="21">reached</token>
<token t_id="844" sentence="39" number="22">120</token>
<token t_id="845" sentence="39" number="23">mph</token>
<token t_id="846" sentence="39" number="24">.</token>
<token t_id="847" sentence="40" number="0">A</token>
<token t_id="848" sentence="40" number="1">12</token>
<token t_id="849" sentence="40" number="2">-</token>
<token t_id="850" sentence="40" number="3">gauge</token>
<token t_id="851" sentence="40" number="4">pump</token>
<token t_id="852" sentence="40" number="5">-</token>
<token t_id="853" sentence="40" number="6">action</token>
<token t_id="854" sentence="40" number="7">shotgun</token>
<token t_id="855" sentence="40" number="8">and</token>
<token t_id="856" sentence="40" number="9">three</token>
<token t_id="857" sentence="40" number="10">live</token>
<token t_id="858" sentence="40" number="11">shells</token>
<token t_id="859" sentence="40" number="12">were</token>
<token t_id="860" sentence="40" number="13">found</token>
<token t_id="861" sentence="40" number="14">in</token>
<token t_id="862" sentence="40" number="15">the</token>
<token t_id="863" sentence="40" number="16">silver</token>
<token t_id="864" sentence="40" number="17">Ford</token>
<token t_id="865" sentence="40" number="18">Fusion</token>
<token t_id="866" sentence="40" number="19">LaCalamita</token>
<token t_id="867" sentence="40" number="20">was</token>
<token t_id="868" sentence="40" number="21">driving</token>
<token t_id="869" sentence="40" number="22">.</token>
<token t_id="870" sentence="41" number="0">Police</token>
<token t_id="871" sentence="41" number="1">said</token>
<token t_id="872" sentence="41" number="2">they</token>
<token t_id="873" sentence="41" number="3">found</token>
<token t_id="874" sentence="41" number="4">a</token>
<token t_id="875" sentence="41" number="5">long</token>
<token t_id="876" sentence="41" number="6">,</token>
<token t_id="877" sentence="41" number="7">cardboard</token>
<token t_id="878" sentence="41" number="8">box</token>
<token t_id="879" sentence="41" number="9">consistent</token>
<token t_id="880" sentence="41" number="10">to</token>
<token t_id="881" sentence="41" number="11">one</token>
<token t_id="882" sentence="41" number="12">that</token>
<token t_id="883" sentence="41" number="13">would</token>
<token t_id="884" sentence="41" number="14">hold</token>
<token t_id="885" sentence="41" number="15">a</token>
<token t_id="886" sentence="41" number="16">shotgun</token>
<token t_id="887" sentence="41" number="17">,</token>
<token t_id="888" sentence="41" number="18">as</token>
<token t_id="889" sentence="41" number="19">well</token>
<token t_id="890" sentence="41" number="20">as</token>
<token t_id="891" sentence="41" number="21">empty</token>
<token t_id="892" sentence="41" number="22">shell</token>
<token t_id="893" sentence="41" number="23">boxes</token>
<token t_id="894" sentence="41" number="24">,</token>
<token t_id="895" sentence="41" number="25">in</token>
<token t_id="896" sentence="41" number="26">a</token>
<token t_id="897" sentence="41" number="27">Dumpster</token>
<token t_id="898" sentence="41" number="28">outside</token>
<token t_id="899" sentence="41" number="29">LaCalamita's</token>
<token t_id="900" sentence="41" number="30">apartment</token>
<token t_id="901" sentence="41" number="31">during</token>
<token t_id="902" sentence="41" number="32">a</token>
<token t_id="903" sentence="41" number="33">search</token>
<token t_id="904" sentence="41" number="34">Monday</token>
<token t_id="905" sentence="41" number="35">evening</token>
<token t_id="906" sentence="41" number="36">.</token>
<Markables>
<ACTION_OCCURRENCE m_id="9"  >
  <token_anchor t_id="83"/>
</ACTION_OCCURRENCE>
<ACTION_OCCURRENCE m_id="41"  >
  <token_anchor t_id="213"/>
</ACTION_OCCURRENCE>
<ACTION_OCCURRENCE m_id="10"  >
  <token_anchor t_id="97"/>
</ACTION_OCCURRENCE>
<ACTION_OCCURRENCE m_id="11"  >
  <token_anchor t_id="40"/>
</ACTION_OCCURRENCE>
<ACTION_OCCURRENCE m_id="12"  >
  <token_anchor t_id="42"/>
</ACTION_OCCURRENCE>
<ACTION_OCCURRENCE m_id="13"  >
  <token_anchor t_id="43"/>
</ACTION_OCCURRENCE>
<ACTION_OCCURRENCE m_id="45"  >
  <token_anchor t_id="101"/>
</ACTION_OCCURRENCE>
<ACTION_OCCURRENCE m_id="46"  >
  <token_anchor t_id="103"/>
</ACTION_OCCURRENCE>
<ACTION_OCCURRENCE m_id="55"  >
  <token_anchor t_id="114"/>
</ACTION_OCCURRENCE>
<ACTION_OCCURRENCE m_id="24"  >
  <token_anchor t_id="57"/>
</ACTION_OCCURRENCE>
<ACTION_OCCURRENCE m_id="57"  >
  <token_anchor t_id="131"/>
</ACTION_OCCURRENCE>
<ACTION_OCCURRENCE m_id="60"  >
  <token_anchor t_id="142"/>
</ACTION_OCCURRENCE>
<ACTION_OCCURRENCE m_id="61"  >
  <token_anchor t_id="149"/>
</ACTION_OCCURRENCE>
<ACTION_OCCURRENCE m_id="30"  >
  <token_anchor t_id="159"/>
</ACTION_OCCURRENCE>
<ACTION_OCCURRENCE m_id="62"  >
  <token_anchor t_id="150"/>
</ACTION_OCCURRENCE>
<ACTION_OCCURRENCE m_id="31"  >
  <token_anchor t_id="161"/>
</ACTION_OCCURRENCE>
<ACTION_OCCURRENCE m_id="32"  >
  <token_anchor t_id="183"/>
</ACTION_OCCURRENCE>
<ACTION_OCCURRENCE m_id="3"  >
  <token_anchor t_id="38"/>
</ACTION_OCCURRENCE>
<ACTION_OCCURRENCE m_id="4"  >
  <token_anchor t_id="51"/>
</ACTION_OCCURRENCE>
<ACTION_OCCURRENCE m_id="5"  >
  <token_anchor t_id="61"/>
</ACTION_OCCURRENCE>
<ACTION_OCCURRENCE m_id="6"  >
  <token_anchor t_id="67"/>
</ACTION_OCCURRENCE>
<ACTION_OCCURRENCE m_id="7"  >
  <token_anchor t_id="72"/>
  <token_anchor t_id="74"/>
</ACTION_OCCURRENCE>
<ACTION_OCCURRENCE m_id="39"  >
  <token_anchor t_id="205"/>
</ACTION_OCCURRENCE>
<ACTION_OCCURRENCE m_id="8"  >
  <token_anchor t_id="81"/>
</ACTION_OCCURRENCE>
<ACTION_OCCURRENCE m_id="40"  >
  <token_anchor t_id="210"/>
</ACTION_OCCURRENCE>
<ACTION_REPORTING m_id="21"  >
  <token_anchor t_id="92"/>
</ACTION_REPORTING>
<ACTION_REPORTING m_id="58"  >
  <token_anchor t_id="137"/>
</ACTION_REPORTING>
<HUMAN_PART_ORG m_id="34"  >
  <token_anchor t_id="185"/>
  <token_anchor t_id="186"/>
</HUMAN_PART_ORG>
<HUMAN_PART_PER m_id="42"  >
  <token_anchor t_id="215"/>
</HUMAN_PART_PER>
<HUMAN_PART_PER m_id="14"  >
  <token_anchor t_id="50"/>
</HUMAN_PART_PER>
<HUMAN_PART_PER m_id="15"  >
  <token_anchor t_id="56"/>
</HUMAN_PART_PER>
<HUMAN_PART_PER m_id="47"  >
  <token_anchor t_id="109"/>
  <token_anchor t_id="110"/>
</HUMAN_PART_PER>
<HUMAN_PART_PER m_id="16"  >
  <token_anchor t_id="63"/>
</HUMAN_PART_PER>
<HUMAN_PART_PER m_id="48"  >
  <token_anchor t_id="120"/>
  <token_anchor t_id="121"/>
</HUMAN_PART_PER>
<HUMAN_PART_PER m_id="17"  >
  <token_anchor t_id="70"/>
</HUMAN_PART_PER>
<HUMAN_PART_PER m_id="49"  >
  <token_anchor t_id="123"/>
  <token_anchor t_id="124"/>
</HUMAN_PART_PER>
<HUMAN_PART_PER m_id="18"  >
  <token_anchor t_id="84"/>
</HUMAN_PART_PER>
<HUMAN_PART_PER m_id="50"  >
  <token_anchor t_id="129"/>
</HUMAN_PART_PER>
<HUMAN_PART_PER m_id="19"  >
  <token_anchor t_id="91"/>
</HUMAN_PART_PER>
<HUMAN_PART_PER m_id="51"  >
  <token_anchor t_id="145"/>
</HUMAN_PART_PER>
<HUMAN_PART_PER m_id="20"  >
  <token_anchor t_id="96"/>
</HUMAN_PART_PER>
<HUMAN_PART_PER m_id="52"  >
  <token_anchor t_id="106"/>
</HUMAN_PART_PER>
<HUMAN_PART_PER m_id="53"  >
  <token_anchor t_id="118"/>
</HUMAN_PART_PER>
<HUMAN_PART_PER m_id="25"  >
  <token_anchor t_id="60"/>
</HUMAN_PART_PER>
<HUMAN_PART_PER m_id="59"  >
  <token_anchor t_id="139"/>
</HUMAN_PART_PER>
<HUMAN_PART_PER m_id="28"  >
  <token_anchor t_id="158"/>
</HUMAN_PART_PER>
<HUMAN_PART_PER m_id="29"  >
  <token_anchor t_id="203"/>
</HUMAN_PART_PER>
<HUMAN_PART_PER m_id="1"  >
  <token_anchor t_id="37"/>
</HUMAN_PART_PER>
<HUMAN_PART_PER m_id="33"  >
  <token_anchor t_id="169"/>
  <token_anchor t_id="170"/>
  <token_anchor t_id="171"/>
</HUMAN_PART_PER>
<HUMAN_PART_PER m_id="68"  >
  <token_anchor t_id="77"/>
</HUMAN_PART_PER>
<HUMAN_PART_PER m_id="36"  >
  <token_anchor t_id="165"/>
  <token_anchor t_id="166"/>
  <token_anchor t_id="167"/>
</HUMAN_PART_PER>
<HUMAN_PART_PER m_id="37"  >
  <token_anchor t_id="180"/>
</HUMAN_PART_PER>
<LOC_FAC m_id="26"  >
  <token_anchor t_id="65"/>
</LOC_FAC>
<LOC_FAC m_id="69"  >
  <token_anchor t_id="78"/>
</LOC_FAC>
<LOC_GEO m_id="43"  >
  <token_anchor t_id="220"/>
</LOC_GEO>
<LOC_GEO m_id="38"  >
  <token_anchor t_id="179"/>
</LOC_GEO>
<LOC_OTHER m_id="63"  >
  <token_anchor t_id="132"/>
  <token_anchor t_id="133"/>
  <token_anchor t_id="134"/>
</LOC_OTHER>
<NON_HUMAN_PART m_id="27"  >
  <token_anchor t_id="87"/>
</NON_HUMAN_PART>
<NON_HUMAN_PART m_id="64"  >
  <token_anchor t_id="155"/>
</NON_HUMAN_PART>
<TIME_DATE m_id="44"  >
  <token_anchor t_id="100"/>
</TIME_DATE>
<TIME_DATE m_id="22"  >
  <token_anchor t_id="93"/>
</TIME_DATE>
<TIME_DATE m_id="2"  >
  <token_anchor t_id="45"/>
  <token_anchor t_id="46"/>
  <token_anchor t_id="47"/>
  <token_anchor t_id="48"/>
</TIME_DATE>
<TIME_DATE m_id="35"  >
  <token_anchor t_id="187"/>
  <token_anchor t_id="188"/>
</TIME_DATE>
<TIME_DURATION m_id="23"  >
  <token_anchor t_id="52"/>
  <token_anchor t_id="53"/>
</TIME_DURATION>


<ACTION_OCCURRENCE m_id="74" note="byCROMER" >
  <token_anchor t_id="115"/>
</ACTION_OCCURRENCE>
<ACTION_OCCURRENCE m_id="75" note="byCROMER" >
  <token_anchor t_id="127"/>
</ACTION_OCCURRENCE>


<TIME_DATE m_id="81" RELATED_TO="" TAG_DESCRIPTOR="t18_monday" instance_id="TIM17643674283349250" />
<TIME_DATE m_id="80" RELATED_TO="" TAG_DESCRIPTOR="t18_last_week_fired" instance_id="TIM17634546349379314" />
<HUMAN_PART_PER m_id="95" RELATED_TO="" TAG_DESCRIPTOR="t18_dead_woman" instance_id="HUM17644549751498177" />
<HUMAN_PART_PER m_id="94" RELATED_TO="" TAG_DESCRIPTOR="t18_workers" instance_id="HUM17634402498585457" />
<HUMAN_PART_PER m_id="93" RELATED_TO="" TAG_DESCRIPTOR="t18_shooter" instance_id="HUM17634361679347344" />
<HUMAN_PART_PER m_id="92" RELATED_TO="" TAG_DESCRIPTOR="t18_steinberg" instance_id="HUM17650296940119981" />
<ACTION_OCCURRENCE m_id="91" RELATED_TO="" TAG_DESCRIPTOR="t18_fired" instance_id="ACT17634335402702692" />
<LOC_OTHER m_id="90" RELATED_TO="" TAG_DESCRIPTOR="t18_hip" instance_id="LOC17650331334678094" />
<ACTION_OCCURRENCE m_id="79" RELATED_TO="" TAG_DESCRIPTOR="t18_shooting" instance_id="ACT17634298974206374" />
<ACTION_OCCURRENCE m_id="78" RELATED_TO="" TAG_DESCRIPTOR="t18_killing" instance_id="ACT17634346596006097" />
<LOC_FAC m_id="77" RELATED_TO="" TAG_DESCRIPTOR="t18_detroit_accounting_firm" instance_id="LOC17634445205802704" />
<ACTION_OCCURRENCE m_id="76" RELATED_TO="" TAG_DESCRIPTOR="t18_walked" instance_id="ACT17646169608195079" />
<NON_HUMAN_PART m_id="89" RELATED_TO="" TAG_DESCRIPTOR="t18_shotgun" instance_id="NON17643576487705162" />
<HUMAN_PART_PER m_id="88" RELATED_TO="" TAG_DESCRIPTOR="t18_riva" instance_id="HUM17650284216818259" />
<HUMAN_PART_PER m_id="87" RELATED_TO="" TAG_DESCRIPTOR="t18_police" instance_id="HUM17650310358342983" />
<ACTION_OCCURRENCE m_id="86" RELATED_TO="" TAG_DESCRIPTOR="t18_injured" instance_id="ACT17634627401104716" />
<ACTION_OCCURRENCE m_id="85" RELATED_TO="" TAG_DESCRIPTOR="t18_charged" instance_id="ACT17645879005182042" />
<HUMAN_PART_PER m_id="84" RELATED_TO="" TAG_DESCRIPTOR="t18_two_injured" instance_id="HUM17644603477119489" />
<ACTION_OCCURRENCE m_id="83" RELATED_TO="" TAG_DESCRIPTOR="t18_murder_charges" instance_id="ACT17645992998144716" />
<ACTION_OCCURRENCE m_id="82" RELATED_TO="" TAG_DESCRIPTOR="t18_died" instance_id="ACT17634610487102180" />
</Markables>

<Relations>
<CROSS_DOC_COREF r_id="25092" note="ACT17646169608195079" >
  <source m_id="5" />
  <target m_id="76" />
</CROSS_DOC_COREF>
<CROSS_DOC_COREF r_id="25093" note="LOC17634445205802704" >
  <source m_id="69" />
  <source m_id="26" />
  <target m_id="77" />
</CROSS_DOC_COREF>
<CROSS_DOC_COREF r_id="25094" note="ACT17634346596006097" >
  <source m_id="9" />
  <target m_id="78" />
</CROSS_DOC_COREF>
<CROSS_DOC_COREF r_id="25095" note="ACT17634298974206374" >
  <source m_id="55" />
  <source m_id="57" />
  <source m_id="45" />
  <source m_id="31" />
  <source m_id="60" />
  <target m_id="79" />
</CROSS_DOC_COREF>
<CROSS_DOC_COREF r_id="25096" note="TIM17634546349379314" >
  <source m_id="35" />
  <target m_id="80" />
</CROSS_DOC_COREF>
<CROSS_DOC_COREF r_id="25097" note="TIM17643674283349250" >
  <source m_id="44" />
  <target m_id="81" />
</CROSS_DOC_COREF>
<CROSS_DOC_COREF r_id="25098" note="ACT17634610487102180" >
  <source m_id="74" />
  <source m_id="41" />
  <target m_id="82" />
</CROSS_DOC_COREF>
<CROSS_DOC_COREF r_id="25099" note="ACT17645992998144716" >
  <source m_id="40" />
  <source m_id="13" />
  <source m_id="11" />
  <target m_id="83" />
</CROSS_DOC_COREF>
<CROSS_DOC_COREF r_id="25100" note="HUM17644603477119489" >
  <source m_id="53" />
  <target m_id="84" />
</CROSS_DOC_COREF>
<CROSS_DOC_COREF r_id="25101" note="ACT17645879005182042" >
  <source m_id="3" />
  <source m_id="39" />
  <target m_id="85" />
</CROSS_DOC_COREF>
<CROSS_DOC_COREF r_id="25102" note="ACT17634627401104716" >
  <source m_id="75" />
  <target m_id="86" />
</CROSS_DOC_COREF>
<CROSS_DOC_COREF r_id="25103" note="HUM17650310358342983" >
  <source m_id="59" />
  <target m_id="87" />
</CROSS_DOC_COREF>
<CROSS_DOC_COREF r_id="25104" note="HUM17650284216818259" >
  <source m_id="48" />
  <source m_id="51" />
  <target m_id="88" />
</CROSS_DOC_COREF>
<CROSS_DOC_COREF r_id="25105" note="NON17643576487705162" >
  <source m_id="27" />
  <target m_id="89" />
</CROSS_DOC_COREF>
<CROSS_DOC_COREF r_id="25106" note="LOC17650331334678094" >
  <source m_id="63" />
  <target m_id="90" />
</CROSS_DOC_COREF>
<CROSS_DOC_COREF r_id="25107" note="ACT17634335402702692" >
  <source m_id="32" />
  <source m_id="4" />
  <target m_id="91" />
</CROSS_DOC_COREF>
<CROSS_DOC_COREF r_id="25108" note="HUM17650296940119981" >
  <source m_id="50" />
  <source m_id="49" />
  <target m_id="92" />
</CROSS_DOC_COREF>
<CROSS_DOC_COREF r_id="25109" note="HUM17634361679347344" >
  <source m_id="15" />
  <source m_id="28" />
  <source m_id="1" />
  <source m_id="16" />
  <source m_id="25" />
  <source m_id="33" />
  <source m_id="29" />
  <source m_id="20" />
  <source m_id="37" />
  <source m_id="14" />
  <target m_id="93" />
</CROSS_DOC_COREF>
<CROSS_DOC_COREF r_id="25110" note="HUM17634402498585457" >
  <source m_id="36" />
  <target m_id="94" />
</CROSS_DOC_COREF>
<CROSS_DOC_COREF r_id="25111" note="HUM17644549751498177" >
  <source m_id="42" />
  <source m_id="47" />
  <source m_id="52" />
  <source m_id="17" />
  <target m_id="95" />
</CROSS_DOC_COREF>

</Relations>
</Document>
