<Document doc_name="18_11ecb.xml" doc_id="DOC15654428102348003">
<token t_id="1" sentence="0" number="0">A</token>
<token t_id="2" sentence="0" number="1">former</token>
<token t_id="3" sentence="0" number="2">employee</token>
<token t_id="4" sentence="0" number="3">recently</token>
<token t_id="5" sentence="0" number="4">let</token>
<token t_id="6" sentence="0" number="5">go</token>
<token t_id="7" sentence="0" number="6">from</token>
<token t_id="8" sentence="0" number="7">his</token>
<token t_id="9" sentence="0" number="8">job</token>
<token t_id="10" sentence="0" number="9">opened</token>
<token t_id="11" sentence="0" number="10">fire</token>
<token t_id="12" sentence="0" number="11">at</token>
<token t_id="13" sentence="0" number="12">an</token>
<token t_id="14" sentence="0" number="13">office</token>
<token t_id="15" sentence="0" number="14">Christmas</token>
<token t_id="16" sentence="0" number="15">party</token>
<token t_id="17" sentence="0" number="16">yesterday</token>
<token t_id="18" sentence="0" number="17">,</token>
<token t_id="19" sentence="0" number="18">killing</token>
<token t_id="20" sentence="0" number="19">one</token>
<token t_id="21" sentence="0" number="20">person</token>
<token t_id="22" sentence="0" number="21">.</token>
<token t_id="23" sentence="1" number="0">Vancouver</token>
<token t_id="24" sentence="1" number="1">Police</token>
<token t_id="25" sentence="1" number="2">say</token>
<token t_id="26" sentence="1" number="3">the</token>
<token t_id="27" sentence="1" number="4">disgruntled</token>
<token t_id="28" sentence="1" number="5">man</token>
<token t_id="29" sentence="1" number="6">burst</token>
<token t_id="30" sentence="1" number="7">into</token>
<token t_id="31" sentence="1" number="8">the</token>
<token t_id="32" sentence="1" number="9">workplace</token>
<token t_id="33" sentence="1" number="10">during</token>
<token t_id="34" sentence="1" number="11">the</token>
<token t_id="35" sentence="1" number="12">party</token>
<token t_id="36" sentence="1" number="13">and</token>
<token t_id="37" sentence="1" number="14">opened</token>
<token t_id="38" sentence="1" number="15">fire</token>
<token t_id="39" sentence="1" number="16">.</token>
<token t_id="40" sentence="2" number="0">``</token>
<token t_id="41" sentence="2" number="1">The</token>
<token t_id="42" sentence="2" number="2">suspect</token>
<token t_id="43" sentence="2" number="3">,</token>
<token t_id="44" sentence="2" number="4">a</token>
<token t_id="45" sentence="2" number="5">61-year-old</token>
<token t_id="46" sentence="2" number="6">man</token>
<token t_id="47" sentence="2" number="7">,</token>
<token t_id="48" sentence="2" number="8">entered</token>
<token t_id="49" sentence="2" number="9">the</token>
<token t_id="50" sentence="2" number="10">business</token>
<token t_id="51" sentence="2" number="11">,</token>
<token t_id="52" sentence="2" number="12">which</token>
<token t_id="53" sentence="2" number="13">had</token>
<token t_id="54" sentence="2" number="14">at</token>
<token t_id="55" sentence="2" number="15">least</token>
<token t_id="56" sentence="2" number="16">a</token>
<token t_id="57" sentence="2" number="17">dozen</token>
<token t_id="58" sentence="2" number="18">people</token>
<token t_id="59" sentence="2" number="19">inside</token>
<token t_id="60" sentence="2" number="20">enjoying</token>
<token t_id="61" sentence="2" number="21">a</token>
<token t_id="62" sentence="2" number="22">Christmas</token>
<token t_id="63" sentence="2" number="23">party</token>
<token t_id="64" sentence="2" number="24">,</token>
<token t_id="65" sentence="2" number="25">''</token>
<token t_id="66" sentence="2" number="26">police</token>
<token t_id="67" sentence="2" number="27">said</token>
<token t_id="68" sentence="2" number="28">in</token>
<token t_id="69" sentence="2" number="29">a</token>
<token t_id="70" sentence="2" number="30">statement</token>
<token t_id="71" sentence="2" number="31">.</token>
<token t_id="72" sentence="3" number="0">Police</token>
<token t_id="73" sentence="3" number="1">Const.</token>
<token t_id="74" sentence="3" number="2">Tim</token>
<token t_id="75" sentence="3" number="3">Fanning</token>
<token t_id="76" sentence="3" number="4">said</token>
<token t_id="77" sentence="3" number="5">the</token>
<token t_id="78" sentence="3" number="6">gunman</token>
<token t_id="79" sentence="3" number="7">came</token>
<token t_id="80" sentence="3" number="8">in</token>
<token t_id="81" sentence="3" number="9">around</token>
<token t_id="82" sentence="3" number="10">4</token>
<token t_id="83" sentence="3" number="11">p.m.</token>
<token t_id="84" sentence="3" number="12">local</token>
<token t_id="85" sentence="3" number="13">time</token>
<token t_id="86" sentence="3" number="14">.</token>
<token t_id="87" sentence="4" number="0">One</token>
<token t_id="88" sentence="4" number="1">man</token>
<token t_id="89" sentence="4" number="2">was</token>
<token t_id="90" sentence="4" number="3">shot</token>
<token t_id="91" sentence="4" number="4">and</token>
<token t_id="92" sentence="4" number="5">killed</token>
<token t_id="93" sentence="4" number="6">but</token>
<token t_id="94" sentence="4" number="7">the</token>
<token t_id="95" sentence="4" number="8">other</token>
<token t_id="96" sentence="4" number="9">partygoers</token>
<token t_id="97" sentence="4" number="10">managed</token>
<token t_id="98" sentence="4" number="11">to</token>
<token t_id="99" sentence="4" number="12">escape</token>
<token t_id="100" sentence="4" number="13">and</token>
<token t_id="101" sentence="4" number="14">no</token>
<token t_id="102" sentence="4" number="15">one</token>
<token t_id="103" sentence="4" number="16">else</token>
<token t_id="104" sentence="4" number="17">was</token>
<token t_id="105" sentence="4" number="18">injured</token>
<token t_id="106" sentence="4" number="19">.</token>
<token t_id="107" sentence="5" number="0">``</token>
<token t_id="108" sentence="5" number="1">Police</token>
<token t_id="109" sentence="5" number="2">locked</token>
<token t_id="110" sentence="5" number="3">down</token>
<token t_id="111" sentence="5" number="4">the</token>
<token t_id="112" sentence="5" number="5">neighbourhood</token>
<token t_id="113" sentence="5" number="6">and</token>
<token t_id="114" sentence="5" number="7">negotiated</token>
<token t_id="115" sentence="5" number="8">with</token>
<token t_id="116" sentence="5" number="9">the</token>
<token t_id="117" sentence="5" number="10">suspect</token>
<token t_id="118" sentence="5" number="11">,</token>
<token t_id="119" sentence="5" number="12">who</token>
<token t_id="120" sentence="5" number="13">gave</token>
<token t_id="121" sentence="5" number="14">himself</token>
<token t_id="122" sentence="5" number="15">up</token>
<token t_id="123" sentence="5" number="16">to</token>
<token t_id="124" sentence="5" number="17">police</token>
<token t_id="125" sentence="5" number="18">just</token>
<token t_id="126" sentence="5" number="19">after</token>
<token t_id="127" sentence="5" number="20">6</token>
<token t_id="128" sentence="5" number="21">p.m.</token>
<token t_id="129" sentence="5" number="22">,</token>
<token t_id="130" sentence="5" number="23">''</token>
<token t_id="131" sentence="5" number="24">Fanning</token>
<token t_id="132" sentence="5" number="25">said</token>
<token t_id="133" sentence="5" number="26">in</token>
<token t_id="134" sentence="5" number="27">the</token>
<token t_id="135" sentence="5" number="28">statement</token>
<token t_id="136" sentence="5" number="29">.</token>
<token t_id="137" sentence="6" number="0">The</token>
<token t_id="138" sentence="6" number="1">business</token>
<token t_id="139" sentence="6" number="2">at</token>
<token t_id="140" sentence="6" number="3">the</token>
<token t_id="141" sentence="6" number="4">location</token>
<token t_id="142" sentence="6" number="5">of</token>
<token t_id="143" sentence="6" number="6">the</token>
<token t_id="144" sentence="6" number="7">shooting</token>
<token t_id="145" sentence="6" number="8">is</token>
<token t_id="146" sentence="6" number="9">listed</token>
<token t_id="147" sentence="6" number="10">at</token>
<token t_id="148" sentence="6" number="11">TallGrass</token>
<token t_id="149" sentence="6" number="12">Distribution</token>
<token t_id="150" sentence="6" number="13">Ltd.</token>
<token t_id="151" sentence="6" number="14">,</token>
<token t_id="152" sentence="6" number="15">a</token>
<token t_id="153" sentence="6" number="16">natural</token>
<token t_id="154" sentence="6" number="17">health</token>
<token t_id="155" sentence="6" number="18">product</token>
<token t_id="156" sentence="6" number="19">supplier</token>
<token t_id="157" sentence="6" number="20">.</token>
<token t_id="158" sentence="7" number="0">State</token>
<token t_id="159" sentence="7" number="1">police</token>
<token t_id="160" sentence="7" number="2">say</token>
<token t_id="161" sentence="7" number="3">a</token>
<token t_id="162" sentence="7" number="4">bomb</token>
<token t_id="163" sentence="7" number="5">exploded</token>
<token t_id="164" sentence="7" number="6">at</token>
<token t_id="165" sentence="7" number="7">an</token>
<token t_id="166" sentence="7" number="8">Oregon</token>
<token t_id="167" sentence="7" number="9">bank</token>
<token t_id="168" sentence="7" number="10">after</token>
<token t_id="169" sentence="7" number="11">it</token>
<token t_id="170" sentence="7" number="12">was</token>
<token t_id="171" sentence="7" number="13">evacuated</token>
<token t_id="172" sentence="7" number="14">and</token>
<token t_id="173" sentence="7" number="15">at</token>
<token t_id="174" sentence="7" number="16">least</token>
<token t_id="175" sentence="7" number="17">one</token>
<token t_id="176" sentence="7" number="18">bomb</token>
<token t_id="177" sentence="7" number="19">technician</token>
<token t_id="178" sentence="7" number="20">was</token>
<token t_id="179" sentence="7" number="21">injured</token>
<token t_id="180" sentence="7" number="22">.</token>
<token t_id="181" sentence="8" number="0">TheOregonian</token>
<token t_id="182" sentence="8" number="1">newspaper</token>
<token t_id="183" sentence="8" number="2">quotes</token>
<token t_id="184" sentence="8" number="3">a</token>
<token t_id="185" sentence="8" number="4">federal</token>
<token t_id="186" sentence="8" number="5">spokesman</token>
<token t_id="187" sentence="8" number="6">confirming</token>
<token t_id="188" sentence="8" number="7">that</token>
<token t_id="189" sentence="8" number="8">a</token>
<token t_id="190" sentence="8" number="9">bomb</token>
<token t_id="191" sentence="8" number="10">detonated</token>
<token t_id="192" sentence="8" number="11">at</token>
<token t_id="193" sentence="8" number="12">West</token>
<token t_id="194" sentence="8" number="13">Coast</token>
<token t_id="195" sentence="8" number="14">Bank</token>
<token t_id="196" sentence="8" number="15">in</token>
<token t_id="197" sentence="8" number="16">Woodburn</token>
<token t_id="198" sentence="8" number="17">.</token>
<token t_id="199" sentence="9" number="0">The</token>
<token t_id="200" sentence="9" number="1">spokesman</token>
<token t_id="201" sentence="9" number="2">for</token>
<token t_id="202" sentence="9" number="3">the</token>
<token t_id="203" sentence="9" number="4">Bureau</token>
<token t_id="204" sentence="9" number="5">of</token>
<token t_id="205" sentence="9" number="6">Alcohol</token>
<token t_id="206" sentence="9" number="7">,</token>
<token t_id="207" sentence="9" number="8">Tobacco</token>
<token t_id="208" sentence="9" number="9">,</token>
<token t_id="209" sentence="9" number="10">Firearms</token>
<token t_id="210" sentence="9" number="11">and</token>
<token t_id="211" sentence="9" number="12">Explosives</token>
<token t_id="212" sentence="9" number="13">also</token>
<token t_id="213" sentence="9" number="14">said</token>
<token t_id="214" sentence="9" number="15">at</token>
<token t_id="215" sentence="9" number="16">least</token>
<token t_id="216" sentence="9" number="17">one</token>
<token t_id="217" sentence="9" number="18">bomb</token>
<token t_id="218" sentence="9" number="19">technician</token>
<token t_id="219" sentence="9" number="20">had</token>
<token t_id="220" sentence="9" number="21">been</token>
<token t_id="221" sentence="9" number="22">injured</token>
<token t_id="222" sentence="9" number="23">.</token>
<token t_id="223" sentence="10" number="0">TheOregonianreports</token>
<token t_id="224" sentence="10" number="1">the</token>
<token t_id="225" sentence="10" number="2">bank</token>
<token t_id="226" sentence="10" number="3">had</token>
<token t_id="227" sentence="10" number="4">been</token>
<token t_id="228" sentence="10" number="5">evacuated</token>
<token t_id="229" sentence="10" number="6">before</token>
<token t_id="230" sentence="10" number="7">the</token>
<token t_id="231" sentence="10" number="8">bomb</token>
<token t_id="232" sentence="10" number="9">detonated</token>
<token t_id="233" sentence="10" number="10">.</token>
<Markables>
<ACTION_OCCURRENCE m_id="12"  >
  <token_anchor t_id="5"/>
  <token_anchor t_id="6"/>
</ACTION_OCCURRENCE>
<ACTION_OCCURRENCE m_id="13"  >
  <token_anchor t_id="9"/>
</ACTION_OCCURRENCE>
<ACTION_OCCURRENCE m_id="14"  >
  <token_anchor t_id="10"/>
  <token_anchor t_id="11"/>
</ACTION_OCCURRENCE>
<ACTION_OCCURRENCE m_id="15"  >
  <token_anchor t_id="16"/>
</ACTION_OCCURRENCE>
<ACTION_OCCURRENCE m_id="17"  >
  <token_anchor t_id="19"/>
</ACTION_OCCURRENCE>
<HUMAN_PART_PER m_id="11"  >
  <token_anchor t_id="3"/>
</HUMAN_PART_PER>
<HUMAN_PART_PER m_id="18"  >
  <token_anchor t_id="21"/>
</HUMAN_PART_PER>
<TIME_DATE m_id="16"  >
  <token_anchor t_id="17"/>
</TIME_DATE>




<ACTION_OCCURRENCE m_id="19" RELATED_TO="" TAG_DESCRIPTOR="t18b_killing" instance_id="ACT17731468512044233" />
<TIME_DATE m_id="26" RELATED_TO="" TAG_DESCRIPTOR="t18b_friday" instance_id="TIM17731705329767162" />
<ACTION_OCCURRENCE m_id="25" RELATED_TO="" TAG_DESCRIPTOR="t18b_shooting" instance_id="ACT17731621786224442" />
<ACTION_OCCURRENCE m_id="24" RELATED_TO="" TAG_DESCRIPTOR="t18b_fired" instance_id="ACT17731663088586680" />
<ACTION_OCCURRENCE m_id="23" RELATED_TO="" TAG_DESCRIPTOR="t18b_job" instance_id="ACT17731681040053534" />
<HUMAN_PART_PER m_id="22" RELATED_TO="" TAG_DESCRIPTOR="t18b_victim" instance_id="HUM17731813980483037" />
<HUMAN_PART_PER m_id="21" RELATED_TO="" TAG_DESCRIPTOR="t18b_shooter" instance_id="HUM17731555438182725" />
<ACTION_OCCURRENCE m_id="20" RELATED_TO="" TAG_DESCRIPTOR="t18b_party" instance_id="ACT17731503198331596" />
</Markables>

<Relations>
<CROSS_DOC_COREF r_id="33778" note="ACT17731468512044233" >
  <source m_id="17" />
  <target m_id="19" />
</CROSS_DOC_COREF>
<CROSS_DOC_COREF r_id="33779" note="ACT17731503198331596" >
  <source m_id="15" />
  <target m_id="20" />
</CROSS_DOC_COREF>
<CROSS_DOC_COREF r_id="33780" note="HUM17731555438182725" >
  <source m_id="11" />
  <target m_id="21" />
</CROSS_DOC_COREF>
<CROSS_DOC_COREF r_id="33781" note="HUM17731813980483037" >
  <source m_id="18" />
  <target m_id="22" />
</CROSS_DOC_COREF>
<CROSS_DOC_COREF r_id="33782" note="ACT17731681040053534" >
  <source m_id="13" />
  <target m_id="23" />
</CROSS_DOC_COREF>
<CROSS_DOC_COREF r_id="33783" note="ACT17731663088586680" >
  <source m_id="12" />
  <target m_id="24" />
</CROSS_DOC_COREF>
<CROSS_DOC_COREF r_id="33784" note="ACT17731621786224442" >
  <source m_id="14" />
  <target m_id="25" />
</CROSS_DOC_COREF>
<CROSS_DOC_COREF r_id="33785" note="TIM17731705329767162" >
  <source m_id="16" />
  <target m_id="26" />
</CROSS_DOC_COREF>

</Relations>
</Document>
