<Document doc_name="18_2ecbplus.xml" doc_id="DOC15646235463873397">
<token t_id="1" sentence="0" number="0">http</token>
<token t_id="2" sentence="0" number="1">:</token>
<token t_id="3" sentence="0" number="2">/</token>
<token t_id="4" sentence="0" number="3">/</token>
<token t_id="5" sentence="0" number="4">usatoday30</token>
<token t_id="6" sentence="0" number="5">.</token>
<token t_id="7" sentence="0" number="6">usatoday</token>
<token t_id="8" sentence="0" number="7">.</token>
<token t_id="9" sentence="0" number="8">com</token>
<token t_id="10" sentence="0" number="9">/</token>
<token t_id="11" sentence="0" number="10">news</token>
<token t_id="12" sentence="0" number="11">/</token>
<token t_id="13" sentence="0" number="12">nation</token>
<token t_id="14" sentence="0" number="13">/</token>
<token t_id="15" sentence="0" number="14">2007</token>
<token t_id="16" sentence="0" number="15">-</token>
<token t_id="17" sentence="0" number="16">04</token>
<token t_id="18" sentence="0" number="17">-</token>
<token t_id="19" sentence="0" number="18">09</token>
<token t_id="20" sentence="0" number="19">-</token>
<token t_id="21" sentence="0" number="20">office</token>
<token t_id="22" sentence="0" number="21">-</token>
<token t_id="23" sentence="0" number="22">shooting</token>
<token t_id="24" sentence="0" number="23">_</token>
<token t_id="25" sentence="0" number="24">N</token>
<token t_id="26" sentence="0" number="25">.</token>
<token t_id="27" sentence="0" number="26">htm</token>
<token t_id="28" sentence="1" number="0">1</token>
<token t_id="29" sentence="1" number="1">dead</token>
<token t_id="30" sentence="1" number="2">,</token>
<token t_id="31" sentence="1" number="3">2</token>
<token t_id="32" sentence="1" number="4">hurt</token>
<token t_id="33" sentence="1" number="5">in</token>
<token t_id="34" sentence="1" number="6">Mich</token>
<token t_id="35" sentence="1" number="7">.</token>
<token t_id="36" sentence="1" number="8">office</token>
<token t_id="37" sentence="1" number="9">shooting</token>
<token t_id="38" sentence="1" number="10">;</token>
<token t_id="39" sentence="1" number="11">police</token>
<token t_id="40" sentence="1" number="12">say</token>
<token t_id="41" sentence="1" number="13">suspect</token>
<token t_id="42" sentence="1" number="14">had</token>
<token t_id="43" sentence="1" number="15">worked</token>
<token t_id="44" sentence="1" number="16">there</token>
<token t_id="45" sentence="2" number="0">Updated</token>
<token t_id="46" sentence="2" number="1">4</token>
<token t_id="47" sentence="2" number="2">/</token>
<token t_id="48" sentence="2" number="3">9</token>
<token t_id="49" sentence="2" number="4">/</token>
<token t_id="50" sentence="2" number="5">2007</token>
<token t_id="51" sentence="2" number="6">6</token>
<token t_id="52" sentence="2" number="7">:</token>
<token t_id="53" sentence="2" number="8">04</token>
<token t_id="54" sentence="2" number="9">PM</token>
<token t_id="55" sentence="3" number="0">A</token>
<token t_id="56" sentence="3" number="1">man</token>
<token t_id="57" sentence="3" number="2">suspected</token>
<token t_id="58" sentence="3" number="3">of</token>
<token t_id="59" sentence="3" number="4">shooting</token>
<token t_id="60" sentence="3" number="5">three</token>
<token t_id="61" sentence="3" number="6">people</token>
<token t_id="62" sentence="3" number="7">at</token>
<token t_id="63" sentence="3" number="8">an</token>
<token t_id="64" sentence="3" number="9">accounting</token>
<token t_id="65" sentence="3" number="10">firm</token>
<token t_id="66" sentence="3" number="11">where</token>
<token t_id="67" sentence="3" number="12">he</token>
<token t_id="68" sentence="3" number="13">had</token>
<token t_id="69" sentence="3" number="14">worked</token>
<token t_id="70" sentence="3" number="15">was</token>
<token t_id="71" sentence="3" number="16">arrested</token>
<token t_id="72" sentence="3" number="17">a</token>
<token t_id="73" sentence="3" number="18">few</token>
<token t_id="74" sentence="3" number="19">hours</token>
<token t_id="75" sentence="3" number="20">later</token>
<token t_id="76" sentence="3" number="21">after</token>
<token t_id="77" sentence="3" number="22">a</token>
<token t_id="78" sentence="3" number="23">high</token>
<token t_id="79" sentence="3" number="24">-</token>
<token t_id="80" sentence="3" number="25">speed</token>
<token t_id="81" sentence="3" number="26">chase</token>
<token t_id="82" sentence="3" number="27">,</token>
<token t_id="83" sentence="3" number="28">authorities</token>
<token t_id="84" sentence="3" number="29">said</token>
<token t_id="85" sentence="3" number="30">.</token>
<token t_id="86" sentence="4" number="0">One</token>
<token t_id="87" sentence="4" number="1">victim</token>
<token t_id="88" sentence="4" number="2">died</token>
<token t_id="89" sentence="4" number="3">in</token>
<token t_id="90" sentence="4" number="4">the</token>
<token t_id="91" sentence="4" number="5">Monday</token>
<token t_id="92" sentence="4" number="6">morning</token>
<token t_id="93" sentence="4" number="7">attack</token>
<token t_id="94" sentence="4" number="8">.</token>
<token t_id="95" sentence="5" number="0">Police</token>
<token t_id="96" sentence="5" number="1">said</token>
<token t_id="97" sentence="5" number="2">they</token>
<token t_id="98" sentence="5" number="3">had</token>
<token t_id="99" sentence="5" number="4">located</token>
<token t_id="100" sentence="5" number="5">Anthony</token>
<token t_id="101" sentence="5" number="6">LaCalamita</token>
<token t_id="102" sentence="5" number="7">,</token>
<token t_id="103" sentence="5" number="8">38</token>
<token t_id="104" sentence="5" number="9">,</token>
<token t_id="105" sentence="5" number="10">of</token>
<token t_id="106" sentence="5" number="11">Troy</token>
<token t_id="107" sentence="5" number="12">on</token>
<token t_id="108" sentence="5" number="13">Interstate</token>
<token t_id="109" sentence="5" number="14">75</token>
<token t_id="110" sentence="5" number="15">,</token>
<token t_id="111" sentence="5" number="16">north</token>
<token t_id="112" sentence="5" number="17">of</token>
<token t_id="113" sentence="5" number="18">the</token>
<token t_id="114" sentence="5" number="19">suburban</token>
<token t_id="115" sentence="5" number="20">Detroit</token>
<token t_id="116" sentence="5" number="21">office</token>
<token t_id="117" sentence="5" number="22">building</token>
<token t_id="118" sentence="5" number="23">where</token>
<token t_id="119" sentence="5" number="24">the</token>
<token t_id="120" sentence="5" number="25">shootings</token>
<token t_id="121" sentence="5" number="26">took</token>
<token t_id="122" sentence="5" number="27">place</token>
<token t_id="123" sentence="5" number="28">.</token>
<token t_id="124" sentence="6" number="0">ON</token>
<token t_id="125" sentence="6" number="1">DEADLINE</token>
<token t_id="126" sentence="6" number="2">:</token>
<token t_id="127" sentence="6" number="3">Live</token>
<token t_id="128" sentence="6" number="4">updates</token>
<token t_id="129" sentence="6" number="5">and</token>
<token t_id="130" sentence="6" number="6">local</token>
<token t_id="131" sentence="6" number="7">coverage</token>
<token t_id="132" sentence="7" number="0">Sheriff's</token>
<token t_id="133" sentence="7" number="1">deputies</token>
<token t_id="134" sentence="7" number="2">and</token>
<token t_id="135" sentence="7" number="3">state</token>
<token t_id="136" sentence="7" number="4">police</token>
<token t_id="137" sentence="7" number="5">chased</token>
<token t_id="138" sentence="7" number="6">him</token>
<token t_id="139" sentence="7" number="7">at</token>
<token t_id="140" sentence="7" number="8">speeds</token>
<token t_id="141" sentence="7" number="9">of</token>
<token t_id="142" sentence="7" number="10">more</token>
<token t_id="143" sentence="7" number="11">than</token>
<token t_id="144" sentence="7" number="12">100</token>
<token t_id="145" sentence="7" number="13">mph</token>
<token t_id="146" sentence="7" number="14">before</token>
<token t_id="147" sentence="7" number="15">he</token>
<token t_id="148" sentence="7" number="16">finally</token>
<token t_id="149" sentence="7" number="17">pulled</token>
<token t_id="150" sentence="7" number="18">over</token>
<token t_id="151" sentence="7" number="19">after</token>
<token t_id="152" sentence="7" number="20">about</token>
<token t_id="153" sentence="7" number="21">15</token>
<token t_id="154" sentence="7" number="22">minutes</token>
<token t_id="155" sentence="7" number="23">,</token>
<token t_id="156" sentence="7" number="24">Genesee</token>
<token t_id="157" sentence="7" number="25">County</token>
<token t_id="158" sentence="7" number="26">Undersheriff</token>
<token t_id="159" sentence="7" number="27">James</token>
<token t_id="160" sentence="7" number="28">Gage</token>
<token t_id="161" sentence="7" number="29">said</token>
<token t_id="162" sentence="7" number="30">.</token>
<token t_id="163" sentence="8" number="0">"He</token>
<token t_id="164" sentence="8" number="1">probably</token>
<token t_id="165" sentence="8" number="2">realized</token>
<token t_id="166" sentence="8" number="3">if</token>
<token t_id="167" sentence="8" number="4">he</token>
<token t_id="168" sentence="8" number="5">didn't</token>
<token t_id="169" sentence="8" number="6">,</token>
<token t_id="170" sentence="8" number="7">he</token>
<token t_id="171" sentence="8" number="8">was</token>
<token t_id="172" sentence="8" number="9">going</token>
<token t_id="173" sentence="8" number="10">to</token>
<token t_id="174" sentence="8" number="11">be</token>
<token t_id="175" sentence="8" number="12">shot</token>
<token t_id="176" sentence="8" number="13">,</token>
<token t_id="177" sentence="8" number="14">"</token>
<token t_id="178" sentence="8" number="15">Gage</token>
<token t_id="179" sentence="8" number="16">said</token>
<token t_id="180" sentence="8" number="17">.</token>
<token t_id="181" sentence="9" number="0">He</token>
<token t_id="182" sentence="9" number="1">said</token>
<token t_id="183" sentence="9" number="2">LaCalamita</token>
<token t_id="184" sentence="9" number="3">was</token>
<token t_id="185" sentence="9" number="4">being</token>
<token t_id="186" sentence="9" number="5">brought</token>
<token t_id="187" sentence="9" number="6">to</token>
<token t_id="188" sentence="9" number="7">Genesee</token>
<token t_id="189" sentence="9" number="8">County</token>
<token t_id="190" sentence="9" number="9">,</token>
<token t_id="191" sentence="9" number="10">since</token>
<token t_id="192" sentence="9" number="11">it</token>
<token t_id="193" sentence="9" number="12">was</token>
<token t_id="194" sentence="9" number="13">the</token>
<token t_id="195" sentence="9" number="14">arresting</token>
<token t_id="196" sentence="9" number="15">agency</token>
<token t_id="197" sentence="9" number="16">.</token>
<token t_id="198" sentence="10" number="0">Officers</token>
<token t_id="199" sentence="10" number="1">found</token>
<token t_id="200" sentence="10" number="2">a</token>
<token t_id="201" sentence="10" number="3">gun</token>
<token t_id="202" sentence="10" number="4">in</token>
<token t_id="203" sentence="10" number="5">the</token>
<token t_id="204" sentence="10" number="6">vehicle</token>
<token t_id="205" sentence="10" number="7">matching</token>
<token t_id="206" sentence="10" number="8">the</token>
<token t_id="207" sentence="10" number="9">description</token>
<token t_id="208" sentence="10" number="10">of</token>
<token t_id="209" sentence="10" number="11">the</token>
<token t_id="210" sentence="10" number="12">one</token>
<token t_id="211" sentence="10" number="13">used</token>
<token t_id="212" sentence="10" number="14">in</token>
<token t_id="213" sentence="10" number="15">the</token>
<token t_id="214" sentence="10" number="16">shootings</token>
<token t_id="215" sentence="10" number="17">,</token>
<token t_id="216" sentence="10" number="18">Troy</token>
<token t_id="217" sentence="10" number="19">police</token>
<token t_id="218" sentence="10" number="20">Lt</token>
<token t_id="219" sentence="10" number="21">.</token>
<token t_id="220" sentence="10" number="22">Gerry</token>
<token t_id="221" sentence="10" number="23">Scherlinck</token>
<token t_id="222" sentence="10" number="24">said</token>
<token t_id="223" sentence="10" number="25">.</token>
<token t_id="224" sentence="11" number="0">Some</token>
<token t_id="225" sentence="11" number="1">witnesses</token>
<token t_id="226" sentence="11" number="2">told</token>
<token t_id="227" sentence="11" number="3">police</token>
<token t_id="228" sentence="11" number="4">that</token>
<token t_id="229" sentence="11" number="5">when</token>
<token t_id="230" sentence="11" number="6">the</token>
<token t_id="231" sentence="11" number="7">shooter</token>
<token t_id="232" sentence="11" number="8">walked</token>
<token t_id="233" sentence="11" number="9">into</token>
<token t_id="234" sentence="11" number="10">the</token>
<token t_id="235" sentence="11" number="11">office</token>
<token t_id="236" sentence="11" number="12">on</token>
<token t_id="237" sentence="11" number="13">the</token>
<token t_id="238" sentence="11" number="14">building's</token>
<token t_id="239" sentence="11" number="15">second</token>
<token t_id="240" sentence="11" number="16">floor</token>
<token t_id="241" sentence="11" number="17">around</token>
<token t_id="242" sentence="11" number="18">10</token>
<token t_id="243" sentence="11" number="19">a</token>
<token t_id="244" sentence="11" number="20">.</token>
<token t_id="245" sentence="11" number="21">m</token>
<token t_id="246" sentence="11" number="22">.</token>
<token t_id="247" sentence="11" number="23">Monday</token>
<token t_id="248" sentence="11" number="24">,</token>
<token t_id="249" sentence="11" number="25">he</token>
<token t_id="250" sentence="11" number="26">looked</token>
<token t_id="251" sentence="11" number="27">as</token>
<token t_id="252" sentence="11" number="28">if</token>
<token t_id="253" sentence="11" number="29">he</token>
<token t_id="254" sentence="11" number="30">was</token>
<token t_id="255" sentence="11" number="31">trying</token>
<token t_id="256" sentence="11" number="32">to</token>
<token t_id="257" sentence="11" number="33">hide</token>
<token t_id="258" sentence="11" number="34">something</token>
<token t_id="259" sentence="11" number="35">,</token>
<token t_id="260" sentence="11" number="36">Troy</token>
<token t_id="261" sentence="11" number="37">Police</token>
<token t_id="262" sentence="11" number="38">Chief</token>
<token t_id="263" sentence="11" number="39">Charles</token>
<token t_id="264" sentence="11" number="40">Craft</token>
<token t_id="265" sentence="11" number="41">said</token>
<token t_id="266" sentence="11" number="42">.</token>
<token t_id="267" sentence="12" number="0">Police</token>
<token t_id="268" sentence="12" number="1">couldn't</token>
<token t_id="269" sentence="12" number="2">say</token>
<token t_id="270" sentence="12" number="3">how</token>
<token t_id="271" sentence="12" number="4">many</token>
<token t_id="272" sentence="12" number="5">shots</token>
<token t_id="273" sentence="12" number="6">were</token>
<token t_id="274" sentence="12" number="7">fired</token>
<token t_id="275" sentence="12" number="8">.</token>
<token t_id="276" sentence="13" number="0">"I'm</token>
<token t_id="277" sentence="13" number="1">not</token>
<token t_id="278" sentence="13" number="2">positive</token>
<token t_id="279" sentence="13" number="3">all</token>
<token t_id="280" sentence="13" number="4">three</token>
<token t_id="281" sentence="13" number="5">of</token>
<token t_id="282" sentence="13" number="6">the</token>
<token t_id="283" sentence="13" number="7">people</token>
<token t_id="284" sentence="13" number="8">were</token>
<token t_id="285" sentence="13" number="9">targeted</token>
<token t_id="286" sentence="13" number="10">,</token>
<token t_id="287" sentence="13" number="11">but</token>
<token t_id="288" sentence="13" number="12">there</token>
<token t_id="289" sentence="13" number="13">appeared</token>
<token t_id="290" sentence="13" number="14">to</token>
<token t_id="291" sentence="13" number="15">be</token>
<token t_id="292" sentence="13" number="16">some</token>
<token t_id="293" sentence="13" number="17">purpose</token>
<token t_id="294" sentence="13" number="18">,</token>
<token t_id="295" sentence="13" number="19">"</token>
<token t_id="296" sentence="13" number="20">Craft</token>
<token t_id="297" sentence="13" number="21">said</token>
<token t_id="298" sentence="13" number="22">.</token>
<token t_id="299" sentence="14" number="0">The</token>
<token t_id="300" sentence="14" number="1">families</token>
<token t_id="301" sentence="14" number="2">of</token>
<token t_id="302" sentence="14" number="3">the</token>
<token t_id="303" sentence="14" number="4">two</token>
<token t_id="304" sentence="14" number="5">wounded</token>
<token t_id="305" sentence="14" number="6">men</token>
<token t_id="306" sentence="14" number="7">requested</token>
<token t_id="307" sentence="14" number="8">"total</token>
<token t_id="308" sentence="14" number="9">privacy</token>
<token t_id="309" sentence="14" number="10">,</token>
<token t_id="310" sentence="14" number="11">"</token>
<token t_id="311" sentence="14" number="12">and</token>
<token t_id="312" sentence="14" number="13">the</token>
<token t_id="313" sentence="14" number="14">hospital</token>
<token t_id="314" sentence="14" number="15">would</token>
<token t_id="315" sentence="14" number="16">not</token>
<token t_id="316" sentence="14" number="17">release</token>
<token t_id="317" sentence="14" number="18">any</token>
<token t_id="318" sentence="14" number="19">details</token>
<token t_id="319" sentence="14" number="20">about</token>
<token t_id="320" sentence="14" number="21">their</token>
<token t_id="321" sentence="14" number="22">conditions</token>
<token t_id="322" sentence="14" number="23">,</token>
<token t_id="323" sentence="14" number="24">Beaumont</token>
<token t_id="324" sentence="14" number="25">Hospital</token>
<token t_id="325" sentence="14" number="26">spokeswoman</token>
<token t_id="326" sentence="14" number="27">Ilene</token>
<token t_id="327" sentence="14" number="28">Wolfe</token>
<token t_id="328" sentence="14" number="29">said</token>
<token t_id="329" sentence="14" number="30">.</token>
<token t_id="330" sentence="15" number="0">She</token>
<token t_id="331" sentence="15" number="1">said</token>
<token t_id="332" sentence="15" number="2">the</token>
<token t_id="333" sentence="15" number="3">third</token>
<token t_id="334" sentence="15" number="4">victim</token>
<token t_id="335" sentence="15" number="5">died</token>
<token t_id="336" sentence="15" number="6">on</token>
<token t_id="337" sentence="15" number="7">the</token>
<token t_id="338" sentence="15" number="8">way</token>
<token t_id="339" sentence="15" number="9">to</token>
<token t_id="340" sentence="15" number="10">the</token>
<token t_id="341" sentence="15" number="11">hospital</token>
<token t_id="342" sentence="15" number="12">.</token>
<token t_id="343" sentence="16" number="0">LaCalamita</token>
<token t_id="344" sentence="16" number="1">was</token>
<token t_id="345" sentence="16" number="2">listed</token>
<token t_id="346" sentence="16" number="3">among</token>
<token t_id="347" sentence="16" number="4">the</token>
<token t_id="348" sentence="16" number="5">professional</token>
<token t_id="349" sentence="16" number="6">staff</token>
<token t_id="350" sentence="16" number="7">on</token>
<token t_id="351" sentence="16" number="8">the</token>
<token t_id="352" sentence="16" number="9">website</token>
<token t_id="353" sentence="16" number="10">of</token>
<token t_id="354" sentence="16" number="11">Gordon</token>
<token t_id="355" sentence="16" number="12">Advisors</token>
<token t_id="356" sentence="16" number="13">,</token>
<token t_id="357" sentence="16" number="14">a</token>
<token t_id="358" sentence="16" number="15">public</token>
<token t_id="359" sentence="16" number="16">accounting</token>
<token t_id="360" sentence="16" number="17">and</token>
<token t_id="361" sentence="16" number="18">business</token>
<token t_id="362" sentence="16" number="19">consulting</token>
<token t_id="363" sentence="16" number="20">firm</token>
<token t_id="364" sentence="16" number="21">in</token>
<token t_id="365" sentence="16" number="22">the</token>
<token t_id="366" sentence="16" number="23">building</token>
<token t_id="367" sentence="16" number="24">.</token>
<token t_id="368" sentence="17" number="0">Calls</token>
<token t_id="369" sentence="17" number="1">to</token>
<token t_id="370" sentence="17" number="2">Gordon</token>
<token t_id="371" sentence="17" number="3">Advisors</token>
<token t_id="372" sentence="17" number="4">were</token>
<token t_id="373" sentence="17" number="5">not</token>
<token t_id="374" sentence="17" number="6">answered</token>
<token t_id="375" sentence="17" number="7">Monday</token>
<token t_id="376" sentence="17" number="8">afternoon</token>
<token t_id="377" sentence="17" number="9">,</token>
<token t_id="378" sentence="17" number="10">and</token>
<token t_id="379" sentence="17" number="11">a</token>
<token t_id="380" sentence="17" number="12">recording</token>
<token t_id="381" sentence="17" number="13">said</token>
<token t_id="382" sentence="17" number="14">the</token>
<token t_id="383" sentence="17" number="15">offices</token>
<token t_id="384" sentence="17" number="16">were</token>
<token t_id="385" sentence="17" number="17">closed</token>
<token t_id="386" sentence="17" number="18">.</token>
<token t_id="387" sentence="18" number="0">Scherlinck</token>
<token t_id="388" sentence="18" number="1">described</token>
<token t_id="389" sentence="18" number="2">the</token>
<token t_id="390" sentence="18" number="3">shooter</token>
<token t_id="391" sentence="18" number="4">as</token>
<token t_id="392" sentence="18" number="5">a</token>
<token t_id="393" sentence="18" number="6">former</token>
<token t_id="394" sentence="18" number="7">employee</token>
<token t_id="395" sentence="18" number="8">of</token>
<token t_id="396" sentence="18" number="9">one</token>
<token t_id="397" sentence="18" number="10">of</token>
<token t_id="398" sentence="18" number="11">the</token>
<token t_id="399" sentence="18" number="12">offices</token>
<token t_id="400" sentence="18" number="13">who</token>
<token t_id="401" sentence="18" number="14">might</token>
<token t_id="402" sentence="18" number="15">have</token>
<token t_id="403" sentence="18" number="16">been</token>
<token t_id="404" sentence="18" number="17">terminated</token>
<token t_id="405" sentence="18" number="18">as</token>
<token t_id="406" sentence="18" number="19">recently</token>
<token t_id="407" sentence="18" number="20">as</token>
<token t_id="408" sentence="18" number="21">a</token>
<token t_id="409" sentence="18" number="22">week</token>
<token t_id="410" sentence="18" number="23">ago</token>
<token t_id="411" sentence="18" number="24">.</token>
<token t_id="412" sentence="19" number="0">The</token>
<token t_id="413" sentence="19" number="1">man</token>
<token t_id="414" sentence="19" number="2">was</token>
<token t_id="415" sentence="19" number="3">armed</token>
<token t_id="416" sentence="19" number="4">with</token>
<token t_id="417" sentence="19" number="5">a</token>
<token t_id="418" sentence="19" number="6">long</token>
<token t_id="419" sentence="19" number="7">gun</token>
<token t_id="420" sentence="19" number="8">,</token>
<token t_id="421" sentence="19" number="9">either</token>
<token t_id="422" sentence="19" number="10">a</token>
<token t_id="423" sentence="19" number="11">shotgun</token>
<token t_id="424" sentence="19" number="12">or</token>
<token t_id="425" sentence="19" number="13">a</token>
<token t_id="426" sentence="19" number="14">rifle</token>
<token t_id="427" sentence="19" number="15">,</token>
<token t_id="428" sentence="19" number="16">Scherlinck</token>
<token t_id="429" sentence="19" number="17">said</token>
<token t_id="430" sentence="19" number="18">.</token>
<token t_id="431" sentence="20" number="0">The</token>
<token t_id="432" sentence="20" number="1">170</token>
<token t_id="433" sentence="20" number="2">,</token>
<token t_id="434" sentence="20" number="3">000</token>
<token t_id="435" sentence="20" number="4">-</token>
<token t_id="436" sentence="20" number="5">square</token>
<token t_id="437" sentence="20" number="6">-</token>
<token t_id="438" sentence="20" number="7">foot</token>
<token t_id="439" sentence="20" number="8">building</token>
<token t_id="440" sentence="20" number="9">houses</token>
<token t_id="441" sentence="20" number="10">a</token>
<token t_id="442" sentence="20" number="11">number</token>
<token t_id="443" sentence="20" number="12">of</token>
<token t_id="444" sentence="20" number="13">businesses</token>
<token t_id="445" sentence="20" number="14">,</token>
<token t_id="446" sentence="20" number="15">including</token>
<token t_id="447" sentence="20" number="16">law</token>
<token t_id="448" sentence="20" number="17">offices</token>
<token t_id="449" sentence="20" number="18">and</token>
<token t_id="450" sentence="20" number="19">the</token>
<token t_id="451" sentence="20" number="20">accounting</token>
<token t_id="452" sentence="20" number="21">firm</token>
<token t_id="453" sentence="20" number="22">where</token>
<token t_id="454" sentence="20" number="23">the</token>
<token t_id="455" sentence="20" number="24">shooting</token>
<token t_id="456" sentence="20" number="25">was</token>
<token t_id="457" sentence="20" number="26">believed</token>
<token t_id="458" sentence="20" number="27">to</token>
<token t_id="459" sentence="20" number="28">have</token>
<token t_id="460" sentence="20" number="29">occurred</token>
<token t_id="461" sentence="20" number="30">.</token>
<token t_id="462" sentence="21" number="0">Police</token>
<token t_id="463" sentence="21" number="1">at</token>
<token t_id="464" sentence="21" number="2">first</token>
<token t_id="465" sentence="21" number="3">told</token>
<token t_id="466" sentence="21" number="4">workers</token>
<token t_id="467" sentence="21" number="5">to</token>
<token t_id="468" sentence="21" number="6">stay</token>
<token t_id="469" sentence="21" number="7">in</token>
<token t_id="470" sentence="21" number="8">their</token>
<token t_id="471" sentence="21" number="9">offices</token>
<token t_id="472" sentence="21" number="10">but</token>
<token t_id="473" sentence="21" number="11">a</token>
<token t_id="474" sentence="21" number="12">short</token>
<token t_id="475" sentence="21" number="13">time</token>
<token t_id="476" sentence="21" number="14">later</token>
<token t_id="477" sentence="21" number="15">evacuated</token>
<token t_id="478" sentence="21" number="16">the</token>
<token t_id="479" sentence="21" number="17">building</token>
<token t_id="480" sentence="21" number="18">,</token>
<token t_id="481" sentence="21" number="19">about</token>
<token t_id="482" sentence="21" number="20">15</token>
<token t_id="483" sentence="21" number="21">miles</token>
<token t_id="484" sentence="21" number="22">north</token>
<token t_id="485" sentence="21" number="23">of</token>
<token t_id="486" sentence="21" number="24">Detroit</token>
<token t_id="487" sentence="21" number="25">.</token>
<token t_id="488" sentence="22" number="0">Bill</token>
<token t_id="489" sentence="22" number="1">Adgate</token>
<token t_id="490" sentence="22" number="2">,</token>
<token t_id="491" sentence="22" number="3">who</token>
<token t_id="492" sentence="22" number="4">works</token>
<token t_id="493" sentence="22" number="5">at</token>
<token t_id="494" sentence="22" number="6">LPL</token>
<token t_id="495" sentence="22" number="7">Financial</token>
<token t_id="496" sentence="22" number="8">inside</token>
<token t_id="497" sentence="22" number="9">the</token>
<token t_id="498" sentence="22" number="10">building</token>
<token t_id="499" sentence="22" number="11">,</token>
<token t_id="500" sentence="22" number="12">said</token>
<token t_id="501" sentence="22" number="13">he</token>
<token t_id="502" sentence="22" number="14">had</token>
<token t_id="503" sentence="22" number="15">hunkered</token>
<token t_id="504" sentence="22" number="16">down</token>
<token t_id="505" sentence="22" number="17">inside</token>
<token t_id="506" sentence="22" number="18">the</token>
<token t_id="507" sentence="22" number="19">office</token>
<token t_id="508" sentence="22" number="20">for</token>
<token t_id="509" sentence="22" number="21">a</token>
<token t_id="510" sentence="22" number="22">couple</token>
<token t_id="511" sentence="22" number="23">of</token>
<token t_id="512" sentence="22" number="24">hours</token>
<token t_id="513" sentence="22" number="25">with</token>
<token t_id="514" sentence="22" number="26">furniture</token>
<token t_id="515" sentence="22" number="27">pushed</token>
<token t_id="516" sentence="22" number="28">up</token>
<token t_id="517" sentence="22" number="29">against</token>
<token t_id="518" sentence="22" number="30">the</token>
<token t_id="519" sentence="22" number="31">door</token>
<token t_id="520" sentence="22" number="32">.</token>
<token t_id="521" sentence="23" number="0">He</token>
<token t_id="522" sentence="23" number="1">said</token>
<token t_id="523" sentence="23" number="2">police</token>
<token t_id="524" sentence="23" number="3">told</token>
<token t_id="525" sentence="23" number="4">the</token>
<token t_id="526" sentence="23" number="5">group</token>
<token t_id="527" sentence="23" number="6">to</token>
<token t_id="528" sentence="23" number="7">stay</token>
<token t_id="529" sentence="23" number="8">put</token>
<token t_id="530" sentence="23" number="9">until</token>
<token t_id="531" sentence="23" number="10">officers</token>
<token t_id="532" sentence="23" number="11">allowed</token>
<token t_id="533" sentence="23" number="12">them</token>
<token t_id="534" sentence="23" number="13">to</token>
<token t_id="535" sentence="23" number="14">leave</token>
<token t_id="536" sentence="23" number="15">.</token>
<token t_id="537" sentence="24" number="0">"It's</token>
<token t_id="538" sentence="24" number="1">tough</token>
<token t_id="539" sentence="24" number="2">.</token>
<token t_id="540" sentence="25" number="0">I</token>
<token t_id="541" sentence="25" number="1">want</token>
<token t_id="542" sentence="25" number="2">to</token>
<token t_id="543" sentence="25" number="3">get</token>
<token t_id="544" sentence="25" number="4">out</token>
<token t_id="545" sentence="25" number="5">,</token>
<token t_id="546" sentence="25" number="6">"</token>
<token t_id="547" sentence="25" number="7">Adgate</token>
<token t_id="548" sentence="25" number="8">said</token>
<token t_id="549" sentence="25" number="9">by</token>
<token t_id="550" sentence="25" number="10">telephone</token>
<token t_id="551" sentence="25" number="11">.</token>
<Markables>
<ACTION_OCCURRENCE m_id="10"  >
  <token_anchor t_id="37"/>
</ACTION_OCCURRENCE>
<ACTION_OCCURRENCE m_id="11"  >
  <token_anchor t_id="43"/>
</ACTION_OCCURRENCE>
<ACTION_OCCURRENCE m_id="12"  >
  <token_anchor t_id="57"/>
</ACTION_OCCURRENCE>
<ACTION_OCCURRENCE m_id="13"  >
  <token_anchor t_id="59"/>
</ACTION_OCCURRENCE>
<ACTION_OCCURRENCE m_id="14"  >
  <token_anchor t_id="69"/>
</ACTION_OCCURRENCE>
<ACTION_OCCURRENCE m_id="15"  >
  <token_anchor t_id="71"/>
</ACTION_OCCURRENCE>
<ACTION_OCCURRENCE m_id="16"  >
  <token_anchor t_id="88"/>
</ACTION_OCCURRENCE>
<ACTION_OCCURRENCE m_id="17"  >
  <token_anchor t_id="93"/>
</ACTION_OCCURRENCE>
<ACTION_OCCURRENCE m_id="20"  >
  <token_anchor t_id="32"/>
</ACTION_OCCURRENCE>
<ACTION_OCCURRENCE m_id="27"  >
  <token_anchor t_id="81"/>
</ACTION_OCCURRENCE>
<ACTION_REPORTING m_id="18"  >
  <token_anchor t_id="84"/>
</ACTION_REPORTING>
<ACTION_REPORTING m_id="28"  >
  <token_anchor t_id="40"/>
</ACTION_REPORTING>
<HUMAN_PART_PER m_id="19"  >
  <token_anchor t_id="41"/>
</HUMAN_PART_PER>
<HUMAN_PART_PER m_id="1"  >
  <token_anchor t_id="28"/>
</HUMAN_PART_PER>
<HUMAN_PART_PER m_id="2"  >
  <token_anchor t_id="31"/>
</HUMAN_PART_PER>
<HUMAN_PART_PER m_id="3"  >
  <token_anchor t_id="39"/>
</HUMAN_PART_PER>
<HUMAN_PART_PER m_id="4"  >
  <token_anchor t_id="56"/>
</HUMAN_PART_PER>
<HUMAN_PART_PER m_id="5"  >
  <token_anchor t_id="61"/>
</HUMAN_PART_PER>
<HUMAN_PART_PER m_id="6"  >
  <token_anchor t_id="67"/>
</HUMAN_PART_PER>
<HUMAN_PART_PER m_id="7"  >
  <token_anchor t_id="83"/>
</HUMAN_PART_PER>
<HUMAN_PART_PER m_id="8"  >
  <token_anchor t_id="87"/>
</HUMAN_PART_PER>
<LOC_FAC m_id="21"  >
  <token_anchor t_id="44"/>
</LOC_FAC>
<LOC_FAC m_id="22"  >
  <token_anchor t_id="34"/>
  <token_anchor t_id="35"/>
  <token_anchor t_id="36"/>
</LOC_FAC>
<LOC_FAC m_id="25"  >
  <token_anchor t_id="62"/>
  <token_anchor t_id="63"/>
  <token_anchor t_id="64"/>
  <token_anchor t_id="65"/>
</LOC_FAC>
<TIME_OF_THE_DAY m_id="24"  >
  <token_anchor t_id="46"/>
  <token_anchor t_id="47"/>
  <token_anchor t_id="48"/>
  <token_anchor t_id="49"/>
  <token_anchor t_id="50"/>
  <token_anchor t_id="51"/>
  <token_anchor t_id="52"/>
  <token_anchor t_id="53"/>
  <token_anchor t_id="54"/>
</TIME_OF_THE_DAY>
<TIME_OF_THE_DAY m_id="26"  >
  <token_anchor t_id="72"/>
  <token_anchor t_id="73"/>
  <token_anchor t_id="74"/>
  <token_anchor t_id="75"/>
</TIME_OF_THE_DAY>


<LOC_FAC m_id="32" note="byCROMER" >
  <token_anchor t_id="66"/>
</LOC_FAC>
<ACTION_OCCURRENCE m_id="33" note="byCROMER" >
  <token_anchor t_id="29"/>
</ACTION_OCCURRENCE>
<TIME_DATE m_id="34" note="byCROMER" >
  <token_anchor t_id="91"/>
  <token_anchor t_id="92"/>
</TIME_DATE>


<ACTION_OCCURRENCE m_id="50" RELATED_TO="" TAG_DESCRIPTOR="t18_chase" instance_id="ACT17634690648992738" />
<ACTION_OCCURRENCE m_id="39" RELATED_TO="" TAG_DESCRIPTOR="t18_suspected" instance_id="ACT17644823698356270" />
<TIME_DATE m_id="38" RELATED_TO="" TAG_DESCRIPTOR="t18_monday" instance_id="TIM17643674283349250" />
<ACTION_OCCURRENCE m_id="37" RELATED_TO="" TAG_DESCRIPTOR="t18_shooting" instance_id="ACT17634298974206374" />
<ACTION_OCCURRENCE m_id="36" RELATED_TO="" TAG_DESCRIPTOR="t18_killing" instance_id="ACT17634346596006097" />
<LOC_FAC m_id="35" RELATED_TO="" TAG_DESCRIPTOR="t18_detroit_accounting_firm" instance_id="LOC17634445205802704" />
<ACTION_OCCURRENCE m_id="49" RELATED_TO="" TAG_DESCRIPTOR="t18_attack" instance_id="ACT17634324576004647" />
<ACTION_OCCURRENCE m_id="48" RELATED_TO="" TAG_DESCRIPTOR="t18_arrested" instance_id="ACT17634311469295898" />
<HUMAN_PART_PER m_id="47" RELATED_TO="" TAG_DESCRIPTOR="t18_authorities" instance_id="HUM17634416710632090" />
<HUMAN_PART_PER m_id="46" RELATED_TO="" TAG_DESCRIPTOR="t18_police" instance_id="HUM17650310358342983" />
<ACTION_OCCURRENCE m_id="45" RELATED_TO="" TAG_DESCRIPTOR="t18_injured" instance_id="ACT17634627401104716" />
<HUMAN_PART_PER m_id="44" RELATED_TO="" TAG_DESCRIPTOR="t18_two_injured" instance_id="HUM17644603477119489" />
<ACTION_REPORTING m_id="43" RELATED_TO="" TAG_DESCRIPTOR="t18_authorities_said" instance_id="ACT17634569521151695" />
<TIME_OF_THE_DAY m_id="42" RELATED_TO="" TAG_DESCRIPTOR="t18_hours_after_attack" instance_id="TIM17634505935336579" />
<ACTION_REPORTING m_id="41" RELATED_TO="" TAG_DESCRIPTOR="t18_police_said" instance_id="ACT17643515178560849" />
<ACTION_OCCURRENCE m_id="40" RELATED_TO="" TAG_DESCRIPTOR="t18_worked" instance_id="ACT17634712506070896" />
<HUMAN_PART_PER m_id="53" RELATED_TO="" TAG_DESCRIPTOR="t18_dead_woman" instance_id="HUM17644549751498177" />
<HUMAN_PART_PER m_id="52" RELATED_TO="" TAG_DESCRIPTOR="t18_workers" instance_id="HUM17634402498585457" />
<HUMAN_PART_PER m_id="51" RELATED_TO="" TAG_DESCRIPTOR="t18_shooter" instance_id="HUM17634361679347344" />
</Markables>

<Relations>
<CROSS_DOC_COREF r_id="25101" note="LOC17634445205802704" >
  <source m_id="32" />
  <source m_id="21" />
  <source m_id="25" />
  <source m_id="22" />
  <target m_id="35" />
</CROSS_DOC_COREF>
<CROSS_DOC_COREF r_id="25102" note="ACT17634346596006097" >
  <source m_id="33" />
  <source m_id="16" />
  <target m_id="36" />
</CROSS_DOC_COREF>
<CROSS_DOC_COREF r_id="25103" note="ACT17634298974206374" >
  <source m_id="13" />
  <source m_id="10" />
  <target m_id="37" />
</CROSS_DOC_COREF>
<CROSS_DOC_COREF r_id="25104" note="TIM17643674283349250" >
  <source m_id="34" />
  <target m_id="38" />
</CROSS_DOC_COREF>
<CROSS_DOC_COREF r_id="25105" note="ACT17644823698356270" >
  <source m_id="12" />
  <target m_id="39" />
</CROSS_DOC_COREF>
<CROSS_DOC_COREF r_id="25106" note="ACT17634712506070896" >
  <source m_id="11" />
  <source m_id="14" />
  <target m_id="40" />
</CROSS_DOC_COREF>
<CROSS_DOC_COREF r_id="25107" note="ACT17643515178560849" >
  <source m_id="28" />
  <target m_id="41" />
</CROSS_DOC_COREF>
<CROSS_DOC_COREF r_id="25108" note="TIM17634505935336579" >
  <source m_id="26" />
  <target m_id="42" />
</CROSS_DOC_COREF>
<CROSS_DOC_COREF r_id="25109" note="ACT17634569521151695" >
  <source m_id="18" />
  <target m_id="43" />
</CROSS_DOC_COREF>
<CROSS_DOC_COREF r_id="25110" note="HUM17644603477119489" >
  <source m_id="2" />
  <target m_id="44" />
</CROSS_DOC_COREF>
<CROSS_DOC_COREF r_id="25111" note="ACT17634627401104716" >
  <source m_id="20" />
  <target m_id="45" />
</CROSS_DOC_COREF>
<CROSS_DOC_COREF r_id="25112" note="HUM17650310358342983" >
  <source m_id="3" />
  <target m_id="46" />
</CROSS_DOC_COREF>
<CROSS_DOC_COREF r_id="25113" note="HUM17634416710632090" >
  <source m_id="7" />
  <target m_id="47" />
</CROSS_DOC_COREF>
<CROSS_DOC_COREF r_id="25114" note="ACT17634311469295898" >
  <source m_id="15" />
  <target m_id="48" />
</CROSS_DOC_COREF>
<CROSS_DOC_COREF r_id="25115" note="ACT17634324576004647" >
  <source m_id="17" />
  <target m_id="49" />
</CROSS_DOC_COREF>
<CROSS_DOC_COREF r_id="25116" note="ACT17634690648992738" >
  <source m_id="27" />
  <target m_id="50" />
</CROSS_DOC_COREF>
<CROSS_DOC_COREF r_id="25117" note="HUM17634361679347344" >
  <source m_id="4" />
  <source m_id="19" />
  <source m_id="6" />
  <target m_id="51" />
</CROSS_DOC_COREF>
<CROSS_DOC_COREF r_id="25118" note="HUM17634402498585457" >
  <source m_id="5" />
  <target m_id="52" />
</CROSS_DOC_COREF>
<CROSS_DOC_COREF r_id="25119" note="HUM17644549751498177" >
  <source m_id="1" />
  <target m_id="53" />
</CROSS_DOC_COREF>

</Relations>
</Document>
