<Document doc_name="18_3ecb.xml" doc_id="DOC15654427965942179">
<token t_id="1" sentence="0" number="0">A</token>
<token t_id="2" sentence="0" number="1">man</token>
<token t_id="3" sentence="0" number="2">has</token>
<token t_id="4" sentence="0" number="3">been</token>
<token t_id="5" sentence="0" number="4">charged</token>
<token t_id="6" sentence="0" number="5">with</token>
<token t_id="7" sentence="0" number="6">first-degree</token>
<token t_id="8" sentence="0" number="7">murder</token>
<token t_id="9" sentence="0" number="8">after</token>
<token t_id="10" sentence="0" number="9">a</token>
<token t_id="11" sentence="0" number="10">shooting</token>
<token t_id="12" sentence="0" number="11">at</token>
<token t_id="13" sentence="0" number="12">an</token>
<token t_id="14" sentence="0" number="13">office</token>
<token t_id="15" sentence="0" number="14">Christmas</token>
<token t_id="16" sentence="0" number="15">party</token>
<token t_id="17" sentence="0" number="16">in</token>
<token t_id="18" sentence="0" number="17">Vancouver</token>
<token t_id="19" sentence="0" number="18">Friday</token>
<token t_id="20" sentence="0" number="19">.</token>
<token t_id="21" sentence="1" number="0">Police</token>
<token t_id="22" sentence="1" number="1">allege</token>
<token t_id="23" sentence="1" number="2">Eric</token>
<token t_id="24" sentence="1" number="3">Allen</token>
<token t_id="25" sentence="1" number="4">Kirkpatrick</token>
<token t_id="26" sentence="1" number="5">,</token>
<token t_id="27" sentence="1" number="6">61</token>
<token t_id="28" sentence="1" number="7">,</token>
<token t_id="29" sentence="1" number="8">opened</token>
<token t_id="30" sentence="1" number="9">fire</token>
<token t_id="31" sentence="1" number="10">at</token>
<token t_id="32" sentence="1" number="11">the</token>
<token t_id="33" sentence="1" number="12">TallGrass</token>
<token t_id="34" sentence="1" number="13">Distribution</token>
<token t_id="35" sentence="1" number="14">Ltd</token>
<token t_id="36" sentence="1" number="15">Christmas</token>
<token t_id="37" sentence="1" number="16">party</token>
<token t_id="38" sentence="1" number="17">,</token>
<token t_id="39" sentence="1" number="18">killing</token>
<token t_id="40" sentence="1" number="19">Benjamin</token>
<token t_id="41" sentence="1" number="20">David</token>
<token t_id="42" sentence="1" number="21">Banky</token>
<token t_id="43" sentence="1" number="22">,</token>
<token t_id="44" sentence="1" number="23">40</token>
<token t_id="45" sentence="1" number="24">.</token>
<token t_id="46" sentence="2" number="0">Banky</token>
<token t_id="47" sentence="2" number="1">was</token>
<token t_id="48" sentence="2" number="2">the</token>
<token t_id="49" sentence="2" number="3">CEO</token>
<token t_id="50" sentence="2" number="4">of</token>
<token t_id="51" sentence="2" number="5">TallGrass</token>
<token t_id="52" sentence="2" number="6">Distribution</token>
<token t_id="53" sentence="2" number="7">Ltd.</token>
<token t_id="54" sentence="2" number="8">,</token>
<token t_id="55" sentence="2" number="9">a</token>
<token t_id="56" sentence="2" number="10">natural</token>
<token t_id="57" sentence="2" number="11">health</token>
<token t_id="58" sentence="2" number="12">products</token>
<token t_id="59" sentence="2" number="13">company</token>
<token t_id="60" sentence="2" number="14">.</token>
<token t_id="61" sentence="3" number="0">At</token>
<token t_id="62" sentence="3" number="1">least</token>
<token t_id="63" sentence="3" number="2">a</token>
<token t_id="64" sentence="3" number="3">dozen</token>
<token t_id="65" sentence="3" number="4">employees</token>
<token t_id="66" sentence="3" number="5">had</token>
<token t_id="67" sentence="3" number="6">been</token>
<token t_id="68" sentence="3" number="7">celebrating</token>
<token t_id="69" sentence="3" number="8">when</token>
<token t_id="70" sentence="3" number="9">the</token>
<token t_id="71" sentence="3" number="10">gunman</token>
<token t_id="72" sentence="3" number="11">,</token>
<token t_id="73" sentence="3" number="12">who</token>
<token t_id="74" sentence="3" number="13">had</token>
<token t_id="75" sentence="3" number="14">been</token>
<token t_id="76" sentence="3" number="15">recently</token>
<token t_id="77" sentence="3" number="16">laid</token>
<token t_id="78" sentence="3" number="17">off</token>
<token t_id="79" sentence="3" number="18">,</token>
<token t_id="80" sentence="3" number="19">entered</token>
<token t_id="81" sentence="3" number="20">the</token>
<token t_id="82" sentence="3" number="21">party</token>
<token t_id="83" sentence="3" number="22">and</token>
<token t_id="84" sentence="3" number="23">began</token>
<token t_id="85" sentence="3" number="24">firing</token>
<token t_id="86" sentence="3" number="25">a</token>
<token t_id="87" sentence="3" number="26">gun</token>
<token t_id="88" sentence="3" number="27">,</token>
<token t_id="89" sentence="3" number="28">according</token>
<token t_id="90" sentence="3" number="29">to</token>
<token t_id="91" sentence="3" number="30">Vancouver</token>
<token t_id="92" sentence="3" number="31">Police</token>
<token t_id="93" sentence="3" number="32">spokesperson</token>
<token t_id="94" sentence="3" number="33">Const.</token>
<token t_id="95" sentence="3" number="34">Tim</token>
<token t_id="96" sentence="3" number="35">Fanning</token>
<token t_id="97" sentence="3" number="36">.</token>
<token t_id="98" sentence="4" number="0">The</token>
<token t_id="99" sentence="4" number="1">other</token>
<token t_id="100" sentence="4" number="2">partygoers</token>
<token t_id="101" sentence="4" number="3">managed</token>
<token t_id="102" sentence="4" number="4">to</token>
<token t_id="103" sentence="4" number="5">escape</token>
<token t_id="104" sentence="4" number="6">unharmed</token>
<token t_id="105" sentence="4" number="7">.</token>
<token t_id="106" sentence="5" number="0">``</token>
<token t_id="107" sentence="5" number="1">The</token>
<token t_id="108" sentence="5" number="2">shock</token>
<token t_id="109" sentence="5" number="3">was</token>
<token t_id="110" sentence="5" number="4">tremendous</token>
<token t_id="111" sentence="5" number="5">but</token>
<token t_id="112" sentence="5" number="6">all</token>
<token t_id="113" sentence="5" number="7">the</token>
<token t_id="114" sentence="5" number="8">other</token>
<token t_id="115" sentence="5" number="9">people</token>
<token t_id="116" sentence="5" number="10">in</token>
<token t_id="117" sentence="5" number="11">the</token>
<token t_id="118" sentence="5" number="12">business</token>
<token t_id="119" sentence="5" number="13">-</token>
<token t_id="120" sentence="5" number="14">and</token>
<token t_id="121" sentence="5" number="15">there</token>
<token t_id="122" sentence="5" number="16">another</token>
<token t_id="123" sentence="5" number="17">dozen</token>
<token t_id="124" sentence="5" number="18">other</token>
<token t_id="125" sentence="5" number="19">people</token>
<token t_id="126" sentence="5" number="20">who</token>
<token t_id="127" sentence="5" number="21">were</token>
<token t_id="128" sentence="5" number="22">there</token>
<token t_id="129" sentence="5" number="23">for</token>
<token t_id="130" sentence="5" number="24">a</token>
<token t_id="131" sentence="5" number="25">Christmas</token>
<token t_id="132" sentence="5" number="26">party</token>
<token t_id="133" sentence="5" number="27">-</token>
<token t_id="134" sentence="5" number="28">managed</token>
<token t_id="135" sentence="5" number="29">to</token>
<token t_id="136" sentence="5" number="30">get</token>
<token t_id="137" sentence="5" number="31">out</token>
<token t_id="138" sentence="5" number="32">safely</token>
<token t_id="139" sentence="5" number="33">,</token>
<token t_id="140" sentence="5" number="34">''</token>
<token t_id="141" sentence="5" number="35">Fanning</token>
<token t_id="142" sentence="5" number="36">said</token>
<token t_id="143" sentence="5" number="37">.</token>
<token t_id="144" sentence="6" number="0">Police</token>
<token t_id="145" sentence="6" number="1">locked</token>
<token t_id="146" sentence="6" number="2">down</token>
<token t_id="147" sentence="6" number="3">the</token>
<token t_id="148" sentence="6" number="4">neighbourhood</token>
<token t_id="149" sentence="6" number="5">before</token>
<token t_id="150" sentence="6" number="6">the</token>
<token t_id="151" sentence="6" number="7">suspect</token>
<token t_id="152" sentence="6" number="8">turned</token>
<token t_id="153" sentence="6" number="9">himself</token>
<token t_id="154" sentence="6" number="10">in</token>
<token t_id="155" sentence="6" number="11">around</token>
<token t_id="156" sentence="6" number="12">6</token>
<token t_id="157" sentence="6" number="13">p.m</token>
<token t_id="158" sentence="6" number="14">.</token>
<token t_id="159" sentence="7" number="0">Police</token>
<token t_id="160" sentence="7" number="1">said</token>
<token t_id="161" sentence="7" number="2">Kirkpatrick</token>
<token t_id="162" sentence="7" number="3">was</token>
<token t_id="163" sentence="7" number="4">let</token>
<token t_id="164" sentence="7" number="5">go</token>
<token t_id="165" sentence="7" number="6">on</token>
<token t_id="166" sentence="7" number="7">Dec.</token>
<token t_id="167" sentence="7" number="8">11</token>
<token t_id="168" sentence="7" number="9">.</token>
<token t_id="169" sentence="8" number="0">A</token>
<token t_id="170" sentence="8" number="1">resident</token>
<token t_id="171" sentence="8" number="2">who</token>
<token t_id="172" sentence="8" number="3">lives</token>
<token t_id="173" sentence="8" number="4">in</token>
<token t_id="174" sentence="8" number="5">a</token>
<token t_id="175" sentence="8" number="6">nearby</token>
<token t_id="176" sentence="8" number="7">apartment</token>
<token t_id="177" sentence="8" number="8">building</token>
<token t_id="178" sentence="8" number="9">told</token>
<token t_id="179" sentence="8" number="10">The</token>
<token t_id="180" sentence="8" number="11">Canadian</token>
<token t_id="181" sentence="8" number="12">Press</token>
<token t_id="182" sentence="8" number="13">that</token>
<token t_id="183" sentence="8" number="14">he</token>
<token t_id="184" sentence="8" number="15">did</token>
<token t_id="185" sentence="8" number="16">not</token>
<token t_id="186" sentence="8" number="17">hear</token>
<token t_id="187" sentence="8" number="18">gunshots</token>
<token t_id="188" sentence="8" number="19">,</token>
<token t_id="189" sentence="8" number="20">but</token>
<token t_id="190" sentence="8" number="21">saw</token>
<token t_id="191" sentence="8" number="22">a</token>
<token t_id="192" sentence="8" number="23">woman</token>
<token t_id="193" sentence="8" number="24">run</token>
<token t_id="194" sentence="8" number="25">from</token>
<token t_id="195" sentence="8" number="26">the</token>
<token t_id="196" sentence="8" number="27">party</token>
<token t_id="197" sentence="8" number="28">and</token>
<token t_id="198" sentence="8" number="29">into</token>
<token t_id="199" sentence="8" number="30">a</token>
<token t_id="200" sentence="8" number="31">nearby</token>
<token t_id="201" sentence="8" number="32">auto</token>
<token t_id="202" sentence="8" number="33">repair</token>
<token t_id="203" sentence="8" number="34">shop</token>
<token t_id="204" sentence="8" number="35">,</token>
<token t_id="205" sentence="8" number="36">where</token>
<token t_id="206" sentence="8" number="37">it</token>
<token t_id="207" sentence="8" number="38">appears</token>
<token t_id="208" sentence="8" number="39">she</token>
<token t_id="209" sentence="8" number="40">called</token>
<token t_id="210" sentence="8" number="41">for</token>
<token t_id="211" sentence="8" number="42">help</token>
<token t_id="212" sentence="8" number="43">.</token>
<token t_id="213" sentence="9" number="0">``</token>
<token t_id="214" sentence="9" number="1">All</token>
<token t_id="215" sentence="9" number="2">of</token>
<token t_id="216" sentence="9" number="3">a</token>
<token t_id="217" sentence="9" number="4">sudden</token>
<token t_id="218" sentence="9" number="5">in</token>
<token t_id="219" sentence="9" number="6">my</token>
<token t_id="220" sentence="9" number="7">front</token>
<token t_id="221" sentence="9" number="8">yard</token>
<token t_id="222" sentence="9" number="9">there</token>
<token t_id="223" sentence="9" number="10">were</token>
<token t_id="224" sentence="9" number="11">five</token>
<token t_id="225" sentence="9" number="12">totally</token>
<token t_id="226" sentence="9" number="13">decked</token>
<token t_id="227" sentence="9" number="14">out</token>
<token t_id="228" sentence="9" number="15">,</token>
<token t_id="229" sentence="9" number="16">geared</token>
<token t_id="230" sentence="9" number="17">up</token>
<token t_id="231" sentence="9" number="18">riot</token>
<token t_id="232" sentence="9" number="19">squad</token>
<token t_id="233" sentence="9" number="20">officers</token>
<token t_id="234" sentence="9" number="21">with</token>
<token t_id="235" sentence="9" number="22">guns</token>
<token t_id="236" sentence="9" number="23">out</token>
<token t_id="237" sentence="9" number="24">of</token>
<token t_id="238" sentence="9" number="25">the</token>
<token t_id="239" sentence="9" number="26">holster</token>
<token t_id="240" sentence="9" number="27">,</token>
<token t_id="241" sentence="9" number="28">aiming</token>
<token t_id="242" sentence="9" number="29">at</token>
<token t_id="243" sentence="9" number="30">the</token>
<token t_id="244" sentence="9" number="31">second</token>
<token t_id="245" sentence="9" number="32">floor</token>
<token t_id="246" sentence="9" number="33">of</token>
<token t_id="247" sentence="9" number="34">the</token>
<token t_id="248" sentence="9" number="35">building</token>
<token t_id="249" sentence="9" number="36">right</token>
<token t_id="250" sentence="9" number="37">beside</token>
<token t_id="251" sentence="9" number="38">us</token>
<token t_id="252" sentence="9" number="39">,</token>
<token t_id="253" sentence="9" number="40">''</token>
<token t_id="254" sentence="9" number="41">Luke</token>
<token t_id="255" sentence="9" number="42">Pigeon</token>
<token t_id="256" sentence="9" number="43">said</token>
<token t_id="257" sentence="9" number="44">.</token>
<token t_id="258" sentence="10" number="0">``</token>
<token t_id="259" sentence="10" number="1">I</token>
<token t_id="260" sentence="10" number="2">tried</token>
<token t_id="261" sentence="10" number="3">to</token>
<token t_id="262" sentence="10" number="4">open</token>
<token t_id="263" sentence="10" number="5">up</token>
<token t_id="264" sentence="10" number="6">my</token>
<token t_id="265" sentence="10" number="7">door</token>
<token t_id="266" sentence="10" number="8">and</token>
<token t_id="267" sentence="10" number="9">they</token>
<token t_id="268" sentence="10" number="10">said</token>
<token t_id="269" sentence="10" number="11">close</token>
<token t_id="270" sentence="10" number="12">your</token>
<token t_id="271" sentence="10" number="13">door</token>
<token t_id="272" sentence="10" number="14">,</token>
<token t_id="273" sentence="10" number="15">lock</token>
<token t_id="274" sentence="10" number="16">your</token>
<token t_id="275" sentence="10" number="17">door</token>
<token t_id="276" sentence="10" number="18">.</token>
<token t_id="277" sentence="10" number="19">''</token>
<token t_id="278" sentence="11" number="0">Mark</token>
<token t_id="279" sentence="11" number="1">Pinder</token>
<token t_id="280" sentence="11" number="2">told</token>
<token t_id="281" sentence="11" number="3">The</token>
<token t_id="282" sentence="11" number="4">Canadian</token>
<token t_id="283" sentence="11" number="5">Press</token>
<token t_id="284" sentence="11" number="6">that</token>
<token t_id="285" sentence="11" number="7">police</token>
<token t_id="286" sentence="11" number="8">ordered</token>
<token t_id="287" sentence="11" number="9">a</token>
<token t_id="288" sentence="11" number="10">group</token>
<token t_id="289" sentence="11" number="11">of</token>
<token t_id="290" sentence="11" number="12">film</token>
<token t_id="291" sentence="11" number="13">studio</token>
<token t_id="292" sentence="11" number="14">employees</token>
<token t_id="293" sentence="11" number="15">into</token>
<token t_id="294" sentence="11" number="16">the</token>
<token t_id="295" sentence="11" number="17">basement</token>
<token t_id="296" sentence="11" number="18">of</token>
<token t_id="297" sentence="11" number="19">their</token>
<token t_id="298" sentence="11" number="20">building</token>
<token t_id="299" sentence="11" number="21">,</token>
<token t_id="300" sentence="11" number="22">which</token>
<token t_id="301" sentence="11" number="23">was</token>
<token t_id="302" sentence="11" number="24">across</token>
<token t_id="303" sentence="11" number="25">the</token>
<token t_id="304" sentence="11" number="26">street</token>
<token t_id="305" sentence="11" number="27">from</token>
<token t_id="306" sentence="11" number="28">the</token>
<token t_id="307" sentence="11" number="29">party</token>
<token t_id="308" sentence="11" number="30">.</token>
<token t_id="309" sentence="12" number="0">The</token>
<token t_id="310" sentence="12" number="1">group</token>
<token t_id="311" sentence="12" number="2">was</token>
<token t_id="312" sentence="12" number="3">just</token>
<token t_id="313" sentence="12" number="4">about</token>
<token t_id="314" sentence="12" number="5">to</token>
<token t_id="315" sentence="12" number="6">celebrate</token>
<token t_id="316" sentence="12" number="7">the</token>
<token t_id="317" sentence="12" number="8">completion</token>
<token t_id="318" sentence="12" number="9">of</token>
<token t_id="319" sentence="12" number="10">a</token>
<token t_id="320" sentence="12" number="11">project</token>
<token t_id="321" sentence="12" number="12">when</token>
<token t_id="322" sentence="12" number="13">police</token>
<token t_id="323" sentence="12" number="14">came</token>
<token t_id="324" sentence="12" number="15">knocking</token>
<token t_id="325" sentence="12" number="16">,</token>
<token t_id="326" sentence="12" number="17">he</token>
<token t_id="327" sentence="12" number="18">said</token>
<token t_id="328" sentence="12" number="19">.</token>
<token t_id="329" sentence="13" number="0">``</token>
<token t_id="330" sentence="13" number="1">People</token>
<token t_id="331" sentence="13" number="2">grabbed</token>
<token t_id="332" sentence="13" number="3">a</token>
<token t_id="333" sentence="13" number="4">couple</token>
<token t_id="334" sentence="13" number="5">of</token>
<token t_id="335" sentence="13" number="6">bowls</token>
<token t_id="336" sentence="13" number="7">of</token>
<token t_id="337" sentence="13" number="8">chips</token>
<token t_id="338" sentence="13" number="9">and</token>
<token t_id="339" sentence="13" number="10">dip</token>
<token t_id="340" sentence="13" number="11">and</token>
<token t_id="341" sentence="13" number="12">we</token>
<token t_id="342" sentence="13" number="13">just</token>
<token t_id="343" sentence="13" number="14">sort</token>
<token t_id="344" sentence="13" number="15">of</token>
<token t_id="345" sentence="13" number="16">moved</token>
<token t_id="346" sentence="13" number="17">the</token>
<token t_id="347" sentence="13" number="18">party</token>
<token t_id="348" sentence="13" number="19">downstairs</token>
<token t_id="349" sentence="13" number="20">,</token>
<token t_id="350" sentence="13" number="21">''</token>
<token t_id="351" sentence="13" number="22">Pinder</token>
<token t_id="352" sentence="13" number="23">said</token>
<token t_id="353" sentence="13" number="24">.</token>
<token t_id="354" sentence="14" number="0">``</token>
<token t_id="355" sentence="14" number="1">Some</token>
<token t_id="356" sentence="14" number="2">people</token>
<token t_id="357" sentence="14" number="3">seemed</token>
<token t_id="358" sentence="14" number="4">quite</token>
<token t_id="359" sentence="14" number="5">concerned</token>
<token t_id="360" sentence="14" number="6">but</token>
<token t_id="361" sentence="14" number="7">there</token>
<token t_id="362" sentence="14" number="8">was</token>
<token t_id="363" sentence="14" number="9">n't</token>
<token t_id="364" sentence="14" number="10">anyone</token>
<token t_id="365" sentence="14" number="11">freaking</token>
<token t_id="366" sentence="14" number="12">out</token>
<token t_id="367" sentence="14" number="13">or</token>
<token t_id="368" sentence="14" number="14">crying</token>
<token t_id="369" sentence="14" number="15">.</token>
<token t_id="370" sentence="15" number="0">Everyone</token>
<token t_id="371" sentence="15" number="1">was</token>
<token t_id="372" sentence="15" number="2">calling</token>
<token t_id="373" sentence="15" number="3">their</token>
<token t_id="374" sentence="15" number="4">family</token>
<token t_id="375" sentence="15" number="5">and</token>
<token t_id="376" sentence="15" number="6">making</token>
<token t_id="377" sentence="15" number="7">sure</token>
<token t_id="378" sentence="15" number="8">that</token>
<token t_id="379" sentence="15" number="9">people</token>
<token t_id="380" sentence="15" number="10">knew</token>
<token t_id="381" sentence="15" number="11">they</token>
<token t_id="382" sentence="15" number="12">were</token>
<token t_id="383" sentence="15" number="13">OK</token>
<token t_id="384" sentence="15" number="14">.</token>
<token t_id="385" sentence="15" number="15">''</token>
<token t_id="386" sentence="16" number="0">Pigeon</token>
<token t_id="387" sentence="16" number="1">said</token>
<token t_id="388" sentence="16" number="2">police</token>
<token t_id="389" sentence="16" number="3">spent</token>
<token t_id="390" sentence="16" number="4">about</token>
<token t_id="391" sentence="16" number="5">two</token>
<token t_id="392" sentence="16" number="6">hours</token>
<token t_id="393" sentence="16" number="7">negotiating</token>
<token t_id="394" sentence="16" number="8">with</token>
<token t_id="395" sentence="16" number="9">the</token>
<token t_id="396" sentence="16" number="10">suspect</token>
<token t_id="397" sentence="16" number="11">before</token>
<token t_id="398" sentence="16" number="12">bringing</token>
<token t_id="399" sentence="16" number="13">him</token>
<token t_id="400" sentence="16" number="14">into</token>
<token t_id="401" sentence="16" number="15">custody</token>
<token t_id="402" sentence="16" number="16">.</token>
<token t_id="403" sentence="17" number="0">``</token>
<token t_id="404" sentence="17" number="1">They</token>
<token t_id="405" sentence="17" number="2">cuffed</token>
<token t_id="406" sentence="17" number="3">him</token>
<token t_id="407" sentence="17" number="4">on</token>
<token t_id="408" sentence="17" number="5">the</token>
<token t_id="409" sentence="17" number="6">ground</token>
<token t_id="410" sentence="17" number="7">and</token>
<token t_id="411" sentence="17" number="8">they</token>
<token t_id="412" sentence="17" number="9">took</token>
<token t_id="413" sentence="17" number="10">him</token>
<token t_id="414" sentence="17" number="11">into</token>
<token t_id="415" sentence="17" number="12">a</token>
<token t_id="416" sentence="17" number="13">cruiser</token>
<token t_id="417" sentence="17" number="14">,</token>
<token t_id="418" sentence="17" number="15">''</token>
<token t_id="419" sentence="17" number="16">he</token>
<token t_id="420" sentence="17" number="17">said</token>
<token t_id="421" sentence="17" number="18">.</token>
<token t_id="422" sentence="18" number="0">``</token>
<token t_id="423" sentence="18" number="1">He</token>
<token t_id="424" sentence="18" number="2">was</token>
<token t_id="425" sentence="18" number="3">giving</token>
<token t_id="426" sentence="18" number="4">them</token>
<token t_id="427" sentence="18" number="5">a</token>
<token t_id="428" sentence="18" number="6">bit</token>
<token t_id="429" sentence="18" number="7">of</token>
<token t_id="430" sentence="18" number="8">grief</token>
<token t_id="431" sentence="18" number="9">,</token>
<token t_id="432" sentence="18" number="10">he</token>
<token t_id="433" sentence="18" number="11">was</token>
<token t_id="434" sentence="18" number="12">saying</token>
<token t_id="435" sentence="18" number="13">that</token>
<token t_id="436" sentence="18" number="14">his</token>
<token t_id="437" sentence="18" number="15">cuffs</token>
<token t_id="438" sentence="18" number="16">hurt</token>
<token t_id="439" sentence="18" number="17">,</token>
<token t_id="440" sentence="18" number="18">but</token>
<token t_id="441" sentence="18" number="19">he</token>
<token t_id="442" sentence="18" number="20">was</token>
<token t_id="443" sentence="18" number="21">following</token>
<token t_id="444" sentence="18" number="22">orders</token>
<token t_id="445" sentence="18" number="23">.</token>
<token t_id="446" sentence="18" number="24">''</token>
<token t_id="447" sentence="19" number="0">Employees</token>
<token t_id="448" sentence="19" number="1">who</token>
<token t_id="449" sentence="19" number="2">had</token>
<token t_id="450" sentence="19" number="3">been</token>
<token t_id="451" sentence="19" number="4">at</token>
<token t_id="452" sentence="19" number="5">the</token>
<token t_id="453" sentence="19" number="6">party</token>
<token t_id="454" sentence="19" number="7">at</token>
<token t_id="455" sentence="19" number="8">the</token>
<token t_id="456" sentence="19" number="9">time</token>
<token t_id="457" sentence="19" number="10">of</token>
<token t_id="458" sentence="19" number="11">the</token>
<token t_id="459" sentence="19" number="12">shooting</token>
<token t_id="460" sentence="19" number="13">are</token>
<token t_id="461" sentence="19" number="14">receiving</token>
<token t_id="462" sentence="19" number="15">counselling</token>
<token t_id="463" sentence="19" number="16">from</token>
<token t_id="464" sentence="19" number="17">the</token>
<token t_id="465" sentence="19" number="18">Vancouver</token>
<token t_id="466" sentence="19" number="19">police</token>
<token t_id="467" sentence="19" number="20">victim</token>
<token t_id="468" sentence="19" number="21">'s</token>
<token t_id="469" sentence="19" number="22">services</token>
<token t_id="470" sentence="19" number="23">team</token>
<token t_id="471" sentence="19" number="24">.</token>
<token t_id="472" sentence="20" number="0">``</token>
<token t_id="473" sentence="20" number="1">I</token>
<token t_id="474" sentence="20" number="2">can</token>
<token t_id="475" sentence="20" number="3">not</token>
<token t_id="476" sentence="20" number="4">emphasize</token>
<token t_id="477" sentence="20" number="5">enough</token>
<token t_id="478" sentence="20" number="6">how</token>
<token t_id="479" sentence="20" number="7">traumatic</token>
<token t_id="480" sentence="20" number="8">this</token>
<token t_id="481" sentence="20" number="9">would</token>
<token t_id="482" sentence="20" number="10">have</token>
<token t_id="483" sentence="20" number="11">been</token>
<token t_id="484" sentence="20" number="12">for</token>
<token t_id="485" sentence="20" number="13">the</token>
<token t_id="486" sentence="20" number="14">people</token>
<token t_id="487" sentence="20" number="15">in</token>
<token t_id="488" sentence="20" number="16">there</token>
<token t_id="489" sentence="20" number="17">to</token>
<token t_id="490" sentence="20" number="18">see</token>
<token t_id="491" sentence="20" number="19">one</token>
<token t_id="492" sentence="20" number="20">of</token>
<token t_id="493" sentence="20" number="21">their</token>
<token t_id="494" sentence="20" number="22">co-workers</token>
<token t_id="495" sentence="20" number="23">gunned</token>
<token t_id="496" sentence="20" number="24">down</token>
<token t_id="497" sentence="20" number="25">,</token>
<token t_id="498" sentence="20" number="26">so</token>
<token t_id="499" sentence="20" number="27">we</token>
<token t_id="500" sentence="20" number="28">'re</token>
<token t_id="501" sentence="20" number="29">going</token>
<token t_id="502" sentence="20" number="30">to</token>
<token t_id="503" sentence="20" number="31">do</token>
<token t_id="504" sentence="20" number="32">all</token>
<token t_id="505" sentence="20" number="33">we</token>
<token t_id="506" sentence="20" number="34">can</token>
<token t_id="507" sentence="20" number="35">to</token>
<token t_id="508" sentence="20" number="36">help</token>
<token t_id="509" sentence="20" number="37">these</token>
<token t_id="510" sentence="20" number="38">people</token>
<token t_id="511" sentence="20" number="39">though</token>
<token t_id="512" sentence="20" number="40">a</token>
<token t_id="513" sentence="20" number="41">very</token>
<token t_id="514" sentence="20" number="42">,</token>
<token t_id="515" sentence="20" number="43">very</token>
<token t_id="516" sentence="20" number="44">difficult</token>
<token t_id="517" sentence="20" number="45">time</token>
<token t_id="518" sentence="20" number="46">,</token>
<token t_id="519" sentence="20" number="47">''</token>
<token t_id="520" sentence="20" number="48">Fanning</token>
<token t_id="521" sentence="20" number="49">said</token>
<token t_id="522" sentence="20" number="50">.</token>
<Markables>
<ACTION_OCCURRENCE m_id="2"  >
  <token_anchor t_id="22"/>
</ACTION_OCCURRENCE>


<HUMAN_PART_ORG m_id="35" note="byCROMER" >
  <token_anchor t_id="33"/>
  <token_anchor t_id="34"/>
  <token_anchor t_id="35"/>
</HUMAN_PART_ORG>
<HUMAN_PART_PER m_id="36" note="byCROMER" >
  <token_anchor t_id="23"/>
  <token_anchor t_id="24"/>
  <token_anchor t_id="25"/>
  <token_anchor t_id="26"/>
  <token_anchor t_id="27"/>
</HUMAN_PART_PER>
<TIME_DATE m_id="37" note="byCROMER" >
  <token_anchor t_id="19"/>
</TIME_DATE>
<ACTION_OCCURRENCE m_id="38" note="byCROMER" >
  <token_anchor t_id="29"/>
  <token_anchor t_id="30"/>
</ACTION_OCCURRENCE>
<HUMAN_PART_PER m_id="39" note="byCROMER" >
  <token_anchor t_id="40"/>
  <token_anchor t_id="41"/>
  <token_anchor t_id="42"/>
  <token_anchor t_id="43"/>
  <token_anchor t_id="44"/>
</HUMAN_PART_PER>
<LOC_GEO m_id="40" note="byCROMER" >
  <token_anchor t_id="18"/>
</LOC_GEO>
<ACTION_OCCURRENCE m_id="41" note="byCROMER" >
  <token_anchor t_id="16"/>
</ACTION_OCCURRENCE>
<ACTION_OCCURRENCE m_id="42" note="byCROMER" >
  <token_anchor t_id="39"/>
</ACTION_OCCURRENCE>
<HUMAN_PART_ORG m_id="43" note="byCROMER" >
  <token_anchor t_id="14"/>
</HUMAN_PART_ORG>
<ACTION_OCCURRENCE m_id="44" note="byCROMER" >
  <token_anchor t_id="37"/>
</ACTION_OCCURRENCE>
<ACTION_OCCURRENCE m_id="45" note="byCROMER" >
  <token_anchor t_id="11"/>
</ACTION_OCCURRENCE>
<ACTION_OCCURRENCE m_id="46" note="byCROMER" >
  <token_anchor t_id="7"/>
  <token_anchor t_id="8"/>
</ACTION_OCCURRENCE>
<HUMAN_PART_PER m_id="47" note="byCROMER" >
  <token_anchor t_id="1"/>
  <token_anchor t_id="2"/>
</HUMAN_PART_PER>
<HUMAN_PART_ORG m_id="48" note="byCROMER" >
  <token_anchor t_id="21"/>
</HUMAN_PART_ORG>
<ACTION_OCCURRENCE m_id="49" note="byCROMER" >
  <token_anchor t_id="5"/>
</ACTION_OCCURRENCE>


<ACTION_OCCURRENCE m_id="50" RELATED_TO="" TAG_DESCRIPTOR="t18b_charged" instance_id="ACT17731439887646884" />
<TIME_DATE m_id="60" RELATED_TO="" TAG_DESCRIPTOR="t18b_friday" instance_id="TIM17731705329767162" />
<ACTION_OCCURRENCE m_id="59" RELATED_TO="" TAG_DESCRIPTOR="t18b_murder" instance_id="ACT17731480045763691" />
<ACTION_OCCURRENCE m_id="58" RELATED_TO="" TAG_DESCRIPTOR="t18b_shooting" instance_id="ACT17731621786224442" />
<HUMAN_PART_PER m_id="57" RELATED_TO="" TAG_DESCRIPTOR="t18b_victim" instance_id="HUM17731813980483037" />
<LOC_GEO m_id="56" RELATED_TO="" TAG_DESCRIPTOR="t18b_vancouver" instance_id="LOC17731595109995483" />
<HUMAN_PART_PER m_id="55" RELATED_TO="" TAG_DESCRIPTOR="t18b_shooter" instance_id="HUM17731555438182725" />
<HUMAN_PART_ORG m_id="54" RELATED_TO="" TAG_DESCRIPTOR="t18b_office_company" instance_id="HUM17731760781196568" />
<ACTION_OCCURRENCE m_id="53" RELATED_TO="" TAG_DESCRIPTOR="t18b_party" instance_id="ACT17731503198331596" />
<ACTION_OCCURRENCE m_id="52" RELATED_TO="" TAG_DESCRIPTOR="t18b_killing" instance_id="ACT17731468512044233" />
<HUMAN_PART_ORG m_id="51" RELATED_TO="" TAG_DESCRIPTOR="t18b_police" instance_id="HUM17731532645215730" />
</Markables>

<Relations>
<CROSS_DOC_COREF r_id="33368" note="ACT17731439887646884" >
  <source m_id="49" />
  <target m_id="50" />
</CROSS_DOC_COREF>
<CROSS_DOC_COREF r_id="33369" note="HUM17731532645215730" >
  <source m_id="48" />
  <target m_id="51" />
</CROSS_DOC_COREF>
<CROSS_DOC_COREF r_id="33370" note="ACT17731468512044233" >
  <source m_id="42" />
  <target m_id="52" />
</CROSS_DOC_COREF>
<CROSS_DOC_COREF r_id="33371" note="ACT17731503198331596" >
  <source m_id="41" />
  <source m_id="44" />
  <target m_id="53" />
</CROSS_DOC_COREF>
<CROSS_DOC_COREF r_id="33372" note="HUM17731760781196568" >
  <source m_id="35" />
  <source m_id="43" />
  <target m_id="54" />
</CROSS_DOC_COREF>
<CROSS_DOC_COREF r_id="33373" note="HUM17731555438182725" >
  <source m_id="36" />
  <source m_id="47" />
  <target m_id="55" />
</CROSS_DOC_COREF>
<CROSS_DOC_COREF r_id="33374" note="LOC17731595109995483" >
  <source m_id="40" />
  <target m_id="56" />
</CROSS_DOC_COREF>
<CROSS_DOC_COREF r_id="33375" note="HUM17731813980483037" >
  <source m_id="39" />
  <target m_id="57" />
</CROSS_DOC_COREF>
<CROSS_DOC_COREF r_id="33376" note="ACT17731621786224442" >
  <source m_id="38" />
  <source m_id="45" />
  <target m_id="58" />
</CROSS_DOC_COREF>
<CROSS_DOC_COREF r_id="33377" note="ACT17731480045763691" >
  <source m_id="46" />
  <target m_id="59" />
</CROSS_DOC_COREF>
<CROSS_DOC_COREF r_id="33378" note="TIM17731705329767162" >
  <source m_id="37" />
  <target m_id="60" />
</CROSS_DOC_COREF>

</Relations>
</Document>
