<Document doc_name="18_3ecbplus.xml" doc_id="DOC15646235548035342">
<token t_id="1" sentence="0" number="0">http</token>
<token t_id="2" sentence="0" number="1">:</token>
<token t_id="3" sentence="0" number="2">/</token>
<token t_id="4" sentence="0" number="3">/</token>
<token t_id="5" sentence="0" number="4">voices</token>
<token t_id="6" sentence="0" number="5">.</token>
<token t_id="7" sentence="0" number="6">yahoo</token>
<token t_id="8" sentence="0" number="7">.</token>
<token t_id="9" sentence="0" number="8">com</token>
<token t_id="10" sentence="0" number="9">/</token>
<token t_id="11" sentence="0" number="10">troy</token>
<token t_id="12" sentence="0" number="11">-</token>
<token t_id="13" sentence="0" number="12">michigan</token>
<token t_id="14" sentence="0" number="13">-</token>
<token t_id="15" sentence="0" number="14">office</token>
<token t_id="16" sentence="0" number="15">-</token>
<token t_id="17" sentence="0" number="16">shooting</token>
<token t_id="18" sentence="0" number="17">-</token>
<token t_id="19" sentence="0" number="18">follow</token>
<token t_id="20" sentence="0" number="19">-</token>
<token t_id="21" sentence="0" number="20">1</token>
<token t_id="22" sentence="0" number="21">-</token>
<token t_id="23" sentence="0" number="22">dead</token>
<token t_id="24" sentence="0" number="23">-</token>
<token t_id="25" sentence="0" number="24">2</token>
<token t_id="26" sentence="0" number="25">-</token>
<token t_id="27" sentence="0" number="26">injured</token>
<token t_id="28" sentence="0" number="27">-</token>
<token t_id="29" sentence="0" number="28">294072</token>
<token t_id="30" sentence="0" number="29">.</token>
<token t_id="31" sentence="0" number="30">html</token>
<token t_id="32" sentence="0" number="31">?</token>
<token t_id="33" sentence="0" number="32">cat=8</token>
<token t_id="34" sentence="1" number="0">Troy</token>
<token t_id="35" sentence="1" number="1">,</token>
<token t_id="36" sentence="1" number="2">Michigan</token>
<token t_id="37" sentence="1" number="3">Office</token>
<token t_id="38" sentence="1" number="4">Shooting</token>
<token t_id="39" sentence="1" number="5">Follow</token>
<token t_id="40" sentence="1" number="6">-</token>
<token t_id="41" sentence="1" number="7">Up</token>
<token t_id="42" sentence="1" number="8">-</token>
<token t_id="43" sentence="1" number="9">1</token>
<token t_id="44" sentence="1" number="10">Dead</token>
<token t_id="45" sentence="1" number="11">,</token>
<token t_id="46" sentence="1" number="12">2</token>
<token t_id="47" sentence="1" number="13">Injured</token>
<token t_id="48" sentence="1" number="14">,</token>
<token t_id="49" sentence="1" number="15">and</token>
<token t_id="50" sentence="1" number="16">Suspect</token>
<token t_id="51" sentence="1" number="17">Caught</token>
<token t_id="52" sentence="2" number="0">Apr</token>
<token t_id="53" sentence="2" number="1">12</token>
<token t_id="54" sentence="2" number="2">,</token>
<token t_id="55" sentence="2" number="3">2007</token>
<token t_id="56" sentence="3" number="0">"A</token>
<token t_id="57" sentence="3" number="1">man</token>
<token t_id="58" sentence="3" number="2">suspected</token>
<token t_id="59" sentence="3" number="3">of</token>
<token t_id="60" sentence="3" number="4">shooting</token>
<token t_id="61" sentence="3" number="5">three</token>
<token t_id="62" sentence="3" number="6">people</token>
<token t_id="63" sentence="3" number="7">,</token>
<token t_id="64" sentence="3" number="8">killing</token>
<token t_id="65" sentence="3" number="9">one</token>
<token t_id="66" sentence="3" number="10">,</token>
<token t_id="67" sentence="3" number="11">at</token>
<token t_id="68" sentence="3" number="12">an</token>
<token t_id="69" sentence="3" number="13">accounting</token>
<token t_id="70" sentence="3" number="14">firm</token>
<token t_id="71" sentence="3" number="15">where</token>
<token t_id="72" sentence="3" number="16">was</token>
<token t_id="73" sentence="3" number="17">fired</token>
<token t_id="74" sentence="3" number="18">last</token>
<token t_id="75" sentence="3" number="19">week</token>
<token t_id="76" sentence="3" number="20">was</token>
<token t_id="77" sentence="3" number="21">arrested</token>
<token t_id="78" sentence="3" number="22">after</token>
<token t_id="79" sentence="3" number="23">a</token>
<token t_id="80" sentence="3" number="24">high</token>
<token t_id="81" sentence="3" number="25">-</token>
<token t_id="82" sentence="3" number="26">speed</token>
<token t_id="83" sentence="3" number="27">chase</token>
<token t_id="84" sentence="3" number="28">a</token>
<token t_id="85" sentence="3" number="29">few</token>
<token t_id="86" sentence="3" number="30">hours</token>
<token t_id="87" sentence="3" number="31">after</token>
<token t_id="88" sentence="3" number="32">the</token>
<token t_id="89" sentence="3" number="33">Monday</token>
<token t_id="90" sentence="3" number="34">morning</token>
<token t_id="91" sentence="3" number="35">attack</token>
<token t_id="92" sentence="3" number="36">,</token>
<token t_id="93" sentence="3" number="37">authorities</token>
<token t_id="94" sentence="3" number="38">said</token>
<token t_id="95" sentence="3" number="39">.</token>
<token t_id="96" sentence="4" number="0">Police</token>
<token t_id="97" sentence="4" number="1">said</token>
<token t_id="98" sentence="4" number="2">they</token>
<token t_id="99" sentence="4" number="3">had</token>
<token t_id="100" sentence="4" number="4">located</token>
<token t_id="101" sentence="4" number="5">Anthony</token>
<token t_id="102" sentence="4" number="6">LaCalamita</token>
<token t_id="103" sentence="4" number="7">,</token>
<token t_id="104" sentence="4" number="8">38</token>
<token t_id="105" sentence="4" number="9">,</token>
<token t_id="106" sentence="4" number="10">on</token>
<token t_id="107" sentence="4" number="11">Interstate</token>
<token t_id="108" sentence="4" number="12">75</token>
<token t_id="109" sentence="4" number="13">,</token>
<token t_id="110" sentence="4" number="14">north</token>
<token t_id="111" sentence="4" number="15">of</token>
<token t_id="112" sentence="4" number="16">the</token>
<token t_id="113" sentence="4" number="17">suburban</token>
<token t_id="114" sentence="4" number="18">Detroit</token>
<token t_id="115" sentence="4" number="19">office</token>
<token t_id="116" sentence="4" number="20">building</token>
<token t_id="117" sentence="4" number="21">where</token>
<token t_id="118" sentence="4" number="22">the</token>
<token t_id="119" sentence="4" number="23">shootings</token>
<token t_id="120" sentence="4" number="24">took</token>
<token t_id="121" sentence="4" number="25">place</token>
<token t_id="122" sentence="4" number="26">.</token>
<token t_id="123" sentence="5" number="0">Sheriff's</token>
<token t_id="124" sentence="5" number="1">deputies</token>
<token t_id="125" sentence="5" number="2">and</token>
<token t_id="126" sentence="5" number="3">state</token>
<token t_id="127" sentence="5" number="4">police</token>
<token t_id="128" sentence="5" number="5">chased</token>
<token t_id="129" sentence="5" number="6">him</token>
<token t_id="130" sentence="5" number="7">for</token>
<token t_id="131" sentence="5" number="8">30</token>
<token t_id="132" sentence="5" number="9">miles</token>
<token t_id="133" sentence="5" number="10">,</token>
<token t_id="134" sentence="5" number="11">including</token>
<token t_id="135" sentence="5" number="12">through</token>
<token t_id="136" sentence="5" number="13">a</token>
<token t_id="137" sentence="5" number="14">construction</token>
<token t_id="138" sentence="5" number="15">zone</token>
<token t_id="139" sentence="5" number="16">,</token>
<token t_id="140" sentence="5" number="17">at</token>
<token t_id="141" sentence="5" number="18">speeds</token>
<token t_id="142" sentence="5" number="19">up</token>
<token t_id="143" sentence="5" number="20">to</token>
<token t_id="144" sentence="5" number="21">120</token>
<token t_id="145" sentence="5" number="22">mph</token>
<token t_id="146" sentence="5" number="23">before</token>
<token t_id="147" sentence="5" number="24">he</token>
<token t_id="148" sentence="5" number="25">finally</token>
<token t_id="149" sentence="5" number="26">pulled</token>
<token t_id="150" sentence="5" number="27">over</token>
<token t_id="151" sentence="5" number="28">after</token>
<token t_id="152" sentence="5" number="29">about</token>
<token t_id="153" sentence="5" number="30">15</token>
<token t_id="154" sentence="5" number="31">minutes</token>
<token t_id="155" sentence="5" number="32">,</token>
<token t_id="156" sentence="5" number="33">Genesee</token>
<token t_id="157" sentence="5" number="34">County</token>
<token t_id="158" sentence="5" number="35">Sheriff</token>
<token t_id="159" sentence="5" number="36">Robert</token>
<token t_id="160" sentence="5" number="37">J</token>
<token t_id="161" sentence="5" number="38">.</token>
<token t_id="162" sentence="5" number="39">Pickell</token>
<token t_id="163" sentence="5" number="40">said</token>
<token t_id="164" sentence="5" number="41">.</token>
<token t_id="165" sentence="6" number="0">'He</token>
<token t_id="166" sentence="6" number="1">probably</token>
<token t_id="167" sentence="6" number="2">realized</token>
<token t_id="168" sentence="6" number="3">if</token>
<token t_id="169" sentence="6" number="4">he</token>
<token t_id="170" sentence="6" number="5">didn't</token>
<token t_id="171" sentence="6" number="6">,</token>
<token t_id="172" sentence="6" number="7">he</token>
<token t_id="173" sentence="6" number="8">was</token>
<token t_id="174" sentence="6" number="9">going</token>
<token t_id="175" sentence="6" number="10">to</token>
<token t_id="176" sentence="6" number="11">be</token>
<token t_id="177" sentence="6" number="12">shot</token>
<token t_id="178" sentence="6" number="13">,</token>
<token t_id="179" sentence="6" number="14">'</token>
<token t_id="180" sentence="6" number="15">Undersheriff</token>
<token t_id="181" sentence="6" number="16">James</token>
<token t_id="182" sentence="6" number="17">Gage</token>
<token t_id="183" sentence="6" number="18">said</token>
<token t_id="184" sentence="6" number="19">.</token>
<token t_id="185" sentence="7" number="0">LaCalamita</token>
<token t_id="186" sentence="7" number="1">said</token>
<token t_id="187" sentence="7" number="2">nothing</token>
<token t_id="188" sentence="7" number="3">after</token>
<token t_id="189" sentence="7" number="4">officers</token>
<token t_id="190" sentence="7" number="5">surrounded</token>
<token t_id="191" sentence="7" number="6">him</token>
<token t_id="192" sentence="7" number="7">,</token>
<token t_id="193" sentence="7" number="8">Pickell</token>
<token t_id="194" sentence="7" number="9">said</token>
<token t_id="195" sentence="7" number="10">,</token>
<token t_id="196" sentence="7" number="11">describing</token>
<token t_id="197" sentence="7" number="12">the</token>
<token t_id="198" sentence="7" number="13">suspect</token>
<token t_id="199" sentence="7" number="14">as</token>
<token t_id="200" sentence="7" number="15">'subdued</token>
<token t_id="201" sentence="7" number="16">.</token>
<token t_id="202" sentence="8" number="0">Very</token>
<token t_id="203" sentence="8" number="1">,</token>
<token t_id="204" sentence="8" number="2">very</token>
<token t_id="205" sentence="8" number="3">,</token>
<token t_id="206" sentence="8" number="4">very</token>
<token t_id="207" sentence="8" number="5">subdued</token>
<token t_id="208" sentence="8" number="6">.</token>
<token t_id="209" sentence="8" number="7">'</token>
<token t_id="210" sentence="9" number="0">Officers</token>
<token t_id="211" sentence="9" number="1">found</token>
<token t_id="212" sentence="9" number="2">a</token>
<token t_id="213" sentence="9" number="3">12</token>
<token t_id="214" sentence="9" number="4">-</token>
<token t_id="215" sentence="9" number="5">gauge</token>
<token t_id="216" sentence="9" number="6">pump</token>
<token t_id="217" sentence="9" number="7">-</token>
<token t_id="218" sentence="9" number="8">action</token>
<token t_id="219" sentence="9" number="9">shotgun</token>
<token t_id="220" sentence="9" number="10">and</token>
<token t_id="221" sentence="9" number="11">three</token>
<token t_id="222" sentence="9" number="12">live</token>
<token t_id="223" sentence="9" number="13">shells</token>
<token t_id="224" sentence="9" number="14">in</token>
<token t_id="225" sentence="9" number="15">the</token>
<token t_id="226" sentence="9" number="16">vehicle</token>
<token t_id="227" sentence="9" number="17">,</token>
<token t_id="228" sentence="9" number="18">Pickell</token>
<token t_id="229" sentence="9" number="19">said</token>
<token t_id="230" sentence="9" number="20">.</token>
<token t_id="231" sentence="10" number="0">Witnesses</token>
<token t_id="232" sentence="10" number="1">said</token>
<token t_id="233" sentence="10" number="2">the</token>
<token t_id="234" sentence="10" number="3">shooter</token>
<token t_id="235" sentence="10" number="4">used</token>
<token t_id="236" sentence="10" number="5">a</token>
<token t_id="237" sentence="10" number="6">shotgun</token>
<token t_id="238" sentence="10" number="7">or</token>
<token t_id="239" sentence="10" number="8">a</token>
<token t_id="240" sentence="10" number="9">rifle</token>
<token t_id="241" sentence="10" number="10">,</token>
<token t_id="242" sentence="10" number="11">Troy</token>
<token t_id="243" sentence="10" number="12">police</token>
<token t_id="244" sentence="10" number="13">Lt</token>
<token t_id="245" sentence="10" number="14">.</token>
<token t_id="246" sentence="10" number="15">Gerry</token>
<token t_id="247" sentence="10" number="16">Scherlinck</token>
<token t_id="248" sentence="10" number="17">said</token>
<token t_id="249" sentence="10" number="18">.</token>
<token t_id="250" sentence="10" number="19">"</token>
<token t_id="251" sentence="10" number="20">(</token>
<token t_id="252" sentence="10" number="21">Fox</token>
<token t_id="253" sentence="10" number="22">News</token>
<token t_id="254" sentence="10" number="23">article</token>
<token t_id="255" sentence="10" number="24">)</token>
<token t_id="256" sentence="11" number="0">The</token>
<token t_id="257" sentence="11" number="1">suspect</token>
<token t_id="258" sentence="11" number="2">was</token>
<token t_id="259" sentence="11" number="3">finally</token>
<token t_id="260" sentence="11" number="4">apprehended</token>
<token t_id="261" sentence="11" number="5">after</token>
<token t_id="262" sentence="11" number="6">a</token>
<token t_id="263" sentence="11" number="7">high</token>
<token t_id="264" sentence="11" number="8">-</token>
<token t_id="265" sentence="11" number="9">speed</token>
<token t_id="266" sentence="11" number="10">chase</token>
<token t_id="267" sentence="11" number="11">on</token>
<token t_id="268" sentence="11" number="12">Interstate</token>
<token t_id="269" sentence="11" number="13">75</token>
<token t_id="270" sentence="11" number="14">.</token>
<token t_id="271" sentence="12" number="0">He</token>
<token t_id="272" sentence="12" number="1">was</token>
<token t_id="273" sentence="12" number="2">finally</token>
<token t_id="274" sentence="12" number="3">stopped</token>
<token t_id="275" sentence="12" number="4">near</token>
<token t_id="276" sentence="12" number="5">the</token>
<token t_id="277" sentence="12" number="6">Saginaw</token>
<token t_id="278" sentence="12" number="7">County</token>
<token t_id="279" sentence="12" number="8">and</token>
<token t_id="280" sentence="12" number="9">Bay</token>
<token t_id="281" sentence="12" number="10">County</token>
<token t_id="282" sentence="12" number="11">border</token>
<token t_id="283" sentence="12" number="12">.</token>
<token t_id="284" sentence="13" number="0">Evidence</token>
<token t_id="285" sentence="13" number="1">found</token>
<token t_id="286" sentence="13" number="2">in</token>
<token t_id="287" sentence="13" number="3">the</token>
<token t_id="288" sentence="13" number="4">vehicle</token>
<token t_id="289" sentence="13" number="5">points</token>
<token t_id="290" sentence="13" number="6">to</token>
<token t_id="291" sentence="13" number="7">having</token>
<token t_id="292" sentence="13" number="8">apprehended</token>
<token t_id="293" sentence="13" number="9">the</token>
<token t_id="294" sentence="13" number="10">correct</token>
<token t_id="295" sentence="13" number="11">suspect</token>
<token t_id="296" sentence="13" number="12">.</token>
<token t_id="297" sentence="14" number="0">"Officers</token>
<token t_id="298" sentence="14" number="1">found</token>
<token t_id="299" sentence="14" number="2">a</token>
<token t_id="300" sentence="14" number="3">gun</token>
<token t_id="301" sentence="14" number="4">in</token>
<token t_id="302" sentence="14" number="5">the</token>
<token t_id="303" sentence="14" number="6">vehicle</token>
<token t_id="304" sentence="14" number="7">matching</token>
<token t_id="305" sentence="14" number="8">the</token>
<token t_id="306" sentence="14" number="9">description</token>
<token t_id="307" sentence="14" number="10">of</token>
<token t_id="308" sentence="14" number="11">the</token>
<token t_id="309" sentence="14" number="12">one</token>
<token t_id="310" sentence="14" number="13">used</token>
<token t_id="311" sentence="14" number="14">in</token>
<token t_id="312" sentence="14" number="15">the</token>
<token t_id="313" sentence="14" number="16">shootings</token>
<token t_id="314" sentence="14" number="17">,</token>
<token t_id="315" sentence="14" number="18">Troy</token>
<token t_id="316" sentence="14" number="19">police</token>
<token t_id="317" sentence="14" number="20">Lt</token>
<token t_id="318" sentence="14" number="21">.</token>
<token t_id="319" sentence="14" number="22">Gerry</token>
<token t_id="320" sentence="14" number="23">Scherlinck</token>
<token t_id="321" sentence="14" number="24">said</token>
<token t_id="322" sentence="14" number="25">.</token>
<token t_id="323" sentence="15" number="0">Some</token>
<token t_id="324" sentence="15" number="1">witnesses</token>
<token t_id="325" sentence="15" number="2">told</token>
<token t_id="326" sentence="15" number="3">police</token>
<token t_id="327" sentence="15" number="4">that</token>
<token t_id="328" sentence="15" number="5">when</token>
<token t_id="329" sentence="15" number="6">the</token>
<token t_id="330" sentence="15" number="7">shooter</token>
<token t_id="331" sentence="15" number="8">walked</token>
<token t_id="332" sentence="15" number="9">into</token>
<token t_id="333" sentence="15" number="10">the</token>
<token t_id="334" sentence="15" number="11">office</token>
<token t_id="335" sentence="15" number="12">on</token>
<token t_id="336" sentence="15" number="13">the</token>
<token t_id="337" sentence="15" number="14">building's</token>
<token t_id="338" sentence="15" number="15">second</token>
<token t_id="339" sentence="15" number="16">floor</token>
<token t_id="340" sentence="15" number="17">around</token>
<token t_id="341" sentence="15" number="18">10</token>
<token t_id="342" sentence="15" number="19">a</token>
<token t_id="343" sentence="15" number="20">.</token>
<token t_id="344" sentence="15" number="21">m</token>
<token t_id="345" sentence="15" number="22">.</token>
<token t_id="346" sentence="15" number="23">Monday</token>
<token t_id="347" sentence="15" number="24">,</token>
<token t_id="348" sentence="15" number="25">he</token>
<token t_id="349" sentence="15" number="26">looked</token>
<token t_id="350" sentence="15" number="27">as</token>
<token t_id="351" sentence="15" number="28">if</token>
<token t_id="352" sentence="15" number="29">he</token>
<token t_id="353" sentence="15" number="30">was</token>
<token t_id="354" sentence="15" number="31">trying</token>
<token t_id="355" sentence="15" number="32">to</token>
<token t_id="356" sentence="15" number="33">hide</token>
<token t_id="357" sentence="15" number="34">something</token>
<token t_id="358" sentence="15" number="35">,</token>
<token t_id="359" sentence="15" number="36">Troy</token>
<token t_id="360" sentence="15" number="37">Police</token>
<token t_id="361" sentence="15" number="38">Chief</token>
<token t_id="362" sentence="15" number="39">Charles</token>
<token t_id="363" sentence="15" number="40">Craft</token>
<token t_id="364" sentence="15" number="41">said</token>
<token t_id="365" sentence="15" number="42">.</token>
<token t_id="366" sentence="16" number="0">Police</token>
<token t_id="367" sentence="16" number="1">couldn't</token>
<token t_id="368" sentence="16" number="2">say</token>
<token t_id="369" sentence="16" number="3">how</token>
<token t_id="370" sentence="16" number="4">many</token>
<token t_id="371" sentence="16" number="5">shots</token>
<token t_id="372" sentence="16" number="6">were</token>
<token t_id="373" sentence="16" number="7">fired</token>
<token t_id="374" sentence="16" number="8">.</token>
<token t_id="375" sentence="17" number="0">'I'm</token>
<token t_id="376" sentence="17" number="1">not</token>
<token t_id="377" sentence="17" number="2">positive</token>
<token t_id="378" sentence="17" number="3">all</token>
<token t_id="379" sentence="17" number="4">three</token>
<token t_id="380" sentence="17" number="5">of</token>
<token t_id="381" sentence="17" number="6">the</token>
<token t_id="382" sentence="17" number="7">people</token>
<token t_id="383" sentence="17" number="8">were</token>
<token t_id="384" sentence="17" number="9">targeted</token>
<token t_id="385" sentence="17" number="10">,</token>
<token t_id="386" sentence="17" number="11">but</token>
<token t_id="387" sentence="17" number="12">there</token>
<token t_id="388" sentence="17" number="13">appeared</token>
<token t_id="389" sentence="17" number="14">to</token>
<token t_id="390" sentence="17" number="15">be</token>
<token t_id="391" sentence="17" number="16">some</token>
<token t_id="392" sentence="17" number="17">purpose</token>
<token t_id="393" sentence="17" number="18">,</token>
<token t_id="394" sentence="17" number="19">'</token>
<token t_id="395" sentence="17" number="20">Craft</token>
<token t_id="396" sentence="17" number="21">said</token>
<token t_id="397" sentence="17" number="22">.</token>
<token t_id="398" sentence="18" number="0">The</token>
<token t_id="399" sentence="18" number="1">families</token>
<token t_id="400" sentence="18" number="2">of</token>
<token t_id="401" sentence="18" number="3">the</token>
<token t_id="402" sentence="18" number="4">two</token>
<token t_id="403" sentence="18" number="5">wounded</token>
<token t_id="404" sentence="18" number="6">men</token>
<token t_id="405" sentence="18" number="7">requested</token>
<token t_id="406" sentence="18" number="8">'total</token>
<token t_id="407" sentence="18" number="9">privacy</token>
<token t_id="408" sentence="18" number="10">,</token>
<token t_id="409" sentence="18" number="11">'</token>
<token t_id="410" sentence="18" number="12">and</token>
<token t_id="411" sentence="18" number="13">the</token>
<token t_id="412" sentence="18" number="14">hospital</token>
<token t_id="413" sentence="18" number="15">would</token>
<token t_id="414" sentence="18" number="16">not</token>
<token t_id="415" sentence="18" number="17">release</token>
<token t_id="416" sentence="18" number="18">any</token>
<token t_id="417" sentence="18" number="19">details</token>
<token t_id="418" sentence="18" number="20">about</token>
<token t_id="419" sentence="18" number="21">their</token>
<token t_id="420" sentence="18" number="22">conditions</token>
<token t_id="421" sentence="18" number="23">,</token>
<token t_id="422" sentence="18" number="24">Beaumont</token>
<token t_id="423" sentence="18" number="25">Hospital</token>
<token t_id="424" sentence="18" number="26">spokeswoman</token>
<token t_id="425" sentence="18" number="27">Ilene</token>
<token t_id="426" sentence="18" number="28">Wolfe</token>
<token t_id="427" sentence="18" number="29">said</token>
<token t_id="428" sentence="18" number="30">.</token>
<token t_id="429" sentence="19" number="0">She</token>
<token t_id="430" sentence="19" number="1">said</token>
<token t_id="431" sentence="19" number="2">the</token>
<token t_id="432" sentence="19" number="3">third</token>
<token t_id="433" sentence="19" number="4">victim</token>
<token t_id="434" sentence="19" number="5">died</token>
<token t_id="435" sentence="19" number="6">on</token>
<token t_id="436" sentence="19" number="7">the</token>
<token t_id="437" sentence="19" number="8">way</token>
<token t_id="438" sentence="19" number="9">to</token>
<token t_id="439" sentence="19" number="10">the</token>
<token t_id="440" sentence="19" number="11">hospital</token>
<token t_id="441" sentence="19" number="12">.</token>
<token t_id="442" sentence="20" number="0">LaCalamita</token>
<token t_id="443" sentence="20" number="1">was</token>
<token t_id="444" sentence="20" number="2">listed</token>
<token t_id="445" sentence="20" number="3">among</token>
<token t_id="446" sentence="20" number="4">the</token>
<token t_id="447" sentence="20" number="5">professional</token>
<token t_id="448" sentence="20" number="6">staff</token>
<token t_id="449" sentence="20" number="7">on</token>
<token t_id="450" sentence="20" number="8">the</token>
<token t_id="451" sentence="20" number="9">website</token>
<token t_id="452" sentence="20" number="10">of</token>
<token t_id="453" sentence="20" number="11">Gordon</token>
<token t_id="454" sentence="20" number="12">Advisors</token>
<token t_id="455" sentence="20" number="13">,</token>
<token t_id="456" sentence="20" number="14">a</token>
<token t_id="457" sentence="20" number="15">public</token>
<token t_id="458" sentence="20" number="16">accounting</token>
<token t_id="459" sentence="20" number="17">and</token>
<token t_id="460" sentence="20" number="18">business</token>
<token t_id="461" sentence="20" number="19">consulting</token>
<token t_id="462" sentence="20" number="20">firm</token>
<token t_id="463" sentence="20" number="21">in</token>
<token t_id="464" sentence="20" number="22">the</token>
<token t_id="465" sentence="20" number="23">building</token>
<token t_id="466" sentence="20" number="24">.</token>
<token t_id="467" sentence="21" number="0">Calls</token>
<token t_id="468" sentence="21" number="1">to</token>
<token t_id="469" sentence="21" number="2">Gordon</token>
<token t_id="470" sentence="21" number="3">Advisors</token>
<token t_id="471" sentence="21" number="4">were</token>
<token t_id="472" sentence="21" number="5">not</token>
<token t_id="473" sentence="21" number="6">answered</token>
<token t_id="474" sentence="21" number="7">Monday</token>
<token t_id="475" sentence="21" number="8">afternoon</token>
<token t_id="476" sentence="21" number="9">,</token>
<token t_id="477" sentence="21" number="10">and</token>
<token t_id="478" sentence="21" number="11">a</token>
<token t_id="479" sentence="21" number="12">recording</token>
<token t_id="480" sentence="21" number="13">said</token>
<token t_id="481" sentence="21" number="14">the</token>
<token t_id="482" sentence="21" number="15">offices</token>
<token t_id="483" sentence="21" number="16">were</token>
<token t_id="484" sentence="21" number="17">closed</token>
<token t_id="485" sentence="21" number="18">.</token>
<token t_id="486" sentence="21" number="19">"</token>
<token t_id="487" sentence="21" number="20">(</token>
<token t_id="488" sentence="21" number="21">USA</token>
<token t_id="489" sentence="21" number="22">Today</token>
<token t_id="490" sentence="21" number="23">article</token>
<token t_id="491" sentence="21" number="24">)</token>
<token t_id="492" sentence="22" number="0">Local</token>
<token t_id="493" sentence="22" number="1">evening</token>
<token t_id="494" sentence="22" number="2">news</token>
<token t_id="495" sentence="22" number="3">in</token>
<token t_id="496" sentence="22" number="4">Michigan</token>
<token t_id="497" sentence="22" number="5">originally</token>
<token t_id="498" sentence="22" number="6">reported</token>
<token t_id="499" sentence="22" number="7">that</token>
<token t_id="500" sentence="22" number="8">two</token>
<token t_id="501" sentence="22" number="9">of</token>
<token t_id="502" sentence="22" number="10">the</token>
<token t_id="503" sentence="22" number="11">three</token>
<token t_id="504" sentence="22" number="12">victims</token>
<token t_id="505" sentence="22" number="13">died</token>
<token t_id="506" sentence="22" number="14">.</token>
<token t_id="507" sentence="23" number="0">The</token>
<token t_id="508" sentence="23" number="1">subsequent</token>
<token t_id="509" sentence="23" number="2">car</token>
<token t_id="510" sentence="23" number="3">chase</token>
<token t_id="511" sentence="23" number="4">tied</token>
<token t_id="512" sentence="23" number="5">up</token>
<token t_id="513" sentence="23" number="6">traffic</token>
<token t_id="514" sentence="23" number="7">on</token>
<token t_id="515" sentence="23" number="8">the</token>
<token t_id="516" sentence="23" number="9">I</token>
<token t_id="517" sentence="23" number="10">-</token>
<token t_id="518" sentence="23" number="11">75</token>
<token t_id="519" sentence="23" number="12">corridor</token>
<token t_id="520" sentence="23" number="13">in</token>
<token t_id="521" sentence="23" number="14">Flint</token>
<token t_id="522" sentence="23" number="15">,</token>
<token t_id="523" sentence="23" number="16">Saginaw</token>
<token t_id="524" sentence="23" number="17">,</token>
<token t_id="525" sentence="23" number="18">and</token>
<token t_id="526" sentence="23" number="19">Bay</token>
<token t_id="527" sentence="23" number="20">City</token>
<token t_id="528" sentence="23" number="21">,</token>
<token t_id="529" sentence="23" number="22">Michigan</token>
<token t_id="530" sentence="23" number="23">for</token>
<token t_id="531" sentence="23" number="24">quite</token>
<token t_id="532" sentence="23" number="25">some</token>
<token t_id="533" sentence="23" number="26">time</token>
<token t_id="534" sentence="23" number="27">.</token>
<Markables>
<ACTION_OCCURRENCE m_id="9"  >
  <token_anchor t_id="91"/>
</ACTION_OCCURRENCE>
<ACTION_OCCURRENCE m_id="10"  >
  <token_anchor t_id="39"/>
  <token_anchor t_id="40"/>
  <token_anchor t_id="41"/>
</ACTION_OCCURRENCE>
<ACTION_OCCURRENCE m_id="1"  >
  <token_anchor t_id="38"/>
</ACTION_OCCURRENCE>
<ACTION_OCCURRENCE m_id="2"  >
  <token_anchor t_id="51"/>
</ACTION_OCCURRENCE>
<ACTION_OCCURRENCE m_id="3"  >
  <token_anchor t_id="58"/>
</ACTION_OCCURRENCE>
<ACTION_OCCURRENCE m_id="4"  >
  <token_anchor t_id="60"/>
</ACTION_OCCURRENCE>
<ACTION_OCCURRENCE m_id="5"  >
  <token_anchor t_id="64"/>
</ACTION_OCCURRENCE>
<ACTION_OCCURRENCE m_id="6"  >
  <token_anchor t_id="73"/>
</ACTION_OCCURRENCE>
<ACTION_OCCURRENCE m_id="7"  >
  <token_anchor t_id="77"/>
</ACTION_OCCURRENCE>
<ACTION_OCCURRENCE m_id="8"  >
  <token_anchor t_id="83"/>
</ACTION_OCCURRENCE>
<ACTION_REPORTING m_id="17"  >
  <token_anchor t_id="94"/>
</ACTION_REPORTING>
<HUMAN_PART_PER m_id="11"  >
  <token_anchor t_id="43"/>
</HUMAN_PART_PER>
<HUMAN_PART_PER m_id="12"  >
  <token_anchor t_id="46"/>
</HUMAN_PART_PER>
<HUMAN_PART_PER m_id="13"  >
  <token_anchor t_id="50"/>
</HUMAN_PART_PER>
<HUMAN_PART_PER m_id="14"  >
  <token_anchor t_id="57"/>
</HUMAN_PART_PER>
<HUMAN_PART_PER m_id="15"  >
  <token_anchor t_id="62"/>
</HUMAN_PART_PER>
<HUMAN_PART_PER m_id="16"  >
  <token_anchor t_id="93"/>
</HUMAN_PART_PER>
<LOC_FAC m_id="21"  >
  <token_anchor t_id="67"/>
  <token_anchor t_id="68"/>
  <token_anchor t_id="69"/>
  <token_anchor t_id="70"/>
</LOC_FAC>
<TIME_DATE m_id="20"  >
  <token_anchor t_id="52"/>
  <token_anchor t_id="53"/>
  <token_anchor t_id="54"/>
  <token_anchor t_id="55"/>
</TIME_DATE>
<TIME_DATE m_id="22"  >
  <token_anchor t_id="74"/>
  <token_anchor t_id="75"/>
</TIME_DATE>
<ACTION_OCCURRENCE m_id="27" note="byCROMER" >
  <token_anchor t_id="44"/>
</ACTION_OCCURRENCE>
<ACTION_OCCURRENCE m_id="28" note="byCROMER" >
  <token_anchor t_id="47"/>
</ACTION_OCCURRENCE>
<HUMAN_PART_PER m_id="29" note="byCROMER" >
  <token_anchor t_id="65"/>
</HUMAN_PART_PER>
<LOC_FAC m_id="30" note="byCROMER" >
  <token_anchor t_id="71"/>
</LOC_FAC>
<TIME_OF_THE_DAY m_id="31" note="byCROMER" >
  <token_anchor t_id="84"/>
  <token_anchor t_id="85"/>
  <token_anchor t_id="86"/>
  <token_anchor t_id="87"/>
</TIME_OF_THE_DAY>
<TIME_DATE m_id="32" note="byCROMER" >
  <token_anchor t_id="88"/>
  <token_anchor t_id="89"/>
  <token_anchor t_id="90"/>
</TIME_DATE>


<HUMAN_PART_PER m_id="50" RELATED_TO="" TAG_DESCRIPTOR="t18_dead_woman" instance_id="HUM17644549751498177" />
<TIME_OF_THE_DAY m_id="39" RELATED_TO="" TAG_DESCRIPTOR="t18_hours_after_attack" instance_id="TIM17634505935336579" />
<ACTION_OCCURRENCE m_id="38" RELATED_TO="" TAG_DESCRIPTOR="t18_suspected" instance_id="ACT17644823698356270" />
<TIME_DATE m_id="37" RELATED_TO="" TAG_DESCRIPTOR="t18_monday" instance_id="TIM17643674283349250" />
<TIME_DATE m_id="36" RELATED_TO="" TAG_DESCRIPTOR="t18_last_week_fired" instance_id="TIM17634546349379314" />
<ACTION_OCCURRENCE m_id="35" RELATED_TO="" TAG_DESCRIPTOR="t18_shooting" instance_id="ACT17634298974206374" />
<ACTION_OCCURRENCE m_id="34" RELATED_TO="" TAG_DESCRIPTOR="t18_killing" instance_id="ACT17634346596006097" />
<LOC_FAC m_id="33" RELATED_TO="" TAG_DESCRIPTOR="t18_detroit_accounting_firm" instance_id="LOC17634445205802704" />
<HUMAN_PART_PER m_id="49" RELATED_TO="" TAG_DESCRIPTOR="t18_workers" instance_id="HUM17634402498585457" />
<HUMAN_PART_PER m_id="48" RELATED_TO="" TAG_DESCRIPTOR="t18_shooter" instance_id="HUM17634361679347344" />
<ACTION_OCCURRENCE m_id="47" RELATED_TO="" TAG_DESCRIPTOR="t18_chase" instance_id="ACT17634690648992738" />
<ACTION_OCCURRENCE m_id="46" RELATED_TO="" TAG_DESCRIPTOR="t18_fired" instance_id="ACT17634335402702692" />
<ACTION_OCCURRENCE m_id="45" RELATED_TO="" TAG_DESCRIPTOR="t18_attack" instance_id="ACT17634324576004647" />
<ACTION_OCCURRENCE m_id="44" RELATED_TO="" TAG_DESCRIPTOR="t18_arrested" instance_id="ACT17634311469295898" />
<ACTION_OCCURRENCE m_id="43" RELATED_TO="" TAG_DESCRIPTOR="t18_injured" instance_id="ACT17634627401104716" />
<HUMAN_PART_PER m_id="42" RELATED_TO="" TAG_DESCRIPTOR="t18_authorities" instance_id="HUM17634416710632090" />
<HUMAN_PART_PER m_id="41" RELATED_TO="" TAG_DESCRIPTOR="t18_two_injured" instance_id="HUM17644603477119489" />
<ACTION_REPORTING m_id="40" RELATED_TO="" TAG_DESCRIPTOR="t18_authorities_said" instance_id="ACT17634569521151695" />
</Markables>

<Relations>
<CROSS_DOC_COREF r_id="25104" note="LOC17634445205802704" >
  <source m_id="30" />
  <source m_id="21" />
  <target m_id="33" />
</CROSS_DOC_COREF>
<CROSS_DOC_COREF r_id="25105" note="ACT17634346596006097" >
  <source m_id="27" />
  <source m_id="5" />
  <target m_id="34" />
</CROSS_DOC_COREF>
<CROSS_DOC_COREF r_id="25106" note="ACT17634298974206374" >
  <source m_id="1" />
  <source m_id="4" />
  <target m_id="35" />
</CROSS_DOC_COREF>
<CROSS_DOC_COREF r_id="25107" note="TIM17634546349379314" >
  <source m_id="22" />
  <target m_id="36" />
</CROSS_DOC_COREF>
<CROSS_DOC_COREF r_id="25108" note="TIM17643674283349250" >
  <source m_id="32" />
  <target m_id="37" />
</CROSS_DOC_COREF>
<CROSS_DOC_COREF r_id="25109" note="ACT17644823698356270" >
  <source m_id="3" />
  <target m_id="38" />
</CROSS_DOC_COREF>
<CROSS_DOC_COREF r_id="25110" note="TIM17634505935336579" >
  <source m_id="31" />
  <target m_id="39" />
</CROSS_DOC_COREF>
<CROSS_DOC_COREF r_id="25111" note="ACT17634569521151695" >
  <source m_id="17" />
  <target m_id="40" />
</CROSS_DOC_COREF>
<CROSS_DOC_COREF r_id="25112" note="HUM17644603477119489" >
  <source m_id="12" />
  <target m_id="41" />
</CROSS_DOC_COREF>
<CROSS_DOC_COREF r_id="25113" note="HUM17634416710632090" >
  <source m_id="16" />
  <target m_id="42" />
</CROSS_DOC_COREF>
<CROSS_DOC_COREF r_id="25114" note="ACT17634627401104716" >
  <source m_id="28" />
  <target m_id="43" />
</CROSS_DOC_COREF>
<CROSS_DOC_COREF r_id="25115" note="ACT17634311469295898" >
  <source m_id="7" />
  <source m_id="2" />
  <target m_id="44" />
</CROSS_DOC_COREF>
<CROSS_DOC_COREF r_id="25116" note="ACT17634324576004647" >
  <source m_id="9" />
  <target m_id="45" />
</CROSS_DOC_COREF>
<CROSS_DOC_COREF r_id="25117" note="ACT17634335402702692" >
  <source m_id="6" />
  <target m_id="46" />
</CROSS_DOC_COREF>
<CROSS_DOC_COREF r_id="25118" note="ACT17634690648992738" >
  <source m_id="8" />
  <target m_id="47" />
</CROSS_DOC_COREF>
<CROSS_DOC_COREF r_id="25119" note="HUM17634361679347344" >
  <source m_id="14" />
  <source m_id="13" />
  <target m_id="48" />
</CROSS_DOC_COREF>
<CROSS_DOC_COREF r_id="25120" note="HUM17634402498585457" >
  <source m_id="15" />
  <target m_id="49" />
</CROSS_DOC_COREF>
<CROSS_DOC_COREF r_id="25121" note="HUM17644549751498177" >
  <source m_id="11" />
  <source m_id="29" />
  <target m_id="50" />
</CROSS_DOC_COREF>

</Relations>
</Document>
