<Document doc_name="18_5ecbplus.xml" doc_id="DOC15646235992849822">
<token t_id="1" sentence="0" number="0">http</token>
<token t_id="2" sentence="0" number="1">:</token>
<token t_id="3" sentence="0" number="2">/</token>
<token t_id="4" sentence="0" number="3">/</token>
<token t_id="5" sentence="0" number="4">www</token>
<token t_id="6" sentence="0" number="5">.</token>
<token t_id="7" sentence="0" number="6">nbcnews</token>
<token t_id="8" sentence="0" number="7">.</token>
<token t_id="9" sentence="0" number="8">com</token>
<token t_id="10" sentence="0" number="9">/</token>
<token t_id="11" sentence="0" number="10">id</token>
<token t_id="12" sentence="0" number="11">/</token>
<token t_id="13" sentence="0" number="12">18022825</token>
<token t_id="14" sentence="0" number="13">/</token>
<token t_id="15" sentence="0" number="14">ns</token>
<token t_id="16" sentence="0" number="15">/</token>
<token t_id="17" sentence="0" number="16">us</token>
<token t_id="18" sentence="0" number="17">_</token>
<token t_id="19" sentence="0" number="18">news</token>
<token t_id="20" sentence="0" number="19">-</token>
<token t_id="21" sentence="0" number="20">crime</token>
<token t_id="22" sentence="0" number="21">_</token>
<token t_id="23" sentence="0" number="22">and</token>
<token t_id="24" sentence="0" number="23">_</token>
<token t_id="25" sentence="0" number="24">courts</token>
<token t_id="26" sentence="0" number="25">/</token>
<token t_id="27" sentence="0" number="26">t</token>
<token t_id="28" sentence="0" number="27">/</token>
<token t_id="29" sentence="0" number="28">gunman</token>
<token t_id="30" sentence="0" number="29">-</token>
<token t_id="31" sentence="0" number="30">kills</token>
<token t_id="32" sentence="0" number="31">-</token>
<token t_id="33" sentence="0" number="32">wounds</token>
<token t_id="34" sentence="0" number="33">-</token>
<token t_id="35" sentence="0" number="34">accounting</token>
<token t_id="36" sentence="0" number="35">-</token>
<token t_id="37" sentence="0" number="36">office</token>
<token t_id="38" sentence="0" number="37">/</token>
<token t_id="39" sentence="1" number="0">Gunman</token>
<token t_id="40" sentence="1" number="1">kills</token>
<token t_id="41" sentence="1" number="2">1</token>
<token t_id="42" sentence="1" number="3">,</token>
<token t_id="43" sentence="1" number="4">wounds</token>
<token t_id="44" sentence="1" number="5">2</token>
<token t_id="45" sentence="1" number="6">at</token>
<token t_id="46" sentence="1" number="7">accounting</token>
<token t_id="47" sentence="1" number="8">office</token>
<token t_id="48" sentence="2" number="0">Suspect</token>
<token t_id="49" sentence="2" number="1">had</token>
<token t_id="50" sentence="2" number="2">been</token>
<token t_id="51" sentence="2" number="3">fired</token>
<token t_id="52" sentence="2" number="4">last</token>
<token t_id="53" sentence="2" number="5">week</token>
<token t_id="54" sentence="2" number="6">by</token>
<token t_id="55" sentence="2" number="7">Troy</token>
<token t_id="56" sentence="2" number="8">,</token>
<token t_id="57" sentence="2" number="9">Mich</token>
<token t_id="58" sentence="2" number="10">.</token>
<token t_id="59" sentence="2" number="11">,</token>
<token t_id="60" sentence="2" number="12">company</token>
<token t_id="61" sentence="3" number="0">An</token>
<token t_id="62" sentence="3" number="1">accounting</token>
<token t_id="63" sentence="3" number="2">firm</token>
<token t_id="64" sentence="3" number="3">employee</token>
<token t_id="65" sentence="3" number="4">who</token>
<token t_id="66" sentence="3" number="5">was</token>
<token t_id="67" sentence="3" number="6">fired</token>
<token t_id="68" sentence="3" number="7">last</token>
<token t_id="69" sentence="3" number="8">week</token>
<token t_id="70" sentence="3" number="9">shot</token>
<token t_id="71" sentence="3" number="10">and</token>
<token t_id="72" sentence="3" number="11">killed</token>
<token t_id="73" sentence="3" number="12">a</token>
<token t_id="74" sentence="3" number="13">woman</token>
<token t_id="75" sentence="3" number="14">and</token>
<token t_id="76" sentence="3" number="15">wounded</token>
<token t_id="77" sentence="3" number="16">two</token>
<token t_id="78" sentence="3" number="17">men</token>
<token t_id="79" sentence="3" number="18">Monday</token>
<token t_id="80" sentence="3" number="19">at</token>
<token t_id="81" sentence="3" number="20">the</token>
<token t_id="82" sentence="3" number="21">suburban</token>
<token t_id="83" sentence="3" number="22">Detroit</token>
<token t_id="84" sentence="3" number="23">building</token>
<token t_id="85" sentence="3" number="24">where</token>
<token t_id="86" sentence="3" number="25">he</token>
<token t_id="87" sentence="3" number="26">worked</token>
<token t_id="88" sentence="3" number="27">,</token>
<token t_id="89" sentence="3" number="28">then</token>
<token t_id="90" sentence="3" number="29">led</token>
<token t_id="91" sentence="3" number="30">officers</token>
<token t_id="92" sentence="3" number="31">on</token>
<token t_id="93" sentence="3" number="32">a</token>
<token t_id="94" sentence="3" number="33">high</token>
<token t_id="95" sentence="3" number="34">-</token>
<token t_id="96" sentence="3" number="35">speed</token>
<token t_id="97" sentence="3" number="36">chase</token>
<token t_id="98" sentence="3" number="37">,</token>
<token t_id="99" sentence="3" number="38">police</token>
<token t_id="100" sentence="3" number="39">said</token>
<token t_id="101" sentence="3" number="40">.</token>
<token t_id="102" sentence="4" number="0">Hours</token>
<token t_id="103" sentence="4" number="1">after</token>
<token t_id="104" sentence="4" number="2">the</token>
<token t_id="105" sentence="4" number="3">shooting</token>
<token t_id="106" sentence="4" number="4">,</token>
<token t_id="107" sentence="4" number="5">a</token>
<token t_id="108" sentence="4" number="6">motorist</token>
<token t_id="109" sentence="4" number="7">50</token>
<token t_id="110" sentence="4" number="8">miles</token>
<token t_id="111" sentence="4" number="9">north</token>
<token t_id="112" sentence="4" number="10">of</token>
<token t_id="113" sentence="4" number="11">Detroit</token>
<token t_id="114" sentence="4" number="12">spotted</token>
<token t_id="115" sentence="4" number="13">a</token>
<token t_id="116" sentence="4" number="14">vehicle</token>
<token t_id="117" sentence="4" number="15">described</token>
<token t_id="118" sentence="4" number="16">on</token>
<token t_id="119" sentence="4" number="17">radio</token>
<token t_id="120" sentence="4" number="18">reports</token>
<token t_id="121" sentence="4" number="19">and</token>
<token t_id="122" sentence="4" number="20">notified</token>
<token t_id="123" sentence="4" number="21">authorities</token>
<token t_id="124" sentence="4" number="22">,</token>
<token t_id="125" sentence="4" number="23">touching</token>
<token t_id="126" sentence="4" number="24">off</token>
<token t_id="127" sentence="4" number="25">a</token>
<token t_id="128" sentence="4" number="26">30</token>
<token t_id="129" sentence="4" number="27">-</token>
<token t_id="130" sentence="4" number="28">mile</token>
<token t_id="131" sentence="4" number="29">pursuit</token>
<token t_id="132" sentence="4" number="30">that</token>
<token t_id="133" sentence="4" number="31">passed</token>
<token t_id="134" sentence="4" number="32">through</token>
<token t_id="135" sentence="4" number="33">a</token>
<token t_id="136" sentence="4" number="34">construction</token>
<token t_id="137" sentence="4" number="35">zone</token>
<token t_id="138" sentence="4" number="36">and</token>
<token t_id="139" sentence="4" number="37">reached</token>
<token t_id="140" sentence="4" number="38">speeds</token>
<token t_id="141" sentence="4" number="39">of</token>
<token t_id="142" sentence="4" number="40">120</token>
<token t_id="143" sentence="4" number="41">mph</token>
<token t_id="144" sentence="4" number="42">,</token>
<token t_id="145" sentence="4" number="43">officials</token>
<token t_id="146" sentence="4" number="44">said</token>
<token t_id="147" sentence="4" number="45">.</token>
<token t_id="148" sentence="5" number="0">Anthony</token>
<token t_id="149" sentence="5" number="1">LaCalamita</token>
<token t_id="150" sentence="5" number="2">III</token>
<token t_id="151" sentence="5" number="3">,</token>
<token t_id="152" sentence="5" number="4">38</token>
<token t_id="153" sentence="5" number="5">,</token>
<token t_id="154" sentence="5" number="6">said</token>
<token t_id="155" sentence="5" number="7">nothing</token>
<token t_id="156" sentence="5" number="8">after</token>
<token t_id="157" sentence="5" number="9">officers</token>
<token t_id="158" sentence="5" number="10">surrounded</token>
<token t_id="159" sentence="5" number="11">him</token>
<token t_id="160" sentence="5" number="12">,</token>
<token t_id="161" sentence="5" number="13">Genesee</token>
<token t_id="162" sentence="5" number="14">County</token>
<token t_id="163" sentence="5" number="15">Sheriff</token>
<token t_id="164" sentence="5" number="16">Robert</token>
<token t_id="165" sentence="5" number="17">J</token>
<token t_id="166" sentence="5" number="18">.</token>
<token t_id="167" sentence="5" number="19">Pickell</token>
<token t_id="168" sentence="5" number="20">said</token>
<token t_id="169" sentence="5" number="21">.</token>
<token t_id="170" sentence="6" number="0">Officers</token>
<token t_id="171" sentence="6" number="1">found</token>
<token t_id="172" sentence="6" number="2">a</token>
<token t_id="173" sentence="6" number="3">12</token>
<token t_id="174" sentence="6" number="4">-</token>
<token t_id="175" sentence="6" number="5">gauge</token>
<token t_id="176" sentence="6" number="6">pump</token>
<token t_id="177" sentence="6" number="7">-</token>
<token t_id="178" sentence="6" number="8">action</token>
<token t_id="179" sentence="6" number="9">shotgun</token>
<token t_id="180" sentence="6" number="10">and</token>
<token t_id="181" sentence="6" number="11">three</token>
<token t_id="182" sentence="6" number="12">live</token>
<token t_id="183" sentence="6" number="13">shells</token>
<token t_id="184" sentence="6" number="14">in</token>
<token t_id="185" sentence="6" number="15">the</token>
<token t_id="186" sentence="6" number="16">vehicle</token>
<token t_id="187" sentence="6" number="17">,</token>
<token t_id="188" sentence="6" number="18">but</token>
<token t_id="189" sentence="6" number="19">LaCalamita</token>
<token t_id="190" sentence="6" number="20">as</token>
<token t_id="191" sentence="6" number="21">“</token>
<token t_id="192" sentence="6" number="22">subdued</token>
<token t_id="193" sentence="6" number="23">.</token>
<token t_id="194" sentence="7" number="0">Very</token>
<token t_id="195" sentence="7" number="1">,</token>
<token t_id="196" sentence="7" number="2">very</token>
<token t_id="197" sentence="7" number="3">,</token>
<token t_id="198" sentence="7" number="4">very</token>
<token t_id="199" sentence="7" number="5">subdued</token>
<token t_id="200" sentence="7" number="6">,</token>
<token t_id="201" sentence="7" number="7">”</token>
<token t_id="202" sentence="7" number="8">the</token>
<token t_id="203" sentence="7" number="9">sheriff</token>
<token t_id="204" sentence="7" number="10">said</token>
<token t_id="205" sentence="7" number="11">.</token>
<token t_id="206" sentence="8" number="0">LaCalamita</token>
<token t_id="207" sentence="8" number="1">’</token>
<token t_id="208" sentence="8" number="2">s</token>
<token t_id="209" sentence="8" number="3">calmness</token>
<token t_id="210" sentence="8" number="4">at</token>
<token t_id="211" sentence="8" number="5">the</token>
<token t_id="212" sentence="8" number="6">conclusion</token>
<token t_id="213" sentence="8" number="7">belied</token>
<token t_id="214" sentence="8" number="8">a</token>
<token t_id="215" sentence="8" number="9">frantic</token>
<token t_id="216" sentence="8" number="10">mid</token>
<token t_id="217" sentence="8" number="11">-</token>
<token t_id="218" sentence="8" number="12">morning</token>
<token t_id="219" sentence="8" number="13">at</token>
<token t_id="220" sentence="8" number="14">the</token>
<token t_id="221" sentence="8" number="15">offices</token>
<token t_id="222" sentence="8" number="16">of</token>
<token t_id="223" sentence="8" number="17">Gordon</token>
<token t_id="224" sentence="8" number="18">Advisors</token>
<token t_id="225" sentence="8" number="19">,</token>
<token t_id="226" sentence="8" number="20">a</token>
<token t_id="227" sentence="8" number="21">40</token>
<token t_id="228" sentence="8" number="22">-</token>
<token t_id="229" sentence="8" number="23">to</token>
<token t_id="230" sentence="8" number="24">50</token>
<token t_id="231" sentence="8" number="25">-</token>
<token t_id="232" sentence="8" number="26">employee</token>
<token t_id="233" sentence="8" number="27">company</token>
<token t_id="234" sentence="8" number="28">where</token>
<token t_id="235" sentence="8" number="29">workers</token>
<token t_id="236" sentence="8" number="30">had</token>
<token t_id="237" sentence="8" number="31">been</token>
<token t_id="238" sentence="8" number="32">busy</token>
<token t_id="239" sentence="8" number="33">preparing</token>
<token t_id="240" sentence="8" number="34">tax</token>
<token t_id="241" sentence="8" number="35">returns</token>
<token t_id="242" sentence="8" number="36">.</token>
<token t_id="243" sentence="9" number="0">'Pop</token>
<token t_id="244" sentence="9" number="1">,</token>
<token t_id="245" sentence="9" number="2">pop</token>
<token t_id="246" sentence="9" number="3">,</token>
<token t_id="247" sentence="9" number="4">pop'</token>
<token t_id="248" sentence="10" number="0">“</token>
<token t_id="249" sentence="10" number="1">We</token>
<token t_id="250" sentence="10" number="2">heard</token>
<token t_id="251" sentence="10" number="3">pop</token>
<token t_id="252" sentence="10" number="4">,</token>
<token t_id="253" sentence="10" number="5">pop</token>
<token t_id="254" sentence="10" number="6">,</token>
<token t_id="255" sentence="10" number="7">pop</token>
<token t_id="256" sentence="10" number="8">,</token>
<token t_id="257" sentence="10" number="9">”</token>
<token t_id="258" sentence="10" number="10">smelled</token>
<token t_id="259" sentence="10" number="11">gunpowder</token>
<token t_id="260" sentence="10" number="12">and</token>
<token t_id="261" sentence="10" number="13">heard</token>
<token t_id="262" sentence="10" number="14">co</token>
<token t_id="263" sentence="10" number="15">-</token>
<token t_id="264" sentence="10" number="16">workers</token>
<token t_id="265" sentence="10" number="17">yelling</token>
<token t_id="266" sentence="10" number="18">,</token>
<token t_id="267" sentence="10" number="19">said</token>
<token t_id="268" sentence="10" number="20">Jean</token>
<token t_id="269" sentence="10" number="21">Larson</token>
<token t_id="270" sentence="10" number="22">,</token>
<token t_id="271" sentence="10" number="23">48</token>
<token t_id="272" sentence="10" number="24">,</token>
<token t_id="273" sentence="10" number="25">a</token>
<token t_id="274" sentence="10" number="26">staff</token>
<token t_id="275" sentence="10" number="27">accountant</token>
<token t_id="276" sentence="10" number="28">for</token>
<token t_id="277" sentence="10" number="29">G&amp;C</token>
<token t_id="278" sentence="10" number="30">,</token>
<token t_id="279" sentence="10" number="31">a</token>
<token t_id="280" sentence="10" number="32">subsidiary</token>
<token t_id="281" sentence="10" number="33">of</token>
<token t_id="282" sentence="10" number="34">Gordon</token>
<token t_id="283" sentence="10" number="35">Advisors</token>
<token t_id="284" sentence="10" number="36">.</token>
<token t_id="285" sentence="11" number="0">“</token>
<token t_id="286" sentence="11" number="1">I</token>
<token t_id="287" sentence="11" number="2">heard</token>
<token t_id="288" sentence="11" number="3">one</token>
<token t_id="289" sentence="11" number="4">employee</token>
<token t_id="290" sentence="11" number="5">screaming</token>
<token t_id="291" sentence="11" number="6">,</token>
<token t_id="292" sentence="11" number="7">‘</token>
<token t_id="293" sentence="11" number="8">He</token>
<token t_id="294" sentence="11" number="9">’</token>
<token t_id="295" sentence="11" number="10">s</token>
<token t_id="296" sentence="11" number="11">got</token>
<token t_id="297" sentence="11" number="12">a</token>
<token t_id="298" sentence="11" number="13">gun</token>
<token t_id="299" sentence="11" number="14">.</token>
<token t_id="300" sentence="12" number="0">He</token>
<token t_id="301" sentence="12" number="1">’</token>
<token t_id="302" sentence="12" number="2">s</token>
<token t_id="303" sentence="12" number="3">got</token>
<token t_id="304" sentence="12" number="4">a</token>
<token t_id="305" sentence="12" number="5">gun</token>
<token t_id="306" sentence="12" number="6">.</token>
<token t_id="307" sentence="12" number="7">’</token>
<token t_id="308" sentence="12" number="8">.</token>
<token t_id="309" sentence="12" number="9">.</token>
<token t_id="310" sentence="12" number="10">.</token>
<token t_id="311" sentence="13" number="0">It</token>
<token t_id="312" sentence="13" number="1">was</token>
<token t_id="313" sentence="13" number="2">a</token>
<token t_id="314" sentence="13" number="3">panic</token>
<token t_id="315" sentence="13" number="4">.</token>
<token t_id="316" sentence="14" number="0">No</token>
<token t_id="317" sentence="14" number="1">one</token>
<token t_id="318" sentence="14" number="2">knew</token>
<token t_id="319" sentence="14" number="3">what</token>
<token t_id="320" sentence="14" number="4">to</token>
<token t_id="321" sentence="14" number="5">do</token>
<token t_id="322" sentence="14" number="6">.</token>
<token t_id="323" sentence="15" number="0">No</token>
<token t_id="324" sentence="15" number="1">one</token>
<token t_id="325" sentence="15" number="2">knew</token>
<token t_id="326" sentence="15" number="3">where</token>
<token t_id="327" sentence="15" number="4">to</token>
<token t_id="328" sentence="15" number="5">go</token>
<token t_id="329" sentence="15" number="6">.</token>
<token t_id="330" sentence="15" number="7">”</token>
<token t_id="331" sentence="16" number="0">After</token>
<token t_id="332" sentence="16" number="1">briefly</token>
<token t_id="333" sentence="16" number="2">assembling</token>
<token t_id="334" sentence="16" number="3">in</token>
<token t_id="335" sentence="16" number="4">the</token>
<token t_id="336" sentence="16" number="5">employee</token>
<token t_id="337" sentence="16" number="6">lunchroom</token>
<token t_id="338" sentence="16" number="7">,</token>
<token t_id="339" sentence="16" number="8">some</token>
<token t_id="340" sentence="16" number="9">employees</token>
<token t_id="341" sentence="16" number="10">opted</token>
<token t_id="342" sentence="16" number="11">to</token>
<token t_id="343" sentence="16" number="12">hole</token>
<token t_id="344" sentence="16" number="13">up</token>
<token t_id="345" sentence="16" number="14">inside</token>
<token t_id="346" sentence="16" number="15">individual</token>
<token t_id="347" sentence="16" number="16">offices</token>
<token t_id="348" sentence="16" number="17">.</token>
<token t_id="349" sentence="17" number="0">Larson</token>
<token t_id="350" sentence="17" number="1">joined</token>
<token t_id="351" sentence="17" number="2">two</token>
<token t_id="352" sentence="17" number="3">female</token>
<token t_id="353" sentence="17" number="4">co</token>
<token t_id="354" sentence="17" number="5">-</token>
<token t_id="355" sentence="17" number="6">workers</token>
<token t_id="356" sentence="17" number="7">,</token>
<token t_id="357" sentence="17" number="8">barricading</token>
<token t_id="358" sentence="17" number="9">the</token>
<token t_id="359" sentence="17" number="10">locked</token>
<token t_id="360" sentence="17" number="11">door</token>
<token t_id="361" sentence="17" number="12">with</token>
<token t_id="362" sentence="17" number="13">chairs</token>
<token t_id="363" sentence="17" number="14">,</token>
<token t_id="364" sentence="17" number="15">turning</token>
<token t_id="365" sentence="17" number="16">off</token>
<token t_id="366" sentence="17" number="17">the</token>
<token t_id="367" sentence="17" number="18">lights</token>
<token t_id="368" sentence="17" number="19">and</token>
<token t_id="369" sentence="17" number="20">silencing</token>
<token t_id="370" sentence="17" number="21">their</token>
<token t_id="371" sentence="17" number="22">cell</token>
<token t_id="372" sentence="17" number="23">phones</token>
<token t_id="373" sentence="17" number="24">.</token>
<token t_id="374" sentence="18" number="0">Beneath</token>
<token t_id="375" sentence="18" number="1">a</token>
<token t_id="376" sentence="18" number="2">desk</token>
<token t_id="377" sentence="18" number="3">,</token>
<token t_id="378" sentence="18" number="4">the</token>
<token t_id="379" sentence="18" number="5">three</token>
<token t_id="380" sentence="18" number="6">curled</token>
<token t_id="381" sentence="18" number="7">up</token>
<token t_id="382" sentence="18" number="8">and</token>
<token t_id="383" sentence="18" number="9">kept</token>
<token t_id="384" sentence="18" number="10">quiet</token>
<token t_id="385" sentence="18" number="11">.</token>
<token t_id="386" sentence="19" number="0">“</token>
<token t_id="387" sentence="19" number="1">I</token>
<token t_id="388" sentence="19" number="2">was</token>
<token t_id="389" sentence="19" number="3">just</token>
<token t_id="390" sentence="19" number="4">so</token>
<token t_id="391" sentence="19" number="5">scared</token>
<token t_id="392" sentence="19" number="6">,</token>
<token t_id="393" sentence="19" number="7">”</token>
<token t_id="394" sentence="19" number="8">Larson</token>
<token t_id="395" sentence="19" number="9">said</token>
<token t_id="396" sentence="19" number="10">.</token>
<token t_id="397" sentence="20" number="0">“</token>
<token t_id="398" sentence="20" number="1">I</token>
<token t_id="399" sentence="20" number="2">just</token>
<token t_id="400" sentence="20" number="3">kept</token>
<token t_id="401" sentence="20" number="4">thinking</token>
<token t_id="402" sentence="20" number="5">,</token>
<token t_id="403" sentence="20" number="6">‘</token>
<token t_id="404" sentence="20" number="7">This</token>
<token t_id="405" sentence="20" number="8">can</token>
<token t_id="406" sentence="20" number="9">’</token>
<token t_id="407" sentence="20" number="10">t</token>
<token t_id="408" sentence="20" number="11">be</token>
<token t_id="409" sentence="20" number="12">happening</token>
<token t_id="410" sentence="20" number="13">.</token>
<token t_id="411" sentence="20" number="14">”</token>
<token t_id="412" sentence="20" number="15">’</token>
<token t_id="413" sentence="21" number="0">Police</token>
<token t_id="414" sentence="21" number="1">said</token>
<token t_id="415" sentence="21" number="2">the</token>
<token t_id="416" sentence="21" number="3">person</token>
<token t_id="417" sentence="21" number="4">killed</token>
<token t_id="418" sentence="21" number="5">was</token>
<token t_id="419" sentence="21" number="6">a</token>
<token t_id="420" sentence="21" number="7">63</token>
<token t_id="421" sentence="21" number="8">-</token>
<token t_id="422" sentence="21" number="9">year</token>
<token t_id="423" sentence="21" number="10">-</token>
<token t_id="424" sentence="21" number="11">old</token>
<token t_id="425" sentence="21" number="12">woman</token>
<token t_id="426" sentence="21" number="13">from</token>
<token t_id="427" sentence="21" number="14">Warren</token>
<token t_id="428" sentence="21" number="15">but</token>
<token t_id="429" sentence="21" number="16">would</token>
<token t_id="430" sentence="21" number="17">not</token>
<token t_id="431" sentence="21" number="18">name</token>
<token t_id="432" sentence="21" number="19">her</token>
<token t_id="433" sentence="21" number="20">.</token>
<token t_id="434" sentence="22" number="0">A</token>
<token t_id="435" sentence="22" number="1">message</token>
<token t_id="436" sentence="22" number="2">posted</token>
<token t_id="437" sentence="22" number="3">Monday</token>
<token t_id="438" sentence="22" number="4">afternoon</token>
<token t_id="439" sentence="22" number="5">on</token>
<token t_id="440" sentence="22" number="6">the</token>
<token t_id="441" sentence="22" number="7">accounting</token>
<token t_id="442" sentence="22" number="8">firm</token>
<token t_id="443" sentence="22" number="9">’</token>
<token t_id="444" sentence="22" number="10">s</token>
<token t_id="445" sentence="22" number="11">Web</token>
<token t_id="446" sentence="22" number="12">site</token>
<token t_id="447" sentence="22" number="13">said</token>
<token t_id="448" sentence="22" number="14">the</token>
<token t_id="449" sentence="22" number="15">office</token>
<token t_id="450" sentence="22" number="16">would</token>
<token t_id="451" sentence="22" number="17">be</token>
<token t_id="452" sentence="22" number="18">closed</token>
<token t_id="453" sentence="22" number="19">Tuesday</token>
<token t_id="454" sentence="22" number="20">in</token>
<token t_id="455" sentence="22" number="21">memory</token>
<token t_id="456" sentence="22" number="22">of</token>
<token t_id="457" sentence="22" number="23">Madeline</token>
<token t_id="458" sentence="22" number="24">Kafoury</token>
<token t_id="459" sentence="22" number="25">.</token>
<token t_id="460" sentence="23" number="0">Retiree</token>
<token t_id="461" sentence="23" number="1">had</token>
<token t_id="462" sentence="23" number="2">returned</token>
<token t_id="463" sentence="23" number="3">part</token>
<token t_id="464" sentence="23" number="4">-</token>
<token t_id="465" sentence="23" number="5">time</token>
<token t_id="466" sentence="24" number="0">Larson</token>
<token t_id="467" sentence="24" number="1">said</token>
<token t_id="468" sentence="24" number="2">Kafoury</token>
<token t_id="469" sentence="24" number="3">was</token>
<token t_id="470" sentence="24" number="4">well</token>
<token t_id="471" sentence="24" number="5">-</token>
<token t_id="472" sentence="24" number="6">known</token>
<token t_id="473" sentence="24" number="7">and</token>
<token t_id="474" sentence="24" number="8">well</token>
<token t_id="475" sentence="24" number="9">-</token>
<token t_id="476" sentence="24" number="10">liked</token>
<token t_id="477" sentence="24" number="11">.</token>
<token t_id="478" sentence="25" number="0">She</token>
<token t_id="479" sentence="25" number="1">said</token>
<token t_id="480" sentence="25" number="2">Kafoury</token>
<token t_id="481" sentence="25" number="3">retired</token>
<token t_id="482" sentence="25" number="4">last</token>
<token t_id="483" sentence="25" number="5">year</token>
<token t_id="484" sentence="25" number="6">following</token>
<token t_id="485" sentence="25" number="7">the</token>
<token t_id="486" sentence="25" number="8">conclusion</token>
<token t_id="487" sentence="25" number="9">of</token>
<token t_id="488" sentence="25" number="10">tax</token>
<token t_id="489" sentence="25" number="11">season</token>
<token t_id="490" sentence="25" number="12">,</token>
<token t_id="491" sentence="25" number="13">but</token>
<token t_id="492" sentence="25" number="14">returned</token>
<token t_id="493" sentence="25" number="15">part</token>
<token t_id="494" sentence="25" number="16">-</token>
<token t_id="495" sentence="25" number="17">time</token>
<token t_id="496" sentence="25" number="18">this</token>
<token t_id="497" sentence="25" number="19">year</token>
<token t_id="498" sentence="25" number="20">after</token>
<token t_id="499" sentence="25" number="21">her</token>
<token t_id="500" sentence="25" number="22">successor</token>
<token t_id="501" sentence="25" number="23">quit</token>
<token t_id="502" sentence="25" number="24">.</token>
<token t_id="503" sentence="26" number="0">Troy</token>
<token t_id="504" sentence="26" number="1">Police</token>
<token t_id="505" sentence="26" number="2">Lt</token>
<token t_id="506" sentence="26" number="3">.</token>
<token t_id="507" sentence="26" number="4">Gerry</token>
<token t_id="508" sentence="26" number="5">Scherlinck</token>
<token t_id="509" sentence="26" number="6">identified</token>
<token t_id="510" sentence="26" number="7">the</token>
<token t_id="511" sentence="26" number="8">other</token>
<token t_id="512" sentence="26" number="9">victims</token>
<token t_id="513" sentence="26" number="10">as</token>
<token t_id="514" sentence="26" number="11">a</token>
<token t_id="515" sentence="26" number="12">47</token>
<token t_id="516" sentence="26" number="13">-</token>
<token t_id="517" sentence="26" number="14">year</token>
<token t_id="518" sentence="26" number="15">-</token>
<token t_id="519" sentence="26" number="16">old</token>
<token t_id="520" sentence="26" number="17">man</token>
<token t_id="521" sentence="26" number="18">and</token>
<token t_id="522" sentence="26" number="19">a</token>
<token t_id="523" sentence="26" number="20">48</token>
<token t_id="524" sentence="26" number="21">-</token>
<token t_id="525" sentence="26" number="22">year</token>
<token t_id="526" sentence="26" number="23">-</token>
<token t_id="527" sentence="26" number="24">old</token>
<token t_id="528" sentence="26" number="25">man</token>
<token t_id="529" sentence="26" number="26">.</token>
<token t_id="530" sentence="27" number="0">Wolfe</token>
<token t_id="531" sentence="27" number="1">said</token>
<token t_id="532" sentence="27" number="2">the</token>
<token t_id="533" sentence="27" number="3">families</token>
<token t_id="534" sentence="27" number="4">of</token>
<token t_id="535" sentence="27" number="5">the</token>
<token t_id="536" sentence="27" number="6">wounded</token>
<token t_id="537" sentence="27" number="7">men</token>
<token t_id="538" sentence="27" number="8">requested</token>
<token t_id="539" sentence="27" number="9">privacy</token>
<token t_id="540" sentence="27" number="10">,</token>
<token t_id="541" sentence="27" number="11">and</token>
<token t_id="542" sentence="27" number="12">the</token>
<token t_id="543" sentence="27" number="13">hospital</token>
<token t_id="544" sentence="27" number="14">would</token>
<token t_id="545" sentence="27" number="15">not</token>
<token t_id="546" sentence="27" number="16">release</token>
<token t_id="547" sentence="27" number="17">any</token>
<token t_id="548" sentence="27" number="18">details</token>
<token t_id="549" sentence="27" number="19">about</token>
<token t_id="550" sentence="27" number="20">their</token>
<token t_id="551" sentence="27" number="21">conditions</token>
<token t_id="552" sentence="27" number="22">.</token>
<token t_id="553" sentence="28" number="0">“</token>
<token t_id="554" sentence="28" number="1">I</token>
<token t_id="555" sentence="28" number="2">’</token>
<token t_id="556" sentence="28" number="3">m</token>
<token t_id="557" sentence="28" number="4">not</token>
<token t_id="558" sentence="28" number="5">positive</token>
<token t_id="559" sentence="28" number="6">all</token>
<token t_id="560" sentence="28" number="7">three</token>
<token t_id="561" sentence="28" number="8">of</token>
<token t_id="562" sentence="28" number="9">the</token>
<token t_id="563" sentence="28" number="10">people</token>
<token t_id="564" sentence="28" number="11">were</token>
<token t_id="565" sentence="28" number="12">targeted</token>
<token t_id="566" sentence="28" number="13">but</token>
<token t_id="567" sentence="28" number="14">there</token>
<token t_id="568" sentence="28" number="15">appeared</token>
<token t_id="569" sentence="28" number="16">to</token>
<token t_id="570" sentence="28" number="17">be</token>
<token t_id="571" sentence="28" number="18">some</token>
<token t_id="572" sentence="28" number="19">purpose</token>
<token t_id="573" sentence="28" number="20">,</token>
<token t_id="574" sentence="28" number="21">”</token>
<token t_id="575" sentence="28" number="22">Troy</token>
<token t_id="576" sentence="28" number="23">Police</token>
<token t_id="577" sentence="28" number="24">Chief</token>
<token t_id="578" sentence="28" number="25">Charles</token>
<token t_id="579" sentence="28" number="26">Craft</token>
<token t_id="580" sentence="28" number="27">said</token>
<token t_id="581" sentence="28" number="28">.</token>
<token t_id="582" sentence="29" number="0">LaCalamita</token>
<token t_id="583" sentence="29" number="1">was</token>
<token t_id="584" sentence="29" number="2">being</token>
<token t_id="585" sentence="29" number="3">held</token>
<token t_id="586" sentence="29" number="4">on</token>
<token t_id="587" sentence="29" number="5">charges</token>
<token t_id="588" sentence="29" number="6">of</token>
<token t_id="589" sentence="29" number="7">fleeing</token>
<token t_id="590" sentence="29" number="8">and</token>
<token t_id="591" sentence="29" number="9">eluding</token>
<token t_id="592" sentence="29" number="10">police</token>
<token t_id="593" sentence="29" number="11">and</token>
<token t_id="594" sentence="29" number="12">was</token>
<token t_id="595" sentence="29" number="13">expected</token>
<token t_id="596" sentence="29" number="14">to</token>
<token t_id="597" sentence="29" number="15">be</token>
<token t_id="598" sentence="29" number="16">charged</token>
<token t_id="599" sentence="29" number="17">Tuesday</token>
<token t_id="600" sentence="29" number="18">in</token>
<token t_id="601" sentence="29" number="19">the</token>
<token t_id="602" sentence="29" number="20">shooting</token>
<token t_id="603" sentence="29" number="21">.</token>
<token t_id="604" sentence="30" number="0">LaCalamita</token>
<token t_id="605" sentence="30" number="1">was</token>
<token t_id="606" sentence="30" number="2">fired</token>
<token t_id="607" sentence="30" number="3">last</token>
<token t_id="608" sentence="30" number="4">week</token>
<token t_id="609" sentence="30" number="5">,</token>
<token t_id="610" sentence="30" number="6">Craft</token>
<token t_id="611" sentence="30" number="7">said</token>
<token t_id="612" sentence="30" number="8">,</token>
<token t_id="613" sentence="30" number="9">but</token>
<token t_id="614" sentence="30" number="10">still</token>
<token t_id="615" sentence="30" number="11">was</token>
<token t_id="616" sentence="30" number="12">listed</token>
<token t_id="617" sentence="30" number="13">on</token>
<token t_id="618" sentence="30" number="14">the</token>
<token t_id="619" sentence="30" number="15">Web</token>
<token t_id="620" sentence="30" number="16">site</token>
<token t_id="621" sentence="30" number="17">of</token>
<token t_id="622" sentence="30" number="18">Gordon</token>
<token t_id="623" sentence="30" number="19">Advisors</token>
<token t_id="624" sentence="30" number="20">.</token>
<token t_id="625" sentence="31" number="0">Calls</token>
<token t_id="626" sentence="31" number="1">made</token>
<token t_id="627" sentence="31" number="2">to</token>
<token t_id="628" sentence="31" number="3">Gordon</token>
<token t_id="629" sentence="31" number="4">were</token>
<token t_id="630" sentence="31" number="5">not</token>
<token t_id="631" sentence="31" number="6">answered</token>
<token t_id="632" sentence="31" number="7">,</token>
<token t_id="633" sentence="31" number="8">and</token>
<token t_id="634" sentence="31" number="9">a</token>
<token t_id="635" sentence="31" number="10">recording</token>
<token t_id="636" sentence="31" number="11">said</token>
<token t_id="637" sentence="31" number="12">the</token>
<token t_id="638" sentence="31" number="13">offices</token>
<token t_id="639" sentence="31" number="14">were</token>
<token t_id="640" sentence="31" number="15">closed</token>
<token t_id="641" sentence="31" number="16">.</token>
<Markables>
<ACTION_OCCURRENCE m_id="13"  >
  <token_anchor t_id="40"/>
</ACTION_OCCURRENCE>
<ACTION_OCCURRENCE m_id="14"  >
  <token_anchor t_id="43"/>
</ACTION_OCCURRENCE>
<ACTION_OCCURRENCE m_id="15"  >
  <token_anchor t_id="51"/>
</ACTION_OCCURRENCE>
<ACTION_OCCURRENCE m_id="16"  >
  <token_anchor t_id="67"/>
</ACTION_OCCURRENCE>
<ACTION_OCCURRENCE m_id="17"  >
  <token_anchor t_id="70"/>
</ACTION_OCCURRENCE>
<ACTION_OCCURRENCE m_id="18"  >
  <token_anchor t_id="72"/>
</ACTION_OCCURRENCE>
<ACTION_OCCURRENCE m_id="19"  >
  <token_anchor t_id="76"/>
</ACTION_OCCURRENCE>
<ACTION_OCCURRENCE m_id="20"  >
  <token_anchor t_id="87"/>
</ACTION_OCCURRENCE>
<ACTION_OCCURRENCE m_id="21"  >
  <token_anchor t_id="90"/>
</ACTION_OCCURRENCE>
<ACTION_OCCURRENCE m_id="22"  >
  <token_anchor t_id="97"/>
</ACTION_OCCURRENCE>
<ACTION_OCCURRENCE m_id="33"  >
  <token_anchor t_id="417"/>
</ACTION_OCCURRENCE>
<ACTION_REPORTING m_id="23"  >
  <token_anchor t_id="100"/>
</ACTION_REPORTING>
<ACTION_REPORTING m_id="32"  >
  <token_anchor t_id="414"/>
</ACTION_REPORTING>
<HUMAN_PART_ORG m_id="26"  >
  <token_anchor t_id="60"/>
</HUMAN_PART_ORG>
<HUMAN_PART_PER m_id="9"  >
  <token_anchor t_id="99"/>
</HUMAN_PART_PER>
<HUMAN_PART_PER m_id="10"  >
  <token_anchor t_id="416"/>
</HUMAN_PART_PER>
<HUMAN_PART_PER m_id="11"  >
  <token_anchor t_id="425"/>
</HUMAN_PART_PER>
<HUMAN_PART_PER m_id="12"  >
  <token_anchor t_id="432"/>
</HUMAN_PART_PER>
<HUMAN_PART_PER m_id="30"  >
  <token_anchor t_id="91"/>
</HUMAN_PART_PER>
<HUMAN_PART_PER m_id="31"  >
  <token_anchor t_id="413"/>
</HUMAN_PART_PER>
<HUMAN_PART_PER m_id="1"  >
  <token_anchor t_id="39"/>
</HUMAN_PART_PER>
<HUMAN_PART_PER m_id="2"  >
  <token_anchor t_id="48"/>
</HUMAN_PART_PER>
<HUMAN_PART_PER m_id="3"  >
  <token_anchor t_id="41"/>
</HUMAN_PART_PER>
<HUMAN_PART_PER m_id="4"  >
  <token_anchor t_id="44"/>
</HUMAN_PART_PER>
<HUMAN_PART_PER m_id="5"  >
  <token_anchor t_id="64"/>
</HUMAN_PART_PER>
<HUMAN_PART_PER m_id="6"  >
  <token_anchor t_id="74"/>
</HUMAN_PART_PER>
<HUMAN_PART_PER m_id="7"  >
  <token_anchor t_id="78"/>
</HUMAN_PART_PER>
<HUMAN_PART_PER m_id="8"  >
  <token_anchor t_id="86"/>
</HUMAN_PART_PER>
<LOC_FAC m_id="24"  >
  <token_anchor t_id="45"/>
  <token_anchor t_id="46"/>
  <token_anchor t_id="47"/>
</LOC_FAC>
<LOC_FAC m_id="29"  >
  <token_anchor t_id="80"/>
  <token_anchor t_id="81"/>
  <token_anchor t_id="82"/>
  <token_anchor t_id="83"/>
  <token_anchor t_id="84"/>
</LOC_FAC>
<LOC_GEO m_id="35"  >
  <token_anchor t_id="427"/>
</LOC_GEO>
<NEG_ACTION_OCCURRENCE m_id="34"  >
  <token_anchor t_id="431"/>
</NEG_ACTION_OCCURRENCE>
<TIME_DATE m_id="25"  >
  <token_anchor t_id="52"/>
  <token_anchor t_id="53"/>
</TIME_DATE>
<TIME_DATE m_id="27"  >
  <token_anchor t_id="68"/>
  <token_anchor t_id="69"/>
</TIME_DATE>
<TIME_DATE m_id="28"  >
  <token_anchor t_id="79"/>
</TIME_DATE>


<LOC_FAC m_id="42" note="byCROMER" >
  <token_anchor t_id="85"/>
</LOC_FAC>


<HUMAN_PART_PER m_id="50" RELATED_TO="" TAG_DESCRIPTOR="t18_two_injured" instance_id="HUM17644603477119489" />
<ACTION_OCCURRENCE m_id="49" RELATED_TO="" TAG_DESCRIPTOR="t18_worked" instance_id="ACT17634712506070896" />
<ACTION_REPORTING m_id="48" RELATED_TO="" TAG_DESCRIPTOR="t18_police_said" instance_id="ACT17643515178560849" />
<TIME_DATE m_id="47" RELATED_TO="" TAG_DESCRIPTOR="t18_monday" instance_id="TIM17643674283349250" />
<TIME_DATE m_id="46" RELATED_TO="" TAG_DESCRIPTOR="t18_last_week_fired" instance_id="TIM17634546349379314" />
<ACTION_OCCURRENCE m_id="45" RELATED_TO="" TAG_DESCRIPTOR="t18_killing" instance_id="ACT17634346596006097" />
<ACTION_OCCURRENCE m_id="44" RELATED_TO="" TAG_DESCRIPTOR="t18_shooting" instance_id="ACT17634298974206374" />
<LOC_FAC m_id="43" RELATED_TO="" TAG_DESCRIPTOR="t18_detroit_accounting_firm" instance_id="LOC17634445205802704" />
<HUMAN_PART_PER m_id="57" RELATED_TO="" TAG_DESCRIPTOR="t18_dead_woman" instance_id="HUM17644549751498177" />
<HUMAN_PART_PER m_id="56" RELATED_TO="" TAG_DESCRIPTOR="t18_shooter" instance_id="HUM17634361679347344" />
<ACTION_OCCURRENCE m_id="55" RELATED_TO="" TAG_DESCRIPTOR="t18_chase" instance_id="ACT17634690648992738" />
<ACTION_OCCURRENCE m_id="54" RELATED_TO="" TAG_DESCRIPTOR="t18_fired" instance_id="ACT17634335402702692" />
<HUMAN_PART_PER m_id="53" RELATED_TO="" TAG_DESCRIPTOR="t18_police" instance_id="HUM17650310358342983" />
<ACTION_OCCURRENCE m_id="52" RELATED_TO="" TAG_DESCRIPTOR="t18_injured" instance_id="ACT17634627401104716" />
<HUMAN_PART_PER m_id="51" RELATED_TO="" TAG_DESCRIPTOR="t18_officers" instance_id="HUM17643797339882045" />
</Markables>

<Relations>
<CROSS_DOC_COREF r_id="25114" note="LOC17634445205802704" >
  <source m_id="29" />
  <source m_id="42" />
  <source m_id="24" />
  <target m_id="43" />
</CROSS_DOC_COREF>
<CROSS_DOC_COREF r_id="25115" note="ACT17634298974206374" >
  <source m_id="17" />
  <target m_id="44" />
</CROSS_DOC_COREF>
<CROSS_DOC_COREF r_id="25116" note="ACT17634346596006097" >
  <source m_id="33" />
  <source m_id="13" />
  <source m_id="18" />
  <target m_id="45" />
</CROSS_DOC_COREF>
<CROSS_DOC_COREF r_id="25117" note="TIM17634546349379314" >
  <source m_id="27" />
  <source m_id="25" />
  <target m_id="46" />
</CROSS_DOC_COREF>
<CROSS_DOC_COREF r_id="25118" note="TIM17643674283349250" >
  <source m_id="28" />
  <target m_id="47" />
</CROSS_DOC_COREF>
<CROSS_DOC_COREF r_id="25119" note="ACT17643515178560849" >
  <source m_id="32" />
  <source m_id="23" />
  <target m_id="48" />
</CROSS_DOC_COREF>
<CROSS_DOC_COREF r_id="25120" note="ACT17634712506070896" >
  <source m_id="20" />
  <target m_id="49" />
</CROSS_DOC_COREF>
<CROSS_DOC_COREF r_id="25121" note="HUM17644603477119489" >
  <source m_id="7" />
  <source m_id="4" />
  <target m_id="50" />
</CROSS_DOC_COREF>
<CROSS_DOC_COREF r_id="25122" note="HUM17643797339882045" >
  <source m_id="30" />
  <target m_id="51" />
</CROSS_DOC_COREF>
<CROSS_DOC_COREF r_id="25123" note="ACT17634627401104716" >
  <source m_id="14" />
  <source m_id="19" />
  <target m_id="52" />
</CROSS_DOC_COREF>
<CROSS_DOC_COREF r_id="25124" note="HUM17650310358342983" >
  <source m_id="9" />
  <source m_id="31" />
  <target m_id="53" />
</CROSS_DOC_COREF>
<CROSS_DOC_COREF r_id="25125" note="ACT17634335402702692" >
  <source m_id="16" />
  <source m_id="15" />
  <target m_id="54" />
</CROSS_DOC_COREF>
<CROSS_DOC_COREF r_id="25126" note="ACT17634690648992738" >
  <source m_id="22" />
  <target m_id="55" />
</CROSS_DOC_COREF>
<CROSS_DOC_COREF r_id="25127" note="HUM17634361679347344" >
  <source m_id="1" />
  <source m_id="5" />
  <source m_id="8" />
  <source m_id="2" />
  <target m_id="56" />
</CROSS_DOC_COREF>
<CROSS_DOC_COREF r_id="25128" note="HUM17644549751498177" >
  <source m_id="10" />
  <source m_id="12" />
  <source m_id="3" />
  <source m_id="6" />
  <source m_id="11" />
  <target m_id="57" />
</CROSS_DOC_COREF>

</Relations>
</Document>
