<Document doc_name="18_6ecb.xml" doc_id="DOC15654428275452171">
<token t_id="1" sentence="0" number="0">61-year-old</token>
<token t_id="2" sentence="0" number="1">Vancouver</token>
<token t_id="3" sentence="0" number="2">man</token>
<token t_id="4" sentence="0" number="3">charged</token>
<token t_id="5" sentence="0" number="4">with</token>
<token t_id="6" sentence="0" number="5">first-degree</token>
<token t_id="7" sentence="0" number="6">murder</token>
<token t_id="8" sentence="0" number="7">after</token>
<token t_id="9" sentence="0" number="8">company</token>
<token t_id="10" sentence="0" number="9">CEO</token>
<token t_id="11" sentence="0" number="10">gunned</token>
<token t_id="12" sentence="0" number="11">down</token>
<token t_id="13" sentence="0" number="12">at</token>
<token t_id="14" sentence="0" number="13">office</token>
<token t_id="15" sentence="0" number="14">holiday</token>
<token t_id="16" sentence="0" number="15">party</token>
<token t_id="17" sentence="1" number="0">Employees</token>
<token t_id="18" sentence="1" number="1">at</token>
<token t_id="19" sentence="1" number="2">a</token>
<token t_id="20" sentence="1" number="3">Vancouver</token>
<token t_id="21" sentence="1" number="4">wholesaler</token>
<token t_id="22" sentence="1" number="5">were</token>
<token t_id="23" sentence="1" number="6">coping</token>
<token t_id="24" sentence="1" number="7">Saturday</token>
<token t_id="25" sentence="1" number="8">with</token>
<token t_id="26" sentence="1" number="9">the</token>
<token t_id="27" sentence="1" number="10">death</token>
<token t_id="28" sentence="1" number="11">of</token>
<token t_id="29" sentence="1" number="12">their</token>
<token t_id="30" sentence="1" number="13">boss</token>
<token t_id="31" sentence="1" number="14">,</token>
<token t_id="32" sentence="1" number="15">who</token>
<token t_id="33" sentence="1" number="16">was</token>
<token t_id="34" sentence="1" number="17">gunned</token>
<token t_id="35" sentence="1" number="18">down</token>
<token t_id="36" sentence="1" number="19">at</token>
<token t_id="37" sentence="1" number="20">their</token>
<token t_id="38" sentence="1" number="21">office</token>
<token t_id="39" sentence="1" number="22">Christmas</token>
<token t_id="40" sentence="1" number="23">party</token>
<token t_id="41" sentence="1" number="24">.</token>
<token t_id="42" sentence="2" number="0">Terrified</token>
<token t_id="43" sentence="2" number="1">workers</token>
<token t_id="44" sentence="2" number="2">ran</token>
<token t_id="45" sentence="2" number="3">screaming</token>
<token t_id="46" sentence="2" number="4">from</token>
<token t_id="47" sentence="2" number="5">building</token>
<token t_id="48" sentence="2" number="6">after</token>
<token t_id="49" sentence="2" number="7">a</token>
<token t_id="50" sentence="2" number="8">gunman</token>
<token t_id="51" sentence="2" number="9">opened</token>
<token t_id="52" sentence="2" number="10">fire</token>
<token t_id="53" sentence="2" number="11">at</token>
<token t_id="54" sentence="2" number="12">the</token>
<token t_id="55" sentence="2" number="13">party</token>
<token t_id="56" sentence="2" number="14">the</token>
<token t_id="57" sentence="2" number="15">day</token>
<token t_id="58" sentence="2" number="16">before</token>
<token t_id="59" sentence="2" number="17">.</token>
<token t_id="60" sentence="3" number="0">A</token>
<token t_id="61" sentence="3" number="1">woman</token>
<token t_id="62" sentence="3" number="2">ran</token>
<token t_id="63" sentence="3" number="3">screaming</token>
<token t_id="64" sentence="3" number="4">from</token>
<token t_id="65" sentence="3" number="5">the</token>
<token t_id="66" sentence="3" number="6">office</token>
<token t_id="67" sentence="3" number="7">of</token>
<token t_id="68" sentence="3" number="8">TallGrass</token>
<token t_id="69" sentence="3" number="9">Distribution</token>
<token t_id="70" sentence="3" number="10">after</token>
<token t_id="71" sentence="3" number="11">four</token>
<token t_id="72" sentence="3" number="12">loud</token>
<token t_id="73" sentence="3" number="13">pops</token>
<token t_id="74" sentence="3" number="14">were</token>
<token t_id="75" sentence="3" number="15">heard</token>
<token t_id="76" sentence="3" number="16">in</token>
<token t_id="77" sentence="3" number="17">the</token>
<token t_id="78" sentence="3" number="18">quiet</token>
<token t_id="79" sentence="3" number="19">Vancouver</token>
<token t_id="80" sentence="3" number="20">street</token>
<token t_id="81" sentence="3" number="21">,</token>
<token t_id="82" sentence="3" number="22">said</token>
<token t_id="83" sentence="3" number="23">Faud</token>
<token t_id="84" sentence="3" number="24">Ali</token>
<token t_id="85" sentence="3" number="25">,</token>
<token t_id="86" sentence="3" number="26">owner</token>
<token t_id="87" sentence="3" number="27">of</token>
<token t_id="88" sentence="3" number="28">Fiji</token>
<token t_id="89" sentence="3" number="29">Islands</token>
<token t_id="90" sentence="3" number="30">Auto</token>
<token t_id="91" sentence="3" number="31">Repair</token>
<token t_id="92" sentence="3" number="32">,</token>
<token t_id="93" sentence="3" number="33">a</token>
<token t_id="94" sentence="3" number="34">business</token>
<token t_id="95" sentence="3" number="35">on</token>
<token t_id="96" sentence="3" number="36">the</token>
<token t_id="97" sentence="3" number="37">same</token>
<token t_id="98" sentence="3" number="38">street</token>
<token t_id="99" sentence="3" number="39">.</token>
<token t_id="100" sentence="4" number="0">Terrified</token>
<token t_id="101" sentence="4" number="1">that</token>
<token t_id="102" sentence="4" number="2">her</token>
<token t_id="103" sentence="4" number="3">sister</token>
<token t_id="104" sentence="4" number="4">was</token>
<token t_id="105" sentence="4" number="5">trapped</token>
<token t_id="106" sentence="4" number="6">in</token>
<token t_id="107" sentence="4" number="7">the</token>
<token t_id="108" sentence="4" number="8">office</token>
<token t_id="109" sentence="4" number="9">where</token>
<token t_id="110" sentence="4" number="10">a</token>
<token t_id="111" sentence="4" number="11">hooded</token>
<token t_id="112" sentence="4" number="12">gunman</token>
<token t_id="113" sentence="4" number="13">was</token>
<token t_id="114" sentence="4" number="14">pacing</token>
<token t_id="115" sentence="4" number="15">about</token>
<token t_id="116" sentence="4" number="16">,</token>
<token t_id="117" sentence="4" number="17">agitated</token>
<token t_id="118" sentence="4" number="18">,</token>
<token t_id="119" sentence="4" number="19">the</token>
<token t_id="120" sentence="4" number="20">woman</token>
<token t_id="121" sentence="4" number="21">ran</token>
<token t_id="122" sentence="4" number="22">to</token>
<token t_id="123" sentence="4" number="23">the</token>
<token t_id="124" sentence="4" number="24">auto</token>
<token t_id="125" sentence="4" number="25">shop</token>
<token t_id="126" sentence="4" number="26">to</token>
<token t_id="127" sentence="4" number="27">call</token>
<token t_id="128" sentence="4" number="28">police</token>
<token t_id="129" sentence="4" number="29">,</token>
<token t_id="130" sentence="4" number="30">Mr.</token>
<token t_id="131" sentence="4" number="31">Ali</token>
<token t_id="132" sentence="4" number="32">said</token>
<token t_id="133" sentence="4" number="33">Saturday</token>
<token t_id="134" sentence="4" number="34">.</token>
<token t_id="135" sentence="5" number="0">In</token>
<token t_id="136" sentence="5" number="1">the</token>
<token t_id="137" sentence="5" number="2">office</token>
<token t_id="138" sentence="5" number="3">she</token>
<token t_id="139" sentence="5" number="4">and</token>
<token t_id="140" sentence="5" number="5">about</token>
<token t_id="141" sentence="5" number="6">a</token>
<token t_id="142" sentence="5" number="7">dozen</token>
<token t_id="143" sentence="5" number="8">coworkers</token>
<token t_id="144" sentence="5" number="9">had</token>
<token t_id="145" sentence="5" number="10">just</token>
<token t_id="146" sentence="5" number="11">fled</token>
<token t_id="147" sentence="5" number="12">,</token>
<token t_id="148" sentence="5" number="13">Benjamin</token>
<token t_id="149" sentence="5" number="14">David</token>
<token t_id="150" sentence="5" number="15">Banky</token>
<token t_id="151" sentence="5" number="16">,</token>
<token t_id="152" sentence="5" number="17">40</token>
<token t_id="153" sentence="5" number="18">,</token>
<token t_id="154" sentence="5" number="19">the</token>
<token t_id="155" sentence="5" number="20">CEO</token>
<token t_id="156" sentence="5" number="21">of</token>
<token t_id="157" sentence="5" number="22">TallGrass</token>
<token t_id="158" sentence="5" number="23">,</token>
<token t_id="159" sentence="5" number="24">lay</token>
<token t_id="160" sentence="5" number="25">dead</token>
<token t_id="161" sentence="5" number="26">.</token>
<token t_id="162" sentence="6" number="0">Looking</token>
<token t_id="163" sentence="6" number="1">through</token>
<token t_id="164" sentence="6" number="2">the</token>
<token t_id="165" sentence="6" number="3">windows</token>
<token t_id="166" sentence="6" number="4">across</token>
<token t_id="167" sentence="6" number="5">the</token>
<token t_id="168" sentence="6" number="6">street</token>
<token t_id="169" sentence="6" number="7">,</token>
<token t_id="170" sentence="6" number="8">Mr.</token>
<token t_id="171" sentence="6" number="9">Ali</token>
<token t_id="172" sentence="6" number="10">told</token>
<token t_id="173" sentence="6" number="11">The</token>
<token t_id="174" sentence="6" number="12">Canadian</token>
<token t_id="175" sentence="6" number="13">Press</token>
<token t_id="176" sentence="6" number="14">he</token>
<token t_id="177" sentence="6" number="15">could</token>
<token t_id="178" sentence="6" number="16">see</token>
<token t_id="179" sentence="6" number="17">a</token>
<token t_id="180" sentence="6" number="18">man</token>
<token t_id="181" sentence="6" number="19">striding</token>
<token t_id="182" sentence="6" number="20">back</token>
<token t_id="183" sentence="6" number="21">and</token>
<token t_id="184" sentence="6" number="22">forth</token>
<token t_id="185" sentence="6" number="23">,</token>
<token t_id="186" sentence="6" number="24">holding</token>
<token t_id="187" sentence="6" number="25">what</token>
<token t_id="188" sentence="6" number="26">looked</token>
<token t_id="189" sentence="6" number="27">like</token>
<token t_id="190" sentence="6" number="28">a</token>
<token t_id="191" sentence="6" number="29">firearm</token>
<token t_id="192" sentence="6" number="30">.</token>
<token t_id="193" sentence="7" number="0">``</token>
<token t_id="194" sentence="7" number="1">We</token>
<token t_id="195" sentence="7" number="2">saw</token>
<token t_id="196" sentence="7" number="3">the</token>
<token t_id="197" sentence="7" number="4">guy</token>
<token t_id="198" sentence="7" number="5">moving</token>
<token t_id="199" sentence="7" number="6">inside</token>
<token t_id="200" sentence="7" number="7">the</token>
<token t_id="201" sentence="7" number="8">office</token>
<token t_id="202" sentence="7" number="9">,</token>
<token t_id="203" sentence="7" number="10">''</token>
<token t_id="204" sentence="7" number="11">Mr.</token>
<token t_id="205" sentence="7" number="12">Ali</token>
<token t_id="206" sentence="7" number="13">said</token>
<token t_id="207" sentence="7" number="14">.</token>
<token t_id="208" sentence="8" number="0">``</token>
<token t_id="209" sentence="8" number="1">He</token>
<token t_id="210" sentence="8" number="2">was</token>
<token t_id="211" sentence="8" number="3">just</token>
<token t_id="212" sentence="8" number="4">going</token>
<token t_id="213" sentence="8" number="5">back</token>
<token t_id="214" sentence="8" number="6">and</token>
<token t_id="215" sentence="8" number="7">forth</token>
<token t_id="216" sentence="8" number="8">.</token>
<token t_id="217" sentence="9" number="0">After</token>
<token t_id="218" sentence="9" number="1">the</token>
<token t_id="219" sentence="9" number="2">shots</token>
<token t_id="220" sentence="9" number="3">,</token>
<token t_id="221" sentence="9" number="4">he</token>
<token t_id="222" sentence="9" number="5">just</token>
<token t_id="223" sentence="9" number="6">put</token>
<token t_id="224" sentence="9" number="7">the</token>
<token t_id="225" sentence="9" number="8">lights</token>
<token t_id="226" sentence="9" number="9">off</token>
<token t_id="227" sentence="9" number="10">.</token>
<token t_id="228" sentence="10" number="0">``</token>
<token t_id="229" sentence="10" number="1">It</token>
<token t_id="230" sentence="10" number="2">is</token>
<token t_id="231" sentence="10" number="3">terrifying</token>
<token t_id="232" sentence="10" number="4">.</token>
<token t_id="233" sentence="11" number="0">I</token>
<token t_id="234" sentence="11" number="1">still</token>
<token t_id="235" sentence="11" number="2">feel</token>
<token t_id="236" sentence="11" number="3">shaky</token>
<token t_id="237" sentence="11" number="4">when</token>
<token t_id="238" sentence="11" number="5">I</token>
<token t_id="239" sentence="11" number="6">talk</token>
<token t_id="240" sentence="11" number="7">about</token>
<token t_id="241" sentence="11" number="8">it</token>
<token t_id="242" sentence="11" number="9">.</token>
<token t_id="243" sentence="12" number="0">``</token>
<token t_id="244" sentence="12" number="1">I</token>
<token t_id="245" sentence="12" number="2">just</token>
<token t_id="246" sentence="12" number="3">keep</token>
<token t_id="247" sentence="12" number="4">saying</token>
<token t_id="248" sentence="12" number="5">I</token>
<token t_id="249" sentence="12" number="6">can</token>
<token t_id="250" sentence="12" number="7">not</token>
<token t_id="251" sentence="12" number="8">believe</token>
<token t_id="252" sentence="12" number="9">this</token>
<token t_id="253" sentence="12" number="10">,</token>
<token t_id="254" sentence="12" number="11">I</token>
<token t_id="255" sentence="12" number="12">can</token>
<token t_id="256" sentence="12" number="13">not</token>
<token t_id="257" sentence="12" number="14">believe</token>
<token t_id="258" sentence="12" number="15">this</token>
<token t_id="259" sentence="12" number="16">.</token>
<token t_id="260" sentence="12" number="17">''</token>
<token t_id="261" sentence="13" number="0">Police</token>
<token t_id="262" sentence="13" number="1">quickly</token>
<token t_id="263" sentence="13" number="2">responded</token>
<token t_id="264" sentence="13" number="3">and</token>
<token t_id="265" sentence="13" number="4">surrounded</token>
<token t_id="266" sentence="13" number="5">the</token>
<token t_id="267" sentence="13" number="6">building</token>
<token t_id="268" sentence="13" number="7">.</token>
<token t_id="269" sentence="14" number="0">After</token>
<token t_id="270" sentence="14" number="1">two</token>
<token t_id="271" sentence="14" number="2">hours</token>
<token t_id="272" sentence="14" number="3">,</token>
<token t_id="273" sentence="14" number="4">a</token>
<token t_id="274" sentence="14" number="5">man</token>
<token t_id="275" sentence="14" number="6">surrendered</token>
<token t_id="276" sentence="14" number="7">.</token>
<token t_id="277" sentence="15" number="0">TallGrass</token>
<token t_id="278" sentence="15" number="1">,</token>
<token t_id="279" sentence="15" number="2">a</token>
<token t_id="280" sentence="15" number="3">wholesaler</token>
<token t_id="281" sentence="15" number="4">of</token>
<token t_id="282" sentence="15" number="5">natural</token>
<token t_id="283" sentence="15" number="6">health</token>
<token t_id="284" sentence="15" number="7">products</token>
<token t_id="285" sentence="15" number="8">,</token>
<token t_id="286" sentence="15" number="9">issued</token>
<token t_id="287" sentence="15" number="10">a</token>
<token t_id="288" sentence="15" number="11">statement</token>
<token t_id="289" sentence="15" number="12">Saturday</token>
<token t_id="290" sentence="15" number="13">evening</token>
<token t_id="291" sentence="15" number="14">saying</token>
<token t_id="292" sentence="15" number="15">it</token>
<token t_id="293" sentence="15" number="16">was</token>
<token t_id="294" sentence="15" number="17">``</token>
<token t_id="295" sentence="15" number="18">deeply</token>
<token t_id="296" sentence="15" number="19">saddened</token>
<token t_id="297" sentence="15" number="20">by</token>
<token t_id="298" sentence="15" number="21">the</token>
<token t_id="299" sentence="15" number="22">tragic</token>
<token t_id="300" sentence="15" number="23">death</token>
<token t_id="301" sentence="15" number="24">of</token>
<token t_id="302" sentence="15" number="25">our</token>
<token t_id="303" sentence="15" number="26">president</token>
<token t_id="304" sentence="15" number="27">and</token>
<token t_id="305" sentence="15" number="28">CEO</token>
<token t_id="306" sentence="15" number="29">,</token>
<token t_id="307" sentence="15" number="30">Ben</token>
<token t_id="308" sentence="15" number="31">Banky</token>
<token t_id="309" sentence="15" number="32">.</token>
<token t_id="310" sentence="15" number="33">''</token>
<token t_id="311" sentence="16" number="0">It</token>
<token t_id="312" sentence="16" number="1">described</token>
<token t_id="313" sentence="16" number="2">Mr.</token>
<token t_id="314" sentence="16" number="3">Banky</token>
<token t_id="315" sentence="16" number="4">as</token>
<token t_id="316" sentence="16" number="5">``</token>
<token t_id="317" sentence="16" number="6">a</token>
<token t_id="318" sentence="16" number="7">compassionate</token>
<token t_id="319" sentence="16" number="8">and</token>
<token t_id="320" sentence="16" number="9">dedicated</token>
<token t_id="321" sentence="16" number="10">leader</token>
<token t_id="322" sentence="16" number="11">who</token>
<token t_id="323" sentence="16" number="12">will</token>
<token t_id="324" sentence="16" number="13">be</token>
<token t_id="325" sentence="16" number="14">sadly</token>
<token t_id="326" sentence="16" number="15">missed</token>
<token t_id="327" sentence="16" number="16">.</token>
<token t_id="328" sentence="16" number="17">''</token>
<token t_id="329" sentence="17" number="0">The</token>
<token t_id="330" sentence="17" number="1">statement</token>
<token t_id="331" sentence="17" number="2">said</token>
<token t_id="332" sentence="17" number="3">Mr.</token>
<token t_id="333" sentence="17" number="4">Banky</token>
<token t_id="334" sentence="17" number="5">co-founded</token>
<token t_id="335" sentence="17" number="6">the</token>
<token t_id="336" sentence="17" number="7">company</token>
<token t_id="337" sentence="17" number="8">12</token>
<token t_id="338" sentence="17" number="9">years</token>
<token t_id="339" sentence="17" number="10">ago</token>
<token t_id="340" sentence="17" number="11">.</token>
<token t_id="341" sentence="18" number="0">It</token>
<token t_id="342" sentence="18" number="1">said</token>
<token t_id="343" sentence="18" number="2">the</token>
<token t_id="344" sentence="18" number="3">company</token>
<token t_id="345" sentence="18" number="4">would</token>
<token t_id="346" sentence="18" number="5">have</token>
<token t_id="347" sentence="18" number="6">no</token>
<token t_id="348" sentence="18" number="7">further</token>
<token t_id="349" sentence="18" number="8">comment</token>
<token t_id="350" sentence="18" number="9">while</token>
<token t_id="351" sentence="18" number="10">the</token>
<token t_id="352" sentence="18" number="11">police</token>
<token t_id="353" sentence="18" number="12">investigation</token>
<token t_id="354" sentence="18" number="13">continues</token>
<token t_id="355" sentence="18" number="14">.</token>
<token t_id="356" sentence="19" number="0">A</token>
<token t_id="357" sentence="19" number="1">61-year-old</token>
<token t_id="358" sentence="19" number="2">Vancouver</token>
<token t_id="359" sentence="19" number="3">man</token>
<token t_id="360" sentence="19" number="4">-</token>
<token t_id="361" sentence="19" number="5">Eric</token>
<token t_id="362" sentence="19" number="6">Allen</token>
<token t_id="363" sentence="19" number="7">Kirkpatrick</token>
<token t_id="364" sentence="19" number="8">-</token>
<token t_id="365" sentence="19" number="9">was</token>
<token t_id="366" sentence="19" number="10">charged</token>
<token t_id="367" sentence="19" number="11">Saturday</token>
<token t_id="368" sentence="19" number="12">with</token>
<token t_id="369" sentence="19" number="13">one</token>
<token t_id="370" sentence="19" number="14">count</token>
<token t_id="371" sentence="19" number="15">of</token>
<token t_id="372" sentence="19" number="16">first-degree</token>
<token t_id="373" sentence="19" number="17">murder</token>
<token t_id="374" sentence="19" number="18">in</token>
<token t_id="375" sentence="19" number="19">connection</token>
<token t_id="376" sentence="19" number="20">with</token>
<token t_id="377" sentence="19" number="21">the</token>
<token t_id="378" sentence="19" number="22">shooting</token>
<token t_id="379" sentence="19" number="23">,</token>
<token t_id="380" sentence="19" number="24">Vancouver</token>
<token t_id="381" sentence="19" number="25">police</token>
<token t_id="382" sentence="19" number="26">said</token>
<token t_id="383" sentence="19" number="27">.</token>
<token t_id="384" sentence="20" number="0">Vancouver</token>
<token t_id="385" sentence="20" number="1">Police</token>
<token t_id="386" sentence="20" number="2">spokesman</token>
<token t_id="387" sentence="20" number="3">Constable</token>
<token t_id="388" sentence="20" number="4">Tim</token>
<token t_id="389" sentence="20" number="5">Fanning</token>
<token t_id="390" sentence="20" number="6">said</token>
<token t_id="391" sentence="20" number="7">the</token>
<token t_id="392" sentence="20" number="8">suspect</token>
<token t_id="393" sentence="20" number="9">had</token>
<token t_id="394" sentence="20" number="10">been</token>
<token t_id="395" sentence="20" number="11">let</token>
<token t_id="396" sentence="20" number="12">go</token>
<token t_id="397" sentence="20" number="13">from</token>
<token t_id="398" sentence="20" number="14">TallGrass</token>
<token t_id="399" sentence="20" number="15">on</token>
<token t_id="400" sentence="20" number="16">Thursday</token>
<token t_id="401" sentence="20" number="17">.</token>
<token t_id="402" sentence="21" number="0">He</token>
<token t_id="403" sentence="21" number="1">did</token>
<token t_id="404" sentence="21" number="2">n't</token>
<token t_id="405" sentence="21" number="3">know</token>
<token t_id="406" sentence="21" number="4">how</token>
<token t_id="407" sentence="21" number="5">long</token>
<token t_id="408" sentence="21" number="6">the</token>
<token t_id="409" sentence="21" number="7">suspect</token>
<token t_id="410" sentence="21" number="8">had</token>
<token t_id="411" sentence="21" number="9">worked</token>
<token t_id="412" sentence="21" number="10">at</token>
<token t_id="413" sentence="21" number="11">the</token>
<token t_id="414" sentence="21" number="12">business</token>
<token t_id="415" sentence="21" number="13">.</token>
<token t_id="416" sentence="22" number="0">The</token>
<token t_id="417" sentence="22" number="1">other</token>
<token t_id="418" sentence="22" number="2">people</token>
<token t_id="419" sentence="22" number="3">at</token>
<token t_id="420" sentence="22" number="4">the</token>
<token t_id="421" sentence="22" number="5">office</token>
<token t_id="422" sentence="22" number="6">party</token>
<token t_id="423" sentence="22" number="7">were</token>
<token t_id="424" sentence="22" number="8">able</token>
<token t_id="425" sentence="22" number="9">to</token>
<token t_id="426" sentence="22" number="10">escape</token>
<token t_id="427" sentence="22" number="11">without</token>
<token t_id="428" sentence="22" number="12">injury</token>
<token t_id="429" sentence="22" number="13">,</token>
<token t_id="430" sentence="22" number="14">Const.</token>
<token t_id="431" sentence="22" number="15">Fanning</token>
<token t_id="432" sentence="22" number="16">said</token>
<token t_id="433" sentence="22" number="17">.</token>
<token t_id="434" sentence="23" number="0">``</token>
<token t_id="435" sentence="23" number="1">The</token>
<token t_id="436" sentence="23" number="2">shock</token>
<token t_id="437" sentence="23" number="3">was</token>
<token t_id="438" sentence="23" number="4">tremendous</token>
<token t_id="439" sentence="23" number="5">but</token>
<token t_id="440" sentence="23" number="6">all</token>
<token t_id="441" sentence="23" number="7">the</token>
<token t_id="442" sentence="23" number="8">other</token>
<token t_id="443" sentence="23" number="9">people</token>
<token t_id="444" sentence="23" number="10">in</token>
<token t_id="445" sentence="23" number="11">the</token>
<token t_id="446" sentence="23" number="12">business</token>
<token t_id="447" sentence="23" number="13">-</token>
<token t_id="448" sentence="23" number="14">and</token>
<token t_id="449" sentence="23" number="15">a</token>
<token t_id="450" sentence="23" number="16">dozen</token>
<token t_id="451" sentence="23" number="17">other</token>
<token t_id="452" sentence="23" number="18">people</token>
<token t_id="453" sentence="23" number="19">who</token>
<token t_id="454" sentence="23" number="20">were</token>
<token t_id="455" sentence="23" number="21">there</token>
<token t_id="456" sentence="23" number="22">for</token>
<token t_id="457" sentence="23" number="23">a</token>
<token t_id="458" sentence="23" number="24">Christmas</token>
<token t_id="459" sentence="23" number="25">party</token>
<token t_id="460" sentence="23" number="26">-</token>
<token t_id="461" sentence="23" number="27">managed</token>
<token t_id="462" sentence="23" number="28">to</token>
<token t_id="463" sentence="23" number="29">get</token>
<token t_id="464" sentence="23" number="30">out</token>
<token t_id="465" sentence="23" number="31">safely</token>
<token t_id="466" sentence="23" number="32">,</token>
<token t_id="467" sentence="23" number="33">''</token>
<token t_id="468" sentence="23" number="34">Const.</token>
<token t_id="469" sentence="23" number="35">Fanning</token>
<token t_id="470" sentence="23" number="36">said</token>
<token t_id="471" sentence="23" number="37">.</token>
<token t_id="472" sentence="24" number="0">The</token>
<token t_id="473" sentence="24" number="1">shocked</token>
<token t_id="474" sentence="24" number="2">party-goers</token>
<token t_id="475" sentence="24" number="3">were</token>
<token t_id="476" sentence="24" number="4">put</token>
<token t_id="477" sentence="24" number="5">on</token>
<token t_id="478" sentence="24" number="6">buses</token>
<token t_id="479" sentence="24" number="7">and</token>
<token t_id="480" sentence="24" number="8">taken</token>
<token t_id="481" sentence="24" number="9">to</token>
<token t_id="482" sentence="24" number="10">police</token>
<token t_id="483" sentence="24" number="11">headquarters</token>
<token t_id="484" sentence="24" number="12">where</token>
<token t_id="485" sentence="24" number="13">witness</token>
<token t_id="486" sentence="24" number="14">statements</token>
<token t_id="487" sentence="24" number="15">were</token>
<token t_id="488" sentence="24" number="16">taken</token>
<token t_id="489" sentence="24" number="17">,</token>
<token t_id="490" sentence="24" number="18">he</token>
<token t_id="491" sentence="24" number="19">said</token>
<token t_id="492" sentence="24" number="20">.</token>
<token t_id="493" sentence="25" number="0">He</token>
<token t_id="494" sentence="25" number="1">said</token>
<token t_id="495" sentence="25" number="2">counsellors</token>
<token t_id="496" sentence="25" number="3">have</token>
<token t_id="497" sentence="25" number="4">been</token>
<token t_id="498" sentence="25" number="5">made</token>
<token t_id="499" sentence="25" number="6">available</token>
<token t_id="500" sentence="25" number="7">to</token>
<token t_id="501" sentence="25" number="8">them</token>
<token t_id="502" sentence="25" number="9">.</token>
<token t_id="503" sentence="26" number="0">``</token>
<token t_id="504" sentence="26" number="1">I</token>
<token t_id="505" sentence="26" number="2">can</token>
<token t_id="506" sentence="26" number="3">not</token>
<token t_id="507" sentence="26" number="4">emphasize</token>
<token t_id="508" sentence="26" number="5">enough</token>
<token t_id="509" sentence="26" number="6">how</token>
<token t_id="510" sentence="26" number="7">traumatic</token>
<token t_id="511" sentence="26" number="8">this</token>
<token t_id="512" sentence="26" number="9">would</token>
<token t_id="513" sentence="26" number="10">have</token>
<token t_id="514" sentence="26" number="11">been</token>
<token t_id="515" sentence="26" number="12">for</token>
<token t_id="516" sentence="26" number="13">the</token>
<token t_id="517" sentence="26" number="14">people</token>
<token t_id="518" sentence="26" number="15">in</token>
<token t_id="519" sentence="26" number="16">there</token>
<token t_id="520" sentence="26" number="17">to</token>
<token t_id="521" sentence="26" number="18">see</token>
<token t_id="522" sentence="26" number="19">one</token>
<token t_id="523" sentence="26" number="20">of</token>
<token t_id="524" sentence="26" number="21">their</token>
<token t_id="525" sentence="26" number="22">co-workers</token>
<token t_id="526" sentence="26" number="23">gunned</token>
<token t_id="527" sentence="26" number="24">down</token>
<token t_id="528" sentence="26" number="25">,</token>
<token t_id="529" sentence="26" number="26">so</token>
<token t_id="530" sentence="26" number="27">we</token>
<token t_id="531" sentence="26" number="28">'re</token>
<token t_id="532" sentence="26" number="29">going</token>
<token t_id="533" sentence="26" number="30">to</token>
<token t_id="534" sentence="26" number="31">do</token>
<token t_id="535" sentence="26" number="32">all</token>
<token t_id="536" sentence="26" number="33">we</token>
<token t_id="537" sentence="26" number="34">can</token>
<token t_id="538" sentence="26" number="35">to</token>
<token t_id="539" sentence="26" number="36">help</token>
<token t_id="540" sentence="26" number="37">these</token>
<token t_id="541" sentence="26" number="38">people</token>
<token t_id="542" sentence="26" number="39">though</token>
<token t_id="543" sentence="26" number="40">a</token>
<token t_id="544" sentence="26" number="41">very</token>
<token t_id="545" sentence="26" number="42">,</token>
<token t_id="546" sentence="26" number="43">very</token>
<token t_id="547" sentence="26" number="44">difficult</token>
<token t_id="548" sentence="26" number="45">time</token>
<token t_id="549" sentence="26" number="46">,</token>
<token t_id="550" sentence="26" number="47">''</token>
<token t_id="551" sentence="26" number="48">Const.</token>
<token t_id="552" sentence="26" number="49">Fanning</token>
<token t_id="553" sentence="26" number="50">said</token>
<token t_id="554" sentence="26" number="51">.</token>
<token t_id="555" sentence="27" number="0">Police</token>
<token t_id="556" sentence="27" number="1">were</token>
<token t_id="557" sentence="27" number="2">called</token>
<token t_id="558" sentence="27" number="3">immediately</token>
<token t_id="559" sentence="27" number="4">and</token>
<token t_id="560" sentence="27" number="5">surrounded</token>
<token t_id="561" sentence="27" number="6">the</token>
<token t_id="562" sentence="27" number="7">building</token>
<token t_id="563" sentence="27" number="8">,</token>
<token t_id="564" sentence="27" number="9">Const.</token>
<token t_id="565" sentence="27" number="10">Fanning</token>
<token t_id="566" sentence="27" number="11">said</token>
<token t_id="567" sentence="27" number="12">.</token>
<token t_id="568" sentence="28" number="0">``</token>
<token t_id="569" sentence="28" number="1">We</token>
<token t_id="570" sentence="28" number="2">determined</token>
<token t_id="571" sentence="28" number="3">that</token>
<token t_id="572" sentence="28" number="4">there</token>
<token t_id="573" sentence="28" number="5">was</token>
<token t_id="574" sentence="28" number="6">nobody</token>
<token t_id="575" sentence="28" number="7">else</token>
<token t_id="576" sentence="28" number="8">in</token>
<token t_id="577" sentence="28" number="9">the</token>
<token t_id="578" sentence="28" number="10">building</token>
<token t_id="579" sentence="28" number="11">,</token>
<token t_id="580" sentence="28" number="12">just</token>
<token t_id="581" sentence="28" number="13">our</token>
<token t_id="582" sentence="28" number="14">victim</token>
<token t_id="583" sentence="28" number="15">,</token>
<token t_id="584" sentence="28" number="16">who</token>
<token t_id="585" sentence="28" number="17">was</token>
<token t_id="586" sentence="28" number="18">deceased</token>
<token t_id="587" sentence="28" number="19">,</token>
<token t_id="588" sentence="28" number="20">and</token>
<token t_id="589" sentence="28" number="21">the</token>
<token t_id="590" sentence="28" number="22">suspect</token>
<token t_id="591" sentence="28" number="23">,</token>
<token t_id="592" sentence="28" number="24">''</token>
<token t_id="593" sentence="28" number="25">Const.</token>
<token t_id="594" sentence="28" number="26">Fanning</token>
<token t_id="595" sentence="28" number="27">said</token>
<token t_id="596" sentence="28" number="28">.</token>
<token t_id="597" sentence="29" number="0">What</token>
<token t_id="598" sentence="29" number="1">followed</token>
<token t_id="599" sentence="29" number="2">was</token>
<token t_id="600" sentence="29" number="3">a</token>
<token t_id="601" sentence="29" number="4">tense</token>
<token t_id="602" sentence="29" number="5">two</token>
<token t_id="603" sentence="29" number="6">hours</token>
<token t_id="604" sentence="29" number="7">while</token>
<token t_id="605" sentence="29" number="8">police</token>
<token t_id="606" sentence="29" number="9">negotiated</token>
<token t_id="607" sentence="29" number="10">with</token>
<token t_id="608" sentence="29" number="11">a</token>
<token t_id="609" sentence="29" number="12">suspect</token>
<token t_id="610" sentence="29" number="13">to</token>
<token t_id="611" sentence="29" number="14">give</token>
<token t_id="612" sentence="29" number="15">himself</token>
<token t_id="613" sentence="29" number="16">up</token>
<token t_id="614" sentence="29" number="17">.</token>
<token t_id="615" sentence="30" number="0">It</token>
<token t_id="616" sentence="30" number="1">'s</token>
<token t_id="617" sentence="30" number="2">not</token>
<token t_id="618" sentence="30" number="3">known</token>
<token t_id="619" sentence="30" number="4">what</token>
<token t_id="620" sentence="30" number="5">kind</token>
<token t_id="621" sentence="30" number="6">of</token>
<token t_id="622" sentence="30" number="7">firearm</token>
<token t_id="623" sentence="30" number="8">was</token>
<token t_id="624" sentence="30" number="9">involved</token>
<token t_id="625" sentence="30" number="10">.</token>
<token t_id="626" sentence="31" number="0">Luke</token>
<token t_id="627" sentence="31" number="1">Pigeon</token>
<token t_id="628" sentence="31" number="2">,</token>
<token t_id="629" sentence="31" number="3">who</token>
<token t_id="630" sentence="31" number="4">lives</token>
<token t_id="631" sentence="31" number="5">in</token>
<token t_id="632" sentence="31" number="6">an</token>
<token t_id="633" sentence="31" number="7">apartment</token>
<token t_id="634" sentence="31" number="8">building</token>
<token t_id="635" sentence="31" number="9">next</token>
<token t_id="636" sentence="31" number="10">door</token>
<token t_id="637" sentence="31" number="11">,</token>
<token t_id="638" sentence="31" number="12">said</token>
<token t_id="639" sentence="31" number="13">he</token>
<token t_id="640" sentence="31" number="14">did</token>
<token t_id="641" sentence="31" number="15">n't</token>
<token t_id="642" sentence="31" number="16">hear</token>
<token t_id="643" sentence="31" number="17">a</token>
<token t_id="644" sentence="31" number="18">gunshot</token>
<token t_id="645" sentence="31" number="19">but</token>
<token t_id="646" sentence="31" number="20">was</token>
<token t_id="647" sentence="31" number="21">drawn</token>
<token t_id="648" sentence="31" number="22">to</token>
<token t_id="649" sentence="31" number="23">his</token>
<token t_id="650" sentence="31" number="24">window</token>
<token t_id="651" sentence="31" number="25">by</token>
<token t_id="652" sentence="31" number="26">a</token>
<token t_id="653" sentence="31" number="27">commotion</token>
<token t_id="654" sentence="31" number="28">outside</token>
<token t_id="655" sentence="31" number="29">.</token>
<token t_id="656" sentence="32" number="0">``</token>
<token t_id="657" sentence="32" number="1">It</token>
<token t_id="658" sentence="32" number="2">was</token>
<token t_id="659" sentence="32" number="3">n't</token>
<token t_id="660" sentence="32" number="4">typical</token>
<token t_id="661" sentence="32" number="5">,</token>
<token t_id="662" sentence="32" number="6">crazy</token>
<token t_id="663" sentence="32" number="7">noise</token>
<token t_id="664" sentence="32" number="8">that</token>
<token t_id="665" sentence="32" number="9">sometimes</token>
<token t_id="666" sentence="32" number="10">happens</token>
<token t_id="667" sentence="32" number="11">.</token>
<token t_id="668" sentence="33" number="0">You</token>
<token t_id="669" sentence="33" number="1">got</token>
<token t_id="670" sentence="33" number="2">the</token>
<token t_id="671" sentence="33" number="3">feeling</token>
<token t_id="672" sentence="33" number="4">there</token>
<token t_id="673" sentence="33" number="5">was</token>
<token t_id="674" sentence="33" number="6">something</token>
<token t_id="675" sentence="33" number="7">definitely</token>
<token t_id="676" sentence="33" number="8">,</token>
<token t_id="677" sentence="33" number="9">definitely</token>
<token t_id="678" sentence="33" number="10">wrong</token>
<token t_id="679" sentence="33" number="11">,</token>
<token t_id="680" sentence="33" number="12">''</token>
<token t_id="681" sentence="33" number="13">Mr.</token>
<token t_id="682" sentence="33" number="14">Pigeon</token>
<token t_id="683" sentence="33" number="15">told</token>
<token t_id="684" sentence="33" number="16">The</token>
<token t_id="685" sentence="33" number="17">Canadian</token>
<token t_id="686" sentence="33" number="18">Press</token>
<token t_id="687" sentence="33" number="19">.</token>
<token t_id="688" sentence="34" number="0">He</token>
<token t_id="689" sentence="34" number="1">looked</token>
<token t_id="690" sentence="34" number="2">out</token>
<token t_id="691" sentence="34" number="3">the</token>
<token t_id="692" sentence="34" number="4">window</token>
<token t_id="693" sentence="34" number="5">and</token>
<token t_id="694" sentence="34" number="6">saw</token>
<token t_id="695" sentence="34" number="7">a</token>
<token t_id="696" sentence="34" number="8">woman</token>
<token t_id="697" sentence="34" number="9">fleeing</token>
<token t_id="698" sentence="34" number="10">the</token>
<token t_id="699" sentence="34" number="11">building</token>
<token t_id="700" sentence="34" number="12">next</token>
<token t_id="701" sentence="34" number="13">door</token>
<token t_id="702" sentence="34" number="14">.</token>
<token t_id="703" sentence="35" number="0">``</token>
<token t_id="704" sentence="35" number="1">All</token>
<token t_id="705" sentence="35" number="2">I</token>
<token t_id="706" sentence="35" number="3">saw</token>
<token t_id="707" sentence="35" number="4">was</token>
<token t_id="708" sentence="35" number="5">a</token>
<token t_id="709" sentence="35" number="6">...</token>
<token t_id="710" sentence="35" number="7">lady</token>
<token t_id="711" sentence="35" number="8">running</token>
<token t_id="712" sentence="35" number="9">down</token>
<token t_id="713" sentence="35" number="10">the</token>
<token t_id="714" sentence="35" number="11">block</token>
<token t_id="715" sentence="35" number="12">screaming</token>
<token t_id="716" sentence="35" number="13">,</token>
<token t_id="717" sentence="35" number="14">''</token>
<token t_id="718" sentence="35" number="15">Mr.</token>
<token t_id="719" sentence="35" number="16">Pigeon</token>
<token t_id="720" sentence="35" number="17">said</token>
<token t_id="721" sentence="35" number="18">.</token>
<token t_id="722" sentence="36" number="0">He</token>
<token t_id="723" sentence="36" number="1">said</token>
<token t_id="724" sentence="36" number="2">she</token>
<token t_id="725" sentence="36" number="3">ran</token>
<token t_id="726" sentence="36" number="4">into</token>
<token t_id="727" sentence="36" number="5">the</token>
<token t_id="728" sentence="36" number="6">auto</token>
<token t_id="729" sentence="36" number="7">repair</token>
<token t_id="730" sentence="36" number="8">shop</token>
<token t_id="731" sentence="36" number="9">and</token>
<token t_id="732" sentence="36" number="10">in</token>
<token t_id="733" sentence="36" number="11">what</token>
<token t_id="734" sentence="36" number="12">seemed</token>
<token t_id="735" sentence="36" number="13">like</token>
<token t_id="736" sentence="36" number="14">mere</token>
<token t_id="737" sentence="36" number="15">minutes</token>
<token t_id="738" sentence="36" number="16">,</token>
<token t_id="739" sentence="36" number="17">police</token>
<token t_id="740" sentence="36" number="18">were</token>
<token t_id="741" sentence="36" number="19">on</token>
<token t_id="742" sentence="36" number="20">the</token>
<token t_id="743" sentence="36" number="21">scene</token>
<token t_id="744" sentence="36" number="22">.</token>
<token t_id="745" sentence="37" number="0">``</token>
<token t_id="746" sentence="37" number="1">All</token>
<token t_id="747" sentence="37" number="2">of</token>
<token t_id="748" sentence="37" number="3">a</token>
<token t_id="749" sentence="37" number="4">sudden</token>
<token t_id="750" sentence="37" number="5">,</token>
<token t_id="751" sentence="37" number="6">in</token>
<token t_id="752" sentence="37" number="7">my</token>
<token t_id="753" sentence="37" number="8">front</token>
<token t_id="754" sentence="37" number="9">yard</token>
<token t_id="755" sentence="37" number="10">there</token>
<token t_id="756" sentence="37" number="11">were</token>
<token t_id="757" sentence="37" number="12">five</token>
<token t_id="758" sentence="37" number="13">totally</token>
<token t_id="759" sentence="37" number="14">decked</token>
<token t_id="760" sentence="37" number="15">out</token>
<token t_id="761" sentence="37" number="16">,</token>
<token t_id="762" sentence="37" number="17">geared</token>
<token t_id="763" sentence="37" number="18">up</token>
<token t_id="764" sentence="37" number="19">riot</token>
<token t_id="765" sentence="37" number="20">squad</token>
<token t_id="766" sentence="37" number="21">officers</token>
<token t_id="767" sentence="37" number="22">with</token>
<token t_id="768" sentence="37" number="23">guns</token>
<token t_id="769" sentence="37" number="24">out</token>
<token t_id="770" sentence="37" number="25">of</token>
<token t_id="771" sentence="37" number="26">the</token>
<token t_id="772" sentence="37" number="27">holster</token>
<token t_id="773" sentence="37" number="28">,</token>
<token t_id="774" sentence="37" number="29">aiming</token>
<token t_id="775" sentence="37" number="30">at</token>
<token t_id="776" sentence="37" number="31">the</token>
<token t_id="777" sentence="37" number="32">second</token>
<token t_id="778" sentence="37" number="33">floor</token>
<token t_id="779" sentence="37" number="34">of</token>
<token t_id="780" sentence="37" number="35">the</token>
<token t_id="781" sentence="37" number="36">building</token>
<token t_id="782" sentence="37" number="37">right</token>
<token t_id="783" sentence="37" number="38">beside</token>
<token t_id="784" sentence="37" number="39">us</token>
<token t_id="785" sentence="37" number="40">,</token>
<token t_id="786" sentence="37" number="41">''</token>
<token t_id="787" sentence="37" number="42">Mr.</token>
<token t_id="788" sentence="37" number="43">Pigeon</token>
<token t_id="789" sentence="37" number="44">said</token>
<token t_id="790" sentence="37" number="45">.</token>
<token t_id="791" sentence="38" number="0">``</token>
<token t_id="792" sentence="38" number="1">I</token>
<token t_id="793" sentence="38" number="2">tried</token>
<token t_id="794" sentence="38" number="3">to</token>
<token t_id="795" sentence="38" number="4">open</token>
<token t_id="796" sentence="38" number="5">up</token>
<token t_id="797" sentence="38" number="6">my</token>
<token t_id="798" sentence="38" number="7">door</token>
<token t_id="799" sentence="38" number="8">and</token>
<token t_id="800" sentence="38" number="9">they</token>
<token t_id="801" sentence="38" number="10">said</token>
<token t_id="802" sentence="38" number="11">'close</token>
<token t_id="803" sentence="38" number="12">your</token>
<token t_id="804" sentence="38" number="13">door</token>
<token t_id="805" sentence="38" number="14">,</token>
<token t_id="806" sentence="38" number="15">lock</token>
<token t_id="807" sentence="38" number="16">your</token>
<token t_id="808" sentence="38" number="17">door</token>
<token t_id="809" sentence="38" number="18">.</token>
<token t_id="810" sentence="38" number="19">''</token>
<token t_id="811" sentence="38" number="20">'</token>
<token t_id="812" sentence="39" number="0">He</token>
<token t_id="813" sentence="39" number="1">spent</token>
<token t_id="814" sentence="39" number="2">the</token>
<token t_id="815" sentence="39" number="3">next</token>
<token t_id="816" sentence="39" number="4">two</token>
<token t_id="817" sentence="39" number="5">hours</token>
<token t_id="818" sentence="39" number="6">in</token>
<token t_id="819" sentence="39" number="7">his</token>
<token t_id="820" sentence="39" number="8">apartment</token>
<token t_id="821" sentence="39" number="9">,</token>
<token t_id="822" sentence="39" number="10">as</token>
<token t_id="823" sentence="39" number="11">police</token>
<token t_id="824" sentence="39" number="12">negotiated</token>
<token t_id="825" sentence="39" number="13">and</token>
<token t_id="826" sentence="39" number="14">finally</token>
<token t_id="827" sentence="39" number="15">persuaded</token>
<token t_id="828" sentence="39" number="16">a</token>
<token t_id="829" sentence="39" number="17">suspect</token>
<token t_id="830" sentence="39" number="18">to</token>
<token t_id="831" sentence="39" number="19">surrender</token>
<token t_id="832" sentence="39" number="20">.</token>
<token t_id="833" sentence="40" number="0">``</token>
<token t_id="834" sentence="40" number="1">They</token>
<token t_id="835" sentence="40" number="2">cuffed</token>
<token t_id="836" sentence="40" number="3">him</token>
<token t_id="837" sentence="40" number="4">on</token>
<token t_id="838" sentence="40" number="5">the</token>
<token t_id="839" sentence="40" number="6">ground</token>
<token t_id="840" sentence="40" number="7">and</token>
<token t_id="841" sentence="40" number="8">they</token>
<token t_id="842" sentence="40" number="9">took</token>
<token t_id="843" sentence="40" number="10">him</token>
<token t_id="844" sentence="40" number="11">into</token>
<token t_id="845" sentence="40" number="12">a</token>
<token t_id="846" sentence="40" number="13">cruiser</token>
<token t_id="847" sentence="40" number="14">,</token>
<token t_id="848" sentence="40" number="15">''</token>
<token t_id="849" sentence="40" number="16">Mr.</token>
<token t_id="850" sentence="40" number="17">Pigeon</token>
<token t_id="851" sentence="40" number="18">said</token>
<token t_id="852" sentence="40" number="19">.</token>
<token t_id="853" sentence="41" number="0">``</token>
<token t_id="854" sentence="41" number="1">He</token>
<token t_id="855" sentence="41" number="2">was</token>
<token t_id="856" sentence="41" number="3">giving</token>
<token t_id="857" sentence="41" number="4">them</token>
<token t_id="858" sentence="41" number="5">a</token>
<token t_id="859" sentence="41" number="6">bit</token>
<token t_id="860" sentence="41" number="7">of</token>
<token t_id="861" sentence="41" number="8">grief</token>
<token t_id="862" sentence="41" number="9">,</token>
<token t_id="863" sentence="41" number="10">he</token>
<token t_id="864" sentence="41" number="11">was</token>
<token t_id="865" sentence="41" number="12">saying</token>
<token t_id="866" sentence="41" number="13">that</token>
<token t_id="867" sentence="41" number="14">his</token>
<token t_id="868" sentence="41" number="15">cuffs</token>
<token t_id="869" sentence="41" number="16">hurt</token>
<token t_id="870" sentence="41" number="17">,</token>
<token t_id="871" sentence="41" number="18">but</token>
<token t_id="872" sentence="41" number="19">he</token>
<token t_id="873" sentence="41" number="20">was</token>
<token t_id="874" sentence="41" number="21">following</token>
<token t_id="875" sentence="41" number="22">orders</token>
<token t_id="876" sentence="41" number="23">.</token>
<token t_id="877" sentence="41" number="24">''</token>
<token t_id="878" sentence="42" number="0">Mr.</token>
<token t_id="879" sentence="42" number="1">Pigeon</token>
<token t_id="880" sentence="42" number="2">also</token>
<token t_id="881" sentence="42" number="3">commended</token>
<token t_id="882" sentence="42" number="4">police</token>
<token t_id="883" sentence="42" number="5">for</token>
<token t_id="884" sentence="42" number="6">their</token>
<token t_id="885" sentence="42" number="7">handling</token>
<token t_id="886" sentence="42" number="8">of</token>
<token t_id="887" sentence="42" number="9">the</token>
<token t_id="888" sentence="42" number="10">dangerous</token>
<token t_id="889" sentence="42" number="11">situation</token>
<token t_id="890" sentence="42" number="12">.</token>
<token t_id="891" sentence="43" number="0">``</token>
<token t_id="892" sentence="43" number="1">They</token>
<token t_id="893" sentence="43" number="2">managed</token>
<token t_id="894" sentence="43" number="3">to</token>
<token t_id="895" sentence="43" number="4">stop</token>
<token t_id="896" sentence="43" number="5">any</token>
<token t_id="897" sentence="43" number="6">further</token>
<token t_id="898" sentence="43" number="7">loss</token>
<token t_id="899" sentence="43" number="8">of</token>
<token t_id="900" sentence="43" number="9">life</token>
<token t_id="901" sentence="43" number="10">.</token>
<token t_id="902" sentence="43" number="11">''</token>
<token t_id="903" sentence="44" number="0">Mark</token>
<token t_id="904" sentence="44" number="1">Pinder</token>
<token t_id="905" sentence="44" number="2">was</token>
<token t_id="906" sentence="44" number="3">working</token>
<token t_id="907" sentence="44" number="4">at</token>
<token t_id="908" sentence="44" number="5">a</token>
<token t_id="909" sentence="44" number="6">film</token>
<token t_id="910" sentence="44" number="7">studio</token>
<token t_id="911" sentence="44" number="8">across</token>
<token t_id="912" sentence="44" number="9">the</token>
<token t_id="913" sentence="44" number="10">street</token>
<token t_id="914" sentence="44" number="11">when</token>
<token t_id="915" sentence="44" number="12">a</token>
<token t_id="916" sentence="44" number="13">police</token>
<token t_id="917" sentence="44" number="14">officer</token>
<token t_id="918" sentence="44" number="15">banged</token>
<token t_id="919" sentence="44" number="16">at</token>
<token t_id="920" sentence="44" number="17">his</token>
<token t_id="921" sentence="44" number="18">window</token>
<token t_id="922" sentence="44" number="19">.</token>
<token t_id="923" sentence="45" number="0">``</token>
<token t_id="924" sentence="45" number="1">I</token>
<token t_id="925" sentence="45" number="2">did</token>
<token t_id="926" sentence="45" number="3">n't</token>
<token t_id="927" sentence="45" number="4">realize</token>
<token t_id="928" sentence="45" number="5">it</token>
<token t_id="929" sentence="45" number="6">was</token>
<token t_id="930" sentence="45" number="7">a</token>
<token t_id="931" sentence="45" number="8">police</token>
<token t_id="932" sentence="45" number="9">officer</token>
<token t_id="933" sentence="45" number="10">right</token>
<token t_id="934" sentence="45" number="11">away</token>
<token t_id="935" sentence="45" number="12">because</token>
<token t_id="936" sentence="45" number="13">he</token>
<token t_id="937" sentence="45" number="14">was</token>
<token t_id="938" sentence="45" number="15">a</token>
<token t_id="939" sentence="45" number="16">plainclothes</token>
<token t_id="940" sentence="45" number="17">officer</token>
<token t_id="941" sentence="45" number="18">,</token>
<token t_id="942" sentence="45" number="19">''</token>
<token t_id="943" sentence="45" number="20">Mr.</token>
<token t_id="944" sentence="45" number="21">Pinder</token>
<token t_id="945" sentence="45" number="22">said</token>
<token t_id="946" sentence="45" number="23">.</token>
<token t_id="947" sentence="46" number="0">``</token>
<token t_id="948" sentence="46" number="1">But</token>
<token t_id="949" sentence="46" number="2">then</token>
<token t_id="950" sentence="46" number="3">I</token>
<token t_id="951" sentence="46" number="4">saw</token>
<token t_id="952" sentence="46" number="5">that</token>
<token t_id="953" sentence="46" number="6">he</token>
<token t_id="954" sentence="46" number="7">had</token>
<token t_id="955" sentence="46" number="8">a</token>
<token t_id="956" sentence="46" number="9">weapon</token>
<token t_id="957" sentence="46" number="10">drawn</token>
<token t_id="958" sentence="46" number="11">.</token>
<token t_id="959" sentence="46" number="12">''</token>
<token t_id="960" sentence="47" number="0">The</token>
<token t_id="961" sentence="47" number="1">officer</token>
<token t_id="962" sentence="47" number="2">told</token>
<token t_id="963" sentence="47" number="3">Mr.</token>
<token t_id="964" sentence="47" number="4">Pinder</token>
<token t_id="965" sentence="47" number="5">to</token>
<token t_id="966" sentence="47" number="6">get</token>
<token t_id="967" sentence="47" number="7">everyone</token>
<token t_id="968" sentence="47" number="8">in</token>
<token t_id="969" sentence="47" number="9">the</token>
<token t_id="970" sentence="47" number="10">basement</token>
<token t_id="971" sentence="47" number="11">.</token>
<token t_id="972" sentence="48" number="0">Mr.</token>
<token t_id="973" sentence="48" number="1">Pinder</token>
<token t_id="974" sentence="48" number="2">and</token>
<token t_id="975" sentence="48" number="3">his</token>
<token t_id="976" sentence="48" number="4">fellow</token>
<token t_id="977" sentence="48" number="5">employees</token>
<token t_id="978" sentence="48" number="6">were</token>
<token t_id="979" sentence="48" number="7">just</token>
<token t_id="980" sentence="48" number="8">about</token>
<token t_id="981" sentence="48" number="9">to</token>
<token t_id="982" sentence="48" number="10">begin</token>
<token t_id="983" sentence="48" number="11">a</token>
<token t_id="984" sentence="48" number="12">party</token>
<token t_id="985" sentence="48" number="13">to</token>
<token t_id="986" sentence="48" number="14">celebrate</token>
<token t_id="987" sentence="48" number="15">the</token>
<token t_id="988" sentence="48" number="16">completion</token>
<token t_id="989" sentence="48" number="17">of</token>
<token t_id="990" sentence="48" number="18">a</token>
<token t_id="991" sentence="48" number="19">show</token>
<token t_id="992" sentence="48" number="20">they</token>
<token t_id="993" sentence="48" number="21">'d</token>
<token t_id="994" sentence="48" number="22">been</token>
<token t_id="995" sentence="48" number="23">working</token>
<token t_id="996" sentence="48" number="24">on</token>
<token t_id="997" sentence="48" number="25">.</token>
<token t_id="998" sentence="49" number="0">``</token>
<token t_id="999" sentence="49" number="1">People</token>
<token t_id="1000" sentence="49" number="2">grabbed</token>
<token t_id="1001" sentence="49" number="3">a</token>
<token t_id="1002" sentence="49" number="4">couple</token>
<token t_id="1003" sentence="49" number="5">of</token>
<token t_id="1004" sentence="49" number="6">bowls</token>
<token t_id="1005" sentence="49" number="7">of</token>
<token t_id="1006" sentence="49" number="8">chips</token>
<token t_id="1007" sentence="49" number="9">and</token>
<token t_id="1008" sentence="49" number="10">dip</token>
<token t_id="1009" sentence="49" number="11">and</token>
<token t_id="1010" sentence="49" number="12">we</token>
<token t_id="1011" sentence="49" number="13">just</token>
<token t_id="1012" sentence="49" number="14">sort</token>
<token t_id="1013" sentence="49" number="15">of</token>
<token t_id="1014" sentence="49" number="16">moved</token>
<token t_id="1015" sentence="49" number="17">the</token>
<token t_id="1016" sentence="49" number="18">party</token>
<token t_id="1017" sentence="49" number="19">downstairs</token>
<token t_id="1018" sentence="49" number="20">,</token>
<token t_id="1019" sentence="49" number="21">''</token>
<token t_id="1020" sentence="49" number="22">Mr.</token>
<token t_id="1021" sentence="49" number="23">Pinder</token>
<token t_id="1022" sentence="49" number="24">said</token>
<token t_id="1023" sentence="49" number="25">.</token>
<token t_id="1024" sentence="50" number="0">``</token>
<token t_id="1025" sentence="50" number="1">Some</token>
<token t_id="1026" sentence="50" number="2">people</token>
<token t_id="1027" sentence="50" number="3">seemed</token>
<token t_id="1028" sentence="50" number="4">quite</token>
<token t_id="1029" sentence="50" number="5">concerned</token>
<token t_id="1030" sentence="50" number="6">but</token>
<token t_id="1031" sentence="50" number="7">there</token>
<token t_id="1032" sentence="50" number="8">was</token>
<token t_id="1033" sentence="50" number="9">n't</token>
<token t_id="1034" sentence="50" number="10">anyone</token>
<token t_id="1035" sentence="50" number="11">freaking</token>
<token t_id="1036" sentence="50" number="12">out</token>
<token t_id="1037" sentence="50" number="13">or</token>
<token t_id="1038" sentence="50" number="14">crying</token>
<token t_id="1039" sentence="50" number="15">,</token>
<token t_id="1040" sentence="50" number="16">''</token>
<token t_id="1041" sentence="50" number="17">Mr.</token>
<token t_id="1042" sentence="50" number="18">Pinder</token>
<token t_id="1043" sentence="50" number="19">said</token>
<token t_id="1044" sentence="50" number="20">.</token>
<token t_id="1045" sentence="51" number="0">``</token>
<token t_id="1046" sentence="51" number="1">Everyone</token>
<token t_id="1047" sentence="51" number="2">was</token>
<token t_id="1048" sentence="51" number="3">calling</token>
<token t_id="1049" sentence="51" number="4">their</token>
<token t_id="1050" sentence="51" number="5">family</token>
<token t_id="1051" sentence="51" number="6">and</token>
<token t_id="1052" sentence="51" number="7">making</token>
<token t_id="1053" sentence="51" number="8">sure</token>
<token t_id="1054" sentence="51" number="9">that</token>
<token t_id="1055" sentence="51" number="10">people</token>
<token t_id="1056" sentence="51" number="11">knew</token>
<token t_id="1057" sentence="51" number="12">that</token>
<token t_id="1058" sentence="51" number="13">they</token>
<token t_id="1059" sentence="51" number="14">were</token>
<token t_id="1060" sentence="51" number="15">okay</token>
<token t_id="1061" sentence="51" number="16">.</token>
<token t_id="1062" sentence="51" number="17">''</token>
<token t_id="1063" sentence="52" number="0">Work</token>
<token t_id="1064" sentence="52" number="1">place</token>
<token t_id="1065" sentence="52" number="2">killings</token>
<token t_id="1066" sentence="52" number="3">are</token>
<token t_id="1067" sentence="52" number="4">rare</token>
<token t_id="1068" sentence="52" number="5">,</token>
<token t_id="1069" sentence="52" number="6">police</token>
<token t_id="1070" sentence="52" number="7">say</token>
<token t_id="1071" sentence="52" number="8">.</token>
<token t_id="1072" sentence="53" number="0">``</token>
<token t_id="1073" sentence="53" number="1">It</token>
<token t_id="1074" sentence="53" number="2">'s</token>
<token t_id="1075" sentence="53" number="3">something</token>
<token t_id="1076" sentence="53" number="4">no</token>
<token t_id="1077" sentence="53" number="5">business</token>
<token t_id="1078" sentence="53" number="6">can</token>
<token t_id="1079" sentence="53" number="7">prepare</token>
<token t_id="1080" sentence="53" number="8">for</token>
<token t_id="1081" sentence="53" number="9">,</token>
<token t_id="1082" sentence="53" number="10">''</token>
<token t_id="1083" sentence="53" number="11">Const.</token>
<token t_id="1084" sentence="53" number="12">Fanning</token>
<token t_id="1085" sentence="53" number="13">said</token>
<token t_id="1086" sentence="53" number="14">.</token>
<Markables>
<ACTION_OCCURRENCE m_id="39"  >
  <token_anchor t_id="23"/>
</ACTION_OCCURRENCE>
<ACTION_OCCURRENCE m_id="41"  >
  <token_anchor t_id="27"/>
</ACTION_OCCURRENCE>
<ACTION_OCCURRENCE m_id="43"  >
  <token_anchor t_id="40"/>
</ACTION_OCCURRENCE>
<ACTION_OCCURRENCE m_id="45"  >
  <token_anchor t_id="366"/>
</ACTION_OCCURRENCE>
<ACTION_OCCURRENCE m_id="47"  >
  <token_anchor t_id="373"/>
</ACTION_OCCURRENCE>
<ACTION_OCCURRENCE m_id="48"  >
  <token_anchor t_id="378"/>
</ACTION_OCCURRENCE>
<ACTION_OCCURRENCE m_id="30"  >
  <token_anchor t_id="4"/>
</ACTION_OCCURRENCE>
<ACTION_OCCURRENCE m_id="31"  >
  <token_anchor t_id="7"/>
</ACTION_OCCURRENCE>
<ACTION_OCCURRENCE m_id="34"  >
  <token_anchor t_id="11"/>
  <token_anchor t_id="12"/>
</ACTION_OCCURRENCE>
<ACTION_OCCURRENCE m_id="35"  >
  <token_anchor t_id="34"/>
  <token_anchor t_id="35"/>
</ACTION_OCCURRENCE>
<ACTION_OCCURRENCE m_id="36"  >
  <token_anchor t_id="16"/>
</ACTION_OCCURRENCE>
<ACTION_REPORTING m_id="50"  >
  <token_anchor t_id="382"/>
</ACTION_REPORTING>
<HUMAN_PART_ORG m_id="49"  >
  <token_anchor t_id="381"/>
</HUMAN_PART_ORG>
<HUMAN_PART_PER m_id="37"  >
  <token_anchor t_id="17"/>
</HUMAN_PART_PER>
<HUMAN_PART_PER m_id="42"  >
  <token_anchor t_id="37"/>
</HUMAN_PART_PER>
<HUMAN_PART_PER m_id="44"  >
  <token_anchor t_id="361"/>
  <token_anchor t_id="362"/>
  <token_anchor t_id="363"/>
</HUMAN_PART_PER>
<HUMAN_PART_PER m_id="29"  >
  <token_anchor t_id="3"/>
</HUMAN_PART_PER>
<HUMAN_PART_PER m_id="32"  >
  <token_anchor t_id="10"/>
</HUMAN_PART_PER>
<HUMAN_PART_PER m_id="33"  >
  <token_anchor t_id="30"/>
</HUMAN_PART_PER>
<LOC_FAC m_id="38"  >
  <token_anchor t_id="19"/>
  <token_anchor t_id="20"/>
  <token_anchor t_id="21"/>
</LOC_FAC>
<TIME_DATE m_id="40"  >
  <token_anchor t_id="24"/>
</TIME_DATE>
<TIME_DATE m_id="46"  >
  <token_anchor t_id="367"/>
</TIME_DATE>




<HUMAN_PART_PER m_id="59" RELATED_TO="" TAG_DESCRIPTOR="t18b_shooter" instance_id="HUM17731555438182725" />
<HUMAN_PART_PER m_id="58" RELATED_TO="" TAG_DESCRIPTOR="t18b_employees" instance_id="HUM17732500323640198" />
<ACTION_OCCURRENCE m_id="57" RELATED_TO="" TAG_DESCRIPTOR="t18b_party" instance_id="ACT17731503198331596" />
<TIME_DATE m_id="56" RELATED_TO="" TAG_DESCRIPTOR="t18b_saturday" instance_id="TIM17731606622223773" />
<ACTION_OCCURRENCE m_id="55" RELATED_TO="" TAG_DESCRIPTOR="t18b_charged" instance_id="ACT17731439887646884" />
<ACTION_OCCURRENCE m_id="54" RELATED_TO="" TAG_DESCRIPTOR="t18b_killing" instance_id="ACT17731468512044233" />
<HUMAN_PART_ORG m_id="53" RELATED_TO="" TAG_DESCRIPTOR="t18b_police" instance_id="HUM17731532645215730" />
<LOC_FAC m_id="52" RELATED_TO="" TAG_DESCRIPTOR="t18b_office" instance_id="LOC17731582246028489" />
<ACTION_OCCURRENCE m_id="51" RELATED_TO="" TAG_DESCRIPTOR="t18b_coping" instance_id="ACT17732513289828981" />
<ACTION_OCCURRENCE m_id="63" RELATED_TO="" TAG_DESCRIPTOR="t18b_murder" instance_id="ACT17731480045763691" />
<ACTION_OCCURRENCE m_id="62" RELATED_TO="" TAG_DESCRIPTOR="t18b_shooting" instance_id="ACT17731621786224442" />
<HUMAN_PART_PER m_id="61" RELATED_TO="" TAG_DESCRIPTOR="t18b_victim" instance_id="HUM17731813980483037" />
<ACTION_REPORTING m_id="60" RELATED_TO="" TAG_DESCRIPTOR="t18b_police_said" instance_id="ACT17731518502077156" />
</Markables>

<Relations>
<CROSS_DOC_COREF r_id="33405" note="ACT17732513289828981" >
  <source m_id="39" />
  <target m_id="51" />
</CROSS_DOC_COREF>
<CROSS_DOC_COREF r_id="33406" note="LOC17731582246028489" >
  <source m_id="38" />
  <target m_id="52" />
</CROSS_DOC_COREF>
<CROSS_DOC_COREF r_id="33407" note="HUM17731532645215730" >
  <source m_id="49" />
  <target m_id="53" />
</CROSS_DOC_COREF>
<CROSS_DOC_COREF r_id="33408" note="ACT17731468512044233" >
  <source m_id="41" />
  <target m_id="54" />
</CROSS_DOC_COREF>
<CROSS_DOC_COREF r_id="33409" note="ACT17731439887646884" >
  <source m_id="45" />
  <source m_id="30" />
  <target m_id="55" />
</CROSS_DOC_COREF>
<CROSS_DOC_COREF r_id="33410" note="TIM17731606622223773" >
  <source m_id="40" />
  <source m_id="46" />
  <target m_id="56" />
</CROSS_DOC_COREF>
<CROSS_DOC_COREF r_id="33411" note="ACT17731503198331596" >
  <source m_id="36" />
  <source m_id="43" />
  <target m_id="57" />
</CROSS_DOC_COREF>
<CROSS_DOC_COREF r_id="33412" note="HUM17732500323640198" >
  <source m_id="37" />
  <source m_id="42" />
  <target m_id="58" />
</CROSS_DOC_COREF>
<CROSS_DOC_COREF r_id="33413" note="HUM17731555438182725" >
  <source m_id="29" />
  <source m_id="44" />
  <target m_id="59" />
</CROSS_DOC_COREF>
<CROSS_DOC_COREF r_id="33414" note="ACT17731518502077156" >
  <source m_id="50" />
  <target m_id="60" />
</CROSS_DOC_COREF>
<CROSS_DOC_COREF r_id="33415" note="HUM17731813980483037" >
  <source m_id="32" />
  <source m_id="33" />
  <target m_id="61" />
</CROSS_DOC_COREF>
<CROSS_DOC_COREF r_id="33416" note="ACT17731621786224442" >
  <source m_id="34" />
  <source m_id="48" />
  <source m_id="35" />
  <target m_id="62" />
</CROSS_DOC_COREF>
<CROSS_DOC_COREF r_id="33417" note="ACT17731480045763691" >
  <source m_id="47" />
  <source m_id="31" />
  <target m_id="63" />
</CROSS_DOC_COREF>

</Relations>
</Document>
