<Document doc_name="18_7ecb.xml" doc_id="DOC15654427763328785">
<token t_id="1" sentence="0" number="0">A</token>
<token t_id="2" sentence="0" number="1">just-</token>
<token t_id="3" sentence="0" number="2">fired</token>
<token t_id="4" sentence="0" number="3">employee</token>
<token t_id="5" sentence="0" number="4">of</token>
<token t_id="6" sentence="0" number="5">a</token>
<token t_id="7" sentence="0" number="6">Canadian</token>
<token t_id="8" sentence="0" number="7">health</token>
<token t_id="9" sentence="0" number="8">products</token>
<token t_id="10" sentence="0" number="9">company</token>
<token t_id="11" sentence="0" number="10">crashed</token>
<token t_id="12" sentence="0" number="11">the</token>
<token t_id="13" sentence="0" number="12">office</token>
<token t_id="14" sentence="0" number="13">Christmas</token>
<token t_id="15" sentence="0" number="14">party</token>
<token t_id="16" sentence="0" number="15">in</token>
<token t_id="17" sentence="0" number="16">Vancouver</token>
<token t_id="18" sentence="0" number="17">,</token>
<token t_id="19" sentence="0" number="18">killing</token>
<token t_id="20" sentence="0" number="19">the</token>
<token t_id="21" sentence="0" number="20">chief</token>
<token t_id="22" sentence="0" number="21">executive</token>
<token t_id="23" sentence="0" number="22">officer</token>
<token t_id="24" sentence="0" number="23">,</token>
<token t_id="25" sentence="0" number="24">police</token>
<token t_id="26" sentence="0" number="25">said</token>
<token t_id="27" sentence="0" number="26">.</token>
<token t_id="28" sentence="1" number="0">Vancouver</token>
<token t_id="29" sentence="1" number="1">police</token>
<token t_id="30" sentence="1" number="2">identified</token>
<token t_id="31" sentence="1" number="3">the</token>
<token t_id="32" sentence="1" number="4">victim</token>
<token t_id="33" sentence="1" number="5">of</token>
<token t_id="34" sentence="1" number="6">the</token>
<token t_id="35" sentence="1" number="7">Friday</token>
<token t_id="36" sentence="1" number="8">night</token>
<token t_id="37" sentence="1" number="9">shooting</token>
<token t_id="38" sentence="1" number="10">at</token>
<token t_id="39" sentence="1" number="11">the</token>
<token t_id="40" sentence="1" number="12">TallGrass</token>
<token t_id="41" sentence="1" number="13">Distributors</token>
<token t_id="42" sentence="1" number="14">Ltd</token>
<token t_id="43" sentence="1" number="15">.</token>
<token t_id="44" sentence="2" number="0">Christmas</token>
<token t_id="45" sentence="2" number="1">party</token>
<token t_id="46" sentence="2" number="2">as</token>
<token t_id="47" sentence="2" number="3">Benjamin</token>
<token t_id="48" sentence="2" number="4">Banky</token>
<token t_id="49" sentence="2" number="5">,</token>
<token t_id="50" sentence="2" number="6">40</token>
<token t_id="51" sentence="2" number="7">,</token>
<token t_id="52" sentence="2" number="8">the</token>
<token t_id="53" sentence="2" number="9">Canadian</token>
<token t_id="54" sentence="2" number="10">Broadcasting</token>
<token t_id="55" sentence="2" number="11">Corp.</token>
<token t_id="56" sentence="2" number="12">reported</token>
<token t_id="57" sentence="2" number="13">.</token>
<token t_id="58" sentence="3" number="0">Police</token>
<token t_id="59" sentence="3" number="1">said</token>
<token t_id="60" sentence="3" number="2">Eric</token>
<token t_id="61" sentence="3" number="3">Allen</token>
<token t_id="62" sentence="3" number="4">Kirkpatrick</token>
<token t_id="63" sentence="3" number="5">,</token>
<token t_id="64" sentence="3" number="6">61</token>
<token t_id="65" sentence="3" number="7">,</token>
<token t_id="66" sentence="3" number="8">surrendered</token>
<token t_id="67" sentence="3" number="9">after</token>
<token t_id="68" sentence="3" number="10">two</token>
<token t_id="69" sentence="3" number="11">hours</token>
<token t_id="70" sentence="3" number="12">of</token>
<token t_id="71" sentence="3" number="13">negotiations</token>
<token t_id="72" sentence="3" number="14">with</token>
<token t_id="73" sentence="3" number="15">police</token>
<token t_id="74" sentence="3" number="16">and</token>
<token t_id="75" sentence="3" number="17">was</token>
<token t_id="76" sentence="3" number="18">charged</token>
<token t_id="77" sentence="3" number="19">Saturday</token>
<token t_id="78" sentence="3" number="20">with</token>
<token t_id="79" sentence="3" number="21">first-degree</token>
<token t_id="80" sentence="3" number="22">murder</token>
<token t_id="81" sentence="3" number="23">,</token>
<token t_id="82" sentence="3" number="24">the</token>
<token t_id="83" sentence="3" number="25">CBC</token>
<token t_id="84" sentence="3" number="26">reported</token>
<token t_id="85" sentence="3" number="27">.</token>
<token t_id="86" sentence="4" number="0">Kirkpatrick</token>
<token t_id="87" sentence="4" number="1">had</token>
<token t_id="88" sentence="4" number="2">been</token>
<token t_id="89" sentence="4" number="3">dismissed</token>
<token t_id="90" sentence="4" number="4">from</token>
<token t_id="91" sentence="4" number="5">his</token>
<token t_id="92" sentence="4" number="6">job</token>
<token t_id="93" sentence="4" number="7">Thursday</token>
<token t_id="94" sentence="4" number="8">.</token>
<token t_id="95" sentence="5" number="0">Authorities</token>
<token t_id="96" sentence="5" number="1">said</token>
<token t_id="97" sentence="5" number="2">they</token>
<token t_id="98" sentence="5" number="3">did</token>
<token t_id="99" sentence="5" number="4">not</token>
<token t_id="100" sentence="5" number="5">know</token>
<token t_id="101" sentence="5" number="6">how</token>
<token t_id="102" sentence="5" number="7">long</token>
<token t_id="103" sentence="5" number="8">he</token>
<token t_id="104" sentence="5" number="9">had</token>
<token t_id="105" sentence="5" number="10">worked</token>
<token t_id="106" sentence="5" number="11">at</token>
<token t_id="107" sentence="5" number="12">TallGrass</token>
<token t_id="108" sentence="5" number="13">or</token>
<token t_id="109" sentence="5" number="14">the</token>
<token t_id="110" sentence="5" number="15">reasons</token>
<token t_id="111" sentence="5" number="16">for</token>
<token t_id="112" sentence="5" number="17">his</token>
<token t_id="113" sentence="5" number="18">termination</token>
<token t_id="114" sentence="5" number="19">.</token>
<token t_id="115" sentence="6" number="0">Other</token>
<token t_id="116" sentence="6" number="1">employees</token>
<token t_id="117" sentence="6" number="2">of</token>
<token t_id="118" sentence="6" number="3">TallGrass</token>
<token t_id="119" sentence="6" number="4">Distributors</token>
<token t_id="120" sentence="6" number="5">Ltd.</token>
<token t_id="121" sentence="6" number="6">escaped</token>
<token t_id="122" sentence="6" number="7">unharmed</token>
<token t_id="123" sentence="6" number="8">,</token>
<token t_id="124" sentence="6" number="9">The</token>
<token t_id="125" sentence="6" number="10">Vancouver</token>
<token t_id="126" sentence="6" number="11">Sun</token>
<token t_id="127" sentence="6" number="12">reported</token>
<token t_id="128" sentence="6" number="13">.</token>
<token t_id="129" sentence="7" number="0">``</token>
<token t_id="130" sentence="7" number="1">A</token>
<token t_id="131" sentence="7" number="2">man</token>
<token t_id="132" sentence="7" number="3">who</token>
<token t_id="133" sentence="7" number="4">apparently</token>
<token t_id="134" sentence="7" number="5">had</token>
<token t_id="135" sentence="7" number="6">just</token>
<token t_id="136" sentence="7" number="7">been</token>
<token t_id="137" sentence="7" number="8">let</token>
<token t_id="138" sentence="7" number="9">go</token>
<token t_id="139" sentence="7" number="10">from</token>
<token t_id="140" sentence="7" number="11">his</token>
<token t_id="141" sentence="7" number="12">job</token>
<token t_id="142" sentence="7" number="13">there</token>
<token t_id="143" sentence="7" number="14">came</token>
<token t_id="144" sentence="7" number="15">in</token>
<token t_id="145" sentence="7" number="16">,</token>
<token t_id="146" sentence="7" number="17">shot</token>
<token t_id="147" sentence="7" number="18">and</token>
<token t_id="148" sentence="7" number="19">killed</token>
<token t_id="149" sentence="7" number="20">another</token>
<token t_id="150" sentence="7" number="21">man</token>
<token t_id="151" sentence="7" number="22">,</token>
<token t_id="152" sentence="7" number="23">''</token>
<token t_id="153" sentence="7" number="24">Police</token>
<token t_id="154" sentence="7" number="25">Constable</token>
<token t_id="155" sentence="7" number="26">Tim</token>
<token t_id="156" sentence="7" number="27">Fanning</token>
<token t_id="157" sentence="7" number="28">said</token>
<token t_id="158" sentence="7" number="29">.</token>
<token t_id="159" sentence="8" number="0">``</token>
<token t_id="160" sentence="8" number="1">Our</token>
<token t_id="161" sentence="8" number="2">negotiators</token>
<token t_id="162" sentence="8" number="3">got</token>
<token t_id="163" sentence="8" number="4">on</token>
<token t_id="164" sentence="8" number="5">the</token>
<token t_id="165" sentence="8" number="6">phone</token>
<token t_id="166" sentence="8" number="7">with</token>
<token t_id="167" sentence="8" number="8">him</token>
<token t_id="168" sentence="8" number="9">right</token>
<token t_id="169" sentence="8" number="10">away</token>
<token t_id="170" sentence="8" number="11">,</token>
<token t_id="171" sentence="8" number="12">and</token>
<token t_id="172" sentence="8" number="13">fortunately</token>
<token t_id="173" sentence="8" number="14">were</token>
<token t_id="174" sentence="8" number="15">able</token>
<token t_id="175" sentence="8" number="16">to</token>
<token t_id="176" sentence="8" number="17">talk</token>
<token t_id="177" sentence="8" number="18">him</token>
<token t_id="178" sentence="8" number="19">down</token>
<token t_id="179" sentence="8" number="20">from</token>
<token t_id="180" sentence="8" number="21">his</token>
<token t_id="181" sentence="8" number="22">very</token>
<token t_id="182" sentence="8" number="23">,</token>
<token t_id="183" sentence="8" number="24">very</token>
<token t_id="184" sentence="8" number="25">excited</token>
<token t_id="185" sentence="8" number="26">and</token>
<token t_id="186" sentence="8" number="27">upset</token>
<token t_id="187" sentence="8" number="28">state</token>
<token t_id="188" sentence="8" number="29">.</token>
<token t_id="189" sentence="8" number="30">''</token>
<token t_id="190" sentence="9" number="0">Police</token>
<token t_id="191" sentence="9" number="1">blocked</token>
<token t_id="192" sentence="9" number="2">the</token>
<token t_id="193" sentence="9" number="3">street</token>
<token t_id="194" sentence="9" number="4">in</token>
<token t_id="195" sentence="9" number="5">the</token>
<token t_id="196" sentence="9" number="6">Mount</token>
<token t_id="197" sentence="9" number="7">Pleasant</token>
<token t_id="198" sentence="9" number="8">neighborhood</token>
<token t_id="199" sentence="9" number="9">.</token>
<token t_id="200" sentence="10" number="0">Employees</token>
<token t_id="201" sentence="10" number="1">of</token>
<token t_id="202" sentence="10" number="2">other</token>
<token t_id="203" sentence="10" number="3">companies</token>
<token t_id="204" sentence="10" number="4">in</token>
<token t_id="205" sentence="10" number="5">the</token>
<token t_id="206" sentence="10" number="6">area</token>
<token t_id="207" sentence="10" number="7">were</token>
<token t_id="208" sentence="10" number="8">asked</token>
<token t_id="209" sentence="10" number="9">to</token>
<token t_id="210" sentence="10" number="10">stay</token>
<token t_id="211" sentence="10" number="11">where</token>
<token t_id="212" sentence="10" number="12">they</token>
<token t_id="213" sentence="10" number="13">were</token>
<token t_id="214" sentence="10" number="14">until</token>
<token t_id="215" sentence="10" number="15">the</token>
<token t_id="216" sentence="10" number="16">surrendered</token>
<token t_id="217" sentence="10" number="17">.</token>
<token t_id="218" sentence="11" number="0">TallGrass</token>
<token t_id="219" sentence="11" number="1">distributes</token>
<token t_id="220" sentence="11" number="2">products</token>
<token t_id="221" sentence="11" number="3">based</token>
<token t_id="222" sentence="11" number="4">on</token>
<token t_id="223" sentence="11" number="5">hemp</token>
<token t_id="224" sentence="11" number="6">,</token>
<token t_id="225" sentence="11" number="7">including</token>
<token t_id="226" sentence="11" number="8">Body</token>
<token t_id="227" sentence="11" number="9">Dope</token>
<token t_id="228" sentence="11" number="10">,</token>
<token t_id="229" sentence="11" number="11">a</token>
<token t_id="230" sentence="11" number="12">brand</token>
<token t_id="231" sentence="11" number="13">of</token>
<token t_id="232" sentence="11" number="14">skincare</token>
<token t_id="233" sentence="11" number="15">products</token>
<token t_id="234" sentence="11" number="16">.</token>
<Markables>
<ACTION_OCCURRENCE m_id="13"  >
  <token_anchor t_id="11"/>
</ACTION_OCCURRENCE>
<ACTION_OCCURRENCE m_id="14"  >
  <token_anchor t_id="15"/>
</ACTION_OCCURRENCE>
<ACTION_OCCURRENCE m_id="15"  >
  <token_anchor t_id="19"/>
</ACTION_OCCURRENCE>
<ACTION_REPORTING m_id="18"  >
  <token_anchor t_id="26"/>
</ACTION_REPORTING>
<HUMAN_PART_ORG m_id="12"  >
  <token_anchor t_id="10"/>
</HUMAN_PART_ORG>
<HUMAN_PART_ORG m_id="17"  >
  <token_anchor t_id="25"/>
</HUMAN_PART_ORG>
<HUMAN_PART_PER m_id="11"  >
  <token_anchor t_id="4"/>
</HUMAN_PART_PER>
<HUMAN_PART_PER m_id="16"  >
  <token_anchor t_id="23"/>
</HUMAN_PART_PER>
<LOC_FAC m_id="19"  >
  <token_anchor t_id="12"/>
  <token_anchor t_id="13"/>
</LOC_FAC>


<ACTION_OCCURRENCE m_id="21" note="byCROMER" >
  <token_anchor t_id="3"/>
</ACTION_OCCURRENCE>


<ACTION_OCCURRENCE m_id="31" RELATED_TO="" TAG_DESCRIPTOR="t18b_fired" instance_id="ACT17731663088586680" />
<LOC_FAC m_id="30" RELATED_TO="" TAG_DESCRIPTOR="t18b_office" instance_id="LOC17731582246028489" />
<HUMAN_PART_PER m_id="29" RELATED_TO="" TAG_DESCRIPTOR="t18b_victim" instance_id="HUM17731813980483037" />
<ACTION_REPORTING m_id="28" RELATED_TO="" TAG_DESCRIPTOR="t18b_police_said" instance_id="ACT17731518502077156" />
<ACTION_OCCURRENCE m_id="27" RELATED_TO="" TAG_DESCRIPTOR="t18b_went_to_party" instance_id="ACT17732135331509624" />
<HUMAN_PART_PER m_id="26" RELATED_TO="" TAG_DESCRIPTOR="t18b_shooter" instance_id="HUM17731555438182725" />
<ACTION_OCCURRENCE m_id="25" RELATED_TO="" TAG_DESCRIPTOR="t18b_party" instance_id="ACT17731503198331596" />
<HUMAN_PART_ORG m_id="24" RELATED_TO="" TAG_DESCRIPTOR="t18b_office_company" instance_id="HUM17731760781196568" />
<ACTION_OCCURRENCE m_id="23" RELATED_TO="" TAG_DESCRIPTOR="t18b_killing" instance_id="ACT17731468512044233" />
<HUMAN_PART_ORG m_id="22" RELATED_TO="" TAG_DESCRIPTOR="t18b_police" instance_id="HUM17731532645215730" />
</Markables>

<Relations>
<CROSS_DOC_COREF r_id="41546" note="HUM17731532645215730" >
  <source m_id="17" />
  <target m_id="22" />
</CROSS_DOC_COREF>
<CROSS_DOC_COREF r_id="41547" note="ACT17731468512044233" >
  <source m_id="15" />
  <target m_id="23" />
</CROSS_DOC_COREF>
<CROSS_DOC_COREF r_id="41548" note="HUM17731760781196568" >
  <source m_id="12" />
  <target m_id="24" />
</CROSS_DOC_COREF>
<CROSS_DOC_COREF r_id="41549" note="ACT17731503198331596" >
  <source m_id="14" />
  <target m_id="25" />
</CROSS_DOC_COREF>
<CROSS_DOC_COREF r_id="41550" note="HUM17731555438182725" >
  <source m_id="11" />
  <target m_id="26" />
</CROSS_DOC_COREF>
<CROSS_DOC_COREF r_id="41551" note="ACT17732135331509624" >
  <source m_id="13" />
  <target m_id="27" />
</CROSS_DOC_COREF>
<CROSS_DOC_COREF r_id="41552" note="ACT17731518502077156" >
  <source m_id="18" />
  <target m_id="28" />
</CROSS_DOC_COREF>
<CROSS_DOC_COREF r_id="41553" note="HUM17731813980483037" >
  <source m_id="16" />
  <target m_id="29" />
</CROSS_DOC_COREF>
<CROSS_DOC_COREF r_id="41554" note="LOC17731582246028489" >
  <source m_id="19" />
  <target m_id="30" />
</CROSS_DOC_COREF>
<CROSS_DOC_COREF r_id="41555" note="ACT17731663088586680" >
  <source m_id="21" />
  <target m_id="31" />
</CROSS_DOC_COREF>

</Relations>
</Document>
