<Document doc_name="18_7ecbplus.xml" doc_id="DOC15646235699276291">
<token t_id="1" sentence="0" number="0">http</token>
<token t_id="2" sentence="0" number="1">:</token>
<token t_id="3" sentence="0" number="2">/</token>
<token t_id="4" sentence="0" number="3">/</token>
<token t_id="5" sentence="0" number="4">usatoday30</token>
<token t_id="6" sentence="0" number="5">.</token>
<token t_id="7" sentence="0" number="6">usatoday</token>
<token t_id="8" sentence="0" number="7">.</token>
<token t_id="9" sentence="0" number="8">com</token>
<token t_id="10" sentence="0" number="9">/</token>
<token t_id="11" sentence="0" number="10">news</token>
<token t_id="12" sentence="0" number="11">/</token>
<token t_id="13" sentence="0" number="12">nation</token>
<token t_id="14" sentence="0" number="13">/</token>
<token t_id="15" sentence="0" number="14">2007</token>
<token t_id="16" sentence="0" number="15">-</token>
<token t_id="17" sentence="0" number="16">04</token>
<token t_id="18" sentence="0" number="17">-</token>
<token t_id="19" sentence="0" number="18">11</token>
<token t_id="20" sentence="0" number="19">-</token>
<token t_id="21" sentence="0" number="20">office</token>
<token t_id="22" sentence="0" number="21">-</token>
<token t_id="23" sentence="0" number="22">shooting</token>
<token t_id="24" sentence="0" number="23">_</token>
<token t_id="25" sentence="0" number="24">N</token>
<token t_id="26" sentence="0" number="25">.</token>
<token t_id="27" sentence="0" number="26">htm</token>
<token t_id="28" sentence="1" number="0">Mich</token>
<token t_id="29" sentence="1" number="1">.</token>
<token t_id="30" sentence="1" number="2">accountant</token>
<token t_id="31" sentence="1" number="3">charged</token>
<token t_id="32" sentence="1" number="4">with</token>
<token t_id="33" sentence="1" number="5">murder</token>
<token t_id="34" sentence="1" number="6">in</token>
<token t_id="35" sentence="1" number="7">office</token>
<token t_id="36" sentence="1" number="8">shootings</token>
<token t_id="37" sentence="2" number="0">Updated</token>
<token t_id="38" sentence="2" number="1">4</token>
<token t_id="39" sentence="2" number="2">/</token>
<token t_id="40" sentence="2" number="3">11</token>
<token t_id="41" sentence="2" number="4">/</token>
<token t_id="42" sentence="2" number="5">2007</token>
<token t_id="43" sentence="2" number="6">1</token>
<token t_id="44" sentence="2" number="7">:</token>
<token t_id="45" sentence="2" number="8">26</token>
<token t_id="46" sentence="2" number="9">PM</token>
<token t_id="47" sentence="3" number="0">A</token>
<token t_id="48" sentence="3" number="1">fired</token>
<token t_id="49" sentence="3" number="2">accountant</token>
<token t_id="50" sentence="3" number="3">accused</token>
<token t_id="51" sentence="3" number="4">of</token>
<token t_id="52" sentence="3" number="5">wounding</token>
<token t_id="53" sentence="3" number="6">two</token>
<token t_id="54" sentence="3" number="7">former</token>
<token t_id="55" sentence="3" number="8">bosses</token>
<token t_id="56" sentence="3" number="9">in</token>
<token t_id="57" sentence="3" number="10">a</token>
<token t_id="58" sentence="3" number="11">shotgun</token>
<token t_id="59" sentence="3" number="12">attack</token>
<token t_id="60" sentence="3" number="13">and</token>
<token t_id="61" sentence="3" number="14">killing</token>
<token t_id="62" sentence="3" number="15">a</token>
<token t_id="63" sentence="3" number="16">receptionist</token>
<token t_id="64" sentence="3" number="17">who</token>
<token t_id="65" sentence="3" number="18">tried</token>
<token t_id="66" sentence="3" number="19">to</token>
<token t_id="67" sentence="3" number="20">stop</token>
<token t_id="68" sentence="3" number="21">him</token>
<token t_id="69" sentence="3" number="22">was</token>
<token t_id="70" sentence="3" number="23">arraigned</token>
<token t_id="71" sentence="3" number="24">Wednesday</token>
<token t_id="72" sentence="3" number="25">on</token>
<token t_id="73" sentence="3" number="26">murder</token>
<token t_id="74" sentence="3" number="27">and</token>
<token t_id="75" sentence="3" number="28">other</token>
<token t_id="76" sentence="3" number="29">charges</token>
<token t_id="77" sentence="3" number="30">.</token>
<token t_id="78" sentence="4" number="0">Anthony</token>
<token t_id="79" sentence="4" number="1">LaCalamita</token>
<token t_id="80" sentence="4" number="2">III</token>
<token t_id="81" sentence="4" number="3">,</token>
<token t_id="82" sentence="4" number="4">38</token>
<token t_id="83" sentence="4" number="5">,</token>
<token t_id="84" sentence="4" number="6">had</token>
<token t_id="85" sentence="4" number="7">been</token>
<token t_id="86" sentence="4" number="8">arrested</token>
<token t_id="87" sentence="4" number="9">following</token>
<token t_id="88" sentence="4" number="10">a</token>
<token t_id="89" sentence="4" number="11">high</token>
<token t_id="90" sentence="4" number="12">-</token>
<token t_id="91" sentence="4" number="13">speed</token>
<token t_id="92" sentence="4" number="14">chase</token>
<token t_id="93" sentence="4" number="15">a</token>
<token t_id="94" sentence="4" number="16">few</token>
<token t_id="95" sentence="4" number="17">hours</token>
<token t_id="96" sentence="4" number="18">after</token>
<token t_id="97" sentence="4" number="19">the</token>
<token t_id="98" sentence="4" number="20">Monday</token>
<token t_id="99" sentence="4" number="21">morning</token>
<token t_id="100" sentence="4" number="22">shootings</token>
<token t_id="101" sentence="4" number="23">at</token>
<token t_id="102" sentence="4" number="24">Gordon</token>
<token t_id="103" sentence="4" number="25">Advisors</token>
<token t_id="104" sentence="4" number="26">in</token>
<token t_id="105" sentence="4" number="27">suburban</token>
<token t_id="106" sentence="4" number="28">Detroit</token>
<token t_id="107" sentence="4" number="29">.</token>
<token t_id="108" sentence="5" number="0">During</token>
<token t_id="109" sentence="5" number="1">his</token>
<token t_id="110" sentence="5" number="2">arraignment</token>
<token t_id="111" sentence="5" number="3">Wednesday</token>
<token t_id="112" sentence="5" number="4">,</token>
<token t_id="113" sentence="5" number="5">authorities</token>
<token t_id="114" sentence="5" number="6">described</token>
<token t_id="115" sentence="5" number="7">what</token>
<token t_id="116" sentence="5" number="8">witnesses</token>
<token t_id="117" sentence="5" number="9">saw</token>
<token t_id="118" sentence="5" number="10">inside</token>
<token t_id="119" sentence="5" number="11">the</token>
<token t_id="120" sentence="5" number="12">offices</token>
<token t_id="121" sentence="5" number="13">that</token>
<token t_id="122" sentence="5" number="14">morning</token>
<token t_id="123" sentence="5" number="15">.</token>
<token t_id="124" sentence="6" number="0">LaCalamita</token>
<token t_id="125" sentence="6" number="1">was</token>
<token t_id="126" sentence="6" number="2">hiding</token>
<token t_id="127" sentence="6" number="3">the</token>
<token t_id="128" sentence="6" number="4">gun</token>
<token t_id="129" sentence="6" number="5">when</token>
<token t_id="130" sentence="6" number="6">he</token>
<token t_id="131" sentence="6" number="7">walked</token>
<token t_id="132" sentence="6" number="8">into</token>
<token t_id="133" sentence="6" number="9">accounting</token>
<token t_id="134" sentence="6" number="10">firm</token>
<token t_id="135" sentence="6" number="11">offices</token>
<token t_id="136" sentence="6" number="12">,</token>
<token t_id="137" sentence="6" number="13">stopped</token>
<token t_id="138" sentence="6" number="14">briefly</token>
<token t_id="139" sentence="6" number="15">at</token>
<token t_id="140" sentence="6" number="16">the</token>
<token t_id="141" sentence="6" number="17">reception</token>
<token t_id="142" sentence="6" number="18">desk</token>
<token t_id="143" sentence="6" number="19">and</token>
<token t_id="144" sentence="6" number="20">then</token>
<token t_id="145" sentence="6" number="21">entered</token>
<token t_id="146" sentence="6" number="22">Alan</token>
<token t_id="147" sentence="6" number="23">Steinberg's</token>
<token t_id="148" sentence="6" number="24">office</token>
<token t_id="149" sentence="6" number="25">,</token>
<token t_id="150" sentence="6" number="26">Troy</token>
<token t_id="151" sentence="6" number="27">police</token>
<token t_id="152" sentence="6" number="28">Sgt</token>
<token t_id="153" sentence="6" number="29">.</token>
<token t_id="154" sentence="6" number="30">Barry</token>
<token t_id="155" sentence="6" number="31">Whiteside</token>
<token t_id="156" sentence="6" number="32">testified</token>
<token t_id="157" sentence="6" number="33">.</token>
<token t_id="158" sentence="7" number="0">Steinberg</token>
<token t_id="159" sentence="7" number="1">,</token>
<token t_id="160" sentence="7" number="2">a</token>
<token t_id="161" sentence="7" number="3">partner</token>
<token t_id="162" sentence="7" number="4">in</token>
<token t_id="163" sentence="7" number="5">the</token>
<token t_id="164" sentence="7" number="6">firm</token>
<token t_id="165" sentence="7" number="7">,</token>
<token t_id="166" sentence="7" number="8">told</token>
<token t_id="167" sentence="7" number="9">police</token>
<token t_id="168" sentence="7" number="10">LaCalamita</token>
<token t_id="169" sentence="7" number="11">loaded</token>
<token t_id="170" sentence="7" number="12">a</token>
<token t_id="171" sentence="7" number="13">shell</token>
<token t_id="172" sentence="7" number="14">into</token>
<token t_id="173" sentence="7" number="15">the</token>
<token t_id="174" sentence="7" number="16">shotgun's</token>
<token t_id="175" sentence="7" number="17">chamber</token>
<token t_id="176" sentence="7" number="18">and</token>
<token t_id="177" sentence="7" number="19">shot</token>
<token t_id="178" sentence="7" number="20">him</token>
<token t_id="179" sentence="7" number="21">in</token>
<token t_id="180" sentence="7" number="22">the</token>
<token t_id="181" sentence="7" number="23">hip</token>
<token t_id="182" sentence="7" number="24">,</token>
<token t_id="183" sentence="7" number="25">then</token>
<token t_id="184" sentence="7" number="26">walked</token>
<token t_id="185" sentence="7" number="27">toward</token>
<token t_id="186" sentence="7" number="28">the</token>
<token t_id="187" sentence="7" number="29">office</token>
<token t_id="188" sentence="7" number="30">of</token>
<token t_id="189" sentence="7" number="31">Paul</token>
<token t_id="190" sentence="7" number="32">Riva</token>
<token t_id="191" sentence="7" number="33">,</token>
<token t_id="192" sentence="7" number="34">another</token>
<token t_id="193" sentence="7" number="35">partner</token>
<token t_id="194" sentence="7" number="36">.</token>
<token t_id="195" sentence="8" number="0">When</token>
<token t_id="196" sentence="8" number="1">receptionist</token>
<token t_id="197" sentence="8" number="2">Madeline</token>
<token t_id="198" sentence="8" number="3">Kafoury</token>
<token t_id="199" sentence="8" number="4">tried</token>
<token t_id="200" sentence="8" number="5">to</token>
<token t_id="201" sentence="8" number="6">stop</token>
<token t_id="202" sentence="8" number="7">him</token>
<token t_id="203" sentence="8" number="8">at</token>
<token t_id="204" sentence="8" number="9">Riva's</token>
<token t_id="205" sentence="8" number="10">door</token>
<token t_id="206" sentence="8" number="11">,</token>
<token t_id="207" sentence="8" number="12">the</token>
<token t_id="208" sentence="8" number="13">gunman</token>
<token t_id="209" sentence="8" number="14">fatally</token>
<token t_id="210" sentence="8" number="15">shot</token>
<token t_id="211" sentence="8" number="16">her</token>
<token t_id="212" sentence="8" number="17">in</token>
<token t_id="213" sentence="8" number="18">the</token>
<token t_id="214" sentence="8" number="19">midsection</token>
<token t_id="215" sentence="8" number="20">,</token>
<token t_id="216" sentence="8" number="21">Whiteside</token>
<token t_id="217" sentence="8" number="22">said</token>
<token t_id="218" sentence="8" number="23">.</token>
<token t_id="219" sentence="9" number="0">LaCalamita</token>
<token t_id="220" sentence="9" number="1">then</token>
<token t_id="221" sentence="9" number="2">fired</token>
<token t_id="222" sentence="9" number="3">at</token>
<token t_id="223" sentence="9" number="4">Riva</token>
<token t_id="224" sentence="9" number="5">,</token>
<token t_id="225" sentence="9" number="6">hitting</token>
<token t_id="226" sentence="9" number="7">him</token>
<token t_id="227" sentence="9" number="8">in</token>
<token t_id="228" sentence="9" number="9">the</token>
<token t_id="229" sentence="9" number="10">upper</token>
<token t_id="230" sentence="9" number="11">chest</token>
<token t_id="231" sentence="9" number="12">,</token>
<token t_id="232" sentence="9" number="13">and</token>
<token t_id="233" sentence="9" number="14">left</token>
<token t_id="234" sentence="9" number="15">the</token>
<token t_id="235" sentence="9" number="16">building</token>
<token t_id="236" sentence="9" number="17">,</token>
<token t_id="237" sentence="9" number="18">Whiteside</token>
<token t_id="238" sentence="9" number="19">said</token>
<token t_id="239" sentence="9" number="20">.</token>
<token t_id="240" sentence="10" number="0">Riva</token>
<token t_id="241" sentence="10" number="1">had</token>
<token t_id="242" sentence="10" number="2">yet</token>
<token t_id="243" sentence="10" number="3">to</token>
<token t_id="244" sentence="10" number="4">regain</token>
<token t_id="245" sentence="10" number="5">consciousness</token>
<token t_id="246" sentence="10" number="6">Wednesday</token>
<token t_id="247" sentence="10" number="7">and</token>
<token t_id="248" sentence="10" number="8">was</token>
<token t_id="249" sentence="10" number="9">on</token>
<token t_id="250" sentence="10" number="10">a</token>
<token t_id="251" sentence="10" number="11">ventilator</token>
<token t_id="252" sentence="10" number="12">,</token>
<token t_id="253" sentence="10" number="13">police</token>
<token t_id="254" sentence="10" number="14">said</token>
<token t_id="255" sentence="10" number="15">.</token>
<token t_id="256" sentence="11" number="0">As</token>
<token t_id="257" sentence="11" number="1">Whiteside</token>
<token t_id="258" sentence="11" number="2">talked</token>
<token t_id="259" sentence="11" number="3">in</token>
<token t_id="260" sentence="11" number="4">court</token>
<token t_id="261" sentence="11" number="5">,</token>
<token t_id="262" sentence="11" number="6">Kafoury's</token>
<token t_id="263" sentence="11" number="7">adult</token>
<token t_id="264" sentence="11" number="8">daughter</token>
<token t_id="265" sentence="11" number="9">sobbed</token>
<token t_id="266" sentence="11" number="10">uncontrollably</token>
<token t_id="267" sentence="11" number="11">.</token>
<token t_id="268" sentence="12" number="0">"She</token>
<token t_id="269" sentence="12" number="1">wasn't</token>
<token t_id="270" sentence="12" number="2">just</token>
<token t_id="271" sentence="12" number="3">a</token>
<token t_id="272" sentence="12" number="4">receptionist</token>
<token t_id="273" sentence="12" number="5">.</token>
<token t_id="274" sentence="12" number="6">.</token>
<token t_id="275" sentence="12" number="7">.</token>
<token t_id="276" sentence="12" number="8">.</token>
<token t_id="277" sentence="13" number="0">She</token>
<token t_id="278" sentence="13" number="1">was</token>
<token t_id="279" sentence="13" number="2">our</token>
<token t_id="280" sentence="13" number="3">mom</token>
<token t_id="281" sentence="13" number="4">and</token>
<token t_id="282" sentence="13" number="5">the</token>
<token t_id="283" sentence="13" number="6">grandmother</token>
<token t_id="284" sentence="13" number="7">of</token>
<token t_id="285" sentence="13" number="8">our</token>
<token t_id="286" sentence="13" number="9">children</token>
<token t_id="287" sentence="13" number="10">,</token>
<token t_id="288" sentence="13" number="11">"</token>
<token t_id="289" sentence="13" number="12">Kafoury's</token>
<token t_id="290" sentence="13" number="13">son</token>
<token t_id="291" sentence="13" number="14">,</token>
<token t_id="292" sentence="13" number="15">Charlie</token>
<token t_id="293" sentence="13" number="16">,</token>
<token t_id="294" sentence="13" number="17">said</token>
<token t_id="295" sentence="13" number="18">after</token>
<token t_id="296" sentence="13" number="19">the</token>
<token t_id="297" sentence="13" number="20">hearing</token>
<token t_id="298" sentence="13" number="21">.</token>
<token t_id="299" sentence="14" number="0">"She</token>
<token t_id="300" sentence="14" number="1">was</token>
<token t_id="301" sentence="14" number="2">an</token>
<token t_id="302" sentence="14" number="3">essential</token>
<token t_id="303" sentence="14" number="4">point</token>
<token t_id="304" sentence="14" number="5">of</token>
<token t_id="305" sentence="14" number="6">our</token>
<token t_id="306" sentence="14" number="7">lives</token>
<token t_id="307" sentence="14" number="8">.</token>
<token t_id="308" sentence="14" number="9">"</token>
<token t_id="309" sentence="15" number="0">Not</token>
<token t_id="310" sentence="15" number="1">guilty</token>
<token t_id="311" sentence="15" number="2">pleas</token>
<token t_id="312" sentence="15" number="3">were</token>
<token t_id="313" sentence="15" number="4">entered</token>
<token t_id="314" sentence="15" number="5">on</token>
<token t_id="315" sentence="15" number="6">LaCalamita's</token>
<token t_id="316" sentence="15" number="7">behalf</token>
<token t_id="317" sentence="15" number="8">to</token>
<token t_id="318" sentence="15" number="9">charges</token>
<token t_id="319" sentence="15" number="10">of</token>
<token t_id="320" sentence="15" number="11">first</token>
<token t_id="321" sentence="15" number="12">-</token>
<token t_id="322" sentence="15" number="13">degree</token>
<token t_id="323" sentence="15" number="14">murder</token>
<token t_id="324" sentence="15" number="15">,</token>
<token t_id="325" sentence="15" number="16">intent</token>
<token t_id="326" sentence="15" number="17">to</token>
<token t_id="327" sentence="15" number="18">murder</token>
<token t_id="328" sentence="15" number="19">,</token>
<token t_id="329" sentence="15" number="20">possession</token>
<token t_id="330" sentence="15" number="21">of</token>
<token t_id="331" sentence="15" number="22">a</token>
<token t_id="332" sentence="15" number="23">firearm</token>
<token t_id="333" sentence="15" number="24">in</token>
<token t_id="334" sentence="15" number="25">the</token>
<token t_id="335" sentence="15" number="26">commission</token>
<token t_id="336" sentence="15" number="27">of</token>
<token t_id="337" sentence="15" number="28">a</token>
<token t_id="338" sentence="15" number="29">felony</token>
<token t_id="339" sentence="15" number="30">and</token>
<token t_id="340" sentence="15" number="31">fleeing</token>
<token t_id="341" sentence="15" number="32">and</token>
<token t_id="342" sentence="15" number="33">eluding</token>
<token t_id="343" sentence="15" number="34">police</token>
<token t_id="344" sentence="15" number="35">.</token>
<token t_id="345" sentence="16" number="0">Asked</token>
<token t_id="346" sentence="16" number="1">by</token>
<token t_id="347" sentence="16" number="2">the</token>
<token t_id="348" sentence="16" number="3">judge</token>
<token t_id="349" sentence="16" number="4">if</token>
<token t_id="350" sentence="16" number="5">he</token>
<token t_id="351" sentence="16" number="6">understood</token>
<token t_id="352" sentence="16" number="7">the</token>
<token t_id="353" sentence="16" number="8">charges</token>
<token t_id="354" sentence="16" number="9">against</token>
<token t_id="355" sentence="16" number="10">him</token>
<token t_id="356" sentence="16" number="11">and</token>
<token t_id="357" sentence="16" number="12">if</token>
<token t_id="358" sentence="16" number="13">he</token>
<token t_id="359" sentence="16" number="14">was</token>
<token t_id="360" sentence="16" number="15">aware</token>
<token t_id="361" sentence="16" number="16">that</token>
<token t_id="362" sentence="16" number="17">he</token>
<token t_id="363" sentence="16" number="18">could</token>
<token t_id="364" sentence="16" number="19">be</token>
<token t_id="365" sentence="16" number="20">sentenced</token>
<token t_id="366" sentence="16" number="21">to</token>
<token t_id="367" sentence="16" number="22">life</token>
<token t_id="368" sentence="16" number="23">in</token>
<token t_id="369" sentence="16" number="24">prison</token>
<token t_id="370" sentence="16" number="25">without</token>
<token t_id="371" sentence="16" number="26">the</token>
<token t_id="372" sentence="16" number="27">possibility</token>
<token t_id="373" sentence="16" number="28">of</token>
<token t_id="374" sentence="16" number="29">parole</token>
<token t_id="375" sentence="16" number="30">if</token>
<token t_id="376" sentence="16" number="31">convicted</token>
<token t_id="377" sentence="16" number="32">of</token>
<token t_id="378" sentence="16" number="33">first</token>
<token t_id="379" sentence="16" number="34">-</token>
<token t_id="380" sentence="16" number="35">degree</token>
<token t_id="381" sentence="16" number="36">murder</token>
<token t_id="382" sentence="16" number="37">,</token>
<token t_id="383" sentence="16" number="38">he</token>
<token t_id="384" sentence="16" number="39">responded</token>
<token t_id="385" sentence="16" number="40">"Yes</token>
<token t_id="386" sentence="16" number="41">.</token>
<token t_id="387" sentence="16" number="42">"</token>
<token t_id="388" sentence="17" number="0">The</token>
<token t_id="389" sentence="17" number="1">judge</token>
<token t_id="390" sentence="17" number="2">ordered</token>
<token t_id="391" sentence="17" number="3">him</token>
<token t_id="392" sentence="17" number="4">held</token>
<token t_id="393" sentence="17" number="5">without</token>
<token t_id="394" sentence="17" number="6">bail</token>
<token t_id="395" sentence="17" number="7">pending</token>
<token t_id="396" sentence="17" number="8">his</token>
<token t_id="397" sentence="17" number="9">next</token>
<token t_id="398" sentence="17" number="10">court</token>
<token t_id="399" sentence="17" number="11">hearing</token>
<token t_id="400" sentence="17" number="12">April</token>
<token t_id="401" sentence="17" number="13">19</token>
<token t_id="402" sentence="17" number="14">.</token>
<token t_id="403" sentence="18" number="0">Troy</token>
<token t_id="404" sentence="18" number="1">police</token>
<token t_id="405" sentence="18" number="2">Lt</token>
<token t_id="406" sentence="18" number="3">.</token>
<token t_id="407" sentence="18" number="4">Gerry</token>
<token t_id="408" sentence="18" number="5">Scherlinck</token>
<token t_id="409" sentence="18" number="6">said</token>
<token t_id="410" sentence="18" number="7">Riva</token>
<token t_id="411" sentence="18" number="8">and</token>
<token t_id="412" sentence="18" number="9">Steinberg</token>
<token t_id="413" sentence="18" number="10">appeared</token>
<token t_id="414" sentence="18" number="11">to</token>
<token t_id="415" sentence="18" number="12">have</token>
<token t_id="416" sentence="18" number="13">been</token>
<token t_id="417" sentence="18" number="14">the</token>
<token t_id="418" sentence="18" number="15">targets</token>
<token t_id="419" sentence="18" number="16">in</token>
<token t_id="420" sentence="18" number="17">the</token>
<token t_id="421" sentence="18" number="18">shootings</token>
<token t_id="422" sentence="18" number="19">.</token>
<token t_id="423" sentence="19" number="0">LaCalamita</token>
<token t_id="424" sentence="19" number="1">had</token>
<token t_id="425" sentence="19" number="2">been</token>
<token t_id="426" sentence="19" number="3">fired</token>
<token t_id="427" sentence="19" number="4">last</token>
<token t_id="428" sentence="19" number="5">Thursday</token>
<token t_id="429" sentence="19" number="6">as</token>
<token t_id="430" sentence="19" number="7">a</token>
<token t_id="431" sentence="19" number="8">general</token>
<token t_id="432" sentence="19" number="9">accountant</token>
<token t_id="433" sentence="19" number="10">at</token>
<token t_id="434" sentence="19" number="11">the</token>
<token t_id="435" sentence="19" number="12">firm</token>
<token t_id="436" sentence="19" number="13">and</token>
<token t_id="437" sentence="19" number="14">bought</token>
<token t_id="438" sentence="19" number="15">a</token>
<token t_id="439" sentence="19" number="16">shotgun</token>
<token t_id="440" sentence="19" number="17">and</token>
<token t_id="441" sentence="19" number="18">shells</token>
<token t_id="442" sentence="19" number="19">on</token>
<token t_id="443" sentence="19" number="20">Friday</token>
<token t_id="444" sentence="19" number="21">,</token>
<token t_id="445" sentence="19" number="22">Scherlinck</token>
<token t_id="446" sentence="19" number="23">said</token>
<token t_id="447" sentence="19" number="24">.</token>
<token t_id="448" sentence="20" number="0">He</token>
<token t_id="449" sentence="20" number="1">said</token>
<token t_id="450" sentence="20" number="2">police</token>
<token t_id="451" sentence="20" number="3">found</token>
<token t_id="452" sentence="20" number="4">a</token>
<token t_id="453" sentence="20" number="5">box</token>
<token t_id="454" sentence="20" number="6">consistent</token>
<token t_id="455" sentence="20" number="7">with</token>
<token t_id="456" sentence="20" number="8">one</token>
<token t_id="457" sentence="20" number="9">that</token>
<token t_id="458" sentence="20" number="10">would</token>
<token t_id="459" sentence="20" number="11">hold</token>
<token t_id="460" sentence="20" number="12">a</token>
<token t_id="461" sentence="20" number="13">shotgun</token>
<token t_id="462" sentence="20" number="14">,</token>
<token t_id="463" sentence="20" number="15">as</token>
<token t_id="464" sentence="20" number="16">well</token>
<token t_id="465" sentence="20" number="17">as</token>
<token t_id="466" sentence="20" number="18">empty</token>
<token t_id="467" sentence="20" number="19">shell</token>
<token t_id="468" sentence="20" number="20">boxes</token>
<token t_id="469" sentence="20" number="21">,</token>
<token t_id="470" sentence="20" number="22">in</token>
<token t_id="471" sentence="20" number="23">a</token>
<token t_id="472" sentence="20" number="24">Dumpster</token>
<token t_id="473" sentence="20" number="25">outside</token>
<token t_id="474" sentence="20" number="26">LaCalamita's</token>
<token t_id="475" sentence="20" number="27">apartment</token>
<token t_id="476" sentence="20" number="28">Monday</token>
<token t_id="477" sentence="20" number="29">evening</token>
<token t_id="478" sentence="20" number="30">.</token>
<token t_id="479" sentence="21" number="0">When</token>
<token t_id="480" sentence="21" number="1">LaCalamita</token>
<token t_id="481" sentence="21" number="2">was</token>
<token t_id="482" sentence="21" number="3">arrested</token>
<token t_id="483" sentence="21" number="4">,</token>
<token t_id="484" sentence="21" number="5">police</token>
<token t_id="485" sentence="21" number="6">said</token>
<token t_id="486" sentence="21" number="7">they</token>
<token t_id="487" sentence="21" number="8">found</token>
<token t_id="488" sentence="21" number="9">a</token>
<token t_id="489" sentence="21" number="10">12</token>
<token t_id="490" sentence="21" number="11">-</token>
<token t_id="491" sentence="21" number="12">gauge</token>
<token t_id="492" sentence="21" number="13">pump</token>
<token t_id="493" sentence="21" number="14">-</token>
<token t_id="494" sentence="21" number="15">action</token>
<token t_id="495" sentence="21" number="16">shotgun</token>
<token t_id="496" sentence="21" number="17">and</token>
<token t_id="497" sentence="21" number="18">three</token>
<token t_id="498" sentence="21" number="19">shells</token>
<token t_id="499" sentence="21" number="20">in</token>
<token t_id="500" sentence="21" number="21">his</token>
<token t_id="501" sentence="21" number="22">vehicle</token>
<token t_id="502" sentence="21" number="23">.</token>
<token t_id="503" sentence="22" number="0">Matthew</token>
<token t_id="504" sentence="22" number="1">Roth</token>
<token t_id="505" sentence="22" number="2">,</token>
<token t_id="506" sentence="22" number="3">executive</token>
<token t_id="507" sentence="22" number="4">staff</token>
<token t_id="508" sentence="22" number="5">attorney</token>
<token t_id="509" sentence="22" number="6">for</token>
<token t_id="510" sentence="22" number="7">the</token>
<token t_id="511" sentence="22" number="8">prosecutor's</token>
<token t_id="512" sentence="22" number="9">office</token>
<token t_id="513" sentence="22" number="10">,</token>
<token t_id="514" sentence="22" number="11">said</token>
<token t_id="515" sentence="22" number="12">his</token>
<token t_id="516" sentence="22" number="13">office</token>
<token t_id="517" sentence="22" number="14">had</token>
<token t_id="518" sentence="22" number="15">not</token>
<token t_id="519" sentence="22" number="16">been</token>
<token t_id="520" sentence="22" number="17">told</token>
<token t_id="521" sentence="22" number="18">if</token>
<token t_id="522" sentence="22" number="19">LaCalamita</token>
<token t_id="523" sentence="22" number="20">or</token>
<token t_id="524" sentence="22" number="21">his</token>
<token t_id="525" sentence="22" number="22">family</token>
<token t_id="526" sentence="22" number="23">had</token>
<token t_id="527" sentence="22" number="24">retained</token>
<token t_id="528" sentence="22" number="25">a</token>
<token t_id="529" sentence="22" number="26">lawyer</token>
<token t_id="530" sentence="22" number="27">.</token>
<token t_id="531" sentence="23" number="0">LaCalamita</token>
<token t_id="532" sentence="23" number="1">is</token>
<token t_id="533" sentence="23" number="2">married</token>
<token t_id="534" sentence="23" number="3">,</token>
<token t_id="535" sentence="23" number="4">but</token>
<token t_id="536" sentence="23" number="5">his</token>
<token t_id="537" sentence="23" number="6">wife</token>
<token t_id="538" sentence="23" number="7">,</token>
<token t_id="539" sentence="23" number="8">Michele</token>
<token t_id="540" sentence="23" number="9">,</token>
<token t_id="541" sentence="23" number="10">released</token>
<token t_id="542" sentence="23" number="11">a</token>
<token t_id="543" sentence="23" number="12">statement</token>
<token t_id="544" sentence="23" number="13">saying</token>
<token t_id="545" sentence="23" number="14">they</token>
<token t_id="546" sentence="23" number="15">had</token>
<token t_id="547" sentence="23" number="16">been</token>
<token t_id="548" sentence="23" number="17">separated</token>
<token t_id="549" sentence="23" number="18">for</token>
<token t_id="550" sentence="23" number="19">about</token>
<token t_id="551" sentence="23" number="20">three</token>
<token t_id="552" sentence="23" number="21">weeks</token>
<token t_id="553" sentence="23" number="22">.</token>
<token t_id="554" sentence="24" number="0">According</token>
<token t_id="555" sentence="24" number="1">to</token>
<token t_id="556" sentence="24" number="2">real</token>
<token t_id="557" sentence="24" number="3">estate</token>
<token t_id="558" sentence="24" number="4">records</token>
<token t_id="559" sentence="24" number="5">obtained</token>
<token t_id="560" sentence="24" number="6">by</token>
<token t_id="561" sentence="24" number="7">The</token>
<token t_id="562" sentence="24" number="8">Associated</token>
<token t_id="563" sentence="24" number="9">Press</token>
<token t_id="564" sentence="24" number="10">,</token>
<token t_id="565" sentence="24" number="11">the</token>
<token t_id="566" sentence="24" number="12">couple</token>
<token t_id="567" sentence="24" number="13">during</token>
<token t_id="568" sentence="24" number="14">the</token>
<token t_id="569" sentence="24" number="15">past</token>
<token t_id="570" sentence="24" number="16">year</token>
<token t_id="571" sentence="24" number="17">actively</token>
<token t_id="572" sentence="24" number="18">bought</token>
<token t_id="573" sentence="24" number="19">and</token>
<token t_id="574" sentence="24" number="20">sold</token>
<token t_id="575" sentence="24" number="21">suburban</token>
<token t_id="576" sentence="24" number="22">homes</token>
<token t_id="577" sentence="24" number="23">.</token>
<token t_id="578" sentence="25" number="0">Records</token>
<token t_id="579" sentence="25" number="1">list</token>
<token t_id="580" sentence="25" number="2">Michele</token>
<token t_id="581" sentence="25" number="3">LaCalamita</token>
<token t_id="582" sentence="25" number="4">as</token>
<token t_id="583" sentence="25" number="5">the</token>
<token t_id="584" sentence="25" number="6">owner</token>
<token t_id="585" sentence="25" number="7">of</token>
<token t_id="586" sentence="25" number="8">all</token>
<token t_id="587" sentence="25" number="9">four</token>
<token t_id="588" sentence="25" number="10">.</token>
<token t_id="589" sentence="26" number="0">Riva</token>
<token t_id="590" sentence="26" number="1">,</token>
<token t_id="591" sentence="26" number="2">47</token>
<token t_id="592" sentence="26" number="3">,</token>
<token t_id="593" sentence="26" number="4">of</token>
<token t_id="594" sentence="26" number="5">Sterling</token>
<token t_id="595" sentence="26" number="6">Heights</token>
<token t_id="596" sentence="26" number="7">and</token>
<token t_id="597" sentence="26" number="8">Steinberg</token>
<token t_id="598" sentence="26" number="9">,</token>
<token t_id="599" sentence="26" number="10">48</token>
<token t_id="600" sentence="26" number="11">,</token>
<token t_id="601" sentence="26" number="12">of</token>
<token t_id="602" sentence="26" number="13">Macomb</token>
<token t_id="603" sentence="26" number="14">County's</token>
<token t_id="604" sentence="26" number="15">Bruce</token>
<token t_id="605" sentence="26" number="16">Township</token>
<token t_id="606" sentence="26" number="17">,</token>
<token t_id="607" sentence="26" number="18">were</token>
<token t_id="608" sentence="26" number="19">being</token>
<token t_id="609" sentence="26" number="20">treated</token>
<token t_id="610" sentence="26" number="21">at</token>
<token t_id="611" sentence="26" number="22">Beaumont</token>
<token t_id="612" sentence="26" number="23">Hospital</token>
<token t_id="613" sentence="26" number="24">,</token>
<token t_id="614" sentence="26" number="25">where</token>
<token t_id="615" sentence="26" number="26">spokeswoman</token>
<token t_id="616" sentence="26" number="27">Ilene</token>
<token t_id="617" sentence="26" number="28">Wolff</token>
<token t_id="618" sentence="26" number="29">said</token>
<token t_id="619" sentence="26" number="30">the</token>
<token t_id="620" sentence="26" number="31">families</token>
<token t_id="621" sentence="26" number="32">of</token>
<token t_id="622" sentence="26" number="33">the</token>
<token t_id="623" sentence="26" number="34">wounded</token>
<token t_id="624" sentence="26" number="35">men</token>
<token t_id="625" sentence="26" number="36">asked</token>
<token t_id="626" sentence="26" number="37">that</token>
<token t_id="627" sentence="26" number="38">their</token>
<token t_id="628" sentence="26" number="39">conditions</token>
<token t_id="629" sentence="26" number="40">and</token>
<token t_id="630" sentence="26" number="41">other</token>
<token t_id="631" sentence="26" number="42">information</token>
<token t_id="632" sentence="26" number="43">not</token>
<token t_id="633" sentence="26" number="44">be</token>
<token t_id="634" sentence="26" number="45">released</token>
<token t_id="635" sentence="26" number="46">.</token>
<token t_id="636" sentence="27" number="0">Gordon</token>
<token t_id="637" sentence="27" number="1">Advisors</token>
<token t_id="638" sentence="27" number="2">issued</token>
<token t_id="639" sentence="27" number="3">a</token>
<token t_id="640" sentence="27" number="4">statement</token>
<token t_id="641" sentence="27" number="5">Tuesday</token>
<token t_id="642" sentence="27" number="6">expressing</token>
<token t_id="643" sentence="27" number="7">condolences</token>
<token t_id="644" sentence="27" number="8">to</token>
<token t_id="645" sentence="27" number="9">the</token>
<token t_id="646" sentence="27" number="10">families</token>
<token t_id="647" sentence="27" number="11">of</token>
<token t_id="648" sentence="27" number="12">the</token>
<token t_id="649" sentence="27" number="13">victims</token>
<token t_id="650" sentence="27" number="14">.</token>
<token t_id="651" sentence="28" number="0">"We</token>
<token t_id="652" sentence="28" number="1">are</token>
<token t_id="653" sentence="28" number="2">especially</token>
<token t_id="654" sentence="28" number="3">devastated</token>
<token t_id="655" sentence="28" number="4">by</token>
<token t_id="656" sentence="28" number="5">the</token>
<token t_id="657" sentence="28" number="6">death</token>
<token t_id="658" sentence="28" number="7">of</token>
<token t_id="659" sentence="28" number="8">Madeline</token>
<token t_id="660" sentence="28" number="9">Kafoury</token>
<token t_id="661" sentence="28" number="10">and</token>
<token t_id="662" sentence="28" number="11">our</token>
<token t_id="663" sentence="28" number="12">hearts</token>
<token t_id="664" sentence="28" number="13">go</token>
<token t_id="665" sentence="28" number="14">out</token>
<token t_id="666" sentence="28" number="15">to</token>
<token t_id="667" sentence="28" number="16">her</token>
<token t_id="668" sentence="28" number="17">family</token>
<token t_id="669" sentence="28" number="18">.</token>
<token t_id="670" sentence="29" number="0">Maddie</token>
<token t_id="671" sentence="29" number="1">was</token>
<token t_id="672" sentence="29" number="2">revered</token>
<token t_id="673" sentence="29" number="3">by</token>
<token t_id="674" sentence="29" number="4">clients</token>
<token t_id="675" sentence="29" number="5">,</token>
<token t_id="676" sentence="29" number="6">employees</token>
<token t_id="677" sentence="29" number="7">and</token>
<token t_id="678" sentence="29" number="8">owners</token>
<token t_id="679" sentence="29" number="9">alike</token>
<token t_id="680" sentence="29" number="10">,</token>
<token t_id="681" sentence="29" number="11">"</token>
<token t_id="682" sentence="29" number="12">the</token>
<token t_id="683" sentence="29" number="13">statement</token>
<token t_id="684" sentence="29" number="14">said</token>
<token t_id="685" sentence="29" number="15">.</token>
<token t_id="686" sentence="30" number="0">"We</token>
<token t_id="687" sentence="30" number="1">express</token>
<token t_id="688" sentence="30" number="2">our</token>
<token t_id="689" sentence="30" number="3">gratitude</token>
<token t_id="690" sentence="30" number="4">to</token>
<token t_id="691" sentence="30" number="5">our</token>
<token t_id="692" sentence="30" number="6">employees</token>
<token t_id="693" sentence="30" number="7">for</token>
<token t_id="694" sentence="30" number="8">their</token>
<token t_id="695" sentence="30" number="9">bravery</token>
<token t_id="696" sentence="30" number="10">on</token>
<token t_id="697" sentence="30" number="11">Monday</token>
<token t_id="698" sentence="30" number="12">and</token>
<token t_id="699" sentence="30" number="13">for</token>
<token t_id="700" sentence="30" number="14">their</token>
<token t_id="701" sentence="30" number="15">support</token>
<token t_id="702" sentence="30" number="16">in</token>
<token t_id="703" sentence="30" number="17">the</token>
<token t_id="704" sentence="30" number="18">days</token>
<token t_id="705" sentence="30" number="19">to</token>
<token t_id="706" sentence="30" number="20">come</token>
<token t_id="707" sentence="30" number="21">.</token>
<token t_id="708" sentence="30" number="22">"</token>
<Markables>
<ACTION_ASPECTUAL m_id="9"  >
  <token_anchor t_id="67"/>
</ACTION_ASPECTUAL>
<ACTION_ASPECTUAL m_id="10"  >
  <token_anchor t_id="70"/>
</ACTION_ASPECTUAL>
<ACTION_ASPECTUAL m_id="12"  >
  <token_anchor t_id="76"/>
</ACTION_ASPECTUAL>
<ACTION_ASPECTUAL m_id="13"  >
  <token_anchor t_id="169"/>
</ACTION_ASPECTUAL>
<ACTION_ASPECTUAL m_id="15"  >
  <token_anchor t_id="184"/>
</ACTION_ASPECTUAL>
<ACTION_ASPECTUAL m_id="8"  >
  <token_anchor t_id="65"/>
</ACTION_ASPECTUAL>
<ACTION_OCCURRENCE m_id="1"  >
  <token_anchor t_id="31"/>
</ACTION_OCCURRENCE>
<ACTION_OCCURRENCE m_id="2"  >
  <token_anchor t_id="33"/>
</ACTION_OCCURRENCE>
<ACTION_OCCURRENCE m_id="3"  >
  <token_anchor t_id="36"/>
</ACTION_OCCURRENCE>
<ACTION_OCCURRENCE m_id="4"  >
  <token_anchor t_id="50"/>
</ACTION_OCCURRENCE>
<ACTION_OCCURRENCE m_id="5"  >
  <token_anchor t_id="52"/>
</ACTION_OCCURRENCE>
<ACTION_OCCURRENCE m_id="6"  >
  <token_anchor t_id="59"/>
</ACTION_OCCURRENCE>
<ACTION_OCCURRENCE m_id="7"  >
  <token_anchor t_id="61"/>
</ACTION_OCCURRENCE>
<ACTION_REPORTING m_id="28"  >
  <token_anchor t_id="166"/>
</ACTION_REPORTING>
<HUMAN_PART_ORG m_id="29"  >
  <token_anchor t_id="164"/>
</HUMAN_PART_ORG>
<HUMAN_PART_PER m_id="16"  >
  <token_anchor t_id="30"/>
</HUMAN_PART_PER>
<HUMAN_PART_PER m_id="17"  >
  <token_anchor t_id="49"/>
</HUMAN_PART_PER>
<HUMAN_PART_PER m_id="18"  >
  <token_anchor t_id="55"/>
</HUMAN_PART_PER>
<HUMAN_PART_PER m_id="19"  >
  <token_anchor t_id="63"/>
</HUMAN_PART_PER>
<HUMAN_PART_PER m_id="20"  >
  <token_anchor t_id="68"/>
</HUMAN_PART_PER>
<HUMAN_PART_PER m_id="21"  >
  <token_anchor t_id="158"/>
</HUMAN_PART_PER>
<HUMAN_PART_PER m_id="22"  >
  <token_anchor t_id="168"/>
</HUMAN_PART_PER>
<HUMAN_PART_PER m_id="23"  >
  <token_anchor t_id="167"/>
</HUMAN_PART_PER>
<HUMAN_PART_PER m_id="24"  >
  <token_anchor t_id="178"/>
</HUMAN_PART_PER>
<HUMAN_PART_PER m_id="25"  >
  <token_anchor t_id="189"/>
  <token_anchor t_id="190"/>
</HUMAN_PART_PER>
<HUMAN_PART_PER m_id="26"  >
  <token_anchor t_id="193"/>
</HUMAN_PART_PER>
<HUMAN_PART_PER m_id="27"  >
  <token_anchor t_id="161"/>
</HUMAN_PART_PER>
<LOC_FAC m_id="33"  >
  <token_anchor t_id="187"/>
</LOC_FAC>
<NON_HUMAN_PART m_id="30"  >
  <token_anchor t_id="171"/>
</NON_HUMAN_PART>
<NON_HUMAN_PART m_id="31"  >
  <token_anchor t_id="175"/>
</NON_HUMAN_PART>
<TIME_DATE m_id="34"  >
  <token_anchor t_id="71"/>
</TIME_DATE>
<TIME_OF_THE_DAY m_id="35"  >
  <token_anchor t_id="38"/>
  <token_anchor t_id="39"/>
  <token_anchor t_id="40"/>
  <token_anchor t_id="41"/>
  <token_anchor t_id="42"/>
  <token_anchor t_id="43"/>
  <token_anchor t_id="44"/>
  <token_anchor t_id="45"/>
  <token_anchor t_id="46"/>
</TIME_OF_THE_DAY>


<ACTION_OCCURRENCE m_id="40" note="byCROMER" >
  <token_anchor t_id="48"/>
</ACTION_OCCURRENCE>
<ACTION_OCCURRENCE m_id="41" note="byCROMER" >
  <token_anchor t_id="177"/>
</ACTION_OCCURRENCE>
<LOC_OTHER m_id="42" note="byCROMER" >
  <token_anchor t_id="181"/>
</LOC_OTHER>
<HUMAN_PART_PER m_id="43" note="byCROMER" >
  <token_anchor t_id="64"/>
</HUMAN_PART_PER>
<ACTION_OCCURRENCE m_id="44" note="byCROMER" >
  <token_anchor t_id="73"/>
</ACTION_OCCURRENCE>


<ACTION_OCCURRENCE m_id="50" RELATED_TO="" TAG_DESCRIPTOR="t18_charged" instance_id="ACT17645879005182042" />
<ACTION_OCCURRENCE m_id="49" RELATED_TO="" TAG_DESCRIPTOR="t18_murder_charges" instance_id="ACT17645992998144716" />
<HUMAN_PART_PER m_id="48" RELATED_TO="" TAG_DESCRIPTOR="t18_two_injured" instance_id="HUM17644603477119489" />
<ACTION_OCCURRENCE m_id="47" RELATED_TO="" TAG_DESCRIPTOR="t18_shooting" instance_id="ACT17634298974206374" />
<ACTION_OCCURRENCE m_id="46" RELATED_TO="" TAG_DESCRIPTOR="t18_killing" instance_id="ACT17634346596006097" />
<LOC_FAC m_id="45" RELATED_TO="" TAG_DESCRIPTOR="t18_detroit_accounting_firm" instance_id="LOC17634445205802704" />
<HUMAN_PART_PER m_id="58" RELATED_TO="" TAG_DESCRIPTOR="t18_dead_woman" instance_id="HUM17644549751498177" />
<HUMAN_PART_PER m_id="57" RELATED_TO="" TAG_DESCRIPTOR="t18_steinberg" instance_id="HUM17650296940119981" />
<HUMAN_PART_PER m_id="56" RELATED_TO="" TAG_DESCRIPTOR="t18_shooter" instance_id="HUM17634361679347344" />
<ACTION_OCCURRENCE m_id="55" RELATED_TO="" TAG_DESCRIPTOR="t18_fired" instance_id="ACT17634335402702692" />
<LOC_OTHER m_id="54" RELATED_TO="" TAG_DESCRIPTOR="t18_hip" instance_id="LOC17650331334678094" />
<ACTION_OCCURRENCE m_id="53" RELATED_TO="" TAG_DESCRIPTOR="t18_injured" instance_id="ACT17634627401104716" />
<HUMAN_PART_PER m_id="52" RELATED_TO="" TAG_DESCRIPTOR="t18_riva" instance_id="HUM17650284216818259" />
<HUMAN_PART_PER m_id="51" RELATED_TO="" TAG_DESCRIPTOR="t18_officers" instance_id="HUM17643797339882045" />
</Markables>

<Relations>
<CROSS_DOC_COREF r_id="25123" note="LOC17634445205802704" >
  <source m_id="33" />
  <target m_id="45" />
</CROSS_DOC_COREF>
<CROSS_DOC_COREF r_id="25124" note="ACT17634346596006097" >
  <source m_id="7" />
  <target m_id="46" />
</CROSS_DOC_COREF>
<CROSS_DOC_COREF r_id="25125" note="ACT17634298974206374" >
  <source m_id="6" />
  <source m_id="3" />
  <source m_id="41" />
  <target m_id="47" />
</CROSS_DOC_COREF>
<CROSS_DOC_COREF r_id="25126" note="HUM17644603477119489" >
  <source m_id="18" />
  <target m_id="48" />
</CROSS_DOC_COREF>
<CROSS_DOC_COREF r_id="25127" note="ACT17645992998144716" >
  <source m_id="2" />
  <source m_id="44" />
  <target m_id="49" />
</CROSS_DOC_COREF>
<CROSS_DOC_COREF r_id="25128" note="ACT17645879005182042" >
  <source m_id="1" />
  <target m_id="50" />
</CROSS_DOC_COREF>
<CROSS_DOC_COREF r_id="25129" note="HUM17643797339882045" >
  <source m_id="23" />
  <target m_id="51" />
</CROSS_DOC_COREF>
<CROSS_DOC_COREF r_id="25130" note="HUM17650284216818259" >
  <source m_id="26" />
  <source m_id="25" />
  <target m_id="52" />
</CROSS_DOC_COREF>
<CROSS_DOC_COREF r_id="25131" note="ACT17634627401104716" >
  <source m_id="5" />
  <target m_id="53" />
</CROSS_DOC_COREF>
<CROSS_DOC_COREF r_id="25132" note="LOC17650331334678094" >
  <source m_id="42" />
  <target m_id="54" />
</CROSS_DOC_COREF>
<CROSS_DOC_COREF r_id="25133" note="ACT17634335402702692" >
  <source m_id="40" />
  <target m_id="55" />
</CROSS_DOC_COREF>
<CROSS_DOC_COREF r_id="25134" note="HUM17634361679347344" >
  <source m_id="17" />
  <source m_id="20" />
  <source m_id="22" />
  <source m_id="16" />
  <target m_id="56" />
</CROSS_DOC_COREF>
<CROSS_DOC_COREF r_id="25135" note="HUM17650296940119981" >
  <source m_id="24" />
  <source m_id="21" />
  <source m_id="27" />
  <target m_id="57" />
</CROSS_DOC_COREF>
<CROSS_DOC_COREF r_id="25136" note="HUM17644549751498177" >
  <source m_id="43" />
  <source m_id="19" />
  <target m_id="58" />
</CROSS_DOC_COREF>

</Relations>
</Document>
