<Document doc_name="18_8ecb.xml" doc_id="DOC15654427898316828">
<token t_id="1" sentence="0" number="0">One</token>
<token t_id="2" sentence="0" number="1">man</token>
<token t_id="3" sentence="0" number="2">is</token>
<token t_id="4" sentence="0" number="3">dead</token>
<token t_id="5" sentence="0" number="4">after</token>
<token t_id="6" sentence="0" number="5">an</token>
<token t_id="7" sentence="0" number="6">ex-employee</token>
<token t_id="8" sentence="0" number="7">opened</token>
<token t_id="9" sentence="0" number="8">fire</token>
<token t_id="10" sentence="0" number="9">at</token>
<token t_id="11" sentence="0" number="10">his</token>
<token t_id="12" sentence="0" number="11">company</token>
<token t_id="13" sentence="0" number="12">'s</token>
<token t_id="14" sentence="0" number="13">Christmas</token>
<token t_id="15" sentence="0" number="14">party</token>
<token t_id="16" sentence="0" number="15">at</token>
<token t_id="17" sentence="0" number="16">a</token>
<token t_id="18" sentence="0" number="17">Vancouver</token>
<token t_id="19" sentence="0" number="18">,</token>
<token t_id="20" sentence="0" number="19">B.C.</token>
<token t_id="21" sentence="0" number="20">business</token>
<token t_id="22" sentence="0" number="21">Friday</token>
<token t_id="23" sentence="0" number="22">night</token>
<token t_id="24" sentence="0" number="23">.</token>
<token t_id="25" sentence="1" number="0">Just</token>
<token t_id="26" sentence="1" number="1">past</token>
<token t_id="27" sentence="1" number="2">4</token>
<token t_id="28" sentence="1" number="3">p.m.</token>
<token t_id="29" sentence="1" number="4">Friday</token>
<token t_id="30" sentence="1" number="5">,</token>
<token t_id="31" sentence="1" number="6">Vancouver</token>
<token t_id="32" sentence="1" number="7">Police</token>
<token t_id="33" sentence="1" number="8">received</token>
<token t_id="34" sentence="1" number="9">a</token>
<token t_id="35" sentence="1" number="10">call</token>
<token t_id="36" sentence="1" number="11">of</token>
<token t_id="37" sentence="1" number="12">a</token>
<token t_id="38" sentence="1" number="13">man</token>
<token t_id="39" sentence="1" number="14">being</token>
<token t_id="40" sentence="1" number="15">shot</token>
<token t_id="41" sentence="1" number="16">at</token>
<token t_id="42" sentence="1" number="17">40</token>
<token t_id="43" sentence="1" number="18">East</token>
<token t_id="44" sentence="1" number="19">5th</token>
<token t_id="45" sentence="1" number="20">Ave.</token>
<token t_id="46" sentence="1" number="21">at</token>
<token t_id="47" sentence="1" number="22">a</token>
<token t_id="48" sentence="1" number="23">business</token>
<token t_id="49" sentence="1" number="24">called</token>
<token t_id="50" sentence="1" number="25">Tall</token>
<token t_id="51" sentence="1" number="26">Grass</token>
<token t_id="52" sentence="1" number="27">Distribution</token>
<token t_id="53" sentence="1" number="28">Limited</token>
<token t_id="54" sentence="1" number="29">.</token>
<token t_id="55" sentence="2" number="0">Police</token>
<token t_id="56" sentence="2" number="1">say</token>
<token t_id="57" sentence="2" number="2">a</token>
<token t_id="58" sentence="2" number="3">recently</token>
<token t_id="59" sentence="2" number="4">laid</token>
<token t_id="60" sentence="2" number="5">off</token>
<token t_id="61" sentence="2" number="6">employee</token>
<token t_id="62" sentence="2" number="7">opened</token>
<token t_id="63" sentence="2" number="8">fire</token>
<token t_id="64" sentence="2" number="9">shortly</token>
<token t_id="65" sentence="2" number="10">after</token>
<token t_id="66" sentence="2" number="11">entering</token>
<token t_id="67" sentence="2" number="12">the</token>
<token t_id="68" sentence="2" number="13">party</token>
<token t_id="69" sentence="2" number="14">,</token>
<token t_id="70" sentence="2" number="15">killing</token>
<token t_id="71" sentence="2" number="16">one</token>
<token t_id="72" sentence="2" number="17">male</token>
<token t_id="73" sentence="2" number="18">employee.</token>
<token t_id="74" sentence="2" number="19">At</token>
<token t_id="75" sentence="2" number="20">least</token>
<token t_id="76" sentence="2" number="21">a</token>
<token t_id="77" sentence="2" number="22">dozen</token>
<token t_id="78" sentence="2" number="23">workers</token>
<token t_id="79" sentence="2" number="24">were</token>
<token t_id="80" sentence="2" number="25">at</token>
<token t_id="81" sentence="2" number="26">the</token>
<token t_id="82" sentence="2" number="27">party</token>
<token t_id="83" sentence="2" number="28">at</token>
<token t_id="84" sentence="2" number="29">the</token>
<token t_id="85" sentence="2" number="30">time</token>
<token t_id="86" sentence="2" number="31">.</token>
<token t_id="87" sentence="3" number="0">A</token>
<token t_id="88" sentence="3" number="1">61-year-old</token>
<token t_id="89" sentence="3" number="2">man</token>
<token t_id="90" sentence="3" number="3">surrendered</token>
<token t_id="91" sentence="3" number="4">to</token>
<token t_id="92" sentence="3" number="5">police</token>
<token t_id="93" sentence="3" number="6">shortly</token>
<token t_id="94" sentence="3" number="7">after</token>
<token t_id="95" sentence="3" number="8">6</token>
<token t_id="96" sentence="3" number="9">p.m</token>
<token t_id="97" sentence="3" number="10">.</token>
<token t_id="98" sentence="4" number="0">He</token>
<token t_id="99" sentence="4" number="1">is</token>
<token t_id="100" sentence="4" number="2">currently</token>
<token t_id="101" sentence="4" number="3">in</token>
<token t_id="102" sentence="4" number="4">custody</token>
<token t_id="103" sentence="4" number="5">and</token>
<token t_id="104" sentence="4" number="6">his</token>
<token t_id="105" sentence="4" number="7">identity</token>
<token t_id="106" sentence="4" number="8">will</token>
<token t_id="107" sentence="4" number="9">not</token>
<token t_id="108" sentence="4" number="10">be</token>
<token t_id="109" sentence="4" number="11">released</token>
<token t_id="110" sentence="4" number="12">until</token>
<token t_id="111" sentence="4" number="13">charges</token>
<token t_id="112" sentence="4" number="14">are</token>
<token t_id="113" sentence="4" number="15">formally</token>
<token t_id="114" sentence="4" number="16">laid</token>
<token t_id="115" sentence="4" number="17">.</token>
<token t_id="116" sentence="5" number="0">Police</token>
<token t_id="117" sentence="5" number="1">locked</token>
<token t_id="118" sentence="5" number="2">down</token>
<token t_id="119" sentence="5" number="3">the</token>
<token t_id="120" sentence="5" number="4">busy</token>
<token t_id="121" sentence="5" number="5">neighbourhood</token>
<token t_id="122" sentence="5" number="6">for</token>
<token t_id="123" sentence="5" number="7">almost</token>
<token t_id="124" sentence="5" number="8">three</token>
<token t_id="125" sentence="5" number="9">hours</token>
<token t_id="126" sentence="5" number="10">while</token>
<token t_id="127" sentence="5" number="11">they</token>
<token t_id="128" sentence="5" number="12">negotiated</token>
<token t_id="129" sentence="5" number="13">with</token>
<token t_id="130" sentence="5" number="14">the</token>
<token t_id="131" sentence="5" number="15">suspect</token>
<token t_id="132" sentence="5" number="16">,</token>
<token t_id="133" sentence="5" number="17">directing</token>
<token t_id="134" sentence="5" number="18">traffic</token>
<token t_id="135" sentence="5" number="19">away</token>
<token t_id="136" sentence="5" number="20">from</token>
<token t_id="137" sentence="5" number="21">Ontario</token>
<token t_id="138" sentence="5" number="22">Street</token>
<token t_id="139" sentence="5" number="23">.</token>
<token t_id="140" sentence="6" number="0">Employees</token>
<token t_id="141" sentence="6" number="1">at</token>
<token t_id="142" sentence="6" number="2">the</token>
<token t_id="143" sentence="6" number="3">party</token>
<token t_id="144" sentence="6" number="4">have</token>
<token t_id="145" sentence="6" number="5">been</token>
<token t_id="146" sentence="6" number="6">questioned</token>
<token t_id="147" sentence="6" number="7">by</token>
<token t_id="148" sentence="6" number="8">police</token>
<token t_id="149" sentence="6" number="9">and</token>
<token t_id="150" sentence="6" number="10">have</token>
<token t_id="151" sentence="6" number="11">been</token>
<token t_id="152" sentence="6" number="12">shuttled</token>
<token t_id="153" sentence="6" number="13">out</token>
<token t_id="154" sentence="6" number="14">by</token>
<token t_id="155" sentence="6" number="15">bus</token>
<token t_id="156" sentence="6" number="16">for</token>
<token t_id="157" sentence="6" number="17">further</token>
<token t_id="158" sentence="6" number="18">investigation</token>
<token t_id="159" sentence="6" number="19">.</token>
<token t_id="160" sentence="7" number="0">Police</token>
<token t_id="161" sentence="7" number="1">say</token>
<token t_id="162" sentence="7" number="2">they</token>
<token t_id="163" sentence="7" number="3">are</token>
<token t_id="164" sentence="7" number="4">receiving</token>
<token t_id="165" sentence="7" number="5">counseling</token>
<token t_id="166" sentence="7" number="6">from</token>
<token t_id="167" sentence="7" number="7">its</token>
<token t_id="168" sentence="7" number="8">Victim</token>
<token t_id="169" sentence="7" number="9">Services</token>
<token t_id="170" sentence="7" number="10">Unit</token>
<token t_id="171" sentence="7" number="11">.</token>
<token t_id="172" sentence="8" number="0">Employees</token>
<token t_id="173" sentence="8" number="1">at</token>
<token t_id="174" sentence="8" number="2">neighbouring</token>
<token t_id="175" sentence="8" number="3">businesses</token>
<token t_id="176" sentence="8" number="4">were</token>
<token t_id="177" sentence="8" number="5">forced</token>
<token t_id="178" sentence="8" number="6">to</token>
<token t_id="179" sentence="8" number="7">hide</token>
<token t_id="180" sentence="8" number="8">inside</token>
<token t_id="181" sentence="8" number="9">their</token>
<token t_id="182" sentence="8" number="10">offices</token>
<token t_id="183" sentence="8" number="11">during</token>
<token t_id="184" sentence="8" number="12">the</token>
<token t_id="185" sentence="8" number="13">shooting</token>
<token t_id="186" sentence="8" number="14">.</token>
<token t_id="187" sentence="9" number="0">The</token>
<token t_id="188" sentence="9" number="1">name</token>
<token t_id="189" sentence="9" number="2">of</token>
<token t_id="190" sentence="9" number="3">the</token>
<token t_id="191" sentence="9" number="4">deceased</token>
<token t_id="192" sentence="9" number="5">will</token>
<token t_id="193" sentence="9" number="6">not</token>
<token t_id="194" sentence="9" number="7">be</token>
<token t_id="195" sentence="9" number="8">released</token>
<token t_id="196" sentence="9" number="9">until</token>
<token t_id="197" sentence="9" number="10">next</token>
<token t_id="198" sentence="9" number="11">of</token>
<token t_id="199" sentence="9" number="12">kin</token>
<token t_id="200" sentence="9" number="13">are</token>
<token t_id="201" sentence="9" number="14">notified</token>
<token t_id="202" sentence="9" number="15">.</token>
<Markables>
<ACTION_OCCURRENCE m_id="14"  >
  <token_anchor t_id="8"/>
  <token_anchor t_id="9"/>
</ACTION_OCCURRENCE>
<ACTION_OCCURRENCE m_id="18"  >
  <token_anchor t_id="15"/>
</ACTION_OCCURRENCE>
<HUMAN_PART_ORG m_id="16"  >
  <token_anchor t_id="12"/>
</HUMAN_PART_ORG>
<HUMAN_PART_PER m_id="12"  >
  <token_anchor t_id="2"/>
</HUMAN_PART_PER>
<HUMAN_PART_PER m_id="13"  >
  <token_anchor t_id="7"/>
</HUMAN_PART_PER>
<LOC_FAC m_id="19" note="byCROMER" >
  <token_anchor t_id="21"/>
</LOC_FAC>
<ACTION_OCCURRENCE m_id="20" note="byCROMER" >
  <token_anchor t_id="4"/>
</ACTION_OCCURRENCE>
<LOC_GEO m_id="21" note="byCROMER" >
  <token_anchor t_id="18"/>
</LOC_GEO>
<TIME_DATE m_id="22" note="byCROMER" >
  <token_anchor t_id="22"/>
  <token_anchor t_id="23"/>
</TIME_DATE>


<TIME_DATE m_id="31" RELATED_TO="" TAG_DESCRIPTOR="t18b_friday" instance_id="TIM17731705329767162" />
<LOC_FAC m_id="30" RELATED_TO="" TAG_DESCRIPTOR="t18b_office" instance_id="LOC17731582246028489" />
<ACTION_OCCURRENCE m_id="29" RELATED_TO="" TAG_DESCRIPTOR="t18b_shooting" instance_id="ACT17731621786224442" />
<HUMAN_PART_PER m_id="28" RELATED_TO="" TAG_DESCRIPTOR="t18b_victim" instance_id="HUM17731813980483037" />
<LOC_GEO m_id="27" RELATED_TO="" TAG_DESCRIPTOR="t18b_vancouver" instance_id="LOC17731595109995483" />
<HUMAN_PART_PER m_id="26" RELATED_TO="" TAG_DESCRIPTOR="t18b_shooter" instance_id="HUM17731555438182725" />
<ACTION_OCCURRENCE m_id="25" RELATED_TO="" TAG_DESCRIPTOR="t18b_party" instance_id="ACT17731503198331596" />
<HUMAN_PART_ORG m_id="24" RELATED_TO="" TAG_DESCRIPTOR="t18b_office_company" instance_id="HUM17731760781196568" />
<ACTION_OCCURRENCE m_id="23" RELATED_TO="" TAG_DESCRIPTOR="t18b_killing" instance_id="ACT17731468512044233" />
</Markables>

<Relations>
<CROSS_DOC_COREF r_id="33422" note="ACT17731468512044233" >
  <source m_id="20" />
  <target m_id="23" />
</CROSS_DOC_COREF>
<CROSS_DOC_COREF r_id="33423" note="HUM17731760781196568" >
  <source m_id="16" />
  <target m_id="24" />
</CROSS_DOC_COREF>
<CROSS_DOC_COREF r_id="33424" note="ACT17731503198331596" >
  <source m_id="18" />
  <target m_id="25" />
</CROSS_DOC_COREF>
<CROSS_DOC_COREF r_id="33425" note="HUM17731555438182725" >
  <source m_id="13" />
  <target m_id="26" />
</CROSS_DOC_COREF>
<CROSS_DOC_COREF r_id="33426" note="LOC17731595109995483" >
  <source m_id="21" />
  <target m_id="27" />
</CROSS_DOC_COREF>
<CROSS_DOC_COREF r_id="33427" note="HUM17731813980483037" >
  <source m_id="12" />
  <target m_id="28" />
</CROSS_DOC_COREF>
<CROSS_DOC_COREF r_id="33428" note="ACT17731621786224442" >
  <source m_id="14" />
  <target m_id="29" />
</CROSS_DOC_COREF>
<CROSS_DOC_COREF r_id="33429" note="LOC17731582246028489" >
  <source m_id="19" />
  <target m_id="30" />
</CROSS_DOC_COREF>
<CROSS_DOC_COREF r_id="33430" note="TIM17731705329767162" >
  <source m_id="22" />
  <target m_id="31" />
</CROSS_DOC_COREF>

</Relations>
</Document>
