<Document doc_name="18_9ecb.xml" doc_id="DOC15654428169846511">
<token t_id="1" sentence="0" number="0">A</token>
<token t_id="2" sentence="0" number="1">former</token>
<token t_id="3" sentence="0" number="2">employee</token>
<token t_id="4" sentence="0" number="3">walked</token>
<token t_id="5" sentence="0" number="4">into</token>
<token t_id="6" sentence="0" number="5">a</token>
<token t_id="7" sentence="0" number="6">staff</token>
<token t_id="8" sentence="0" number="7">Christmas</token>
<token t_id="9" sentence="0" number="8">party</token>
<token t_id="10" sentence="0" number="9">at</token>
<token t_id="11" sentence="0" number="10">an</token>
<token t_id="12" sentence="0" number="11">east</token>
<token t_id="13" sentence="0" number="12">Vancouver</token>
<token t_id="14" sentence="0" number="13">health</token>
<token t_id="15" sentence="0" number="14">products</token>
<token t_id="16" sentence="0" number="15">business</token>
<token t_id="17" sentence="0" number="16">Friday</token>
<token t_id="18" sentence="0" number="17">and</token>
<token t_id="19" sentence="0" number="18">allegedly</token>
<token t_id="20" sentence="0" number="19">shot</token>
<token t_id="21" sentence="0" number="20">and</token>
<token t_id="22" sentence="0" number="21">killed</token>
<token t_id="23" sentence="0" number="22">a</token>
<token t_id="24" sentence="0" number="23">man</token>
<token t_id="25" sentence="0" number="24">.</token>
<token t_id="26" sentence="1" number="0">Police</token>
<token t_id="27" sentence="1" number="1">said</token>
<token t_id="28" sentence="1" number="2">they</token>
<token t_id="29" sentence="1" number="3">were</token>
<token t_id="30" sentence="1" number="4">called</token>
<token t_id="31" sentence="1" number="5">to</token>
<token t_id="32" sentence="1" number="6">Tallgrass</token>
<token t_id="33" sentence="1" number="7">Distributors</token>
<token t_id="34" sentence="1" number="8">Ltd.</token>
<token t_id="35" sentence="1" number="9">,</token>
<token t_id="36" sentence="1" number="10">at</token>
<token t_id="37" sentence="1" number="11">40</token>
<token t_id="38" sentence="1" number="12">East</token>
<token t_id="39" sentence="1" number="13">Fifth</token>
<token t_id="40" sentence="1" number="14">Avenue.</token>
<token t_id="41" sentence="1" number="15">,</token>
<token t_id="42" sentence="1" number="16">where</token>
<token t_id="43" sentence="1" number="17">a</token>
<token t_id="44" sentence="1" number="18">61-year-old</token>
<token t_id="45" sentence="1" number="19">man</token>
<token t_id="46" sentence="1" number="20">carrying</token>
<token t_id="47" sentence="1" number="21">a</token>
<token t_id="48" sentence="1" number="22">firearm</token>
<token t_id="49" sentence="1" number="23">had</token>
<token t_id="50" sentence="1" number="24">confronted</token>
<token t_id="51" sentence="1" number="25">the</token>
<token t_id="52" sentence="1" number="26">crowd</token>
<token t_id="53" sentence="1" number="27">.</token>
<token t_id="54" sentence="2" number="0">Const.</token>
<token t_id="55" sentence="2" number="1">Tim</token>
<token t_id="56" sentence="2" number="2">Fanning</token>
<token t_id="57" sentence="2" number="3">said</token>
<token t_id="58" sentence="2" number="4">the</token>
<token t_id="59" sentence="2" number="5">man</token>
<token t_id="60" sentence="2" number="6">,</token>
<token t_id="61" sentence="2" number="7">who</token>
<token t_id="62" sentence="2" number="8">had</token>
<token t_id="63" sentence="2" number="9">recently</token>
<token t_id="64" sentence="2" number="10">lost</token>
<token t_id="65" sentence="2" number="11">his</token>
<token t_id="66" sentence="2" number="12">job</token>
<token t_id="67" sentence="2" number="13">at</token>
<token t_id="68" sentence="2" number="14">Tallgrass</token>
<token t_id="69" sentence="2" number="15">,</token>
<token t_id="70" sentence="2" number="16">walked</token>
<token t_id="71" sentence="2" number="17">into</token>
<token t_id="72" sentence="2" number="18">the</token>
<token t_id="73" sentence="2" number="19">party</token>
<token t_id="74" sentence="2" number="20">and</token>
<token t_id="75" sentence="2" number="21">pointed</token>
<token t_id="76" sentence="2" number="22">the</token>
<token t_id="77" sentence="2" number="23">gun</token>
<token t_id="78" sentence="2" number="24">at</token>
<token t_id="79" sentence="2" number="25">the</token>
<token t_id="80" sentence="2" number="26">victim</token>
<token t_id="81" sentence="2" number="27">.</token>
<token t_id="82" sentence="3" number="0">He</token>
<token t_id="83" sentence="3" number="1">then</token>
<token t_id="84" sentence="3" number="2">let</token>
<token t_id="85" sentence="3" number="3">about</token>
<token t_id="86" sentence="3" number="4">a</token>
<token t_id="87" sentence="3" number="5">dozen</token>
<token t_id="88" sentence="3" number="6">employees</token>
<token t_id="89" sentence="3" number="7">leave</token>
<token t_id="90" sentence="3" number="8">before</token>
<token t_id="91" sentence="3" number="9">holing</token>
<token t_id="92" sentence="3" number="10">up</token>
<token t_id="93" sentence="3" number="11">inside</token>
<token t_id="94" sentence="3" number="12">the</token>
<token t_id="95" sentence="3" number="13">office</token>
<token t_id="96" sentence="3" number="14">building</token>
<token t_id="97" sentence="3" number="15">with</token>
<token t_id="98" sentence="3" number="16">the</token>
<token t_id="99" sentence="3" number="17">victim</token>
<token t_id="100" sentence="3" number="18">.</token>
<token t_id="101" sentence="4" number="0">Hostage</token>
<token t_id="102" sentence="4" number="1">negotiators</token>
<token t_id="103" sentence="4" number="2">were</token>
<token t_id="104" sentence="4" number="3">called</token>
<token t_id="105" sentence="4" number="4">in</token>
<token t_id="106" sentence="4" number="5">to</token>
<token t_id="107" sentence="4" number="6">get</token>
<token t_id="108" sentence="4" number="7">the</token>
<token t_id="109" sentence="4" number="8">man</token>
<token t_id="110" sentence="4" number="9">out</token>
<token t_id="111" sentence="4" number="10">of</token>
<token t_id="112" sentence="4" number="11">the</token>
<token t_id="113" sentence="4" number="12">building</token>
<token t_id="114" sentence="4" number="13">.</token>
<token t_id="115" sentence="5" number="0">He</token>
<token t_id="116" sentence="5" number="1">finally</token>
<token t_id="117" sentence="5" number="2">surrendered</token>
<token t_id="118" sentence="5" number="3">at</token>
<token t_id="119" sentence="5" number="4">6</token>
<token t_id="120" sentence="5" number="5">p.m.</token>
<token t_id="121" sentence="5" number="6">and</token>
<token t_id="122" sentence="5" number="7">was</token>
<token t_id="123" sentence="5" number="8">arrested</token>
<token t_id="124" sentence="5" number="9">.</token>
<token t_id="125" sentence="6" number="0">Fanning</token>
<token t_id="126" sentence="6" number="1">could</token>
<token t_id="127" sentence="6" number="2">n't</token>
<token t_id="128" sentence="6" number="3">say</token>
<token t_id="129" sentence="6" number="4">if</token>
<token t_id="130" sentence="6" number="5">anyone</token>
<token t_id="131" sentence="6" number="6">else</token>
<token t_id="132" sentence="6" number="7">was</token>
<token t_id="133" sentence="6" number="8">in</token>
<token t_id="134" sentence="6" number="9">the</token>
<token t_id="135" sentence="6" number="10">building</token>
<token t_id="136" sentence="6" number="11">at</token>
<token t_id="137" sentence="6" number="12">the</token>
<token t_id="138" sentence="6" number="13">time</token>
<token t_id="139" sentence="6" number="14">,</token>
<token t_id="140" sentence="6" number="15">but</token>
<token t_id="141" sentence="6" number="16">said</token>
<token t_id="142" sentence="6" number="17">no</token>
<token t_id="143" sentence="6" number="18">one</token>
<token t_id="144" sentence="6" number="19">else</token>
<token t_id="145" sentence="6" number="20">was</token>
<token t_id="146" sentence="6" number="21">injured</token>
<token t_id="147" sentence="6" number="22">.</token>
<token t_id="148" sentence="7" number="0">Police</token>
<token t_id="149" sentence="7" number="1">used</token>
<token t_id="150" sentence="7" number="2">a</token>
<token t_id="151" sentence="7" number="3">neighbouring</token>
<token t_id="152" sentence="7" number="4">office</token>
<token t_id="153" sentence="7" number="5">as</token>
<token t_id="154" sentence="7" number="6">a</token>
<token t_id="155" sentence="7" number="7">base</token>
<token t_id="156" sentence="7" number="8">for</token>
<token t_id="157" sentence="7" number="9">the</token>
<token t_id="158" sentence="7" number="10">negotiations</token>
<token t_id="159" sentence="7" number="11">.</token>
<token t_id="160" sentence="8" number="0">Nigel</token>
<token t_id="161" sentence="8" number="1">Hacker</token>
<token t_id="162" sentence="8" number="2">,</token>
<token t_id="163" sentence="8" number="3">who</token>
<token t_id="164" sentence="8" number="4">runs</token>
<token t_id="165" sentence="8" number="5">Intarsia</token>
<token t_id="166" sentence="8" number="6">Design</token>
<token t_id="167" sentence="8" number="7">out</token>
<token t_id="168" sentence="8" number="8">of</token>
<token t_id="169" sentence="8" number="9">a</token>
<token t_id="170" sentence="8" number="10">heritage</token>
<token t_id="171" sentence="8" number="11">home</token>
<token t_id="172" sentence="8" number="12">at</token>
<token t_id="173" sentence="8" number="13">2016</token>
<token t_id="174" sentence="8" number="14">Ontario</token>
<token t_id="175" sentence="8" number="15">,</token>
<token t_id="176" sentence="8" number="16">said</token>
<token t_id="177" sentence="8" number="17">he</token>
<token t_id="178" sentence="8" number="18">was</token>
<token t_id="179" sentence="8" number="19">in</token>
<token t_id="180" sentence="8" number="20">his</token>
<token t_id="181" sentence="8" number="21">office</token>
<token t_id="182" sentence="8" number="22">waiting</token>
<token t_id="183" sentence="8" number="23">for</token>
<token t_id="184" sentence="8" number="24">people</token>
<token t_id="185" sentence="8" number="25">to</token>
<token t_id="186" sentence="8" number="26">attend</token>
<token t_id="187" sentence="8" number="27">a</token>
<token t_id="188" sentence="8" number="28">meeting</token>
<token t_id="189" sentence="8" number="29">at</token>
<token t_id="190" sentence="8" number="30">about</token>
<token t_id="191" sentence="8" number="31">4</token>
<token t_id="192" sentence="8" number="32">:</token>
<token t_id="193" sentence="8" number="33">20</token>
<token t_id="194" sentence="8" number="34">p.m</token>
<token t_id="195" sentence="8" number="35">.</token>
<token t_id="196" sentence="9" number="0">He</token>
<token t_id="197" sentence="9" number="1">looked</token>
<token t_id="198" sentence="9" number="2">outside</token>
<token t_id="199" sentence="9" number="3">to</token>
<token t_id="200" sentence="9" number="4">see</token>
<token t_id="201" sentence="9" number="5">the</token>
<token t_id="202" sentence="9" number="6">street</token>
<token t_id="203" sentence="9" number="7">cordoned</token>
<token t_id="204" sentence="9" number="8">off</token>
<token t_id="205" sentence="9" number="9">.</token>
<token t_id="206" sentence="10" number="0">Police</token>
<token t_id="207" sentence="10" number="1">set</token>
<token t_id="208" sentence="10" number="2">up</token>
<token t_id="209" sentence="10" number="3">shop</token>
<token t_id="210" sentence="10" number="4">at</token>
<token t_id="211" sentence="10" number="5">the</token>
<token t_id="212" sentence="10" number="6">office</token>
<token t_id="213" sentence="10" number="7">and</token>
<token t_id="214" sentence="10" number="8">began</token>
<token t_id="215" sentence="10" number="9">trying</token>
<token t_id="216" sentence="10" number="10">to</token>
<token t_id="217" sentence="10" number="11">coax</token>
<token t_id="218" sentence="10" number="12">the</token>
<token t_id="219" sentence="10" number="13">gunman</token>
<token t_id="220" sentence="10" number="14">out</token>
<token t_id="221" sentence="10" number="15">of</token>
<token t_id="222" sentence="10" number="16">the</token>
<token t_id="223" sentence="10" number="17">building</token>
<token t_id="224" sentence="10" number="18">around</token>
<token t_id="225" sentence="10" number="19">the</token>
<token t_id="226" sentence="10" number="20">corner</token>
<token t_id="227" sentence="10" number="21">at</token>
<token t_id="228" sentence="10" number="22">40</token>
<token t_id="229" sentence="10" number="23">East</token>
<token t_id="230" sentence="10" number="24">5th</token>
<token t_id="231" sentence="10" number="25">Avenue</token>
<token t_id="232" sentence="10" number="26">.</token>
<token t_id="233" sentence="11" number="0">``</token>
<token t_id="234" sentence="11" number="1">There</token>
<token t_id="235" sentence="11" number="2">was</token>
<token t_id="236" sentence="11" number="3">someone</token>
<token t_id="237" sentence="11" number="4">in</token>
<token t_id="238" sentence="11" number="5">the</token>
<token t_id="239" sentence="11" number="6">building</token>
<token t_id="240" sentence="11" number="7">and</token>
<token t_id="241" sentence="11" number="8">they</token>
<token t_id="242" sentence="11" number="9">were</token>
<token t_id="243" sentence="11" number="10">trying</token>
<token t_id="244" sentence="11" number="11">to</token>
<token t_id="245" sentence="11" number="12">get</token>
<token t_id="246" sentence="11" number="13">him</token>
<token t_id="247" sentence="11" number="14">out</token>
<token t_id="248" sentence="11" number="15">,</token>
<token t_id="249" sentence="11" number="16">''</token>
<token t_id="250" sentence="11" number="17">Hacker</token>
<token t_id="251" sentence="11" number="18">said</token>
<token t_id="252" sentence="11" number="19">.</token>
<token t_id="253" sentence="12" number="0">``</token>
<token t_id="254" sentence="12" number="1">I</token>
<token t_id="255" sentence="12" number="2">tried</token>
<token t_id="256" sentence="12" number="3">not</token>
<token t_id="257" sentence="12" number="4">to</token>
<token t_id="258" sentence="12" number="5">listen</token>
<token t_id="259" sentence="12" number="6">.</token>
<token t_id="260" sentence="12" number="7">''</token>
<token t_id="261" sentence="13" number="0">But</token>
<token t_id="262" sentence="13" number="1">he</token>
<token t_id="263" sentence="13" number="2">caught</token>
<token t_id="264" sentence="13" number="3">the</token>
<token t_id="265" sentence="13" number="4">tone</token>
<token t_id="266" sentence="13" number="5">of</token>
<token t_id="267" sentence="13" number="6">the</token>
<token t_id="268" sentence="13" number="7">conversation</token>
<token t_id="269" sentence="13" number="8">.</token>
<token t_id="270" sentence="14" number="0">``</token>
<token t_id="271" sentence="14" number="1">It</token>
<token t_id="272" sentence="14" number="2">was</token>
<token t_id="273" sentence="14" number="3">n't</token>
<token t_id="274" sentence="14" number="4">emotional</token>
<token t_id="275" sentence="14" number="5">from</token>
<token t_id="276" sentence="14" number="6">this</token>
<token t_id="277" sentence="14" number="7">end</token>
<token t_id="278" sentence="14" number="8">,</token>
<token t_id="279" sentence="14" number="9">''</token>
<token t_id="280" sentence="14" number="10">he</token>
<token t_id="281" sentence="14" number="11">said</token>
<token t_id="282" sentence="14" number="12">.</token>
<token t_id="283" sentence="15" number="0">``</token>
<token t_id="284" sentence="15" number="1">Everything</token>
<token t_id="285" sentence="15" number="2">seemed</token>
<token t_id="286" sentence="15" number="3">under</token>
<token t_id="287" sentence="15" number="4">control.</token>
<token t_id="288" sentence="15" number="5">They</token>
<token t_id="289" sentence="15" number="6">did</token>
<token t_id="290" sentence="15" number="7">a</token>
<token t_id="291" sentence="15" number="8">great</token>
<token t_id="292" sentence="15" number="9">job</token>
<token t_id="293" sentence="15" number="10">.</token>
<token t_id="294" sentence="15" number="11">''</token>
<token t_id="295" sentence="16" number="0">Just</token>
<token t_id="296" sentence="16" number="1">before</token>
<token t_id="297" sentence="16" number="2">7</token>
<token t_id="298" sentence="16" number="3">p.m.</token>
<token t_id="299" sentence="16" number="4">Friday</token>
<token t_id="300" sentence="16" number="5">,</token>
<token t_id="301" sentence="16" number="6">the</token>
<token t_id="302" sentence="16" number="7">lights</token>
<token t_id="303" sentence="16" number="8">were</token>
<token t_id="304" sentence="16" number="9">still</token>
<token t_id="305" sentence="16" number="10">blazing</token>
<token t_id="306" sentence="16" number="11">at</token>
<token t_id="307" sentence="16" number="12">the</token>
<token t_id="308" sentence="16" number="13">two-storey</token>
<token t_id="309" sentence="16" number="14">1950s-style</token>
<token t_id="310" sentence="16" number="15">office</token>
<token t_id="311" sentence="16" number="16">building</token>
<token t_id="312" sentence="16" number="17">,</token>
<token t_id="313" sentence="16" number="18">which</token>
<token t_id="314" sentence="16" number="19">was</token>
<token t_id="315" sentence="16" number="20">decorated</token>
<token t_id="316" sentence="16" number="21">with</token>
<token t_id="317" sentence="16" number="22">a</token>
<token t_id="318" sentence="16" number="23">Christmas</token>
<token t_id="319" sentence="16" number="24">tree</token>
<token t_id="320" sentence="16" number="25">and</token>
<token t_id="321" sentence="16" number="26">Santas</token>
<token t_id="322" sentence="16" number="27">made</token>
<token t_id="323" sentence="16" number="28">of</token>
<token t_id="324" sentence="16" number="29">cotton</token>
<token t_id="325" sentence="16" number="30">wool</token>
<token t_id="326" sentence="16" number="31">.</token>
<token t_id="327" sentence="17" number="0">Early</token>
<token t_id="328" sentence="17" number="1">on</token>
<token t_id="329" sentence="17" number="2">,</token>
<token t_id="330" sentence="17" number="3">about</token>
<token t_id="331" sentence="17" number="4">a</token>
<token t_id="332" sentence="17" number="5">dozen</token>
<token t_id="333" sentence="17" number="6">police</token>
<token t_id="334" sentence="17" number="7">officers</token>
<token t_id="335" sentence="17" number="8">milled</token>
<token t_id="336" sentence="17" number="9">about</token>
<token t_id="337" sentence="17" number="10">outside</token>
<token t_id="338" sentence="17" number="11">securing</token>
<token t_id="339" sentence="17" number="12">the</token>
<token t_id="340" sentence="17" number="13">building</token>
<token t_id="341" sentence="17" number="14">,</token>
<token t_id="342" sentence="17" number="15">while</token>
<token t_id="343" sentence="17" number="16">others</token>
<token t_id="344" sentence="17" number="17">blocked</token>
<token t_id="345" sentence="17" number="18">nearby</token>
<token t_id="346" sentence="17" number="19">intersections</token>
<token t_id="347" sentence="17" number="20">and</token>
<token t_id="348" sentence="17" number="21">directed</token>
<token t_id="349" sentence="17" number="22">traffic</token>
<token t_id="350" sentence="17" number="23">away</token>
<token t_id="351" sentence="17" number="24">from</token>
<token t_id="352" sentence="17" number="25">Ontario</token>
<token t_id="353" sentence="17" number="26">Street</token>
<token t_id="354" sentence="17" number="27">.</token>
<token t_id="355" sentence="18" number="0">A</token>
<token t_id="356" sentence="18" number="1">Coast</token>
<token t_id="357" sentence="18" number="2">Mountain</token>
<token t_id="358" sentence="18" number="3">bus</token>
<token t_id="359" sentence="18" number="4">was</token>
<token t_id="360" sentence="18" number="5">called</token>
<token t_id="361" sentence="18" number="6">in</token>
<token t_id="362" sentence="18" number="7">to</token>
<token t_id="363" sentence="18" number="8">collect</token>
<token t_id="364" sentence="18" number="9">witnesses</token>
<token t_id="365" sentence="18" number="10">,</token>
<token t_id="366" sentence="18" number="11">TransLink</token>
<token t_id="367" sentence="18" number="12">spokesman</token>
<token t_id="368" sentence="18" number="13">Drew</token>
<token t_id="369" sentence="18" number="14">Snider</token>
<token t_id="370" sentence="18" number="15">said</token>
<token t_id="371" sentence="18" number="16">.</token>
<token t_id="372" sentence="19" number="0">Offices</token>
<token t_id="373" sentence="19" number="1">around</token>
<token t_id="374" sentence="19" number="2">the</token>
<token t_id="375" sentence="19" number="3">neighbourhood</token>
<token t_id="376" sentence="19" number="4">were</token>
<token t_id="377" sentence="19" number="5">shut</token>
<token t_id="378" sentence="19" number="6">down</token>
<token t_id="379" sentence="19" number="7">,</token>
<token t_id="380" sentence="19" number="8">with</token>
<token t_id="381" sentence="19" number="9">staff</token>
<token t_id="382" sentence="19" number="10">either</token>
<token t_id="383" sentence="19" number="11">told</token>
<token t_id="384" sentence="19" number="12">to</token>
<token t_id="385" sentence="19" number="13">stay</token>
<token t_id="386" sentence="19" number="14">indoors</token>
<token t_id="387" sentence="19" number="15">or</token>
<token t_id="388" sentence="19" number="16">escorted</token>
<token t_id="389" sentence="19" number="17">outside</token>
<token t_id="390" sentence="19" number="18">to</token>
<token t_id="391" sentence="19" number="19">their</token>
<token t_id="392" sentence="19" number="20">cars</token>
<token t_id="393" sentence="19" number="21">or</token>
<token t_id="394" sentence="19" number="22">other</token>
<token t_id="395" sentence="19" number="23">transport</token>
<token t_id="396" sentence="19" number="24">.</token>
<token t_id="397" sentence="20" number="0">Lorin</token>
<token t_id="398" sentence="20" number="1">Pearce</token>
<token t_id="399" sentence="20" number="2">,</token>
<token t_id="400" sentence="20" number="3">an</token>
<token t_id="401" sentence="20" number="4">executive</token>
<token t_id="402" sentence="20" number="5">assistant</token>
<token t_id="403" sentence="20" number="6">at</token>
<token t_id="404" sentence="20" number="7">Focus</token>
<token t_id="405" sentence="20" number="8">Audio</token>
<token t_id="406" sentence="20" number="9">Visual</token>
<token t_id="407" sentence="20" number="10">Services</token>
<token t_id="408" sentence="20" number="11">on</token>
<token t_id="409" sentence="20" number="12">West</token>
<token t_id="410" sentence="20" number="13">Fifth</token>
<token t_id="411" sentence="20" number="14">,</token>
<token t_id="412" sentence="20" number="15">said</token>
<token t_id="413" sentence="20" number="16">she</token>
<token t_id="414" sentence="20" number="17">saw</token>
<token t_id="415" sentence="20" number="18">what</token>
<token t_id="416" sentence="20" number="19">appeared</token>
<token t_id="417" sentence="20" number="20">to</token>
<token t_id="418" sentence="20" number="21">be</token>
<token t_id="419" sentence="20" number="22">a</token>
<token t_id="420" sentence="20" number="23">police</token>
<token t_id="421" sentence="20" number="24">officer</token>
<token t_id="422" sentence="20" number="25">with</token>
<token t_id="423" sentence="20" number="26">a</token>
<token t_id="424" sentence="20" number="27">gun</token>
<token t_id="425" sentence="20" number="28">at</token>
<token t_id="426" sentence="20" number="29">the</token>
<token t_id="427" sentence="20" number="30">corner</token>
<token t_id="428" sentence="20" number="31">of</token>
<token t_id="429" sentence="20" number="32">Fifth</token>
<token t_id="430" sentence="20" number="33">and</token>
<token t_id="431" sentence="20" number="34">Ontario</token>
<token t_id="432" sentence="20" number="35">.</token>
<token t_id="433" sentence="21" number="0">She</token>
<token t_id="434" sentence="21" number="1">did</token>
<token t_id="435" sentence="21" number="2">n't</token>
<token t_id="436" sentence="21" number="3">know</token>
<token t_id="437" sentence="21" number="4">the</token>
<token t_id="438" sentence="21" number="5">focus</token>
<token t_id="439" sentence="21" number="6">of</token>
<token t_id="440" sentence="21" number="7">the</token>
<token t_id="441" sentence="21" number="8">police</token>
<token t_id="442" sentence="21" number="9">attention</token>
<token t_id="443" sentence="21" number="10">,</token>
<token t_id="444" sentence="21" number="11">but</token>
<token t_id="445" sentence="21" number="12">said</token>
<token t_id="446" sentence="21" number="13">the</token>
<token t_id="447" sentence="21" number="14">corner</token>
<token t_id="448" sentence="21" number="15">is</token>
<token t_id="449" sentence="21" number="16">home</token>
<token t_id="450" sentence="21" number="17">to</token>
<token t_id="451" sentence="21" number="18">several</token>
<token t_id="452" sentence="21" number="19">businesses</token>
<token t_id="453" sentence="21" number="20">.</token>
<token t_id="454" sentence="22" number="0">When</token>
<token t_id="455" sentence="22" number="1">some</token>
<token t_id="456" sentence="22" number="2">employees</token>
<token t_id="457" sentence="22" number="3">tried</token>
<token t_id="458" sentence="22" number="4">to</token>
<token t_id="459" sentence="22" number="5">leave</token>
<token t_id="460" sentence="22" number="6">,</token>
<token t_id="461" sentence="22" number="7">they</token>
<token t_id="462" sentence="22" number="8">were</token>
<token t_id="463" sentence="22" number="9">told</token>
<token t_id="464" sentence="22" number="10">by</token>
<token t_id="465" sentence="22" number="11">police</token>
<token t_id="466" sentence="22" number="12">to</token>
<token t_id="467" sentence="22" number="13">stay</token>
<token t_id="468" sentence="22" number="14">inside</token>
<token t_id="469" sentence="22" number="15">the</token>
<token t_id="470" sentence="22" number="16">office</token>
<token t_id="471" sentence="22" number="17">until</token>
<token t_id="472" sentence="22" number="18">further</token>
<token t_id="473" sentence="22" number="19">notice</token>
<token t_id="474" sentence="22" number="20">,</token>
<token t_id="475" sentence="22" number="21">she</token>
<token t_id="476" sentence="22" number="22">said</token>
<token t_id="477" sentence="22" number="23">around</token>
<token t_id="478" sentence="22" number="24">5</token>
<token t_id="479" sentence="22" number="25">:</token>
<token t_id="480" sentence="22" number="26">30</token>
<token t_id="481" sentence="22" number="27">p.m</token>
<token t_id="482" sentence="22" number="28">.</token>
<token t_id="483" sentence="23" number="0">``</token>
<token t_id="484" sentence="23" number="1">A</token>
<token t_id="485" sentence="23" number="2">couple</token>
<token t_id="486" sentence="23" number="3">of</token>
<token t_id="487" sentence="23" number="4">us</token>
<token t_id="488" sentence="23" number="5">tried</token>
<token t_id="489" sentence="23" number="6">to</token>
<token t_id="490" sentence="23" number="7">exit</token>
<token t_id="491" sentence="23" number="8">and</token>
<token t_id="492" sentence="23" number="9">they</token>
<token t_id="493" sentence="23" number="10">said</token>
<token t_id="494" sentence="23" number="11">,</token>
<token t_id="495" sentence="23" number="12">'Please</token>
<token t_id="496" sentence="23" number="13">go</token>
<token t_id="497" sentence="23" number="14">back</token>
<token t_id="498" sentence="23" number="15">inside</token>
<token t_id="499" sentence="23" number="16">,</token>
<token t_id="500" sentence="23" number="17">'</token>
<token t_id="501" sentence="23" number="18">''</token>
<token t_id="502" sentence="24" number="0">Pearce</token>
<token t_id="503" sentence="24" number="1">said</token>
<token t_id="504" sentence="24" number="2">,</token>
<token t_id="505" sentence="24" number="3">adding</token>
<token t_id="506" sentence="24" number="4">she</token>
<token t_id="507" sentence="24" number="5">was</token>
<token t_id="508" sentence="24" number="6">not</token>
<token t_id="509" sentence="24" number="7">afraid</token>
<token t_id="510" sentence="24" number="8">for</token>
<token t_id="511" sentence="24" number="9">her</token>
<token t_id="512" sentence="24" number="10">own</token>
<token t_id="513" sentence="24" number="11">safety</token>
<token t_id="514" sentence="24" number="12">.</token>
<token t_id="515" sentence="25" number="0">Staff</token>
<token t_id="516" sentence="25" number="1">at</token>
<token t_id="517" sentence="25" number="2">Fiji</token>
<token t_id="518" sentence="25" number="3">Island</token>
<token t_id="519" sentence="25" number="4">Auto</token>
<token t_id="520" sentence="25" number="5">,</token>
<token t_id="521" sentence="25" number="6">across</token>
<token t_id="522" sentence="25" number="7">the</token>
<token t_id="523" sentence="25" number="8">street</token>
<token t_id="524" sentence="25" number="9">from</token>
<token t_id="525" sentence="25" number="10">Tallgrass</token>
<token t_id="526" sentence="25" number="11">,</token>
<token t_id="527" sentence="25" number="12">were</token>
<token t_id="528" sentence="25" number="13">told</token>
<token t_id="529" sentence="25" number="14">to</token>
<token t_id="530" sentence="25" number="15">close</token>
<token t_id="531" sentence="25" number="16">shop</token>
<token t_id="532" sentence="25" number="17">at</token>
<token t_id="533" sentence="25" number="18">5:30</token>
<token t_id="534" sentence="25" number="19">p.m.</token>
<token t_id="535" sentence="25" number="20">and</token>
<token t_id="536" sentence="25" number="21">were</token>
<token t_id="537" sentence="25" number="22">escorted</token>
<token t_id="538" sentence="25" number="23">by</token>
<token t_id="539" sentence="25" number="24">police</token>
<token t_id="540" sentence="25" number="25">off</token>
<token t_id="541" sentence="25" number="26">the</token>
<token t_id="542" sentence="25" number="27">premises</token>
<token t_id="543" sentence="25" number="28">.</token>
<token t_id="544" sentence="26" number="0">Down</token>
<token t_id="545" sentence="26" number="1">the</token>
<token t_id="546" sentence="26" number="2">street</token>
<token t_id="547" sentence="26" number="3">,</token>
<token t_id="548" sentence="26" number="4">John</token>
<token t_id="549" sentence="26" number="5">Christie</token>
<token t_id="550" sentence="26" number="6">,</token>
<token t_id="551" sentence="26" number="7">head</token>
<token t_id="552" sentence="26" number="8">of</token>
<token t_id="553" sentence="26" number="9">house</token>
<token t_id="554" sentence="26" number="10">production</token>
<token t_id="555" sentence="26" number="11">for</token>
<token t_id="556" sentence="26" number="12">Paperny</token>
<token t_id="557" sentence="26" number="13">Films</token>
<token t_id="558" sentence="26" number="14">at</token>
<token t_id="559" sentence="26" number="15">Fifth</token>
<token t_id="560" sentence="26" number="16">and</token>
<token t_id="561" sentence="26" number="17">Quebec</token>
<token t_id="562" sentence="26" number="18">,</token>
<token t_id="563" sentence="26" number="19">said</token>
<token t_id="564" sentence="26" number="20">employees</token>
<token t_id="565" sentence="26" number="21">were</token>
<token t_id="566" sentence="26" number="22">planning</token>
<token t_id="567" sentence="26" number="23">to</token>
<token t_id="568" sentence="26" number="24">hold</token>
<token t_id="569" sentence="26" number="25">an</token>
<token t_id="570" sentence="26" number="26">office</token>
<token t_id="571" sentence="26" number="27">party</token>
<token t_id="572" sentence="26" number="28">upstairs</token>
<token t_id="573" sentence="26" number="29">when</token>
<token t_id="574" sentence="26" number="30">someone</token>
<token t_id="575" sentence="26" number="31">heard</token>
<token t_id="576" sentence="26" number="32">shots</token>
<token t_id="577" sentence="26" number="33">fired</token>
<token t_id="578" sentence="26" number="34">and</token>
<token t_id="579" sentence="26" number="35">the</token>
<token t_id="580" sentence="26" number="36">police</token>
<token t_id="581" sentence="26" number="37">came</token>
<token t_id="582" sentence="26" number="38">knocking</token>
<token t_id="583" sentence="26" number="39">at</token>
<token t_id="584" sentence="26" number="40">their</token>
<token t_id="585" sentence="26" number="41">door</token>
<token t_id="586" sentence="26" number="42">.</token>
<token t_id="587" sentence="27" number="0">``</token>
<token t_id="588" sentence="27" number="1">We</token>
<token t_id="589" sentence="27" number="2">have</token>
<token t_id="590" sentence="27" number="3">been</token>
<token t_id="591" sentence="27" number="4">asked</token>
<token t_id="592" sentence="27" number="5">by</token>
<token t_id="593" sentence="27" number="6">the</token>
<token t_id="594" sentence="27" number="7">police</token>
<token t_id="595" sentence="27" number="8">to</token>
<token t_id="596" sentence="27" number="9">stay</token>
<token t_id="597" sentence="27" number="10">away</token>
<token t_id="598" sentence="27" number="11">from</token>
<token t_id="599" sentence="27" number="12">the</token>
<token t_id="600" sentence="27" number="13">windows</token>
<token t_id="601" sentence="27" number="14">and</token>
<token t_id="602" sentence="27" number="15">we</token>
<token t_id="603" sentence="27" number="16">'ve</token>
<token t_id="604" sentence="27" number="17">been</token>
<token t_id="605" sentence="27" number="18">forced</token>
<token t_id="606" sentence="27" number="19">to</token>
<token t_id="607" sentence="27" number="20">go</token>
<token t_id="608" sentence="27" number="21">downstairs</token>
<token t_id="609" sentence="27" number="22">,</token>
<token t_id="610" sentence="27" number="23">''</token>
<token t_id="611" sentence="27" number="24">Christie</token>
<token t_id="612" sentence="27" number="25">said</token>
<token t_id="613" sentence="27" number="26">.</token>
<token t_id="614" sentence="28" number="0">``</token>
<token t_id="615" sentence="28" number="1">We</token>
<token t_id="616" sentence="28" number="2">'re</token>
<token t_id="617" sentence="28" number="3">having</token>
<token t_id="618" sentence="28" number="4">an</token>
<token t_id="619" sentence="28" number="5">office</token>
<token t_id="620" sentence="28" number="6">party</token>
<token t_id="621" sentence="28" number="7">anyway</token>
<token t_id="622" sentence="28" number="8">so</token>
<token t_id="623" sentence="28" number="9">we</token>
<token t_id="624" sentence="28" number="10">'re</token>
<token t_id="625" sentence="28" number="11">just</token>
<token t_id="626" sentence="28" number="12">staying</token>
<token t_id="627" sentence="28" number="13">out</token>
<token t_id="628" sentence="28" number="14">of</token>
<token t_id="629" sentence="28" number="15">the</token>
<token t_id="630" sentence="28" number="16">way</token>
<token t_id="631" sentence="28" number="17">,</token>
<token t_id="632" sentence="28" number="18">undercover</token>
<token t_id="633" sentence="28" number="19">.</token>
<token t_id="634" sentence="29" number="0">If</token>
<token t_id="635" sentence="29" number="1">we</token>
<token t_id="636" sentence="29" number="2">'re</token>
<token t_id="637" sentence="29" number="3">in</token>
<token t_id="638" sentence="29" number="4">a</token>
<token t_id="639" sentence="29" number="5">lockdown</token>
<token t_id="640" sentence="29" number="6">,</token>
<token t_id="641" sentence="29" number="7">at</token>
<token t_id="642" sentence="29" number="8">least</token>
<token t_id="643" sentence="29" number="9">we</token>
<token t_id="644" sentence="29" number="10">have</token>
<token t_id="645" sentence="29" number="11">beers</token>
<token t_id="646" sentence="29" number="12">and</token>
<token t_id="647" sentence="29" number="13">pizza</token>
<token t_id="648" sentence="29" number="14">.</token>
<token t_id="649" sentence="29" number="15">''</token>
<token t_id="650" sentence="30" number="0">Christie</token>
<token t_id="651" sentence="30" number="1">said</token>
<token t_id="652" sentence="30" number="2">the</token>
<token t_id="653" sentence="30" number="3">police</token>
<token t_id="654" sentence="30" number="4">,</token>
<token t_id="655" sentence="30" number="5">who</token>
<token t_id="656" sentence="30" number="6">placed</token>
<token t_id="657" sentence="30" number="7">an</token>
<token t_id="658" sentence="30" number="8">undercover</token>
<token t_id="659" sentence="30" number="9">officer</token>
<token t_id="660" sentence="30" number="10">at</token>
<token t_id="661" sentence="30" number="11">Paperny</token>
<token t_id="662" sentence="30" number="12">'s</token>
<token t_id="663" sentence="30" number="13">front</token>
<token t_id="664" sentence="30" number="14">door</token>
<token t_id="665" sentence="30" number="15">,</token>
<token t_id="666" sentence="30" number="16">were</token>
<token t_id="667" sentence="30" number="17">n't</token>
<token t_id="668" sentence="30" number="18">pleased</token>
<token t_id="669" sentence="30" number="19">when</token>
<token t_id="670" sentence="30" number="20">some</token>
<token t_id="671" sentence="30" number="21">office</token>
<token t_id="672" sentence="30" number="22">workers</token>
<token t_id="673" sentence="30" number="23">fled</token>
<token t_id="674" sentence="30" number="24">through</token>
<token t_id="675" sentence="30" number="25">the</token>
<token t_id="676" sentence="30" number="26">back</token>
<token t_id="677" sentence="30" number="27">alley</token>
<token t_id="678" sentence="30" number="28">to</token>
<token t_id="679" sentence="30" number="29">get</token>
<token t_id="680" sentence="30" number="30">home</token>
<token t_id="681" sentence="30" number="31">.</token>
<token t_id="682" sentence="31" number="0">An</token>
<token t_id="683" sentence="31" number="1">employee</token>
<token t_id="684" sentence="31" number="2">of</token>
<token t_id="685" sentence="31" number="3">another</token>
<token t_id="686" sentence="31" number="4">nearby</token>
<token t_id="687" sentence="31" number="5">business</token>
<token t_id="688" sentence="31" number="6">,</token>
<token t_id="689" sentence="31" number="7">Relaxus</token>
<token t_id="690" sentence="31" number="8">Massage</token>
<token t_id="691" sentence="31" number="9">Products</token>
<token t_id="692" sentence="31" number="10">,</token>
<token t_id="693" sentence="31" number="11">said</token>
<token t_id="694" sentence="31" number="12">staff</token>
<token t_id="695" sentence="31" number="13">were</token>
<token t_id="696" sentence="31" number="14">escorted</token>
<token t_id="697" sentence="31" number="15">to</token>
<token t_id="698" sentence="31" number="16">their</token>
<token t_id="699" sentence="31" number="17">cars</token>
<token t_id="700" sentence="31" number="18">by</token>
<token t_id="701" sentence="31" number="19">police</token>
<token t_id="702" sentence="31" number="20">so</token>
<token t_id="703" sentence="31" number="21">they</token>
<token t_id="704" sentence="31" number="22">could</token>
<token t_id="705" sentence="31" number="23">go</token>
<token t_id="706" sentence="31" number="24">home</token>
<token t_id="707" sentence="31" number="25">.</token>
<token t_id="708" sentence="32" number="0">TallGrass</token>
<token t_id="709" sentence="32" number="1">claims</token>
<token t_id="710" sentence="32" number="2">it</token>
<token t_id="711" sentence="32" number="3">is</token>
<token t_id="712" sentence="32" number="4">the</token>
<token t_id="713" sentence="32" number="5">fastest-growing</token>
<token t_id="714" sentence="32" number="6">natural-health-product</token>
<token t_id="715" sentence="32" number="7">supplier</token>
<token t_id="716" sentence="32" number="8">to</token>
<token t_id="717" sentence="32" number="9">the</token>
<token t_id="718" sentence="32" number="10">Natural</token>
<token t_id="719" sentence="32" number="11">Health</token>
<token t_id="720" sentence="32" number="12">Industry</token>
<token t_id="721" sentence="32" number="13">in</token>
<token t_id="722" sentence="32" number="14">Canada</token>
<token t_id="723" sentence="32" number="15">.</token>
<token t_id="724" sentence="33" number="0">It</token>
<token t_id="725" sentence="33" number="1">was</token>
<token t_id="726" sentence="33" number="2">originally</token>
<token t_id="727" sentence="33" number="3">called</token>
<token t_id="728" sentence="33" number="4">Tallgrass</token>
<token t_id="729" sentence="33" number="5">Hemp</token>
<token t_id="730" sentence="33" number="6">Company</token>
<token t_id="731" sentence="33" number="7">,</token>
<token t_id="732" sentence="33" number="8">and</token>
<token t_id="733" sentence="33" number="9">supplied</token>
<token t_id="734" sentence="33" number="10">a</token>
<token t_id="735" sentence="33" number="11">variety</token>
<token t_id="736" sentence="33" number="12">of</token>
<token t_id="737" sentence="33" number="13">products</token>
<token t_id="738" sentence="33" number="14">based</token>
<token t_id="739" sentence="33" number="15">on</token>
<token t_id="740" sentence="33" number="16">the</token>
<token t_id="741" sentence="33" number="17">hemp</token>
<token t_id="742" sentence="33" number="18">plant</token>
<token t_id="743" sentence="33" number="19">,</token>
<token t_id="744" sentence="33" number="20">including</token>
<token t_id="745" sentence="33" number="21">Body</token>
<token t_id="746" sentence="33" number="22">Dope</token>
<token t_id="747" sentence="33" number="23">,</token>
<token t_id="748" sentence="33" number="24">a</token>
<token t_id="749" sentence="33" number="25">line</token>
<token t_id="750" sentence="33" number="26">of</token>
<token t_id="751" sentence="33" number="27">hair-</token>
<token t_id="752" sentence="33" number="28">and</token>
<token t_id="753" sentence="33" number="29">skin-care</token>
<token t_id="754" sentence="33" number="30">products</token>
<token t_id="755" sentence="33" number="31">made</token>
<token t_id="756" sentence="33" number="32">with</token>
<token t_id="757" sentence="33" number="33">hemp</token>
<token t_id="758" sentence="33" number="34">and</token>
<token t_id="759" sentence="33" number="35">other</token>
<token t_id="760" sentence="33" number="36">botanicals</token>
<token t_id="761" sentence="33" number="37">.</token>
<token t_id="762" sentence="34" number="0">Products</token>
<token t_id="763" sentence="34" number="1">also</token>
<token t_id="764" sentence="34" number="2">include</token>
<token t_id="765" sentence="34" number="3">shampoo</token>
<token t_id="766" sentence="34" number="4">,</token>
<token t_id="767" sentence="34" number="5">conditioner</token>
<token t_id="768" sentence="34" number="6">,</token>
<token t_id="769" sentence="34" number="7">therapeutic</token>
<token t_id="770" sentence="34" number="8">lotion</token>
<token t_id="771" sentence="34" number="9">and</token>
<token t_id="772" sentence="34" number="10">soap</token>
<Markables>
<ACTION_OCCURRENCE m_id="13"  >
  <token_anchor t_id="4"/>
</ACTION_OCCURRENCE>
<ACTION_OCCURRENCE m_id="14"  >
  <token_anchor t_id="9"/>
</ACTION_OCCURRENCE>
<ACTION_OCCURRENCE m_id="17"  >
  <token_anchor t_id="20"/>
</ACTION_OCCURRENCE>
<ACTION_OCCURRENCE m_id="18"  >
  <token_anchor t_id="22"/>
</ACTION_OCCURRENCE>
<HUMAN_PART_PER m_id="12"  >
  <token_anchor t_id="3"/>
</HUMAN_PART_PER>
<HUMAN_PART_PER m_id="19"  >
  <token_anchor t_id="24"/>
</HUMAN_PART_PER>
<TIME_DATE m_id="16"  >
  <token_anchor t_id="17"/>
</TIME_DATE>


<LOC_FAC m_id="20" note="byCROMER" >
  <token_anchor t_id="16"/>
  <token_anchor t_id="16"/>
</LOC_FAC>
<LOC_GEO m_id="23" note="byCROMER" >
  <token_anchor t_id="12"/>
  <token_anchor t_id="13"/>
</LOC_GEO>


<TIME_DATE m_id="33" RELATED_TO="" TAG_DESCRIPTOR="t18b_friday" instance_id="TIM17731705329767162" />
<LOC_FAC m_id="32" RELATED_TO="" TAG_DESCRIPTOR="t18b_office" instance_id="LOC17731582246028489" />
<ACTION_OCCURRENCE m_id="31" RELATED_TO="" TAG_DESCRIPTOR="t18b_shooting" instance_id="ACT17731621786224442" />
<HUMAN_PART_PER m_id="30" RELATED_TO="" TAG_DESCRIPTOR="t18b_victim" instance_id="HUM17731813980483037" />
<LOC_GEO m_id="29" RELATED_TO="" TAG_DESCRIPTOR="t18b_vancouver" instance_id="LOC17731595109995483" />
<ACTION_OCCURRENCE m_id="28" RELATED_TO="" TAG_DESCRIPTOR="t18b_went_to_party" instance_id="ACT17732135331509624" />
<HUMAN_PART_PER m_id="27" RELATED_TO="" TAG_DESCRIPTOR="t18b_shooter" instance_id="HUM17731555438182725" />
<HUMAN_PART_ORG m_id="26" RELATED_TO="" TAG_DESCRIPTOR="t18b_office_company" instance_id="HUM17731760781196568" />
<ACTION_OCCURRENCE m_id="25" RELATED_TO="" TAG_DESCRIPTOR="t18b_party" instance_id="ACT17731503198331596" />
<ACTION_OCCURRENCE m_id="24" RELATED_TO="" TAG_DESCRIPTOR="t18b_killing" instance_id="ACT17731468512044233" />
</Markables>

<Relations>
<CROSS_DOC_COREF r_id="33432" note="ACT17731468512044233" >
  <source m_id="18" />
  <target m_id="24" />
</CROSS_DOC_COREF>
<CROSS_DOC_COREF r_id="33433" note="ACT17731503198331596" >
  <source m_id="14" />
  <target m_id="25" />
</CROSS_DOC_COREF>
<CROSS_DOC_COREF r_id="33434" note="HUM17731760781196568" >
  <target m_id="26" />
</CROSS_DOC_COREF>
<CROSS_DOC_COREF r_id="33435" note="HUM17731555438182725" >
  <source m_id="12" />
  <target m_id="27" />
</CROSS_DOC_COREF>
<CROSS_DOC_COREF r_id="33436" note="ACT17732135331509624" >
  <source m_id="13" />
  <target m_id="28" />
</CROSS_DOC_COREF>
<CROSS_DOC_COREF r_id="33437" note="LOC17731595109995483" >
  <source m_id="23" />
  <target m_id="29" />
</CROSS_DOC_COREF>
<CROSS_DOC_COREF r_id="33438" note="HUM17731813980483037" >
  <source m_id="19" />
  <target m_id="30" />
</CROSS_DOC_COREF>
<CROSS_DOC_COREF r_id="33439" note="ACT17731621786224442" >
  <source m_id="17" />
  <target m_id="31" />
</CROSS_DOC_COREF>
<CROSS_DOC_COREF r_id="33440" note="LOC17731582246028489" >
  <source m_id="20" />
  <target m_id="32" />
</CROSS_DOC_COREF>
<CROSS_DOC_COREF r_id="33441" note="TIM17731705329767162" >
  <source m_id="16" />
  <target m_id="33" />
</CROSS_DOC_COREF>

</Relations>
</Document>
