<Document doc_name="20_1ecbplus.xml" doc_id="DOC15646277681301050">
<token t_id="1" sentence="0" number="0">http</token>
<token t_id="2" sentence="0" number="1">:</token>
<token t_id="3" sentence="0" number="2">/</token>
<token t_id="4" sentence="0" number="3">/</token>
<token t_id="5" sentence="0" number="4">news</token>
<token t_id="6" sentence="0" number="5">.</token>
<token t_id="7" sentence="0" number="6">bbc</token>
<token t_id="8" sentence="0" number="7">.</token>
<token t_id="9" sentence="0" number="8">co</token>
<token t_id="10" sentence="0" number="9">.</token>
<token t_id="11" sentence="0" number="10">uk</token>
<token t_id="12" sentence="0" number="11">/</token>
<token t_id="13" sentence="0" number="12">2</token>
<token t_id="14" sentence="0" number="13">/</token>
<token t_id="15" sentence="0" number="14">hi</token>
<token t_id="16" sentence="0" number="15">/</token>
<token t_id="17" sentence="0" number="16">middle</token>
<token t_id="18" sentence="0" number="17">_</token>
<token t_id="19" sentence="0" number="18">east</token>
<token t_id="20" sentence="0" number="19">/</token>
<token t_id="21" sentence="0" number="20">4475546</token>
<token t_id="22" sentence="0" number="21">.</token>
<token t_id="23" sentence="0" number="22">stm</token>
<token t_id="24" sentence="1" number="0">Last</token>
<token t_id="25" sentence="1" number="1">Updated</token>
<token t_id="26" sentence="1" number="2">:</token>
<token t_id="27" sentence="1" number="3">Monday</token>
<token t_id="28" sentence="1" number="4">,</token>
<token t_id="29" sentence="1" number="5">28</token>
<token t_id="30" sentence="1" number="6">November</token>
<token t_id="31" sentence="1" number="7">2005</token>
<token t_id="32" sentence="1" number="8">,</token>
<token t_id="33" sentence="1" number="9">02</token>
<token t_id="34" sentence="1" number="10">:</token>
<token t_id="35" sentence="1" number="11">24</token>
<token t_id="36" sentence="1" number="12">GMT</token>
<token t_id="37" sentence="2" number="0">Ten</token>
<token t_id="38" sentence="2" number="1">dead</token>
<token t_id="39" sentence="2" number="2">in</token>
<token t_id="40" sentence="2" number="3">southern</token>
<token t_id="41" sentence="2" number="4">Iran</token>
<token t_id="42" sentence="2" number="5">quake</token>
<token t_id="43" sentence="3" number="0">A</token>
<token t_id="44" sentence="3" number="1">powerful</token>
<token t_id="45" sentence="3" number="2">earthquake</token>
<token t_id="46" sentence="3" number="3">has</token>
<token t_id="47" sentence="3" number="4">hit</token>
<token t_id="48" sentence="3" number="5">southern</token>
<token t_id="49" sentence="3" number="6">Iran</token>
<token t_id="50" sentence="3" number="7">,</token>
<token t_id="51" sentence="3" number="8">killing</token>
<token t_id="52" sentence="3" number="9">at</token>
<token t_id="53" sentence="3" number="10">least</token>
<token t_id="54" sentence="3" number="11">10</token>
<token t_id="55" sentence="3" number="12">people</token>
<token t_id="56" sentence="3" number="13">,</token>
<token t_id="57" sentence="3" number="14">injuring</token>
<token t_id="58" sentence="3" number="15">dozens</token>
<token t_id="59" sentence="3" number="16">more</token>
<token t_id="60" sentence="3" number="17">and</token>
<token t_id="61" sentence="3" number="18">damaging</token>
<token t_id="62" sentence="3" number="19">several</token>
<token t_id="63" sentence="3" number="20">villages</token>
<token t_id="64" sentence="3" number="21">,</token>
<token t_id="65" sentence="3" number="22">officials</token>
<token t_id="66" sentence="3" number="23">say</token>
<token t_id="67" sentence="3" number="24">.</token>
<token t_id="68" sentence="4" number="0">The</token>
<token t_id="69" sentence="4" number="1">6</token>
<token t_id="70" sentence="4" number="2">.</token>
<token t_id="71" sentence="4" number="3">1</token>
<token t_id="72" sentence="4" number="4">-</token>
<token t_id="73" sentence="4" number="5">magnitude</token>
<token t_id="74" sentence="4" number="6">quake</token>
<token t_id="75" sentence="4" number="7">struck</token>
<token t_id="76" sentence="4" number="8">Qeshm</token>
<token t_id="77" sentence="4" number="9">island</token>
<token t_id="78" sentence="4" number="10">,</token>
<token t_id="79" sentence="4" number="11">home</token>
<token t_id="80" sentence="4" number="12">to</token>
<token t_id="81" sentence="4" number="13">120</token>
<token t_id="82" sentence="4" number="14">,</token>
<token t_id="83" sentence="4" number="15">000</token>
<token t_id="84" sentence="4" number="16">people</token>
<token t_id="85" sentence="4" number="17">,</token>
<token t_id="86" sentence="4" number="18">and</token>
<token t_id="87" sentence="4" number="19">the</token>
<token t_id="88" sentence="4" number="20">city</token>
<token t_id="89" sentence="4" number="21">of</token>
<token t_id="90" sentence="4" number="22">Bandar</token>
<token t_id="91" sentence="4" number="23">Abbas</token>
<token t_id="92" sentence="4" number="24">,</token>
<token t_id="93" sentence="4" number="25">state</token>
<token t_id="94" sentence="4" number="26">media</token>
<token t_id="95" sentence="4" number="27">said</token>
<token t_id="96" sentence="4" number="28">.</token>
<token t_id="97" sentence="5" number="0">On</token>
<token t_id="98" sentence="5" number="1">Qeshm</token>
<token t_id="99" sentence="5" number="2">island</token>
<token t_id="100" sentence="5" number="3">,</token>
<token t_id="101" sentence="5" number="4">between</token>
<token t_id="102" sentence="5" number="5">half</token>
<token t_id="103" sentence="5" number="6">and</token>
<token t_id="104" sentence="5" number="7">two</token>
<token t_id="105" sentence="5" number="8">-</token>
<token t_id="106" sentence="5" number="9">thirds</token>
<token t_id="107" sentence="5" number="10">of</token>
<token t_id="108" sentence="5" number="11">homes</token>
<token t_id="109" sentence="5" number="12">in</token>
<token t_id="110" sentence="5" number="13">five</token>
<token t_id="111" sentence="5" number="14">villages</token>
<token t_id="112" sentence="5" number="15">had</token>
<token t_id="113" sentence="5" number="16">been</token>
<token t_id="114" sentence="5" number="17">damaged</token>
<token t_id="115" sentence="5" number="18">,</token>
<token t_id="116" sentence="5" number="19">officials</token>
<token t_id="117" sentence="5" number="20">said</token>
<token t_id="118" sentence="5" number="21">.</token>
<token t_id="119" sentence="6" number="0">The</token>
<token t_id="120" sentence="6" number="1">quake</token>
<token t_id="121" sentence="6" number="2">,</token>
<token t_id="122" sentence="6" number="3">which</token>
<token t_id="123" sentence="6" number="4">struck</token>
<token t_id="124" sentence="6" number="5">at</token>
<token t_id="125" sentence="6" number="6">1353</token>
<token t_id="126" sentence="6" number="7">(</token>
<token t_id="127" sentence="6" number="8">1023</token>
<token t_id="128" sentence="6" number="9">GMT</token>
<token t_id="129" sentence="6" number="10">)</token>
<token t_id="130" sentence="6" number="11">,</token>
<token t_id="131" sentence="6" number="12">was</token>
<token t_id="132" sentence="6" number="13">felt</token>
<token t_id="133" sentence="6" number="14">in</token>
<token t_id="134" sentence="6" number="15">the</token>
<token t_id="135" sentence="6" number="16">neighbouring</token>
<token t_id="136" sentence="6" number="17">Gulf</token>
<token t_id="137" sentence="6" number="18">states</token>
<token t_id="138" sentence="6" number="19">of</token>
<token t_id="139" sentence="6" number="20">Oman</token>
<token t_id="140" sentence="6" number="21">and</token>
<token t_id="141" sentence="6" number="22">the</token>
<token t_id="142" sentence="6" number="23">UAE</token>
<token t_id="143" sentence="6" number="24">.</token>
<token t_id="144" sentence="7" number="0">Iran</token>
<token t_id="145" sentence="7" number="1">sits</token>
<token t_id="146" sentence="7" number="2">in</token>
<token t_id="147" sentence="7" number="3">a</token>
<token t_id="148" sentence="7" number="4">volatile</token>
<token t_id="149" sentence="7" number="5">earthquake</token>
<token t_id="150" sentence="7" number="6">region</token>
<token t_id="151" sentence="7" number="7">and</token>
<token t_id="152" sentence="7" number="8">is</token>
<token t_id="153" sentence="7" number="9">regularly</token>
<token t_id="154" sentence="7" number="10">struck</token>
<token t_id="155" sentence="7" number="11">by</token>
<token t_id="156" sentence="7" number="12">damaging</token>
<token t_id="157" sentence="7" number="13">quakes</token>
<token t_id="158" sentence="7" number="14">.</token>
<token t_id="159" sentence="8" number="0">A</token>
<token t_id="160" sentence="8" number="1">6</token>
<token t_id="161" sentence="8" number="2">.</token>
<token t_id="162" sentence="8" number="3">7</token>
<token t_id="163" sentence="8" number="4">-</token>
<token t_id="164" sentence="8" number="5">strength</token>
<token t_id="165" sentence="8" number="6">quake</token>
<token t_id="166" sentence="8" number="7">killed</token>
<token t_id="167" sentence="8" number="8">more</token>
<token t_id="168" sentence="8" number="9">than</token>
<token t_id="169" sentence="8" number="10">26</token>
<token t_id="170" sentence="8" number="11">,</token>
<token t_id="171" sentence="8" number="12">000</token>
<token t_id="172" sentence="8" number="13">people</token>
<token t_id="173" sentence="8" number="14">in</token>
<token t_id="174" sentence="8" number="15">the</token>
<token t_id="175" sentence="8" number="16">ancient</token>
<token t_id="176" sentence="8" number="17">city</token>
<token t_id="177" sentence="8" number="18">of</token>
<token t_id="178" sentence="8" number="19">Bam</token>
<token t_id="179" sentence="8" number="20">in</token>
<token t_id="180" sentence="8" number="21">December</token>
<token t_id="181" sentence="8" number="22">2003</token>
<token t_id="182" sentence="8" number="23">.</token>
<token t_id="183" sentence="9" number="0">'We</token>
<token t_id="184" sentence="9" number="1">panicked'</token>
<token t_id="185" sentence="10" number="0">The</token>
<token t_id="186" sentence="10" number="1">US</token>
<token t_id="187" sentence="10" number="2">Geological</token>
<token t_id="188" sentence="10" number="3">Survey</token>
<token t_id="189" sentence="10" number="4">put</token>
<token t_id="190" sentence="10" number="5">the</token>
<token t_id="191" sentence="10" number="6">epicentre</token>
<token t_id="192" sentence="10" number="7">of</token>
<token t_id="193" sentence="10" number="8">Sunday's</token>
<token t_id="194" sentence="10" number="9">quake</token>
<token t_id="195" sentence="10" number="10">at</token>
<token t_id="196" sentence="10" number="11">about</token>
<token t_id="197" sentence="10" number="12">58km</token>
<token t_id="198" sentence="10" number="13">(</token>
<token t_id="199" sentence="10" number="14">36</token>
<token t_id="200" sentence="10" number="15">miles</token>
<token t_id="201" sentence="10" number="16">)</token>
<token t_id="202" sentence="10" number="17">south</token>
<token t_id="203" sentence="10" number="18">-</token>
<token t_id="204" sentence="10" number="19">west</token>
<token t_id="205" sentence="10" number="20">of</token>
<token t_id="206" sentence="10" number="21">Bandar</token>
<token t_id="207" sentence="10" number="22">Abbas</token>
<token t_id="208" sentence="10" number="23">.</token>
<token t_id="209" sentence="11" number="0">Heydar</token>
<token t_id="210" sentence="11" number="1">Alishbandi</token>
<token t_id="211" sentence="11" number="2">,</token>
<token t_id="212" sentence="11" number="3">Governor</token>
<token t_id="213" sentence="11" number="4">of</token>
<token t_id="214" sentence="11" number="5">Qeshm</token>
<token t_id="215" sentence="11" number="6">island</token>
<token t_id="216" sentence="11" number="7">,</token>
<token t_id="217" sentence="11" number="8">said</token>
<token t_id="218" sentence="11" number="9">five</token>
<token t_id="219" sentence="11" number="10">villages</token>
<token t_id="220" sentence="11" number="11">had</token>
<token t_id="221" sentence="11" number="12">been</token>
<token t_id="222" sentence="11" number="13">badly</token>
<token t_id="223" sentence="11" number="14">hit</token>
<token t_id="224" sentence="11" number="15">,</token>
<token t_id="225" sentence="11" number="16">but</token>
<token t_id="226" sentence="11" number="17">the</token>
<token t_id="227" sentence="11" number="18">worst</token>
<token t_id="228" sentence="11" number="19">-</token>
<token t_id="229" sentence="11" number="20">affected</token>
<token t_id="230" sentence="11" number="21">areas</token>
<token t_id="231" sentence="11" number="22">appeared</token>
<token t_id="232" sentence="11" number="23">to</token>
<token t_id="233" sentence="11" number="24">be</token>
<token t_id="234" sentence="11" number="25">in</token>
<token t_id="235" sentence="11" number="26">the</token>
<token t_id="236" sentence="11" number="27">less</token>
<token t_id="237" sentence="11" number="28">-</token>
<token t_id="238" sentence="11" number="29">populated</token>
<token t_id="239" sentence="11" number="30">west</token>
<token t_id="240" sentence="11" number="31">.</token>
<token t_id="241" sentence="12" number="0">Helicopters</token>
<token t_id="242" sentence="12" number="1">ferried</token>
<token t_id="243" sentence="12" number="2">the</token>
<token t_id="244" sentence="12" number="3">injured</token>
<token t_id="245" sentence="12" number="4">to</token>
<token t_id="246" sentence="12" number="5">hospital</token>
<token t_id="247" sentence="12" number="6">but</token>
<token t_id="248" sentence="12" number="7">the</token>
<token t_id="249" sentence="12" number="8">authorities</token>
<token t_id="250" sentence="12" number="9">say</token>
<token t_id="251" sentence="12" number="10">the</token>
<token t_id="252" sentence="12" number="11">rescue</token>
<token t_id="253" sentence="12" number="12">effort</token>
<token t_id="254" sentence="12" number="13">is</token>
<token t_id="255" sentence="12" number="14">now</token>
<token t_id="256" sentence="12" number="15">winding</token>
<token t_id="257" sentence="12" number="16">down</token>
<token t_id="258" sentence="12" number="17">.</token>
<token t_id="259" sentence="13" number="0">Mr</token>
<token t_id="260" sentence="13" number="1">Alishbandi</token>
<token t_id="261" sentence="13" number="2">told</token>
<token t_id="262" sentence="13" number="3">the</token>
<token t_id="263" sentence="13" number="4">AFP</token>
<token t_id="264" sentence="13" number="5">news</token>
<token t_id="265" sentence="13" number="6">agency</token>
<token t_id="266" sentence="13" number="7">he</token>
<token t_id="267" sentence="13" number="8">was</token>
<token t_id="268" sentence="13" number="9">not</token>
<token t_id="269" sentence="13" number="10">expecting</token>
<token t_id="270" sentence="13" number="11">the</token>
<token t_id="271" sentence="13" number="12">death</token>
<token t_id="272" sentence="13" number="13">toll</token>
<token t_id="273" sentence="13" number="14">to</token>
<token t_id="274" sentence="13" number="15">rise</token>
<token t_id="275" sentence="13" number="16">.</token>
<token t_id="276" sentence="14" number="0">The</token>
<token t_id="277" sentence="14" number="1">BBC's</token>
<token t_id="278" sentence="14" number="2">Frances</token>
<token t_id="279" sentence="14" number="3">Harrison</token>
<token t_id="280" sentence="14" number="4">in</token>
<token t_id="281" sentence="14" number="5">Tehran</token>
<token t_id="282" sentence="14" number="6">says</token>
<token t_id="283" sentence="14" number="7">in</token>
<token t_id="284" sentence="14" number="8">one</token>
<token t_id="285" sentence="14" number="9">incident</token>
<token t_id="286" sentence="14" number="10">a</token>
<token t_id="287" sentence="14" number="11">number</token>
<token t_id="288" sentence="14" number="12">of</token>
<token t_id="289" sentence="14" number="13">children</token>
<token t_id="290" sentence="14" number="14">suffered</token>
<token t_id="291" sentence="14" number="15">broken</token>
<token t_id="292" sentence="14" number="16">legs</token>
<token t_id="293" sentence="14" number="17">as</token>
<token t_id="294" sentence="14" number="18">they</token>
<token t_id="295" sentence="14" number="19">rushed</token>
<token t_id="296" sentence="14" number="20">to</token>
<token t_id="297" sentence="14" number="21">evacuate</token>
<token t_id="298" sentence="14" number="22">their</token>
<token t_id="299" sentence="14" number="23">school</token>
<token t_id="300" sentence="14" number="24">.</token>
<token t_id="301" sentence="15" number="0">The</token>
<token t_id="302" sentence="15" number="1">initial</token>
<token t_id="303" sentence="15" number="2">tremor</token>
<token t_id="304" sentence="15" number="3">lasted</token>
<token t_id="305" sentence="15" number="4">just</token>
<token t_id="306" sentence="15" number="5">over</token>
<token t_id="307" sentence="15" number="6">10</token>
<token t_id="308" sentence="15" number="7">seconds</token>
<token t_id="309" sentence="15" number="8">,</token>
<token t_id="310" sentence="15" number="9">she</token>
<token t_id="311" sentence="15" number="10">says</token>
<token t_id="312" sentence="15" number="11">,</token>
<token t_id="313" sentence="15" number="12">and</token>
<token t_id="314" sentence="15" number="13">there</token>
<token t_id="315" sentence="15" number="14">have</token>
<token t_id="316" sentence="15" number="15">been</token>
<token t_id="317" sentence="15" number="16">at</token>
<token t_id="318" sentence="15" number="17">least</token>
<token t_id="319" sentence="15" number="18">four</token>
<token t_id="320" sentence="15" number="19">aftershocks</token>
<token t_id="321" sentence="15" number="20">of</token>
<token t_id="322" sentence="15" number="21">around</token>
<token t_id="323" sentence="15" number="22">4</token>
<token t_id="324" sentence="15" number="23">.</token>
<token t_id="325" sentence="15" number="24">0</token>
<token t_id="326" sentence="15" number="25">.</token>
<token t_id="327" sentence="16" number="0">Qeshm</token>
<token t_id="328" sentence="16" number="1">is</token>
<token t_id="329" sentence="16" number="2">a</token>
<token t_id="330" sentence="16" number="3">popular</token>
<token t_id="331" sentence="16" number="4">tourist</token>
<token t_id="332" sentence="16" number="5">destination</token>
<token t_id="333" sentence="16" number="6">in</token>
<token t_id="334" sentence="16" number="7">the</token>
<token t_id="335" sentence="16" number="8">mouth</token>
<token t_id="336" sentence="16" number="9">of</token>
<token t_id="337" sentence="16" number="10">the</token>
<token t_id="338" sentence="16" number="11">Persian</token>
<token t_id="339" sentence="16" number="12">gulf</token>
<token t_id="340" sentence="16" number="13">.</token>
<token t_id="341" sentence="17" number="0">It</token>
<token t_id="342" sentence="17" number="1">has</token>
<token t_id="343" sentence="17" number="2">a</token>
<token t_id="344" sentence="17" number="3">free</token>
<token t_id="345" sentence="17" number="4">trade</token>
<token t_id="346" sentence="17" number="5">zone</token>
<token t_id="347" sentence="17" number="6">and</token>
<token t_id="348" sentence="17" number="7">a</token>
<token t_id="349" sentence="17" number="8">commercial</token>
<token t_id="350" sentence="17" number="9">and</token>
<token t_id="351" sentence="17" number="10">fishing</token>
<token t_id="352" sentence="17" number="11">port</token>
<token t_id="353" sentence="17" number="12">as</token>
<token t_id="354" sentence="17" number="13">well</token>
<token t_id="355" sentence="17" number="14">as</token>
<token t_id="356" sentence="17" number="15">a</token>
<token t_id="357" sentence="17" number="16">sanctuary</token>
<token t_id="358" sentence="17" number="17">for</token>
<token t_id="359" sentence="17" number="18">the</token>
<token t_id="360" sentence="17" number="19">conservation</token>
<token t_id="361" sentence="17" number="20">of</token>
<token t_id="362" sentence="17" number="21">turtles</token>
<token t_id="363" sentence="18" number="0">The</token>
<token t_id="364" sentence="18" number="1">main</token>
<token t_id="365" sentence="18" number="2">town</token>
<token t_id="366" sentence="18" number="3">on</token>
<token t_id="367" sentence="18" number="4">Qeshm</token>
<token t_id="368" sentence="18" number="5">still</token>
<token t_id="369" sentence="18" number="6">has</token>
<token t_id="370" sentence="18" number="7">power</token>
<token t_id="371" sentence="18" number="8">,</token>
<token t_id="372" sentence="18" number="9">water</token>
<token t_id="373" sentence="18" number="10">and</token>
<token t_id="374" sentence="18" number="11">electricity</token>
<token t_id="375" sentence="18" number="12">connections</token>
<token t_id="376" sentence="18" number="13">and</token>
<token t_id="377" sentence="18" number="14">officials</token>
<token t_id="378" sentence="18" number="15">say</token>
<token t_id="379" sentence="18" number="16">they</token>
<token t_id="380" sentence="18" number="17">are</token>
<token t_id="381" sentence="18" number="18">sending</token>
<token t_id="382" sentence="18" number="19">relief</token>
<token t_id="383" sentence="18" number="20">goods</token>
<token t_id="384" sentence="18" number="21">such</token>
<token t_id="385" sentence="18" number="22">as</token>
<token t_id="386" sentence="18" number="23">tents</token>
<token t_id="387" sentence="18" number="24">to</token>
<token t_id="388" sentence="18" number="25">those</token>
<token t_id="389" sentence="18" number="26">who</token>
<token t_id="390" sentence="18" number="27">have</token>
<token t_id="391" sentence="18" number="28">lost</token>
<token t_id="392" sentence="18" number="29">their</token>
<token t_id="393" sentence="18" number="30">homes</token>
<token t_id="394" sentence="19" number="0">"We</token>
<token t_id="395" sentence="19" number="1">were</token>
<token t_id="396" sentence="19" number="2">panicked</token>
<token t_id="397" sentence="19" number="3">.</token>
<token t_id="398" sentence="20" number="0">I</token>
<token t_id="399" sentence="20" number="1">saw</token>
<token t_id="400" sentence="20" number="2">an</token>
<token t_id="401" sentence="20" number="3">injured</token>
<token t_id="402" sentence="20" number="4">person</token>
<token t_id="403" sentence="20" number="5">with</token>
<token t_id="404" sentence="20" number="6">blood</token>
<token t_id="405" sentence="20" number="7">on</token>
<token t_id="406" sentence="20" number="8">their</token>
<token t_id="407" sentence="20" number="9">clothes</token>
<token t_id="408" sentence="20" number="10">being</token>
<token t_id="409" sentence="20" number="11">taken</token>
<token t_id="410" sentence="20" number="12">to</token>
<token t_id="411" sentence="20" number="13">a</token>
<token t_id="412" sentence="20" number="14">local</token>
<token t_id="413" sentence="20" number="15">hospital</token>
<token t_id="414" sentence="20" number="16">,</token>
<token t_id="415" sentence="20" number="17">"</token>
<token t_id="416" sentence="20" number="18">one</token>
<token t_id="417" sentence="20" number="19">woman</token>
<token t_id="418" sentence="20" number="20">in</token>
<token t_id="419" sentence="20" number="21">Qeshm</token>
<token t_id="420" sentence="20" number="22">told</token>
<token t_id="421" sentence="20" number="23">AFP</token>
<token t_id="422" sentence="20" number="24">.</token>
<token t_id="423" sentence="21" number="0">There</token>
<token t_id="424" sentence="21" number="1">were</token>
<token t_id="425" sentence="21" number="2">reports</token>
<token t_id="426" sentence="21" number="3">of</token>
<token t_id="427" sentence="21" number="4">people</token>
<token t_id="428" sentence="21" number="5">fleeing</token>
<token t_id="429" sentence="21" number="6">buildings</token>
<token t_id="430" sentence="21" number="7">in</token>
<token t_id="431" sentence="21" number="8">the</token>
<token t_id="432" sentence="21" number="9">larger</token>
<token t_id="433" sentence="21" number="10">city</token>
<token t_id="434" sentence="21" number="11">of</token>
<token t_id="435" sentence="21" number="12">Bandar</token>
<token t_id="436" sentence="21" number="13">Abbas</token>
<token t_id="437" sentence="21" number="14">,</token>
<token t_id="438" sentence="21" number="15">a</token>
<token t_id="439" sentence="21" number="16">major</token>
<token t_id="440" sentence="21" number="17">port</token>
<token t_id="441" sentence="21" number="18">,</token>
<token t_id="442" sentence="21" number="19">but</token>
<token t_id="443" sentence="21" number="20">no</token>
<token t_id="444" sentence="21" number="21">indications</token>
<token t_id="445" sentence="21" number="22">of</token>
<token t_id="446" sentence="21" number="23">serious</token>
<token t_id="447" sentence="21" number="24">damage</token>
<token t_id="448" sentence="21" number="25">.</token>
<token t_id="449" sentence="22" number="0">The</token>
<token t_id="450" sentence="22" number="1">surrounding</token>
<token t_id="451" sentence="22" number="2">area</token>
<token t_id="452" sentence="22" number="3">has</token>
<token t_id="453" sentence="22" number="4">not</token>
<token t_id="454" sentence="22" number="5">been</token>
<token t_id="455" sentence="22" number="6">hit</token>
<token t_id="456" sentence="22" number="7">by</token>
<token t_id="457" sentence="22" number="8">a</token>
<token t_id="458" sentence="22" number="9">quake</token>
<token t_id="459" sentence="22" number="10">in</token>
<token t_id="460" sentence="22" number="11">more</token>
<token t_id="461" sentence="22" number="12">than</token>
<token t_id="462" sentence="22" number="13">25</token>
<token t_id="463" sentence="22" number="14">years</token>
<token t_id="464" sentence="22" number="15">.</token>
<token t_id="465" sentence="23" number="0">A</token>
<token t_id="466" sentence="23" number="1">6</token>
<token t_id="467" sentence="23" number="2">.</token>
<token t_id="468" sentence="23" number="3">4</token>
<token t_id="469" sentence="23" number="4">-</token>
<token t_id="470" sentence="23" number="5">magnitude</token>
<token t_id="471" sentence="23" number="6">quake</token>
<token t_id="472" sentence="23" number="7">hit</token>
<token t_id="473" sentence="23" number="8">the</token>
<token t_id="474" sentence="23" number="9">town</token>
<token t_id="475" sentence="23" number="10">of</token>
<token t_id="476" sentence="23" number="11">Zarand</token>
<token t_id="477" sentence="23" number="12">in</token>
<token t_id="478" sentence="23" number="13">Iran's</token>
<token t_id="479" sentence="23" number="14">Kerman</token>
<token t_id="480" sentence="23" number="15">province</token>
<token t_id="481" sentence="23" number="16">in</token>
<token t_id="482" sentence="23" number="17">February</token>
<token t_id="483" sentence="23" number="18">,</token>
<token t_id="484" sentence="23" number="19">killing</token>
<token t_id="485" sentence="23" number="20">hundreds</token>
<token t_id="486" sentence="23" number="21">of</token>
<token t_id="487" sentence="23" number="22">people</token>
<token t_id="488" sentence="23" number="23">.</token>
<Markables>
<ACTION_OCCURRENCE m_id="12"  >
  <token_anchor t_id="47"/>
</ACTION_OCCURRENCE>
<ACTION_OCCURRENCE m_id="50"  >
  <token_anchor t_id="120"/>
</ACTION_OCCURRENCE>
<ACTION_OCCURRENCE m_id="51"  >
  <token_anchor t_id="123"/>
</ACTION_OCCURRENCE>
<ACTION_OCCURRENCE m_id="52"  >
  <token_anchor t_id="132"/>
</ACTION_OCCURRENCE>
<ACTION_OCCURRENCE m_id="16"  >
  <token_anchor t_id="74"/>
</ACTION_OCCURRENCE>
<ACTION_OCCURRENCE m_id="17"  >
  <token_anchor t_id="114"/>
</ACTION_OCCURRENCE>
<ACTION_OCCURRENCE m_id="18"  >
  <token_anchor t_id="223"/>
</ACTION_OCCURRENCE>
<ACTION_OCCURRENCE m_id="19"  >
  <token_anchor t_id="229"/>
</ACTION_OCCURRENCE>
<ACTION_OCCURRENCE m_id="20"  >
  <token_anchor t_id="303"/>
</ACTION_OCCURRENCE>
<ACTION_OCCURRENCE m_id="21"  >
  <token_anchor t_id="304"/>
</ACTION_OCCURRENCE>
<ACTION_OCCURRENCE m_id="22"  >
  <token_anchor t_id="320"/>
</ACTION_OCCURRENCE>
<ACTION_OCCURRENCE m_id="23"  >
  <token_anchor t_id="75"/>
</ACTION_OCCURRENCE>
<ACTION_OCCURRENCE m_id="35"  >
  <token_anchor t_id="231"/>
</ACTION_OCCURRENCE>
<ACTION_OCCURRENCE m_id="4"  >
  <token_anchor t_id="42"/>
</ACTION_OCCURRENCE>
<ACTION_OCCURRENCE m_id="5"  >
  <token_anchor t_id="45"/>
</ACTION_OCCURRENCE>
<ACTION_OCCURRENCE m_id="6"  >
  <token_anchor t_id="51"/>
</ACTION_OCCURRENCE>
<ACTION_OCCURRENCE m_id="38"  >
  <token_anchor t_id="316"/>
</ACTION_OCCURRENCE>
<ACTION_OCCURRENCE m_id="7"  >
  <token_anchor t_id="57"/>
</ACTION_OCCURRENCE>
<ACTION_OCCURRENCE m_id="8"  >
  <token_anchor t_id="61"/>
</ACTION_OCCURRENCE>
<ACTION_REPORTING m_id="11"  >
  <token_anchor t_id="66"/>
</ACTION_REPORTING>
<ACTION_REPORTING m_id="24"  >
  <token_anchor t_id="95"/>
</ACTION_REPORTING>
<ACTION_REPORTING m_id="25"  >
  <token_anchor t_id="217"/>
</ACTION_REPORTING>
<ACTION_REPORTING m_id="26"  >
  <token_anchor t_id="311"/>
</ACTION_REPORTING>
<ACTION_REPORTING m_id="29"  >
  <token_anchor t_id="117"/>
</ACTION_REPORTING>
<ACTION_STATE m_id="39"  >
  <token_anchor t_id="323"/>
  <token_anchor t_id="324"/>
  <token_anchor t_id="325"/>
</ACTION_STATE>
<HUMAN_PART_ORG m_id="49"  >
  <token_anchor t_id="93"/>
  <token_anchor t_id="94"/>
</HUMAN_PART_ORG>
<HUMAN_PART_PER m_id="10"  >
  <token_anchor t_id="65"/>
</HUMAN_PART_PER>
<HUMAN_PART_PER m_id="14"  >
  <token_anchor t_id="55"/>
</HUMAN_PART_PER>
<HUMAN_PART_PER m_id="15"  >
  <token_anchor t_id="58"/>
</HUMAN_PART_PER>
<HUMAN_PART_PER m_id="30"  >
  <token_anchor t_id="116"/>
</HUMAN_PART_PER>
<HUMAN_PART_PER m_id="31"  >
  <token_anchor t_id="209"/>
  <token_anchor t_id="210"/>
</HUMAN_PART_PER>
<HUMAN_PART_PER m_id="32"  >
  <token_anchor t_id="310"/>
</HUMAN_PART_PER>
<LOC_GEO m_id="45"  >
  <token_anchor t_id="97"/>
  <token_anchor t_id="98"/>
  <token_anchor t_id="99"/>
</LOC_GEO>
<LOC_GEO m_id="13"  >
  <token_anchor t_id="48"/>
  <token_anchor t_id="49"/>
  <token_anchor t_id="50"/>
</LOC_GEO>
<LOC_GEO m_id="53"  >
  <token_anchor t_id="134"/>
  <token_anchor t_id="135"/>
  <token_anchor t_id="136"/>
  <token_anchor t_id="137"/>
  <token_anchor t_id="138"/>
  <token_anchor t_id="139"/>
</LOC_GEO>
<LOC_GEO m_id="54"  >
  <token_anchor t_id="141"/>
  <token_anchor t_id="142"/>
</LOC_GEO>
<LOC_GEO m_id="27"  >
  <token_anchor t_id="76"/>
  <token_anchor t_id="77"/>
</LOC_GEO>
<LOC_GEO m_id="34"  >
  <token_anchor t_id="230"/>
</LOC_GEO>
<LOC_GEO m_id="3"  >
  <token_anchor t_id="39"/>
  <token_anchor t_id="40"/>
  <token_anchor t_id="41"/>
</LOC_GEO>
<LOC_GEO m_id="36"  >
  <token_anchor t_id="234"/>
  <token_anchor t_id="235"/>
  <token_anchor t_id="236"/>
  <token_anchor t_id="237"/>
  <token_anchor t_id="238"/>
  <token_anchor t_id="239"/>
</LOC_GEO>
<NON_HUMAN_PART m_id="44"  >
  <token_anchor t_id="108"/>
</NON_HUMAN_PART>
<TIME_DURATION m_id="37"  >
  <token_anchor t_id="305"/>
  <token_anchor t_id="306"/>
  <token_anchor t_id="307"/>
  <token_anchor t_id="308"/>
</TIME_DURATION>
<TIME_OF_THE_DAY m_id="55"  >
  <token_anchor t_id="124"/>
  <token_anchor t_id="125"/>
  <token_anchor t_id="126"/>
  <token_anchor t_id="127"/>
  <token_anchor t_id="128"/>
  <token_anchor t_id="129"/>
</TIME_OF_THE_DAY>
<TIME_OF_THE_DAY m_id="1"  >
  <token_anchor t_id="27"/>
  <token_anchor t_id="28"/>
  <token_anchor t_id="29"/>
  <token_anchor t_id="30"/>
  <token_anchor t_id="31"/>
  <token_anchor t_id="32"/>
  <token_anchor t_id="33"/>
  <token_anchor t_id="34"/>
  <token_anchor t_id="35"/>
  <token_anchor t_id="36"/>
</TIME_OF_THE_DAY>


<NON_HUMAN_PART m_id="56" note="byCROMER" >
  <token_anchor t_id="218"/>
  <token_anchor t_id="219"/>
</NON_HUMAN_PART>
<HUMAN_PART_PER m_id="57" note="byCROMER" >
  <token_anchor t_id="37"/>
</HUMAN_PART_PER>
<NON_HUMAN_PART m_id="58" note="byCROMER" >
  <token_anchor t_id="109"/>
  <token_anchor t_id="110"/>
  <token_anchor t_id="111"/>
</NON_HUMAN_PART>
<ACTION_OCCURRENCE m_id="59" note="byCROMER" >
  <token_anchor t_id="38"/>
</ACTION_OCCURRENCE>
<NON_HUMAN_PART m_id="60" note="byCROMER" >
  <token_anchor t_id="62"/>
  <token_anchor t_id="63"/>
</NON_HUMAN_PART>
<LOC_GEO m_id="61" note="byCROMER" >
  <token_anchor t_id="87"/>
  <token_anchor t_id="88"/>
  <token_anchor t_id="89"/>
  <token_anchor t_id="90"/>
  <token_anchor t_id="91"/>
</LOC_GEO>


<HUMAN_PART_PER m_id="80" RELATED_TO="" TAG_DESCRIPTOR="t20_people_killed" instance_id="HUM18002010984170151" />
<NON_HUMAN_PART m_id="69" RELATED_TO="" TAG_DESCRIPTOR="t20_villages" instance_id="NON18002560353210415" />
<HUMAN_PART_PER m_id="68" RELATED_TO="" TAG_DESCRIPTOR="t20_injured_people" instance_id="HUM18001993603753566" />
<HUMAN_PART_PER m_id="67" RELATED_TO="" TAG_DESCRIPTOR="t20_governer" instance_id="HUM18002851057738379" />
<ACTION_OCCURRENCE m_id="66" RELATED_TO="" TAG_DESCRIPTOR="t20_struck" instance_id="ACT17822303993286740" />
<LOC_GEO m_id="65" RELATED_TO="" TAG_DESCRIPTOR="t20_bandar_abbas" instance_id="LOC28373645517006867" />
<ACTION_OCCURRENCE m_id="64" RELATED_TO="" TAG_DESCRIPTOR="t20_killed" instance_id="ACT17821802167919676" />
<ACTION_OCCURRENCE m_id="63" RELATED_TO="" TAG_DESCRIPTOR="t20_felt" instance_id="ACT17822247967514355" />
<HUMAN_PART_ORG m_id="62" RELATED_TO="" TAG_DESCRIPTOR="t20_state_media" instance_id="HUM18001976467500000" />
<ACTION_OCCURRENCE m_id="79" RELATED_TO="" TAG_DESCRIPTOR="t20_injured" instance_id="ACT17821791897870910" />
<HUMAN_PART_PER m_id="78" RELATED_TO="" TAG_DESCRIPTOR="t20_officials" instance_id="HUM18002024904250556" />
<LOC_GEO m_id="77" RELATED_TO="" TAG_DESCRIPTOR="t20_southern_iran" instance_id="LOC18003255740560286" />
<LOC_GEO m_id="76" RELATED_TO="" TAG_DESCRIPTOR="t20_qeshm" instance_id="LOC18002535573514489" />
<ACTION_REPORTING m_id="75" RELATED_TO="" TAG_DESCRIPTOR="t20_officials_said" instance_id="ACT18002879768245310" />
<ACTION_OCCURRENCE m_id="74" RELATED_TO="" TAG_DESCRIPTOR="t20_aftershocks" instance_id="ACT17821815048905207" />
<ACTION_OCCURRENCE m_id="73" RELATED_TO="" TAG_DESCRIPTOR="t20_destroyed_villages" instance_id="ACT17822267297450810" />
<ACTION_REPORTING m_id="72" RELATED_TO="" TAG_DESCRIPTOR="t20_state_media_said" instance_id="ACT17822409769669335" />
<ACTION_OCCURRENCE m_id="71" RELATED_TO="" TAG_DESCRIPTOR="t20_earthquake" instance_id="ACT17821472137518203" />
<ACTION_REPORTING m_id="70" RELATED_TO="" TAG_DESCRIPTOR="t20_governer_said" instance_id="ACT18001888457194058" />
</Markables>

<Relations>
<CROSS_DOC_COREF r_id="41225" note="HUM18001976467500000" >
  <source m_id="49" />
  <target m_id="62" />
</CROSS_DOC_COREF>
<CROSS_DOC_COREF r_id="41226" note="ACT17822247967514355" >
  <source m_id="52" />
  <target m_id="63" />
</CROSS_DOC_COREF>
<CROSS_DOC_COREF r_id="41227" note="ACT17821802167919676" >
  <source m_id="59" />
  <source m_id="6" />
  <target m_id="64" />
</CROSS_DOC_COREF>
<CROSS_DOC_COREF r_id="41228" note="LOC28373645517006867" >
  <source m_id="61" />
  <target m_id="65" />
</CROSS_DOC_COREF>
<CROSS_DOC_COREF r_id="41229" note="ACT17822303993286740" >
  <source m_id="18" />
  <source m_id="51" />
  <source m_id="12" />
  <source m_id="23" />
  <target m_id="66" />
</CROSS_DOC_COREF>
<CROSS_DOC_COREF r_id="41230" note="HUM18002851057738379" >
  <source m_id="31" />
  <target m_id="67" />
</CROSS_DOC_COREF>
<CROSS_DOC_COREF r_id="41231" note="HUM18001993603753566" >
  <source m_id="15" />
  <target m_id="68" />
</CROSS_DOC_COREF>
<CROSS_DOC_COREF r_id="41232" note="NON18002560353210415" >
  <source m_id="56" />
  <source m_id="58" />
  <source m_id="60" />
  <target m_id="69" />
</CROSS_DOC_COREF>
<CROSS_DOC_COREF r_id="41233" note="ACT18001888457194058" >
  <source m_id="25" />
  <target m_id="70" />
</CROSS_DOC_COREF>
<CROSS_DOC_COREF r_id="41234" note="ACT17821472137518203" >
  <source m_id="4" />
  <source m_id="5" />
  <source m_id="20" />
  <source m_id="50" />
  <source m_id="16" />
  <target m_id="71" />
</CROSS_DOC_COREF>
<CROSS_DOC_COREF r_id="41235" note="ACT17822409769669335" >
  <source m_id="24" />
  <target m_id="72" />
</CROSS_DOC_COREF>
<CROSS_DOC_COREF r_id="41236" note="ACT17822267297450810" >
  <source m_id="17" />
  <source m_id="8" />
  <target m_id="73" />
</CROSS_DOC_COREF>
<CROSS_DOC_COREF r_id="41237" note="ACT17821815048905207" >
  <source m_id="22" />
  <target m_id="74" />
</CROSS_DOC_COREF>
<CROSS_DOC_COREF r_id="41238" note="ACT18002879768245310" >
  <source m_id="29" />
  <target m_id="75" />
</CROSS_DOC_COREF>
<CROSS_DOC_COREF r_id="41239" note="LOC18002535573514489" >
  <source m_id="45" />
  <source m_id="27" />
  <target m_id="76" />
</CROSS_DOC_COREF>
<CROSS_DOC_COREF r_id="41240" note="LOC18003255740560286" >
  <source m_id="3" />
  <source m_id="13" />
  <target m_id="77" />
</CROSS_DOC_COREF>
<CROSS_DOC_COREF r_id="41241" note="HUM18002024904250556" >
  <source m_id="30" />
  <source m_id="10" />
  <target m_id="78" />
</CROSS_DOC_COREF>
<CROSS_DOC_COREF r_id="41242" note="ACT17821791897870910" >
  <source m_id="7" />
  <target m_id="79" />
</CROSS_DOC_COREF>
<CROSS_DOC_COREF r_id="41243" note="HUM18002010984170151" >
  <source m_id="14" />
  <source m_id="57" />
  <target m_id="80" />
</CROSS_DOC_COREF>

</Relations>
</Document>
