<Document doc_name="20_11ecbplus.xml" doc_id="DOC15646277411973761">
<token t_id="1" sentence="0" number="0">http</token>
<token t_id="2" sentence="0" number="1">:</token>
<token t_id="3" sentence="0" number="2">/</token>
<token t_id="4" sentence="0" number="3">/</token>
<token t_id="5" sentence="0" number="4">articles</token>
<token t_id="6" sentence="0" number="5">.</token>
<token t_id="7" sentence="0" number="6">latimes</token>
<token t_id="8" sentence="0" number="7">.</token>
<token t_id="9" sentence="0" number="8">com</token>
<token t_id="10" sentence="0" number="9">/</token>
<token t_id="11" sentence="0" number="10">2005</token>
<token t_id="12" sentence="0" number="11">/</token>
<token t_id="13" sentence="0" number="12">nov</token>
<token t_id="14" sentence="0" number="13">/</token>
<token t_id="15" sentence="0" number="14">28</token>
<token t_id="16" sentence="0" number="15">/</token>
<token t_id="17" sentence="0" number="16">world</token>
<token t_id="18" sentence="0" number="17">/</token>
<token t_id="19" sentence="0" number="18">fg</token>
<token t_id="20" sentence="0" number="19">-</token>
<token t_id="21" sentence="0" number="20">quake28</token>
<token t_id="22" sentence="1" number="0">Earthquake</token>
<token t_id="23" sentence="1" number="1">Levels</token>
<token t_id="24" sentence="1" number="2">Villages</token>
<token t_id="25" sentence="1" number="3">on</token>
<token t_id="26" sentence="1" number="4">Iranian</token>
<token t_id="27" sentence="1" number="5">Island</token>
<token t_id="28" sentence="1" number="6">of</token>
<token t_id="29" sentence="1" number="7">Qeshm</token>
<token t_id="30" sentence="2" number="0">Ten</token>
<token t_id="31" sentence="2" number="1">people</token>
<token t_id="32" sentence="2" number="2">are</token>
<token t_id="33" sentence="2" number="3">killed</token>
<token t_id="34" sentence="2" number="4">and</token>
<token t_id="35" sentence="2" number="5">about</token>
<token t_id="36" sentence="2" number="6">50</token>
<token t_id="37" sentence="2" number="7">hurt</token>
<token t_id="38" sentence="2" number="8">.</token>
<token t_id="39" sentence="3" number="0">U</token>
<token t_id="40" sentence="3" number="1">.</token>
<token t_id="41" sentence="3" number="2">S</token>
<token t_id="42" sentence="3" number="3">.</token>
<token t_id="43" sentence="3" number="4">Geological</token>
<token t_id="44" sentence="3" number="5">Survey</token>
<token t_id="45" sentence="3" number="6">puts</token>
<token t_id="46" sentence="3" number="7">the</token>
<token t_id="47" sentence="3" number="8">magnitude</token>
<token t_id="48" sentence="3" number="9">at</token>
<token t_id="49" sentence="3" number="10">6</token>
<token t_id="50" sentence="3" number="11">.</token>
<token t_id="51" sentence="3" number="12">1</token>
<token t_id="52" sentence="3" number="13">.</token>
<token t_id="53" sentence="4" number="0">November</token>
<token t_id="54" sentence="4" number="1">28</token>
<token t_id="55" sentence="4" number="2">,</token>
<token t_id="56" sentence="4" number="3">2005</token>
<token t_id="57" sentence="5" number="0">Ten</token>
<token t_id="58" sentence="5" number="1">people</token>
<token t_id="59" sentence="5" number="2">were</token>
<token t_id="60" sentence="5" number="3">killed</token>
<token t_id="61" sentence="5" number="4">and</token>
<token t_id="62" sentence="5" number="5">at</token>
<token t_id="63" sentence="5" number="6">least</token>
<token t_id="64" sentence="5" number="7">50</token>
<token t_id="65" sentence="5" number="8">injured</token>
<token t_id="66" sentence="5" number="9">when</token>
<token t_id="67" sentence="5" number="10">an</token>
<token t_id="68" sentence="5" number="11">earthquake</token>
<token t_id="69" sentence="5" number="12">razed</token>
<token t_id="70" sentence="5" number="13">mud</token>
<token t_id="71" sentence="5" number="14">-</token>
<token t_id="72" sentence="5" number="15">brick</token>
<token t_id="73" sentence="5" number="16">villages</token>
<token t_id="74" sentence="5" number="17">on</token>
<token t_id="75" sentence="5" number="18">the</token>
<token t_id="76" sentence="5" number="19">Persian</token>
<token t_id="77" sentence="5" number="20">Gulf</token>
<token t_id="78" sentence="5" number="21">island</token>
<token t_id="79" sentence="5" number="22">of</token>
<token t_id="80" sentence="5" number="23">Qeshm</token>
<token t_id="81" sentence="5" number="24">off</token>
<token t_id="82" sentence="5" number="25">Iran's</token>
<token t_id="83" sentence="5" number="26">southern</token>
<token t_id="84" sentence="5" number="27">coast</token>
<token t_id="85" sentence="5" number="28">Sunday</token>
<token t_id="86" sentence="5" number="29">,</token>
<token t_id="87" sentence="5" number="30">officials</token>
<token t_id="88" sentence="5" number="31">and</token>
<token t_id="89" sentence="5" number="32">state</token>
<token t_id="90" sentence="5" number="33">media</token>
<token t_id="91" sentence="5" number="34">said</token>
<token t_id="92" sentence="5" number="35">.</token>
<token t_id="93" sentence="6" number="0">Tehran's</token>
<token t_id="94" sentence="6" number="1">seismologic</token>
<token t_id="95" sentence="6" number="2">center</token>
<token t_id="96" sentence="6" number="3">put</token>
<token t_id="97" sentence="6" number="4">the</token>
<token t_id="98" sentence="6" number="5">quake's</token>
<token t_id="99" sentence="6" number="6">magnitude</token>
<token t_id="100" sentence="6" number="7">at</token>
<token t_id="101" sentence="6" number="8">5</token>
<token t_id="102" sentence="6" number="9">.</token>
<token t_id="103" sentence="6" number="10">9</token>
<token t_id="104" sentence="6" number="11">,</token>
<token t_id="105" sentence="6" number="12">but</token>
<token t_id="106" sentence="6" number="13">the</token>
<token t_id="107" sentence="6" number="14">U</token>
<token t_id="108" sentence="6" number="15">.</token>
<token t_id="109" sentence="6" number="16">S</token>
<token t_id="110" sentence="6" number="17">.</token>
<token t_id="111" sentence="6" number="18">Geological</token>
<token t_id="112" sentence="6" number="19">Survey</token>
<token t_id="113" sentence="6" number="20">in</token>
<token t_id="114" sentence="6" number="21">Golden</token>
<token t_id="115" sentence="6" number="22">,</token>
<token t_id="116" sentence="6" number="23">Colo</token>
<token t_id="117" sentence="6" number="24">.</token>
<token t_id="118" sentence="6" number="25">,</token>
<token t_id="119" sentence="6" number="26">said</token>
<token t_id="120" sentence="6" number="27">it</token>
<token t_id="121" sentence="6" number="28">was</token>
<token t_id="122" sentence="6" number="29">6</token>
<token t_id="123" sentence="6" number="30">.</token>
<token t_id="124" sentence="6" number="31">1</token>
<token t_id="125" sentence="6" number="32">.</token>
<token t_id="126" sentence="7" number="0">A</token>
<token t_id="127" sentence="7" number="1">magnitude</token>
<token t_id="128" sentence="7" number="2">6</token>
<token t_id="129" sentence="7" number="3">quake</token>
<token t_id="130" sentence="7" number="4">can</token>
<token t_id="131" sentence="7" number="5">cause</token>
<token t_id="132" sentence="7" number="6">severe</token>
<token t_id="133" sentence="7" number="7">damage</token>
<token t_id="134" sentence="7" number="8">.</token>
<token t_id="135" sentence="8" number="0">The</token>
<token t_id="136" sentence="8" number="1">temblor</token>
<token t_id="137" sentence="8" number="2">was</token>
<token t_id="138" sentence="8" number="3">felt</token>
<token t_id="139" sentence="8" number="4">across</token>
<token t_id="140" sentence="8" number="5">the</token>
<token t_id="141" sentence="8" number="6">gulf</token>
<token t_id="142" sentence="8" number="7">in</token>
<token t_id="143" sentence="8" number="8">Oman</token>
<token t_id="144" sentence="8" number="9">and</token>
<token t_id="145" sentence="8" number="10">the</token>
<token t_id="146" sentence="8" number="11">United</token>
<token t_id="147" sentence="8" number="12">Arab</token>
<token t_id="148" sentence="8" number="13">Emirates</token>
<token t_id="149" sentence="8" number="14">.</token>
<token t_id="150" sentence="9" number="0">State</token>
<token t_id="151" sentence="9" number="1">-</token>
<token t_id="152" sentence="9" number="2">run</token>
<token t_id="153" sentence="9" number="3">TV</token>
<token t_id="154" sentence="9" number="4">reported</token>
<token t_id="155" sentence="9" number="5">that</token>
<token t_id="156" sentence="9" number="6">the</token>
<token t_id="157" sentence="9" number="7">island's</token>
<token t_id="158" sentence="9" number="8">airport</token>
<token t_id="159" sentence="9" number="9">sustained</token>
<token t_id="160" sentence="9" number="10">minor</token>
<token t_id="161" sentence="9" number="11">damage</token>
<token t_id="162" sentence="9" number="12">,</token>
<token t_id="163" sentence="9" number="13">and</token>
<token t_id="164" sentence="9" number="14">part</token>
<token t_id="165" sentence="9" number="15">of</token>
<token t_id="166" sentence="9" number="16">a</token>
<token t_id="167" sentence="9" number="17">hospital</token>
<token t_id="168" sentence="9" number="18">collapsed</token>
<token t_id="169" sentence="9" number="19">.</token>
<token t_id="170" sentence="10" number="0">No</token>
<token t_id="171" sentence="10" number="1">further</token>
<token t_id="172" sentence="10" number="2">details</token>
<token t_id="173" sentence="10" number="3">on</token>
<token t_id="174" sentence="10" number="4">structural</token>
<token t_id="175" sentence="10" number="5">damage</token>
<token t_id="176" sentence="10" number="6">were</token>
<token t_id="177" sentence="10" number="7">provided</token>
<token t_id="178" sentence="10" number="8">.</token>
<token t_id="179" sentence="11" number="0">State</token>
<token t_id="180" sentence="11" number="1">media</token>
<token t_id="181" sentence="11" number="2">said</token>
<token t_id="182" sentence="11" number="3">three</token>
<token t_id="183" sentence="11" number="4">strong</token>
<token t_id="184" sentence="11" number="5">aftershocks</token>
<token t_id="185" sentence="11" number="6">were</token>
<token t_id="186" sentence="11" number="7">felt</token>
<token t_id="187" sentence="11" number="8">.</token>
<token t_id="188" sentence="12" number="0">"The</token>
<token t_id="189" sentence="12" number="1">earthquake</token>
<token t_id="190" sentence="12" number="2">was</token>
<token t_id="191" sentence="12" number="3">really</token>
<token t_id="192" sentence="12" number="4">strong</token>
<token t_id="193" sentence="12" number="5">,</token>
<token t_id="194" sentence="12" number="6">and</token>
<token t_id="195" sentence="12" number="7">people</token>
<token t_id="196" sentence="12" number="8">poured</token>
<token t_id="197" sentence="12" number="9">into</token>
<token t_id="198" sentence="12" number="10">the</token>
<token t_id="199" sentence="12" number="11">streets</token>
<token t_id="200" sentence="12" number="12">in</token>
<token t_id="201" sentence="12" number="13">panic</token>
<token t_id="202" sentence="12" number="14">.</token>
<token t_id="203" sentence="13" number="0">My</token>
<token t_id="204" sentence="13" number="1">husband</token>
<token t_id="205" sentence="13" number="2">immediately</token>
<token t_id="206" sentence="13" number="3">rushed</token>
<token t_id="207" sentence="13" number="4">off</token>
<token t_id="208" sentence="13" number="5">to</token>
<token t_id="209" sentence="13" number="6">one</token>
<token t_id="210" sentence="13" number="7">of</token>
<token t_id="211" sentence="13" number="8">the</token>
<token t_id="212" sentence="13" number="9">stricken</token>
<token t_id="213" sentence="13" number="10">villages</token>
<token t_id="214" sentence="13" number="11">,</token>
<token t_id="215" sentence="13" number="12">"</token>
<token t_id="216" sentence="13" number="13">said</token>
<token t_id="217" sentence="13" number="14">Sara</token>
<token t_id="218" sentence="13" number="15">Sadeqi</token>
<token t_id="219" sentence="13" number="16">,</token>
<token t_id="220" sentence="13" number="17">22</token>
<token t_id="221" sentence="13" number="18">,</token>
<token t_id="222" sentence="13" number="19">a</token>
<token t_id="223" sentence="13" number="20">homemaker</token>
<token t_id="224" sentence="13" number="21">in</token>
<token t_id="225" sentence="13" number="22">Qeshm</token>
<token t_id="226" sentence="13" number="23">City</token>
<token t_id="227" sentence="13" number="24">.</token>
<token t_id="228" sentence="14" number="0">State</token>
<token t_id="229" sentence="14" number="1">television</token>
<token t_id="230" sentence="14" number="2">quoted</token>
<token t_id="231" sentence="14" number="3">the</token>
<token t_id="232" sentence="14" number="4">disaster</token>
<token t_id="233" sentence="14" number="5">center</token>
<token t_id="234" sentence="14" number="6">in</token>
<token t_id="235" sentence="14" number="7">the</token>
<token t_id="236" sentence="14" number="8">province</token>
<token t_id="237" sentence="14" number="9">of</token>
<token t_id="238" sentence="14" number="10">Hormozgan</token>
<token t_id="239" sentence="14" number="11">as</token>
<token t_id="240" sentence="14" number="12">saying</token>
<token t_id="241" sentence="14" number="13">10</token>
<token t_id="242" sentence="14" number="14">people</token>
<token t_id="243" sentence="14" number="15">were</token>
<token t_id="244" sentence="14" number="16">killed</token>
<token t_id="245" sentence="14" number="17">.</token>
<token t_id="246" sentence="15" number="0">Qeshm</token>
<token t_id="247" sentence="15" number="1">Gov</token>
<token t_id="248" sentence="15" number="2">.</token>
<token t_id="249" sentence="15" number="3">Heidar</token>
<token t_id="250" sentence="15" number="4">Alishvandi</token>
<token t_id="251" sentence="15" number="5">said</token>
<token t_id="252" sentence="15" number="6">50</token>
<token t_id="253" sentence="15" number="7">were</token>
<token t_id="254" sentence="15" number="8">injured</token>
<token t_id="255" sentence="15" number="9">.</token>
<token t_id="256" sentence="16" number="0">Mohsen</token>
<token t_id="257" sentence="16" number="1">Kazemi</token>
<token t_id="258" sentence="16" number="2">from</token>
<token t_id="259" sentence="16" number="3">Iran's</token>
<token t_id="260" sentence="16" number="4">Red</token>
<token t_id="261" sentence="16" number="5">Crescent</token>
<token t_id="262" sentence="16" number="6">relief</token>
<token t_id="263" sentence="16" number="7">agency</token>
<token t_id="264" sentence="16" number="8">said</token>
<token t_id="265" sentence="16" number="9">the</token>
<token t_id="266" sentence="16" number="10">four</token>
<token t_id="267" sentence="16" number="11">hardest</token>
<token t_id="268" sentence="16" number="12">-</token>
<token t_id="269" sentence="16" number="13">hit</token>
<token t_id="270" sentence="16" number="14">villages</token>
<token t_id="271" sentence="16" number="15">were</token>
<token t_id="272" sentence="16" number="16">Tonban</token>
<token t_id="273" sentence="16" number="17">,</token>
<token t_id="274" sentence="16" number="18">Gavarzin</token>
<token t_id="275" sentence="16" number="19">,</token>
<token t_id="276" sentence="16" number="20">Khaledin</token>
<token t_id="277" sentence="16" number="21">and</token>
<token t_id="278" sentence="16" number="22">Gourian</token>
<token t_id="279" sentence="16" number="23">.</token>
<token t_id="280" sentence="17" number="0">Qeshm</token>
<token t_id="281" sentence="17" number="1">is</token>
<token t_id="282" sentence="17" number="2">the</token>
<token t_id="283" sentence="17" number="3">biggest</token>
<token t_id="284" sentence="17" number="4">island</token>
<token t_id="285" sentence="17" number="5">in</token>
<token t_id="286" sentence="17" number="6">the</token>
<token t_id="287" sentence="17" number="7">gulf</token>
<token t_id="288" sentence="17" number="8">and</token>
<token t_id="289" sentence="17" number="9">is</token>
<token t_id="290" sentence="17" number="10">a</token>
<token t_id="291" sentence="17" number="11">free</token>
<token t_id="292" sentence="17" number="12">-</token>
<token t_id="293" sentence="17" number="13">trade</token>
<token t_id="294" sentence="17" number="14">zone</token>
<token t_id="295" sentence="17" number="15">with</token>
<token t_id="296" sentence="17" number="16">a</token>
<token t_id="297" sentence="17" number="17">population</token>
<token t_id="298" sentence="17" number="18">of</token>
<token t_id="299" sentence="17" number="19">more</token>
<token t_id="300" sentence="17" number="20">than</token>
<token t_id="301" sentence="17" number="21">100</token>
<token t_id="302" sentence="17" number="22">,</token>
<token t_id="303" sentence="17" number="23">000</token>
<token t_id="304" sentence="17" number="24">.</token>
<token t_id="305" sentence="18" number="0">It</token>
<token t_id="306" sentence="18" number="1">is</token>
<token t_id="307" sentence="18" number="2">famed</token>
<token t_id="308" sentence="18" number="3">for</token>
<token t_id="309" sentence="18" number="4">its</token>
<token t_id="310" sentence="18" number="5">palm</token>
<token t_id="311" sentence="18" number="6">forests</token>
<token t_id="312" sentence="18" number="7">,</token>
<token t_id="313" sentence="18" number="8">and</token>
<token t_id="314" sentence="18" number="9">its</token>
<token t_id="315" sentence="18" number="10">beaches</token>
<token t_id="316" sentence="18" number="11">are</token>
<token t_id="317" sentence="18" number="12">much</token>
<token t_id="318" sentence="18" number="13">loved</token>
<token t_id="319" sentence="18" number="14">by</token>
<token t_id="320" sentence="18" number="15">tourists</token>
<token t_id="321" sentence="18" number="16">and</token>
<token t_id="322" sentence="18" number="17">nesting</token>
<token t_id="323" sentence="18" number="18">sea</token>
<token t_id="324" sentence="18" number="19">turtles</token>
<token t_id="325" sentence="18" number="20">.</token>
<Markables>
<ACTION_OCCURRENCE m_id="10"  >
  <token_anchor t_id="60"/>
</ACTION_OCCURRENCE>
<ACTION_OCCURRENCE m_id="11"  >
  <token_anchor t_id="65"/>
</ACTION_OCCURRENCE>
<ACTION_OCCURRENCE m_id="12"  >
  <token_anchor t_id="68"/>
</ACTION_OCCURRENCE>
<ACTION_OCCURRENCE m_id="13"  >
  <token_anchor t_id="69"/>
</ACTION_OCCURRENCE>
<ACTION_OCCURRENCE m_id="51"  >
  <token_anchor t_id="189"/>
</ACTION_OCCURRENCE>
<ACTION_OCCURRENCE m_id="20"  >
  <token_anchor t_id="159"/>
</ACTION_OCCURRENCE>
<ACTION_OCCURRENCE m_id="21"  >
  <token_anchor t_id="161"/>
</ACTION_OCCURRENCE>
<ACTION_OCCURRENCE m_id="22"  >
  <token_anchor t_id="168"/>
</ACTION_OCCURRENCE>
<ACTION_OCCURRENCE m_id="63"  >
  <token_anchor t_id="196"/>
</ACTION_OCCURRENCE>
<ACTION_OCCURRENCE m_id="25"  >
  <token_anchor t_id="184"/>
</ACTION_OCCURRENCE>
<ACTION_OCCURRENCE m_id="26"  >
  <token_anchor t_id="186"/>
</ACTION_OCCURRENCE>
<ACTION_OCCURRENCE m_id="32"  >
  <token_anchor t_id="269"/>
</ACTION_OCCURRENCE>
<ACTION_OCCURRENCE m_id="1"  >
  <token_anchor t_id="22"/>
</ACTION_OCCURRENCE>
<ACTION_OCCURRENCE m_id="33"  >
  <token_anchor t_id="254"/>
</ACTION_OCCURRENCE>
<ACTION_OCCURRENCE m_id="2"  >
  <token_anchor t_id="23"/>
</ACTION_OCCURRENCE>
<ACTION_OCCURRENCE m_id="4"  >
  <token_anchor t_id="33"/>
</ACTION_OCCURRENCE>
<ACTION_OCCURRENCE m_id="5"  >
  <token_anchor t_id="37"/>
</ACTION_OCCURRENCE>
<ACTION_OCCURRENCE m_id="44"  >
  <token_anchor t_id="244"/>
</ACTION_OCCURRENCE>
<ACTION_REPORTING m_id="47"  >
  <token_anchor t_id="230"/>
</ACTION_REPORTING>
<ACTION_REPORTING m_id="50"  >
  <token_anchor t_id="240"/>
</ACTION_REPORTING>
<ACTION_REPORTING m_id="17"  >
  <token_anchor t_id="91"/>
</ACTION_REPORTING>
<ACTION_REPORTING m_id="19"  >
  <token_anchor t_id="154"/>
</ACTION_REPORTING>
<ACTION_REPORTING m_id="24"  >
  <token_anchor t_id="181"/>
</ACTION_REPORTING>
<ACTION_REPORTING m_id="28"  >
  <token_anchor t_id="251"/>
</ACTION_REPORTING>
<ACTION_REPORTING m_id="31"  >
  <token_anchor t_id="264"/>
</ACTION_REPORTING>
<ACTION_STATE m_id="61"  >
  <token_anchor t_id="192"/>
</ACTION_STATE>
<HUMAN_PART_FAC m_id="48"  >
  <token_anchor t_id="231"/>
  <token_anchor t_id="232"/>
  <token_anchor t_id="233"/>
</HUMAN_PART_FAC>
<HUMAN_PART_ORG m_id="46"  >
  <token_anchor t_id="228"/>
  <token_anchor t_id="229"/>
</HUMAN_PART_ORG>
<HUMAN_PART_ORG m_id="16"  >
  <token_anchor t_id="89"/>
  <token_anchor t_id="90"/>
</HUMAN_PART_ORG>
<HUMAN_PART_ORG m_id="18"  >
  <token_anchor t_id="150"/>
  <token_anchor t_id="151"/>
  <token_anchor t_id="152"/>
  <token_anchor t_id="153"/>
</HUMAN_PART_ORG>
<HUMAN_PART_ORG m_id="23"  >
  <token_anchor t_id="179"/>
  <token_anchor t_id="180"/>
</HUMAN_PART_ORG>
<HUMAN_PART_ORG m_id="34"  >
  <token_anchor t_id="262"/>
  <token_anchor t_id="263"/>
</HUMAN_PART_ORG>
<HUMAN_PART_PER m_id="9"  >
  <token_anchor t_id="64"/>
</HUMAN_PART_PER>
<HUMAN_PART_PER m_id="15"  >
  <token_anchor t_id="87"/>
</HUMAN_PART_PER>
<HUMAN_PART_PER m_id="62"  >
  <token_anchor t_id="195"/>
</HUMAN_PART_PER>
<HUMAN_PART_PER m_id="27"  >
  <token_anchor t_id="249"/>
  <token_anchor t_id="250"/>
</HUMAN_PART_PER>
<HUMAN_PART_PER m_id="29"  >
  <token_anchor t_id="252"/>
</HUMAN_PART_PER>
<HUMAN_PART_PER m_id="30"  >
  <token_anchor t_id="256"/>
  <token_anchor t_id="257"/>
</HUMAN_PART_PER>
<HUMAN_PART_PER m_id="3"  >
  <token_anchor t_id="31"/>
</HUMAN_PART_PER>
<HUMAN_PART_PER m_id="6"  >
  <token_anchor t_id="36"/>
</HUMAN_PART_PER>
<HUMAN_PART_PER m_id="8"  >
  <token_anchor t_id="58"/>
</HUMAN_PART_PER>
<HUMAN_PART_PER m_id="45"  >
  <token_anchor t_id="242"/>
</HUMAN_PART_PER>
<LOC_FAC m_id="65"  >
  <token_anchor t_id="198"/>
  <token_anchor t_id="199"/>
</LOC_FAC>
<LOC_GEO m_id="49"  >
  <token_anchor t_id="234"/>
  <token_anchor t_id="235"/>
  <token_anchor t_id="236"/>
  <token_anchor t_id="237"/>
  <token_anchor t_id="238"/>
</LOC_GEO>
<LOC_GEO m_id="52"  >
  <token_anchor t_id="25"/>
  <token_anchor t_id="26"/>
  <token_anchor t_id="27"/>
  <token_anchor t_id="28"/>
  <token_anchor t_id="29"/>
</LOC_GEO>
<LOC_GEO m_id="57"  >
  <token_anchor t_id="74"/>
  <token_anchor t_id="75"/>
  <token_anchor t_id="76"/>
  <token_anchor t_id="77"/>
  <token_anchor t_id="78"/>
  <token_anchor t_id="79"/>
  <token_anchor t_id="80"/>
  <token_anchor t_id="81"/>
  <token_anchor t_id="82"/>
  <token_anchor t_id="83"/>
  <token_anchor t_id="84"/>
</LOC_GEO>
<LOC_GEO m_id="35"  >
  <token_anchor t_id="272"/>
</LOC_GEO>
<LOC_GEO m_id="36"  >
  <token_anchor t_id="274"/>
</LOC_GEO>
<LOC_GEO m_id="37"  >
  <token_anchor t_id="276"/>
</LOC_GEO>
<LOC_GEO m_id="38"  >
  <token_anchor t_id="278"/>
</LOC_GEO>
<NON_HUMAN_PART m_id="53"  >
  <token_anchor t_id="24"/>
</NON_HUMAN_PART>
<NON_HUMAN_PART m_id="54"  >
  <token_anchor t_id="73"/>
</NON_HUMAN_PART>
<NON_HUMAN_PART m_id="60"  >
  <token_anchor t_id="270"/>
</NON_HUMAN_PART>
<TIME_DATE m_id="14"  >
  <token_anchor t_id="85"/>
</TIME_DATE>
<TIME_DATE m_id="7"  >
  <token_anchor t_id="53"/>
  <token_anchor t_id="54"/>
  <token_anchor t_id="55"/>
  <token_anchor t_id="56"/>
</TIME_DATE>


<LOC_FAC m_id="66" note="byCROMER" >
  <token_anchor t_id="158"/>
</LOC_FAC>
<ACTION_OCCURRENCE m_id="67" note="byCROMER" >
  <token_anchor t_id="201"/>
</ACTION_OCCURRENCE>
<LOC_FAC m_id="68" note="byCROMER" >
  <token_anchor t_id="167"/>
</LOC_FAC>


<ACTION_REPORTING m_id="81" RELATED_TO="" TAG_DESCRIPTOR="t20_governer_said" instance_id="ACT18001888457194058" />
<ACTION_OCCURRENCE m_id="80" RELATED_TO="" TAG_DESCRIPTOR="t20_earthquake" instance_id="ACT17821472137518203" />
<HUMAN_PART_ORG m_id="69" RELATED_TO="" TAG_DESCRIPTOR="t20_state_media" instance_id="HUM18001976467500000" />
<LOC_GEO m_id="91" RELATED_TO="" TAG_DESCRIPTOR="t20_hormozgan" instance_id="LOC18002501073683239" />
<LOC_GEO m_id="90" RELATED_TO="" TAG_DESCRIPTOR="t20_gulf" instance_id="LOC18002548190556549" />
<NON_HUMAN_PART m_id="79" RELATED_TO="" TAG_DESCRIPTOR="t20_villages" instance_id="NON18002560353210415" />
<HUMAN_PART_PER m_id="78" RELATED_TO="" TAG_DESCRIPTOR="t20_governer" instance_id="HUM18002851057738379" />
<HUMAN_PART_PER m_id="77" RELATED_TO="" TAG_DESCRIPTOR="t20_injured_people" instance_id="HUM18001993603753566" />
<ACTION_OCCURRENCE m_id="76" RELATED_TO="" TAG_DESCRIPTOR="t20_collapsed" instance_id="ACT17822226984931972" />
<ACTION_OCCURRENCE m_id="75" RELATED_TO="" TAG_DESCRIPTOR="t20_struck" instance_id="ACT17822303993286740" />
<ACTION_OCCURRENCE m_id="74" RELATED_TO="" TAG_DESCRIPTOR="t20_killed" instance_id="ACT17821802167919676" />
<ACTION_OCCURRENCE m_id="73" RELATED_TO="" TAG_DESCRIPTOR="t20_panic" instance_id="ACT17822283505588827" />
<TIME_DATE m_id="72" RELATED_TO="" TAG_DESCRIPTOR="t20_sunday" instance_id="TIM18002581115380876" />
<ACTION_OCCURRENCE m_id="71" RELATED_TO="" TAG_DESCRIPTOR="t20_felt" instance_id="ACT17822247967514355" />
<LOC_FAC m_id="70" RELATED_TO="" TAG_DESCRIPTOR="t20_hospital" instance_id="LOC18003523454105416" />
<HUMAN_PART_PER m_id="89" RELATED_TO="" TAG_DESCRIPTOR="t20_officials" instance_id="HUM18002024904250556" />
<ACTION_OCCURRENCE m_id="88" RELATED_TO="" TAG_DESCRIPTOR="t20_injured" instance_id="ACT17821791897870910" />
<HUMAN_PART_PER m_id="87" RELATED_TO="" TAG_DESCRIPTOR="t20_people_killed" instance_id="HUM18002010984170151" />
<LOC_GEO m_id="86" RELATED_TO="" TAG_DESCRIPTOR="t20_qeshm" instance_id="LOC18002535573514489" />
<ACTION_OCCURRENCE m_id="85" RELATED_TO="" TAG_DESCRIPTOR="t20_aftershocks" instance_id="ACT17821815048905207" />
<ACTION_OCCURRENCE m_id="84" RELATED_TO="" TAG_DESCRIPTOR="t20_destroyed_villages" instance_id="ACT17822267297450810" />
<ACTION_REPORTING m_id="83" RELATED_TO="" TAG_DESCRIPTOR="t20_state_media_said" instance_id="ACT17822409769669335" />
<LOC_FAC m_id="82" RELATED_TO="" TAG_DESCRIPTOR="t20_airport" instance_id="LOC18003536389638637" />
</Markables>

<Relations>
<CROSS_DOC_COREF r_id="41223" note="HUM18001976467500000" >
  <source m_id="18" />
  <source m_id="16" />
  <source m_id="23" />
  <target m_id="69" />
</CROSS_DOC_COREF>
<CROSS_DOC_COREF r_id="41224" note="LOC18003523454105416" >
  <source m_id="68" />
  <target m_id="70" />
</CROSS_DOC_COREF>
<CROSS_DOC_COREF r_id="41225" note="ACT17822247967514355" >
  <source m_id="26" />
  <target m_id="71" />
</CROSS_DOC_COREF>
<CROSS_DOC_COREF r_id="41226" note="TIM18002581115380876" >
  <source m_id="14" />
  <target m_id="72" />
</CROSS_DOC_COREF>
<CROSS_DOC_COREF r_id="41227" note="ACT17822283505588827" >
  <source m_id="67" />
  <target m_id="73" />
</CROSS_DOC_COREF>
<CROSS_DOC_COREF r_id="41228" note="ACT17821802167919676" >
  <source m_id="4" />
  <source m_id="44" />
  <source m_id="10" />
  <target m_id="74" />
</CROSS_DOC_COREF>
<CROSS_DOC_COREF r_id="41229" note="ACT17822303993286740" >
  <source m_id="32" />
  <target m_id="75" />
</CROSS_DOC_COREF>
<CROSS_DOC_COREF r_id="41230" note="ACT17822226984931972" >
  <source m_id="22" />
  <target m_id="76" />
</CROSS_DOC_COREF>
<CROSS_DOC_COREF r_id="41231" note="HUM18001993603753566" >
  <source m_id="6" />
  <source m_id="9" />
  <source m_id="29" />
  <target m_id="77" />
</CROSS_DOC_COREF>
<CROSS_DOC_COREF r_id="41232" note="HUM18002851057738379" >
  <source m_id="27" />
  <target m_id="78" />
</CROSS_DOC_COREF>
<CROSS_DOC_COREF r_id="41233" note="NON18002560353210415" >
  <source m_id="60" />
  <source m_id="53" />
  <source m_id="54" />
  <target m_id="79" />
</CROSS_DOC_COREF>
<CROSS_DOC_COREF r_id="41234" note="ACT17821472137518203" >
  <source m_id="12" />
  <source m_id="1" />
  <source m_id="51" />
  <target m_id="80" />
</CROSS_DOC_COREF>
<CROSS_DOC_COREF r_id="41235" note="ACT18001888457194058" >
  <source m_id="28" />
  <target m_id="81" />
</CROSS_DOC_COREF>
<CROSS_DOC_COREF r_id="41236" note="LOC18003536389638637" >
  <source m_id="66" />
  <target m_id="82" />
</CROSS_DOC_COREF>
<CROSS_DOC_COREF r_id="41237" note="ACT17822409769669335" >
  <source m_id="17" />
  <source m_id="24" />
  <target m_id="83" />
</CROSS_DOC_COREF>
<CROSS_DOC_COREF r_id="41238" note="ACT17822267297450810" >
  <source m_id="13" />
  <source m_id="2" />
  <target m_id="84" />
</CROSS_DOC_COREF>
<CROSS_DOC_COREF r_id="41239" note="ACT17821815048905207" >
  <source m_id="25" />
  <target m_id="85" />
</CROSS_DOC_COREF>
<CROSS_DOC_COREF r_id="41240" note="LOC18002535573514489" >
  <source m_id="52" />
  <target m_id="86" />
</CROSS_DOC_COREF>
<CROSS_DOC_COREF r_id="41241" note="HUM18002010984170151" >
  <source m_id="8" />
  <source m_id="45" />
  <source m_id="3" />
  <target m_id="87" />
</CROSS_DOC_COREF>
<CROSS_DOC_COREF r_id="41242" note="ACT17821791897870910" >
  <source m_id="5" />
  <source m_id="11" />
  <source m_id="33" />
  <target m_id="88" />
</CROSS_DOC_COREF>
<CROSS_DOC_COREF r_id="41243" note="HUM18002024904250556" >
  <source m_id="15" />
  <target m_id="89" />
</CROSS_DOC_COREF>
<CROSS_DOC_COREF r_id="41244" note="LOC18002548190556549" >
  <source m_id="57" />
  <target m_id="90" />
</CROSS_DOC_COREF>
<CROSS_DOC_COREF r_id="41245" note="LOC18002501073683239" >
  <source m_id="49" />
  <target m_id="91" />
</CROSS_DOC_COREF>

</Relations>
</Document>
