<Document doc_name="20_4ecb.xml" doc_id="DOC15654524841278231">
<token t_id="1" sentence="0" number="0">Quake</token>
<token t_id="2" sentence="0" number="1">shakes</token>
<token t_id="3" sentence="0" number="2">southern</token>
<token t_id="4" sentence="0" number="3">Iran</token>
<token t_id="5" sentence="0" number="4">,</token>
<token t_id="6" sentence="0" number="5">damages</token>
<token t_id="7" sentence="0" number="6">residential</token>
<token t_id="8" sentence="0" number="7">buildings</token>
<token t_id="9" sentence="1" number="0">An</token>
<token t_id="10" sentence="1" number="1">earthquake</token>
<token t_id="11" sentence="1" number="2">with</token>
<token t_id="12" sentence="1" number="3">a</token>
<token t_id="13" sentence="1" number="4">magnitude</token>
<token t_id="14" sentence="1" number="5">of</token>
<token t_id="15" sentence="1" number="6">5.6</token>
<token t_id="16" sentence="1" number="7">on</token>
<token t_id="17" sentence="1" number="8">the</token>
<token t_id="18" sentence="1" number="9">Richter</token>
<token t_id="19" sentence="1" number="10">scale</token>
<token t_id="20" sentence="1" number="11">shook</token>
<token t_id="21" sentence="1" number="12">the</token>
<token t_id="22" sentence="1" number="13">southern</token>
<token t_id="23" sentence="1" number="14">Iranian</token>
<token t_id="24" sentence="1" number="15">island</token>
<token t_id="25" sentence="1" number="16">of</token>
<token t_id="26" sentence="1" number="17">Qeshm</token>
<token t_id="27" sentence="1" number="18">and</token>
<token t_id="28" sentence="1" number="19">caused</token>
<token t_id="29" sentence="1" number="20">damage</token>
<token t_id="30" sentence="1" number="21">to</token>
<token t_id="31" sentence="1" number="22">residential</token>
<token t_id="32" sentence="1" number="23">buildings</token>
<token t_id="33" sentence="1" number="24">in</token>
<token t_id="34" sentence="1" number="25">villages</token>
<token t_id="35" sentence="1" number="26">on</token>
<token t_id="36" sentence="1" number="27">Sunday</token>
<token t_id="37" sentence="1" number="28">,</token>
<token t_id="38" sentence="1" number="29">ISNA</token>
<token t_id="39" sentence="1" number="30">news</token>
<token t_id="40" sentence="1" number="31">agency</token>
<token t_id="41" sentence="1" number="32">reported</token>
<token t_id="42" sentence="1" number="33">.</token>
<token t_id="43" sentence="2" number="0">Several</token>
<token t_id="44" sentence="2" number="1">residential</token>
<token t_id="45" sentence="2" number="2">units</token>
<token t_id="46" sentence="2" number="3">in</token>
<token t_id="47" sentence="2" number="4">the</token>
<token t_id="48" sentence="2" number="5">villages</token>
<token t_id="49" sentence="2" number="6">Kavouhi</token>
<token t_id="50" sentence="2" number="7">and</token>
<token t_id="51" sentence="2" number="8">Zinabieh</token>
<token t_id="52" sentence="2" number="9">in</token>
<token t_id="53" sentence="2" number="10">the</token>
<token t_id="54" sentence="2" number="11">Dargehan</token>
<token t_id="55" sentence="2" number="12">area</token>
<token t_id="56" sentence="2" number="13">were</token>
<token t_id="57" sentence="2" number="14">damaged</token>
<token t_id="58" sentence="2" number="15">and</token>
<token t_id="59" sentence="2" number="16">two</token>
<token t_id="60" sentence="2" number="17">villagers</token>
<token t_id="61" sentence="2" number="18">slightly</token>
<token t_id="62" sentence="2" number="19">injured</token>
<token t_id="63" sentence="2" number="20">,</token>
<token t_id="64" sentence="2" number="21">the</token>
<token t_id="65" sentence="2" number="22">governor</token>
<token t_id="66" sentence="2" number="23">of</token>
<token t_id="67" sentence="2" number="24">Qeshm</token>
<token t_id="68" sentence="2" number="25">,</token>
<token t_id="69" sentence="2" number="26">Mehdi</token>
<token t_id="70" sentence="2" number="27">iran-Nejad</token>
<token t_id="71" sentence="2" number="28">,</token>
<token t_id="72" sentence="2" number="29">told</token>
<token t_id="73" sentence="2" number="30">ISNA</token>
<token t_id="74" sentence="2" number="31">.</token>
<token t_id="75" sentence="3" number="0">Relief</token>
<token t_id="76" sentence="3" number="1">aid</token>
<token t_id="77" sentence="3" number="2">and</token>
<token t_id="78" sentence="3" number="3">medical</token>
<token t_id="79" sentence="3" number="4">teams</token>
<token t_id="80" sentence="3" number="5">have</token>
<token t_id="81" sentence="3" number="6">already</token>
<token t_id="82" sentence="3" number="7">been</token>
<token t_id="83" sentence="3" number="8">dispatched</token>
<token t_id="84" sentence="3" number="9">to</token>
<token t_id="85" sentence="3" number="10">the</token>
<token t_id="86" sentence="3" number="11">quake</token>
<token t_id="87" sentence="3" number="12">site</token>
<token t_id="88" sentence="3" number="13">,</token>
<token t_id="89" sentence="3" number="14">the</token>
<token t_id="90" sentence="3" number="15">official</token>
<token t_id="91" sentence="3" number="16">said</token>
<token t_id="92" sentence="3" number="17">.</token>
<token t_id="93" sentence="4" number="0">The</token>
<token t_id="94" sentence="4" number="1">same</token>
<token t_id="95" sentence="4" number="2">island</token>
<token t_id="96" sentence="4" number="3">was</token>
<token t_id="97" sentence="4" number="4">hit</token>
<token t_id="98" sentence="4" number="5">by</token>
<token t_id="99" sentence="4" number="6">a</token>
<token t_id="100" sentence="4" number="7">6.1</token>
<token t_id="101" sentence="4" number="8">quake</token>
<token t_id="102" sentence="4" number="9">in</token>
<token t_id="103" sentence="4" number="10">September</token>
<token t_id="104" sentence="4" number="11">.</token>
<token t_id="105" sentence="5" number="0">That</token>
<token t_id="106" sentence="5" number="1">temblor</token>
<token t_id="107" sentence="5" number="2">killed</token>
<token t_id="108" sentence="5" number="3">at</token>
<token t_id="109" sentence="5" number="4">least</token>
<token t_id="110" sentence="5" number="5">six</token>
<token t_id="111" sentence="5" number="6">people</token>
<token t_id="112" sentence="5" number="7">,</token>
<token t_id="113" sentence="5" number="8">injured</token>
<token t_id="114" sentence="5" number="9">almost</token>
<token t_id="115" sentence="5" number="10">50</token>
<token t_id="116" sentence="5" number="11">and</token>
<token t_id="117" sentence="5" number="12">caused</token>
<token t_id="118" sentence="5" number="13">heavy</token>
<token t_id="119" sentence="5" number="14">damage</token>
<token t_id="120" sentence="5" number="15">to</token>
<token t_id="121" sentence="5" number="16">residential</token>
<token t_id="122" sentence="5" number="17">units</token>
<token t_id="123" sentence="5" number="18">in</token>
<token t_id="124" sentence="5" number="19">September</token>
<token t_id="125" sentence="5" number="20">.</token>
<Markables>
<ACTION_OCCURRENCE m_id="20"  >
  <token_anchor t_id="29"/>
</ACTION_OCCURRENCE>
<ACTION_OCCURRENCE m_id="11"  >
  <token_anchor t_id="10"/>
</ACTION_OCCURRENCE>
<ACTION_OCCURRENCE m_id="13"  >
  <token_anchor t_id="20"/>
</ACTION_OCCURRENCE>
<ACTION_REPORTING m_id="18"  >
  <token_anchor t_id="41"/>
</ACTION_REPORTING>
<HUMAN_PART_ORG m_id="17"  >
  <token_anchor t_id="38"/>
</HUMAN_PART_ORG>
<LOC_GEO m_id="14"  >
  <token_anchor t_id="21"/>
  <token_anchor t_id="22"/>
  <token_anchor t_id="23"/>
  <token_anchor t_id="24"/>
  <token_anchor t_id="25"/>
  <token_anchor t_id="26"/>
</LOC_GEO>
<NON_HUMAN_PART m_id="19"  >
  <token_anchor t_id="18"/>
  <token_anchor t_id="19"/>
</NON_HUMAN_PART>
<NON_HUMAN_PART m_id="15"  >
  <token_anchor t_id="32"/>
</NON_HUMAN_PART>
<TIME_DATE m_id="16"  >
  <token_anchor t_id="36"/>
</TIME_DATE>


<NON_HUMAN_PART m_id="21" note="byCROMER" >
  <token_anchor t_id="15"/>
</NON_HUMAN_PART>


<ACTION_OCCURRENCE m_id="31" RELATED_TO="" TAG_DESCRIPTOR="t20b_jolted" instance_id="ACT18004375432735027" />
<ACTION_OCCURRENCE m_id="30" RELATED_TO="" TAG_DESCRIPTOR="t20b_earthquake" instance_id="ACT18004316983375265" />
<TIME_DATE m_id="29" RELATED_TO="" TAG_DESCRIPTOR="t20b_sunday" instance_id="TIM18004451072430437" />
<NON_HUMAN_PART m_id="28" RELATED_TO="" TAG_DESCRIPTOR="t20b_buildings" instance_id="NON18004535070102509" />
<ACTION_REPORTING m_id="27" RELATED_TO="" TAG_DESCRIPTOR="t20b_isna_reported" instance_id="ACT27329470974304559" />
<NON_HUMAN_PART m_id="26" RELATED_TO="" TAG_DESCRIPTOR="t20b_richter_scale" instance_id="NON18004516390477474" />
<LOC_GEO m_id="25" RELATED_TO="" TAG_DESCRIPTOR="t20_qeshm" instance_id="LOC18002535573514489" />
<HUMAN_PART_ORG m_id="24" RELATED_TO="" TAG_DESCRIPTOR="t20b_isna_media" instance_id="HUM27329440344568357" />
<ACTION_OCCURRENCE m_id="23" RELATED_TO="" TAG_DESCRIPTOR="t20b_damaging" instance_id="ACT18004330247240669" />
<NON_HUMAN_PART m_id="22" RELATED_TO="" TAG_DESCRIPTOR="t20b_magnitude5_6" instance_id="NON28373019649780113" />
</Markables>

<Relations>
<CROSS_DOC_COREF r_id="33066" note="NON28373019649780113" >
  <source m_id="21" />
  <target m_id="22" />
</CROSS_DOC_COREF>
<CROSS_DOC_COREF r_id="33067" note="ACT18004330247240669" >
  <source m_id="20" />
  <target m_id="23" />
</CROSS_DOC_COREF>
<CROSS_DOC_COREF r_id="33068" note="HUM27329440344568357" >
  <source m_id="17" />
  <target m_id="24" />
</CROSS_DOC_COREF>
<CROSS_DOC_COREF r_id="33069" note="LOC18002535573514489" >
  <source m_id="14" />
  <target m_id="25" />
</CROSS_DOC_COREF>
<CROSS_DOC_COREF r_id="33070" note="NON18004516390477474" >
  <source m_id="19" />
  <target m_id="26" />
</CROSS_DOC_COREF>
<CROSS_DOC_COREF r_id="33071" note="ACT27329470974304559" >
  <source m_id="18" />
  <target m_id="27" />
</CROSS_DOC_COREF>
<CROSS_DOC_COREF r_id="33072" note="NON18004535070102509" >
  <source m_id="15" />
  <target m_id="28" />
</CROSS_DOC_COREF>
<CROSS_DOC_COREF r_id="33073" note="TIM18004451072430437" >
  <source m_id="16" />
  <target m_id="29" />
</CROSS_DOC_COREF>
<CROSS_DOC_COREF r_id="33074" note="ACT18004316983375265" >
  <source m_id="11" />
  <target m_id="30" />
</CROSS_DOC_COREF>
<CROSS_DOC_COREF r_id="33075" note="ACT18004375432735027" >
  <source m_id="13" />
  <target m_id="31" />
</CROSS_DOC_COREF>

</Relations>
</Document>
