<Document doc_name="20_7ecbplus.xml" doc_id="DOC15646278118364120">
<token t_id="1" sentence="0" number="0">http</token>
<token t_id="2" sentence="0" number="1">:</token>
<token t_id="3" sentence="0" number="2">/</token>
<token t_id="4" sentence="0" number="3">/</token>
<token t_id="5" sentence="0" number="4">www</token>
<token t_id="6" sentence="0" number="5">.</token>
<token t_id="7" sentence="0" number="6">cbc</token>
<token t_id="8" sentence="0" number="7">.</token>
<token t_id="9" sentence="0" number="8">ca</token>
<token t_id="10" sentence="0" number="9">/</token>
<token t_id="11" sentence="0" number="10">news</token>
<token t_id="12" sentence="0" number="11">/</token>
<token t_id="13" sentence="0" number="12">world</token>
<token t_id="14" sentence="0" number="13">/</token>
<token t_id="15" sentence="0" number="14">strong</token>
<token t_id="16" sentence="0" number="15">-</token>
<token t_id="17" sentence="0" number="16">quake</token>
<token t_id="18" sentence="0" number="17">-</token>
<token t_id="19" sentence="0" number="18">hits</token>
<token t_id="20" sentence="0" number="19">-</token>
<token t_id="21" sentence="0" number="20">southern</token>
<token t_id="22" sentence="0" number="21">-</token>
<token t_id="23" sentence="0" number="22">iran</token>
<token t_id="24" sentence="0" number="23">-</token>
<token t_id="25" sentence="0" number="24">1</token>
<token t_id="26" sentence="0" number="25">.</token>
<token t_id="27" sentence="0" number="26">563290</token>
<token t_id="28" sentence="1" number="0">Posted</token>
<token t_id="29" sentence="1" number="1">:</token>
<token t_id="30" sentence="1" number="2">Nov</token>
<token t_id="31" sentence="1" number="3">27</token>
<token t_id="32" sentence="1" number="4">,</token>
<token t_id="33" sentence="1" number="5">2005</token>
<token t_id="34" sentence="1" number="6">8</token>
<token t_id="35" sentence="1" number="7">:</token>
<token t_id="36" sentence="1" number="8">20</token>
<token t_id="37" sentence="1" number="9">AM</token>
<token t_id="38" sentence="1" number="10">ET</token>
<token t_id="39" sentence="1" number="11">Last</token>
<token t_id="40" sentence="1" number="12">Updated</token>
<token t_id="41" sentence="1" number="13">:</token>
<token t_id="42" sentence="1" number="14">Nov</token>
<token t_id="43" sentence="1" number="15">27</token>
<token t_id="44" sentence="1" number="16">,</token>
<token t_id="45" sentence="1" number="17">2005</token>
<token t_id="46" sentence="1" number="18">8</token>
<token t_id="47" sentence="1" number="19">:</token>
<token t_id="48" sentence="1" number="20">10</token>
<token t_id="49" sentence="1" number="21">PM</token>
<token t_id="50" sentence="1" number="22">ET</token>
<token t_id="51" sentence="2" number="0">An</token>
<token t_id="52" sentence="2" number="1">earthquake</token>
<token t_id="53" sentence="2" number="2">with</token>
<token t_id="54" sentence="2" number="3">a</token>
<token t_id="55" sentence="2" number="4">magnitude</token>
<token t_id="56" sentence="2" number="5">of</token>
<token t_id="57" sentence="2" number="6">at</token>
<token t_id="58" sentence="2" number="7">least</token>
<token t_id="59" sentence="2" number="8">5</token>
<token t_id="60" sentence="2" number="9">.</token>
<token t_id="61" sentence="2" number="10">9</token>
<token t_id="62" sentence="2" number="11">hit</token>
<token t_id="63" sentence="2" number="12">southern</token>
<token t_id="64" sentence="2" number="13">Iran</token>
<token t_id="65" sentence="2" number="14">on</token>
<token t_id="66" sentence="2" number="15">Sunday</token>
<token t_id="67" sentence="2" number="16">,</token>
<token t_id="68" sentence="2" number="17">killing</token>
<token t_id="69" sentence="2" number="18">at</token>
<token t_id="70" sentence="2" number="19">least</token>
<token t_id="71" sentence="2" number="20">10</token>
<token t_id="72" sentence="2" number="21">people</token>
<token t_id="73" sentence="2" number="22">and</token>
<token t_id="74" sentence="2" number="23">injuring</token>
<token t_id="75" sentence="2" number="24">many</token>
<token t_id="76" sentence="2" number="25">others</token>
<token t_id="77" sentence="2" number="26">.</token>
<token t_id="78" sentence="3" number="0">The</token>
<token t_id="79" sentence="3" number="1">quake</token>
<token t_id="80" sentence="3" number="2">was</token>
<token t_id="81" sentence="3" number="3">centred</token>
<token t_id="82" sentence="3" number="4">near</token>
<token t_id="83" sentence="3" number="5">Qeshm</token>
<token t_id="84" sentence="3" number="6">Island</token>
<token t_id="85" sentence="3" number="7">,</token>
<token t_id="86" sentence="3" number="8">home</token>
<token t_id="87" sentence="3" number="9">to</token>
<token t_id="88" sentence="3" number="10">200</token>
<token t_id="89" sentence="3" number="11">,</token>
<token t_id="90" sentence="3" number="12">000</token>
<token t_id="91" sentence="3" number="13">people</token>
<token t_id="92" sentence="3" number="14">,</token>
<token t_id="93" sentence="3" number="15">the</token>
<token t_id="94" sentence="3" number="16">U</token>
<token t_id="95" sentence="3" number="17">.</token>
<token t_id="96" sentence="3" number="18">S</token>
<token t_id="97" sentence="3" number="19">.</token>
<token t_id="98" sentence="3" number="20">Geological</token>
<token t_id="99" sentence="3" number="21">Survey</token>
<token t_id="100" sentence="3" number="22">said</token>
<token t_id="101" sentence="3" number="23">.</token>
<token t_id="102" sentence="4" number="0">Buildings</token>
<token t_id="103" sentence="4" number="1">were</token>
<token t_id="104" sentence="4" number="2">toppled</token>
<token t_id="105" sentence="4" number="3">in</token>
<token t_id="106" sentence="4" number="4">the</token>
<token t_id="107" sentence="4" number="5">island's</token>
<token t_id="108" sentence="4" number="6">capital</token>
<token t_id="109" sentence="4" number="7">,</token>
<token t_id="110" sentence="4" number="8">Qeshm</token>
<token t_id="111" sentence="4" number="9">City</token>
<token t_id="112" sentence="4" number="10">,</token>
<token t_id="113" sentence="4" number="11">as</token>
<token t_id="114" sentence="4" number="12">well</token>
<token t_id="115" sentence="4" number="13">as</token>
<token t_id="116" sentence="4" number="14">in</token>
<token t_id="117" sentence="4" number="15">the</token>
<token t_id="118" sentence="4" number="16">the</token>
<token t_id="119" sentence="4" number="17">villages</token>
<token t_id="120" sentence="4" number="18">of</token>
<token t_id="121" sentence="4" number="19">Tonban</token>
<token t_id="122" sentence="4" number="20">,</token>
<token t_id="123" sentence="4" number="21">Gavarzin</token>
<token t_id="124" sentence="4" number="22">and</token>
<token t_id="125" sentence="4" number="23">Khaledi</token>
<token t_id="126" sentence="4" number="24">.</token>
<token t_id="127" sentence="5" number="0">The</token>
<token t_id="128" sentence="5" number="1">main</token>
<token t_id="129" sentence="5" number="2">hospital</token>
<token t_id="130" sentence="5" number="3">on</token>
<token t_id="131" sentence="5" number="4">Qeshm</token>
<token t_id="132" sentence="5" number="5">was</token>
<token t_id="133" sentence="5" number="6">having</token>
<token t_id="134" sentence="5" number="7">trouble</token>
<token t_id="135" sentence="5" number="8">keeping</token>
<token t_id="136" sentence="5" number="9">up</token>
<token t_id="137" sentence="5" number="10">with</token>
<token t_id="138" sentence="5" number="11">the</token>
<token t_id="139" sentence="5" number="12">number</token>
<token t_id="140" sentence="5" number="13">of</token>
<token t_id="141" sentence="5" number="14">injured</token>
<token t_id="142" sentence="5" number="15">,</token>
<token t_id="143" sentence="5" number="16">Iran's</token>
<token t_id="144" sentence="5" number="17">official</token>
<token t_id="145" sentence="5" number="18">news</token>
<token t_id="146" sentence="5" number="19">agency</token>
<token t_id="147" sentence="5" number="20">IRNA</token>
<token t_id="148" sentence="5" number="21">said</token>
<token t_id="149" sentence="5" number="22">.</token>
<token t_id="150" sentence="6" number="0">It's</token>
<token t_id="151" sentence="6" number="1">"full</token>
<token t_id="152" sentence="6" number="2">of</token>
<token t_id="153" sentence="6" number="3">wounded</token>
<token t_id="154" sentence="6" number="4">,</token>
<token t_id="155" sentence="6" number="5">"</token>
<token t_id="156" sentence="6" number="6">the</token>
<token t_id="157" sentence="6" number="7">agency</token>
<token t_id="158" sentence="6" number="8">reported</token>
<token t_id="159" sentence="6" number="9">.</token>
<token t_id="160" sentence="7" number="0">The</token>
<token t_id="161" sentence="7" number="1">quake</token>
<token t_id="162" sentence="7" number="2">also</token>
<token t_id="163" sentence="7" number="3">shook</token>
<token t_id="164" sentence="7" number="4">the</token>
<token t_id="165" sentence="7" number="5">major</token>
<token t_id="166" sentence="7" number="6">port</token>
<token t_id="167" sentence="7" number="7">city</token>
<token t_id="168" sentence="7" number="8">of</token>
<token t_id="169" sentence="7" number="9">Bandar</token>
<token t_id="170" sentence="7" number="10">Abbas</token>
<token t_id="171" sentence="7" number="11">and</token>
<token t_id="172" sentence="7" number="12">was</token>
<token t_id="173" sentence="7" number="13">felt</token>
<token t_id="174" sentence="7" number="14">in</token>
<token t_id="175" sentence="7" number="15">nearby</token>
<token t_id="176" sentence="7" number="16">countries</token>
<token t_id="177" sentence="7" number="17">.</token>
<token t_id="178" sentence="8" number="0">In</token>
<token t_id="179" sentence="8" number="1">Oman</token>
<token t_id="180" sentence="8" number="2">and</token>
<token t_id="181" sentence="8" number="3">the</token>
<token t_id="182" sentence="8" number="4">United</token>
<token t_id="183" sentence="8" number="5">Arab</token>
<token t_id="184" sentence="8" number="6">Emirates</token>
<token t_id="185" sentence="8" number="7">,</token>
<token t_id="186" sentence="8" number="8">buildings</token>
<token t_id="187" sentence="8" number="9">were</token>
<token t_id="188" sentence="8" number="10">evacuated</token>
<token t_id="189" sentence="8" number="11">and</token>
<token t_id="190" sentence="8" number="12">people</token>
<token t_id="191" sentence="8" number="13">fled</token>
<token t_id="192" sentence="8" number="14">into</token>
<token t_id="193" sentence="8" number="15">the</token>
<token t_id="194" sentence="8" number="16">streets</token>
<token t_id="195" sentence="8" number="17">.</token>
<token t_id="196" sentence="9" number="0">An</token>
<token t_id="197" sentence="9" number="1">office</token>
<token t_id="198" sentence="9" number="2">worker</token>
<token t_id="199" sentence="9" number="3">in</token>
<token t_id="200" sentence="9" number="4">Dubai</token>
<token t_id="201" sentence="9" number="5">said</token>
<token t_id="202" sentence="9" number="6">the</token>
<token t_id="203" sentence="9" number="7">tremor</token>
<token t_id="204" sentence="9" number="8">lasted</token>
<token t_id="205" sentence="9" number="9">30</token>
<token t_id="206" sentence="9" number="10">seconds</token>
<token t_id="207" sentence="9" number="11">and</token>
<token t_id="208" sentence="9" number="12">was</token>
<token t_id="209" sentence="9" number="13">strong</token>
<token t_id="210" sentence="9" number="14">enough</token>
<token t_id="211" sentence="9" number="15">to</token>
<token t_id="212" sentence="9" number="16">shake</token>
<token t_id="213" sentence="9" number="17">buildings</token>
<token t_id="214" sentence="9" number="18">along</token>
<token t_id="215" sentence="9" number="19">the</token>
<token t_id="216" sentence="9" number="20">skyscraper</token>
<token t_id="217" sentence="9" number="21">-</token>
<token t_id="218" sentence="9" number="22">lined</token>
<token t_id="219" sentence="9" number="23">central</token>
<token t_id="220" sentence="9" number="24">business</token>
<token t_id="221" sentence="9" number="25">district</token>
<token t_id="222" sentence="9" number="26">.</token>
<token t_id="223" sentence="10" number="0">On</token>
<token t_id="224" sentence="10" number="1">Saturday</token>
<token t_id="225" sentence="10" number="2">,</token>
<token t_id="226" sentence="10" number="3">more</token>
<token t_id="227" sentence="10" number="4">than</token>
<token t_id="228" sentence="10" number="5">a</token>
<token t_id="229" sentence="10" number="6">dozen</token>
<token t_id="230" sentence="10" number="7">people</token>
<token t_id="231" sentence="10" number="8">were</token>
<token t_id="232" sentence="10" number="9">killed</token>
<token t_id="233" sentence="10" number="10">by</token>
<token t_id="234" sentence="10" number="11">a</token>
<token t_id="235" sentence="10" number="12">quake</token>
<token t_id="236" sentence="10" number="13">in</token>
<token t_id="237" sentence="10" number="14">eastern</token>
<token t_id="238" sentence="10" number="15">China</token>
<token t_id="239" sentence="10" number="16">.</token>
<token t_id="240" sentence="11" number="0">It</token>
<token t_id="241" sentence="11" number="1">destroyed</token>
<token t_id="242" sentence="11" number="2">thousands</token>
<token t_id="243" sentence="11" number="3">of</token>
<token t_id="244" sentence="11" number="4">buildings</token>
<token t_id="245" sentence="11" number="5">and</token>
<token t_id="246" sentence="11" number="6">left</token>
<token t_id="247" sentence="11" number="7">nearly</token>
<token t_id="248" sentence="11" number="8">half</token>
<token t_id="249" sentence="11" number="9">a</token>
<token t_id="250" sentence="11" number="10">million</token>
<token t_id="251" sentence="11" number="11">homeless</token>
<token t_id="252" sentence="11" number="12">.</token>
<Markables>
<ACTION_OCCURRENCE m_id="9"  >
  <token_anchor t_id="203"/>
</ACTION_OCCURRENCE>
<ACTION_OCCURRENCE m_id="10"  >
  <token_anchor t_id="204"/>
</ACTION_OCCURRENCE>
<ACTION_OCCURRENCE m_id="11"  >
  <token_anchor t_id="212"/>
</ACTION_OCCURRENCE>
<ACTION_OCCURRENCE m_id="3"  >
  <token_anchor t_id="52"/>
</ACTION_OCCURRENCE>
<ACTION_OCCURRENCE m_id="4"  >
  <token_anchor t_id="62"/>
</ACTION_OCCURRENCE>
<ACTION_OCCURRENCE m_id="5"  >
  <token_anchor t_id="68"/>
</ACTION_OCCURRENCE>
<ACTION_OCCURRENCE m_id="6"  >
  <token_anchor t_id="74"/>
</ACTION_OCCURRENCE>
<ACTION_OCCURRENCE m_id="7"  >
  <token_anchor t_id="79"/>
</ACTION_OCCURRENCE>
<ACTION_OCCURRENCE m_id="8"  >
  <token_anchor t_id="104"/>
</ACTION_OCCURRENCE>
<ACTION_REPORTING m_id="25"  >
  <token_anchor t_id="201"/>
</ACTION_REPORTING>
<ACTION_REPORTING m_id="26"  >
  <token_anchor t_id="100"/>
</ACTION_REPORTING>
<ACTION_STATE m_id="17"  >
  <token_anchor t_id="55"/>
</ACTION_STATE>
<ACTION_STATE m_id="29"  >
  <token_anchor t_id="209"/>
</ACTION_STATE>
<HUMAN_PART_ORG m_id="20"  >
  <token_anchor t_id="94"/>
  <token_anchor t_id="95"/>
  <token_anchor t_id="96"/>
  <token_anchor t_id="97"/>
  <token_anchor t_id="98"/>
  <token_anchor t_id="99"/>
</HUMAN_PART_ORG>
<HUMAN_PART_PER m_id="14"  >
  <token_anchor t_id="72"/>
</HUMAN_PART_PER>
<HUMAN_PART_PER m_id="15"  >
  <token_anchor t_id="76"/>
</HUMAN_PART_PER>
<HUMAN_PART_PER m_id="23"  >
  <token_anchor t_id="198"/>
</HUMAN_PART_PER>
<LOC_FAC m_id="28"  >
  <token_anchor t_id="213"/>
  <token_anchor t_id="214"/>
  <token_anchor t_id="215"/>
  <token_anchor t_id="216"/>
  <token_anchor t_id="217"/>
  <token_anchor t_id="218"/>
  <token_anchor t_id="219"/>
  <token_anchor t_id="220"/>
  <token_anchor t_id="221"/>
</LOC_FAC>
<LOC_GEO m_id="12"  >
  <token_anchor t_id="63"/>
  <token_anchor t_id="64"/>
</LOC_GEO>
<LOC_GEO m_id="18"  >
  <token_anchor t_id="81"/>
  <token_anchor t_id="82"/>
  <token_anchor t_id="83"/>
  <token_anchor t_id="84"/>
</LOC_GEO>
<LOC_GEO m_id="19"  >
  <token_anchor t_id="105"/>
  <token_anchor t_id="106"/>
  <token_anchor t_id="107"/>
  <token_anchor t_id="108"/>
  <token_anchor t_id="109"/>
  <token_anchor t_id="110"/>
  <token_anchor t_id="111"/>
</LOC_GEO>
<LOC_GEO m_id="24"  >
  <token_anchor t_id="199"/>
  <token_anchor t_id="200"/>
</LOC_GEO>
<NON_HUMAN_PART m_id="22"  >
  <token_anchor t_id="102"/>
</NON_HUMAN_PART>
<TIME_DATE m_id="13"  >
  <token_anchor t_id="65"/>
  <token_anchor t_id="66"/>
</TIME_DATE>
<TIME_DURATION m_id="27"  >
  <token_anchor t_id="205"/>
  <token_anchor t_id="206"/>
</TIME_DURATION>
<TIME_OF_THE_DAY m_id="1"  >
  <token_anchor t_id="30"/>
  <token_anchor t_id="31"/>
  <token_anchor t_id="32"/>
  <token_anchor t_id="33"/>
  <token_anchor t_id="34"/>
  <token_anchor t_id="35"/>
  <token_anchor t_id="36"/>
  <token_anchor t_id="37"/>
  <token_anchor t_id="38"/>
</TIME_OF_THE_DAY>
<TIME_OF_THE_DAY m_id="2"  >
  <token_anchor t_id="42"/>
  <token_anchor t_id="43"/>
  <token_anchor t_id="44"/>
  <token_anchor t_id="45"/>
  <token_anchor t_id="46"/>
  <token_anchor t_id="47"/>
  <token_anchor t_id="48"/>
  <token_anchor t_id="49"/>
  <token_anchor t_id="50"/>
</TIME_OF_THE_DAY>


<NON_HUMAN_PART m_id="31" note="byCROMER" >
  <token_anchor t_id="59"/>
  <token_anchor t_id="60"/>
  <token_anchor t_id="61"/>
</NON_HUMAN_PART>
<NON_HUMAN_PART m_id="32" note="byCROMER" >
  <token_anchor t_id="116"/>
  <token_anchor t_id="117"/>
  <token_anchor t_id="118"/>
  <token_anchor t_id="119"/>
  <token_anchor t_id="120"/>
  <token_anchor t_id="121"/>
  <token_anchor t_id="122"/>
  <token_anchor t_id="123"/>
  <token_anchor t_id="124"/>
  <token_anchor t_id="125"/>
</NON_HUMAN_PART>


<ACTION_OCCURRENCE m_id="33" RELATED_TO="" TAG_DESCRIPTOR="t20_earthquake" instance_id="ACT17821472137518203" />
<NON_HUMAN_PART m_id="43" RELATED_TO="" TAG_DESCRIPTOR="t20_villages" instance_id="NON18002560353210415" />
<HUMAN_PART_PER m_id="42" RELATED_TO="" TAG_DESCRIPTOR="t20_injured_people" instance_id="HUM18001993603753566" />
<ACTION_OCCURRENCE m_id="41" RELATED_TO="" TAG_DESCRIPTOR="t20_struck" instance_id="ACT17822303993286740" />
<ACTION_OCCURRENCE m_id="39" RELATED_TO="" TAG_DESCRIPTOR="t20_injured" instance_id="ACT17821791897870910" />
<HUMAN_PART_PER m_id="40" RELATED_TO="" TAG_DESCRIPTOR="t20_people_killed" instance_id="HUM18002010984170151" />
<LOC_GEO m_id="38" RELATED_TO="" TAG_DESCRIPTOR="t20_southern_iran" instance_id="LOC18003255740560286" />
<ACTION_OCCURRENCE m_id="37" RELATED_TO="" TAG_DESCRIPTOR="t20_killed" instance_id="ACT17821802167919676" />
<LOC_GEO m_id="36" RELATED_TO="" TAG_DESCRIPTOR="t20_qeshm" instance_id="LOC18002535573514489" />
<TIME_DATE m_id="35" RELATED_TO="" TAG_DESCRIPTOR="t20_sunday" instance_id="TIM18002581115380876" />
<NON_HUMAN_PART m_id="34" RELATED_TO="" TAG_DESCRIPTOR="t20_magnitude_5_9" instance_id="NON28373037842248020" />
</Markables>

<Relations>
<CROSS_DOC_COREF r_id="40541" note="ACT17821472137518203" >
  <source m_id="9" />
  <source m_id="7" />
  <source m_id="3" />
  <target m_id="33" />
</CROSS_DOC_COREF>
<CROSS_DOC_COREF r_id="40542" note="NON28373037842248020" >
  <source m_id="31" />
  <target m_id="34" />
</CROSS_DOC_COREF>
<CROSS_DOC_COREF r_id="40543" note="TIM18002581115380876" >
  <source m_id="13" />
  <target m_id="35" />
</CROSS_DOC_COREF>
<CROSS_DOC_COREF r_id="40544" note="LOC18002535573514489" >
  <source m_id="18" />
  <target m_id="36" />
</CROSS_DOC_COREF>
<CROSS_DOC_COREF r_id="40545" note="ACT17821802167919676" >
  <source m_id="5" />
  <target m_id="37" />
</CROSS_DOC_COREF>
<CROSS_DOC_COREF r_id="40546" note="LOC18003255740560286" >
  <source m_id="12" />
  <target m_id="38" />
</CROSS_DOC_COREF>
<CROSS_DOC_COREF r_id="40547" note="ACT17821791897870910" >
  <source m_id="6" />
  <target m_id="39" />
</CROSS_DOC_COREF>
<CROSS_DOC_COREF r_id="40548" note="HUM18002010984170151" >
  <source m_id="14" />
  <target m_id="40" />
</CROSS_DOC_COREF>
<CROSS_DOC_COREF r_id="40549" note="ACT17822303993286740" >
  <source m_id="4" />
  <target m_id="41" />
</CROSS_DOC_COREF>
<CROSS_DOC_COREF r_id="40550" note="HUM18001993603753566" >
  <source m_id="15" />
  <target m_id="42" />
</CROSS_DOC_COREF>
<CROSS_DOC_COREF r_id="40551" note="NON18002560353210415" >
  <source m_id="32" />
  <target m_id="43" />
</CROSS_DOC_COREF>

</Relations>
</Document>
