<Document doc_name="24_5ecbplus.xml" doc_id="DOC15646354056770722">
<token t_id="1" sentence="0" number="0">http</token>
<token t_id="2" sentence="0" number="1">:</token>
<token t_id="3" sentence="0" number="2">/</token>
<token t_id="4" sentence="0" number="3">/</token>
<token t_id="5" sentence="0" number="4">www</token>
<token t_id="6" sentence="0" number="5">.</token>
<token t_id="7" sentence="0" number="6">thelocal</token>
<token t_id="8" sentence="0" number="7">.</token>
<token t_id="9" sentence="0" number="8">fr</token>
<token t_id="10" sentence="0" number="9">/</token>
<token t_id="11" sentence="0" number="10">20130909</token>
<token t_id="12" sentence="0" number="11">/</token>
<token t_id="13" sentence="0" number="12">ram</token>
<token t_id="14" sentence="0" number="13">-</token>
<token t_id="15" sentence="0" number="14">raiders</token>
<token t_id="16" sentence="0" number="15">-</token>
<token t_id="17" sentence="0" number="16">hit</token>
<token t_id="18" sentence="0" number="17">-</token>
<token t_id="19" sentence="0" number="18">paris</token>
<token t_id="20" sentence="0" number="19">-</token>
<token t_id="21" sentence="0" number="20">jewellery</token>
<token t_id="22" sentence="0" number="21">-</token>
<token t_id="23" sentence="0" number="22">store</token>
<token t_id="24" sentence="0" number="23">-</token>
<token t_id="25" sentence="0" number="24">for</token>
<token t_id="26" sentence="0" number="25">-</token>
<token t_id="27" sentence="0" number="26">2m</token>
<token t_id="28" sentence="1" number="0">Ram</token>
<token t_id="29" sentence="1" number="1">-</token>
<token t_id="30" sentence="1" number="2">raiders</token>
<token t_id="31" sentence="1" number="3">hit</token>
<token t_id="32" sentence="1" number="4">Paris</token>
<token t_id="33" sentence="1" number="5">jewellery</token>
<token t_id="34" sentence="1" number="6">store</token>
<token t_id="35" sentence="1" number="7">for</token>
<token t_id="36" sentence="1" number="8">€2m</token>
<token t_id="37" sentence="2" number="0">Published</token>
<token t_id="38" sentence="2" number="1">:</token>
<token t_id="39" sentence="2" number="2">09</token>
<token t_id="40" sentence="2" number="3">Sep</token>
<token t_id="41" sentence="2" number="4">2013</token>
<token t_id="42" sentence="2" number="5">11</token>
<token t_id="43" sentence="2" number="6">:</token>
<token t_id="44" sentence="2" number="7">25</token>
<token t_id="45" sentence="2" number="8">GMT+02</token>
<token t_id="46" sentence="2" number="9">:</token>
<token t_id="47" sentence="2" number="10">00</token>
<token t_id="48" sentence="3" number="0">Updated</token>
<token t_id="49" sentence="3" number="1">:</token>
<token t_id="50" sentence="3" number="2">09</token>
<token t_id="51" sentence="3" number="3">Sep</token>
<token t_id="52" sentence="3" number="4">2013</token>
<token t_id="53" sentence="3" number="5">11</token>
<token t_id="54" sentence="3" number="6">:</token>
<token t_id="55" sentence="3" number="7">25</token>
<token t_id="56" sentence="3" number="8">GMT+02</token>
<token t_id="57" sentence="3" number="9">:</token>
<token t_id="58" sentence="3" number="10">00</token>
<token t_id="59" sentence="4" number="0">Ram</token>
<token t_id="60" sentence="4" number="1">-</token>
<token t_id="61" sentence="4" number="2">raiders</token>
<token t_id="62" sentence="4" number="3">ploughed</token>
<token t_id="63" sentence="4" number="4">their</token>
<token t_id="64" sentence="4" number="5">vehicle</token>
<token t_id="65" sentence="4" number="6">into</token>
<token t_id="66" sentence="4" number="7">an</token>
<token t_id="67" sentence="4" number="8">upmarket</token>
<token t_id="68" sentence="4" number="9">jewellery</token>
<token t_id="69" sentence="4" number="10">boutique</token>
<token t_id="70" sentence="4" number="11">near</token>
<token t_id="71" sentence="4" number="12">Place</token>
<token t_id="72" sentence="4" number="13">Vendôme</token>
<token t_id="73" sentence="4" number="14">in</token>
<token t_id="74" sentence="4" number="15">central</token>
<token t_id="75" sentence="4" number="16">Paris</token>
<token t_id="76" sentence="4" number="17">on</token>
<token t_id="77" sentence="4" number="18">Monday</token>
<token t_id="78" sentence="4" number="19">in</token>
<token t_id="79" sentence="4" number="20">a</token>
<token t_id="80" sentence="4" number="21">dramatic</token>
<token t_id="81" sentence="4" number="22">dawn</token>
<token t_id="82" sentence="4" number="23">robbery</token>
<token t_id="83" sentence="4" number="24">,</token>
<token t_id="84" sentence="4" number="25">making</token>
<token t_id="85" sentence="4" number="26">off</token>
<token t_id="86" sentence="4" number="27">with</token>
<token t_id="87" sentence="4" number="28">€2</token>
<token t_id="88" sentence="4" number="29">million</token>
<token t_id="89" sentence="4" number="30">worth</token>
<token t_id="90" sentence="4" number="31">of</token>
<token t_id="91" sentence="4" number="32">loot</token>
<token t_id="92" sentence="4" number="33">.</token>
<token t_id="93" sentence="5" number="0">Four</token>
<token t_id="94" sentence="5" number="1">men</token>
<token t_id="95" sentence="5" number="2">rammed</token>
<token t_id="96" sentence="5" number="3">their</token>
<token t_id="97" sentence="5" number="4">car</token>
<token t_id="98" sentence="5" number="5">into</token>
<token t_id="99" sentence="5" number="6">an</token>
<token t_id="100" sentence="5" number="7">upmarket</token>
<token t_id="101" sentence="5" number="8">jewellery</token>
<token t_id="102" sentence="5" number="9">store</token>
<token t_id="103" sentence="5" number="10">in</token>
<token t_id="104" sentence="5" number="11">central</token>
<token t_id="105" sentence="5" number="12">Paris</token>
<token t_id="106" sentence="5" number="13">on</token>
<token t_id="107" sentence="5" number="14">Monday</token>
<token t_id="108" sentence="5" number="15">,</token>
<token t_id="109" sentence="5" number="16">smashing</token>
<token t_id="110" sentence="5" number="17">the</token>
<token t_id="111" sentence="5" number="18">shop</token>
<token t_id="112" sentence="5" number="19">window</token>
<token t_id="113" sentence="5" number="20">and</token>
<token t_id="114" sentence="5" number="21">making</token>
<token t_id="115" sentence="5" number="22">off</token>
<token t_id="116" sentence="5" number="23">with</token>
<token t_id="117" sentence="5" number="24">a</token>
<token t_id="118" sentence="5" number="25">€2</token>
<token t_id="119" sentence="5" number="26">million</token>
<token t_id="120" sentence="5" number="27">(</token>
<token t_id="121" sentence="5" number="28">$2</token>
<token t_id="122" sentence="5" number="29">.</token>
<token t_id="123" sentence="5" number="30">6</token>
<token t_id="124" sentence="5" number="31">-</token>
<token t_id="125" sentence="5" number="32">million</token>
<token t_id="126" sentence="5" number="33">)</token>
<token t_id="127" sentence="5" number="34">booty</token>
<token t_id="128" sentence="5" number="35">,</token>
<token t_id="129" sentence="5" number="36">a</token>
<token t_id="130" sentence="5" number="37">police</token>
<token t_id="131" sentence="5" number="38">source</token>
<token t_id="132" sentence="5" number="39">said</token>
<token t_id="133" sentence="5" number="40">.</token>
<token t_id="134" sentence="6" number="0">The</token>
<token t_id="135" sentence="6" number="1">heist</token>
<token t_id="136" sentence="6" number="2">near</token>
<token t_id="137" sentence="6" number="3">the</token>
<token t_id="138" sentence="6" number="4">upscale</token>
<token t_id="139" sentence="6" number="5">Place</token>
<token t_id="140" sentence="6" number="6">Vendôme</token>
<token t_id="141" sentence="6" number="7">is</token>
<token t_id="142" sentence="6" number="8">the</token>
<token t_id="143" sentence="6" number="9">latest</token>
<token t_id="144" sentence="6" number="10">to</token>
<token t_id="145" sentence="6" number="11">hit</token>
<token t_id="146" sentence="6" number="12">France</token>
<token t_id="147" sentence="6" number="13">after</token>
<token t_id="148" sentence="6" number="14">a</token>
<token t_id="149" sentence="6" number="15">spate</token>
<token t_id="150" sentence="6" number="16">of</token>
<token t_id="151" sentence="6" number="17">high</token>
<token t_id="152" sentence="6" number="18">-</token>
<token t_id="153" sentence="6" number="19">profile</token>
<token t_id="154" sentence="6" number="20">robberies</token>
<token t_id="155" sentence="6" number="21">in</token>
<token t_id="156" sentence="6" number="22">the</token>
<token t_id="157" sentence="6" number="23">southern</token>
<token t_id="158" sentence="6" number="24">resort</token>
<token t_id="159" sentence="6" number="25">of</token>
<token t_id="160" sentence="6" number="26">Cannes</token>
<token t_id="161" sentence="6" number="27">.</token>
<token t_id="162" sentence="7" number="0">The</token>
<token t_id="163" sentence="7" number="1">police</token>
<token t_id="164" sentence="7" number="2">source</token>
<token t_id="165" sentence="7" number="3">,</token>
<token t_id="166" sentence="7" number="4">who</token>
<token t_id="167" sentence="7" number="5">wished</token>
<token t_id="168" sentence="7" number="6">to</token>
<token t_id="169" sentence="7" number="7">remain</token>
<token t_id="170" sentence="7" number="8">anonymous</token>
<token t_id="171" sentence="7" number="9">,</token>
<token t_id="172" sentence="7" number="10">said</token>
<token t_id="173" sentence="7" number="11">the</token>
<token t_id="174" sentence="7" number="12">men</token>
<token t_id="175" sentence="7" number="13">drove</token>
<token t_id="176" sentence="7" number="14">a</token>
<token t_id="177" sentence="7" number="15">large</token>
<token t_id="178" sentence="7" number="16">four</token>
<token t_id="179" sentence="7" number="17">-</token>
<token t_id="180" sentence="7" number="18">by</token>
<token t_id="181" sentence="7" number="19">-</token>
<token t_id="182" sentence="7" number="20">four</token>
<token t_id="183" sentence="7" number="21">car</token>
<token t_id="184" sentence="7" number="22">into</token>
<token t_id="185" sentence="7" number="23">the</token>
<token t_id="186" sentence="7" number="24">store</token>
<token t_id="187" sentence="7" number="25">in</token>
<token t_id="188" sentence="7" number="26">the</token>
<token t_id="189" sentence="7" number="27">early</token>
<token t_id="190" sentence="7" number="28">hours</token>
<token t_id="191" sentence="7" number="29">of</token>
<token t_id="192" sentence="7" number="30">the</token>
<token t_id="193" sentence="7" number="31">morning</token>
<token t_id="194" sentence="7" number="32">and</token>
<token t_id="195" sentence="7" number="33">grabbed</token>
<token t_id="196" sentence="7" number="34">jewellery</token>
<token t_id="197" sentence="7" number="35">and</token>
<token t_id="198" sentence="7" number="36">luxury</token>
<token t_id="199" sentence="7" number="37">watches</token>
<token t_id="200" sentence="7" number="38">worth</token>
<token t_id="201" sentence="7" number="39">an</token>
<token t_id="202" sentence="7" number="40">estimated</token>
<token t_id="203" sentence="7" number="41">€2</token>
<token t_id="204" sentence="7" number="42">million</token>
<token t_id="205" sentence="7" number="43">.</token>
<token t_id="206" sentence="8" number="0">They</token>
<token t_id="207" sentence="8" number="1">then</token>
<token t_id="208" sentence="8" number="2">set</token>
<token t_id="209" sentence="8" number="3">fire</token>
<token t_id="210" sentence="8" number="4">to</token>
<token t_id="211" sentence="8" number="5">the</token>
<token t_id="212" sentence="8" number="6">vehicle</token>
<token t_id="213" sentence="8" number="7">and</token>
<token t_id="214" sentence="8" number="8">escaped</token>
<token t_id="215" sentence="8" number="9">in</token>
<token t_id="216" sentence="8" number="10">another</token>
<token t_id="217" sentence="8" number="11">car</token>
<token t_id="218" sentence="8" number="12">.</token>
<token t_id="219" sentence="9" number="0">Forensic</token>
<token t_id="220" sentence="9" number="1">policemen</token>
<token t_id="221" sentence="9" number="2">are</token>
<token t_id="222" sentence="9" number="3">currently</token>
<token t_id="223" sentence="9" number="4">going</token>
<token t_id="224" sentence="9" number="5">through</token>
<token t_id="225" sentence="9" number="6">the</token>
<token t_id="226" sentence="9" number="7">site</token>
<token t_id="227" sentence="9" number="8">of</token>
<token t_id="228" sentence="9" number="9">the</token>
<token t_id="229" sentence="9" number="10">robbery</token>
<token t_id="230" sentence="9" number="11">at</token>
<token t_id="231" sentence="9" number="12">the</token>
<token t_id="232" sentence="9" number="13">Casty</token>
<token t_id="233" sentence="9" number="14">store</token>
<token t_id="234" sentence="9" number="15">on</token>
<token t_id="235" sentence="9" number="16">Rue</token>
<token t_id="236" sentence="9" number="17">de</token>
<token t_id="237" sentence="9" number="18">Castiglione</token>
<token t_id="238" sentence="9" number="19">in</token>
<token t_id="239" sentence="9" number="20">the</token>
<token t_id="240" sentence="9" number="21">central</token>
<token t_id="241" sentence="9" number="22">first</token>
<token t_id="242" sentence="9" number="23">arrondissement</token>
<token t_id="243" sentence="9" number="24">of</token>
<token t_id="244" sentence="9" number="25">Paris</token>
<token t_id="245" sentence="9" number="26">,</token>
<token t_id="246" sentence="9" number="27">which</token>
<token t_id="247" sentence="9" number="28">is</token>
<token t_id="248" sentence="9" number="29">home</token>
<token t_id="249" sentence="9" number="30">to</token>
<token t_id="250" sentence="9" number="31">numerous</token>
<token t_id="251" sentence="9" number="32">jewellery</token>
<token t_id="252" sentence="9" number="33">shops</token>
<token t_id="253" sentence="9" number="34">.</token>
<token t_id="254" sentence="10" number="0">Paris</token>
<token t_id="255" sentence="10" number="1">also</token>
<token t_id="256" sentence="10" number="2">witnessed</token>
<token t_id="257" sentence="10" number="3">another</token>
<token t_id="258" sentence="10" number="4">dramatic</token>
<token t_id="259" sentence="10" number="5">robbery</token>
<token t_id="260" sentence="10" number="6">on</token>
<token t_id="261" sentence="10" number="7">Sunday</token>
<token t_id="262" sentence="10" number="8">night</token>
<token t_id="263" sentence="10" number="9">when</token>
<token t_id="264" sentence="10" number="10">thieves</token>
<token t_id="265" sentence="10" number="11">armed</token>
<token t_id="266" sentence="10" number="12">with</token>
<token t_id="267" sentence="10" number="13">Kalashnikovs</token>
<token t_id="268" sentence="10" number="14">stormed</token>
<token t_id="269" sentence="10" number="15">a</token>
<token t_id="270" sentence="10" number="16">subsidiary</token>
<token t_id="271" sentence="10" number="17">of</token>
<token t_id="272" sentence="10" number="18">the</token>
<token t_id="273" sentence="10" number="19">France's</token>
<token t_id="274" sentence="10" number="20">rail</token>
<token t_id="275" sentence="10" number="21">operator</token>
<token t_id="276" sentence="10" number="22">SNCF</token>
<token t_id="277" sentence="10" number="23">in</token>
<token t_id="278" sentence="10" number="24">the</token>
<token t_id="279" sentence="10" number="25">capital's</token>
<token t_id="280" sentence="10" number="26">15th</token>
<token t_id="281" sentence="10" number="27">arrondissement</token>
<token t_id="282" sentence="10" number="28">.</token>
<token t_id="283" sentence="11" number="0">According</token>
<token t_id="284" sentence="11" number="1">to</token>
<token t_id="285" sentence="11" number="2">reports</token>
<token t_id="286" sentence="11" number="3">,</token>
<token t_id="287" sentence="11" number="4">the</token>
<token t_id="288" sentence="11" number="5">robbers</token>
<token t_id="289" sentence="11" number="6">escaped</token>
<token t_id="290" sentence="11" number="7">with</token>
<token t_id="291" sentence="11" number="8">around</token>
<token t_id="292" sentence="11" number="9">€60</token>
<token t_id="293" sentence="11" number="10">,</token>
<token t_id="294" sentence="11" number="11">000</token>
<token t_id="295" sentence="11" number="12">from</token>
<token t_id="296" sentence="11" number="13">the</token>
<token t_id="297" sentence="11" number="14">company</token>
<token t_id="298" sentence="11" number="15">which</token>
<token t_id="299" sentence="11" number="16">is</token>
<token t_id="300" sentence="11" number="17">in</token>
<token t_id="301" sentence="11" number="18">charge</token>
<token t_id="302" sentence="11" number="19">of</token>
<token t_id="303" sentence="11" number="20">managing</token>
<token t_id="304" sentence="11" number="21">restaurant</token>
<token t_id="305" sentence="11" number="22">cars</token>
<token t_id="306" sentence="11" number="23">on</token>
<token t_id="307" sentence="11" number="24">the</token>
<token t_id="308" sentence="11" number="25">TGV</token>
<token t_id="309" sentence="11" number="26">trains</token>
<token t_id="310" sentence="11" number="27">.</token>
<token t_id="311" sentence="12" number="0">At</token>
<token t_id="312" sentence="12" number="1">the</token>
<token t_id="313" sentence="12" number="2">end</token>
<token t_id="314" sentence="12" number="3">of</token>
<token t_id="315" sentence="12" number="4">July</token>
<token t_id="316" sentence="12" number="5">,</token>
<token t_id="317" sentence="12" number="6">an</token>
<token t_id="318" sentence="12" number="7">armed</token>
<token t_id="319" sentence="12" number="8">man</token>
<token t_id="320" sentence="12" number="9">carried</token>
<token t_id="321" sentence="12" number="10">out</token>
<token t_id="322" sentence="12" number="11">a</token>
<token t_id="323" sentence="12" number="12">brazen</token>
<token t_id="324" sentence="12" number="13">robbery</token>
<token t_id="325" sentence="12" number="14">in</token>
<token t_id="326" sentence="12" number="15">broad</token>
<token t_id="327" sentence="12" number="16">daylight</token>
<token t_id="328" sentence="12" number="17">at</token>
<token t_id="329" sentence="12" number="18">a</token>
<token t_id="330" sentence="12" number="19">diamond</token>
<token t_id="331" sentence="12" number="20">exhibition</token>
<token t_id="332" sentence="12" number="21">at</token>
<token t_id="333" sentence="12" number="22">the</token>
<token t_id="334" sentence="12" number="23">Carlton</token>
<token t_id="335" sentence="12" number="24">hotel</token>
<token t_id="336" sentence="12" number="25">in</token>
<token t_id="337" sentence="12" number="26">Cannes</token>
<token t_id="338" sentence="12" number="27">,</token>
<token t_id="339" sentence="12" number="28">making</token>
<token t_id="340" sentence="12" number="29">off</token>
<token t_id="341" sentence="12" number="30">with</token>
<token t_id="342" sentence="12" number="31">jewellery</token>
<token t_id="343" sentence="12" number="32">worth</token>
<token t_id="344" sentence="12" number="33">€103</token>
<token t_id="345" sentence="12" number="34">million</token>
<token t_id="346" sentence="12" number="35">in</token>
<token t_id="347" sentence="12" number="36">one</token>
<token t_id="348" sentence="12" number="37">of</token>
<token t_id="349" sentence="12" number="38">the</token>
<token t_id="350" sentence="12" number="39">world's</token>
<token t_id="351" sentence="12" number="40">biggest</token>
<token t_id="352" sentence="12" number="41">ever</token>
<token t_id="353" sentence="12" number="42">heists</token>
<token t_id="354" sentence="12" number="43">.</token>
<token t_id="355" sentence="13" number="0">Paris</token>
<token t_id="356" sentence="13" number="1">has</token>
<token t_id="357" sentence="13" number="2">also</token>
<token t_id="358" sentence="13" number="3">been</token>
<token t_id="359" sentence="13" number="4">the</token>
<token t_id="360" sentence="13" number="5">scene</token>
<token t_id="361" sentence="13" number="6">of</token>
<token t_id="362" sentence="13" number="7">high</token>
<token t_id="363" sentence="13" number="8">-</token>
<token t_id="364" sentence="13" number="9">profile</token>
<token t_id="365" sentence="13" number="10">robberies</token>
<token t_id="366" sentence="13" number="11">.</token>
<token t_id="367" sentence="14" number="0">In</token>
<token t_id="368" sentence="14" number="1">December</token>
<token t_id="369" sentence="14" number="2">2008</token>
<token t_id="370" sentence="14" number="3">,</token>
<token t_id="371" sentence="14" number="4">three</token>
<token t_id="372" sentence="14" number="5">men</token>
<token t_id="373" sentence="14" number="6">emptied</token>
<token t_id="374" sentence="14" number="7">almost</token>
<token t_id="375" sentence="14" number="8">all</token>
<token t_id="376" sentence="14" number="9">of</token>
<token t_id="377" sentence="14" number="10">the</token>
<token t_id="378" sentence="14" number="11">stock</token>
<token t_id="379" sentence="14" number="12">of</token>
<token t_id="380" sentence="14" number="13">gems</token>
<token t_id="381" sentence="14" number="14">from</token>
<token t_id="382" sentence="14" number="15">the</token>
<token t_id="383" sentence="14" number="16">Harry</token>
<token t_id="384" sentence="14" number="17">Winston</token>
<token t_id="385" sentence="14" number="18">jewellery</token>
<token t_id="386" sentence="14" number="19">store</token>
<token t_id="387" sentence="14" number="20">.</token>
<token t_id="388" sentence="15" number="0">In</token>
<token t_id="389" sentence="15" number="1">2009</token>
<token t_id="390" sentence="15" number="2">,</token>
<token t_id="391" sentence="15" number="3">police</token>
<token t_id="392" sentence="15" number="4">said</token>
<token t_id="393" sentence="15" number="5">they</token>
<token t_id="394" sentence="15" number="6">had</token>
<token t_id="395" sentence="15" number="7">recovered</token>
<token t_id="396" sentence="15" number="8">80</token>
<token t_id="397" sentence="15" number="9">percent</token>
<token t_id="398" sentence="15" number="10">of</token>
<token t_id="399" sentence="15" number="11">the</token>
<token t_id="400" sentence="15" number="12">haul</token>
<token t_id="401" sentence="15" number="13">.</token>
<Markables>
<ACTION_ASPECTUAL m_id="46"  >
  <token_anchor t_id="169"/>
</ACTION_ASPECTUAL>
<ACTION_OCCURRENCE m_id="9"  >
  <token_anchor t_id="82"/>
</ACTION_OCCURRENCE>
<ACTION_OCCURRENCE m_id="10"  >
  <token_anchor t_id="84"/>
  <token_anchor t_id="85"/>
</ACTION_OCCURRENCE>
<ACTION_OCCURRENCE m_id="11"  >
  <token_anchor t_id="95"/>
</ACTION_OCCURRENCE>
<ACTION_OCCURRENCE m_id="12"  >
  <token_anchor t_id="109"/>
</ACTION_OCCURRENCE>
<ACTION_OCCURRENCE m_id="13"  >
  <token_anchor t_id="114"/>
  <token_anchor t_id="115"/>
</ACTION_OCCURRENCE>
<ACTION_OCCURRENCE m_id="14"  >
  <token_anchor t_id="135"/>
</ACTION_OCCURRENCE>
<ACTION_OCCURRENCE m_id="15"  >
  <token_anchor t_id="145"/>
</ACTION_OCCURRENCE>
<ACTION_OCCURRENCE m_id="16"  >
  <token_anchor t_id="149"/>
</ACTION_OCCURRENCE>
<ACTION_OCCURRENCE m_id="17"  >
  <token_anchor t_id="154"/>
</ACTION_OCCURRENCE>
<ACTION_OCCURRENCE m_id="18"  >
  <token_anchor t_id="167"/>
</ACTION_OCCURRENCE>
<ACTION_OCCURRENCE m_id="19"  >
  <token_anchor t_id="195"/>
</ACTION_OCCURRENCE>
<ACTION_OCCURRENCE m_id="20"  >
  <token_anchor t_id="175"/>
</ACTION_OCCURRENCE>
<ACTION_OCCURRENCE m_id="21"  >
  <token_anchor t_id="202"/>
</ACTION_OCCURRENCE>
<ACTION_OCCURRENCE m_id="7"  >
  <token_anchor t_id="31"/>
</ACTION_OCCURRENCE>
<ACTION_OCCURRENCE m_id="8"  >
  <token_anchor t_id="62"/>
</ACTION_OCCURRENCE>
<ACTION_REPORTING m_id="43"  >
  <token_anchor t_id="132"/>
</ACTION_REPORTING>
<ACTION_REPORTING m_id="44"  >
  <token_anchor t_id="172"/>
</ACTION_REPORTING>
<ACTION_STATE m_id="45"  >
  <token_anchor t_id="170"/>
</ACTION_STATE>
<ACTION_STATE m_id="48"  >
  <token_anchor t_id="200"/>
</ACTION_STATE>
<HUMAN_PART_GPE m_id="47"  >
  <token_anchor t_id="146"/>
</HUMAN_PART_GPE>
<HUMAN_PART_PER m_id="41"  >
  <token_anchor t_id="131"/>
</HUMAN_PART_PER>
<HUMAN_PART_PER m_id="42"  >
  <token_anchor t_id="164"/>
</HUMAN_PART_PER>
<HUMAN_PART_PER m_id="3"  >
  <token_anchor t_id="28"/>
  <token_anchor t_id="29"/>
  <token_anchor t_id="30"/>
</HUMAN_PART_PER>
<HUMAN_PART_PER m_id="4"  >
  <token_anchor t_id="59"/>
  <token_anchor t_id="60"/>
  <token_anchor t_id="61"/>
</HUMAN_PART_PER>
<HUMAN_PART_PER m_id="5"  >
  <token_anchor t_id="94"/>
</HUMAN_PART_PER>
<HUMAN_PART_PER m_id="6"  >
  <token_anchor t_id="174"/>
</HUMAN_PART_PER>
<LOC_FAC m_id="22"  >
  <token_anchor t_id="32"/>
  <token_anchor t_id="33"/>
  <token_anchor t_id="34"/>
</LOC_FAC>
<LOC_FAC m_id="23"  >
  <token_anchor t_id="66"/>
  <token_anchor t_id="67"/>
  <token_anchor t_id="68"/>
  <token_anchor t_id="69"/>
  <token_anchor t_id="70"/>
  <token_anchor t_id="71"/>
  <token_anchor t_id="72"/>
  <token_anchor t_id="73"/>
  <token_anchor t_id="74"/>
  <token_anchor t_id="75"/>
</LOC_FAC>
<LOC_FAC m_id="24"  >
  <token_anchor t_id="99"/>
  <token_anchor t_id="100"/>
  <token_anchor t_id="101"/>
  <token_anchor t_id="102"/>
  <token_anchor t_id="103"/>
  <token_anchor t_id="104"/>
  <token_anchor t_id="105"/>
</LOC_FAC>
<LOC_FAC m_id="27"  >
  <token_anchor t_id="185"/>
  <token_anchor t_id="186"/>
</LOC_FAC>
<LOC_GEO m_id="25"  >
  <token_anchor t_id="136"/>
  <token_anchor t_id="137"/>
  <token_anchor t_id="138"/>
  <token_anchor t_id="139"/>
  <token_anchor t_id="140"/>
</LOC_GEO>
<LOC_GEO m_id="26"  >
  <token_anchor t_id="155"/>
  <token_anchor t_id="156"/>
  <token_anchor t_id="157"/>
  <token_anchor t_id="158"/>
  <token_anchor t_id="159"/>
  <token_anchor t_id="160"/>
</LOC_GEO>
<NON_HUMAN_PART m_id="31"  >
  <token_anchor t_id="64"/>
</NON_HUMAN_PART>
<NON_HUMAN_PART m_id="32"  >
  <token_anchor t_id="36"/>
</NON_HUMAN_PART>
<NON_HUMAN_PART m_id="33"  >
  <token_anchor t_id="91"/>
</NON_HUMAN_PART>
<NON_HUMAN_PART m_id="34"  >
  <token_anchor t_id="97"/>
</NON_HUMAN_PART>
<NON_HUMAN_PART m_id="36"  >
  <token_anchor t_id="127"/>
</NON_HUMAN_PART>
<NON_HUMAN_PART m_id="37"  >
  <token_anchor t_id="183"/>
</NON_HUMAN_PART>
<NON_HUMAN_PART m_id="38"  >
  <token_anchor t_id="196"/>
</NON_HUMAN_PART>
<NON_HUMAN_PART m_id="39"  >
  <token_anchor t_id="199"/>
</NON_HUMAN_PART>
<NON_HUMAN_PART m_id="40"  >
  <token_anchor t_id="203"/>
  <token_anchor t_id="204"/>
</NON_HUMAN_PART>
<TIME_DATE m_id="29"  >
  <token_anchor t_id="106"/>
  <token_anchor t_id="107"/>
</TIME_DATE>
<TIME_DATE m_id="30"  >
  <token_anchor t_id="76"/>
  <token_anchor t_id="77"/>
</TIME_DATE>
<TIME_OF_THE_DAY m_id="28"  >
  <token_anchor t_id="187"/>
  <token_anchor t_id="188"/>
  <token_anchor t_id="189"/>
  <token_anchor t_id="190"/>
  <token_anchor t_id="191"/>
  <token_anchor t_id="192"/>
  <token_anchor t_id="193"/>
</TIME_OF_THE_DAY>
<TIME_OF_THE_DAY m_id="1"  >
  <token_anchor t_id="39"/>
  <token_anchor t_id="40"/>
  <token_anchor t_id="41"/>
  <token_anchor t_id="42"/>
  <token_anchor t_id="43"/>
  <token_anchor t_id="44"/>
  <token_anchor t_id="45"/>
  <token_anchor t_id="46"/>
  <token_anchor t_id="47"/>
</TIME_OF_THE_DAY>
<TIME_OF_THE_DAY m_id="2"  >
  <token_anchor t_id="50"/>
  <token_anchor t_id="51"/>
  <token_anchor t_id="52"/>
  <token_anchor t_id="53"/>
  <token_anchor t_id="54"/>
  <token_anchor t_id="55"/>
  <token_anchor t_id="56"/>
  <token_anchor t_id="57"/>
  <token_anchor t_id="58"/>
</TIME_OF_THE_DAY>


<LOC_OTHER m_id="57" note="byCROMER" >
  <token_anchor t_id="112"/>
</LOC_OTHER>
<NON_HUMAN_PART m_id="58" note="byCROMER" >
  <token_anchor t_id="87"/>
  <token_anchor t_id="88"/>
</NON_HUMAN_PART>


<HUMAN_PART_PER m_id="50" RELATED_TO="" TAG_DESCRIPTOR="source" />
<LOC_FAC m_id="69" RELATED_TO="" TAG_DESCRIPTOR="t24_store" instance_id="LOC18316780390763009" />
<ACTION_OCCURRENCE m_id="68" RELATED_TO="" TAG_DESCRIPTOR="t24_robberies" instance_id="ACT18316733646145911" />
<ACTION_OCCURRENCE m_id="67" RELATED_TO="" TAG_DESCRIPTOR="t24_stole" instance_id="ACT18316607728005315" />
<NON_HUMAN_PART m_id="66" RELATED_TO="" TAG_DESCRIPTOR="t24_4x4" instance_id="NON18316889977087247" />
<ACTION_OCCURRENCE m_id="65" RELATED_TO="" TAG_DESCRIPTOR="t24_heist" instance_id="ACT18316597331822467" />
<LOC_GEO m_id="64" RELATED_TO="" TAG_DESCRIPTOR="t24_cannes" instance_id="LOC18316841006837696" />
<NON_HUMAN_PART m_id="63" RELATED_TO="" TAG_DESCRIPTOR="t24_two_million" instance_id="NON18316939477367750" />
<ACTION_OCCURRENCE m_id="62" RELATED_TO="" TAG_DESCRIPTOR="t24_hit_france" instance_id="ACT18316689641167875" />
<NON_HUMAN_PART m_id="61" RELATED_TO="" TAG_DESCRIPTOR="t24_booty" instance_id="NON28443472157695723" />
<ACTION_OCCURRENCE m_id="60" RELATED_TO="" TAG_DESCRIPTOR="t24_crashed" instance_id="ACT18316906146581222" />
<ACTION_OCCURRENCE m_id="76" RELATED_TO="" TAG_DESCRIPTOR="t24_spate" instance_id="ACT18316748985916755" />
<NON_HUMAN_PART m_id="75" RELATED_TO="" TAG_DESCRIPTOR="t24_jewellery" instance_id="NON18316866714096124" />
<HUMAN_PART_GPE m_id="74" RELATED_TO="" TAG_DESCRIPTOR="t24_france" instance_id="HUM18316765045288949" />
<NON_HUMAN_PART m_id="73" RELATED_TO="" TAG_DESCRIPTOR="t24_watches" instance_id="NON18316878143147711" />
<LOC_OTHER m_id="72" RELATED_TO="" TAG_DESCRIPTOR="t24_window" instance_id="LOC18316851975019915" />
<HUMAN_PART_PER m_id="71" RELATED_TO="" TAG_DESCRIPTOR="t24_thieves" instance_id="HUM18316922352936729" />
<ACTION_OCCURRENCE m_id="70" RELATED_TO="" TAG_DESCRIPTOR="t24_making_off" instance_id="ACT18316723503733222" />
<TIME_DATE m_id="59" RELATED_TO="" TAG_DESCRIPTOR="t24_9_sep" instance_id="TIM18317089437206282" />
</Markables>

<Relations>
<INTRA_DOC_COREF r_id="40708" >
<source m_id="41" />
<source m_id="42" />
<target m_id="50" />
</INTRA_DOC_COREF>
<CROSS_DOC_COREF r_id="41455" note="TIM18317089437206282" >
  <source m_id="29" />
  <source m_id="30" />
  <target m_id="59" />
</CROSS_DOC_COREF>
<CROSS_DOC_COREF r_id="41456" note="ACT18316906146581222" >
  <source m_id="20" />
  <source m_id="8" />
  <source m_id="11" />
  <target m_id="60" />
</CROSS_DOC_COREF>
<CROSS_DOC_COREF r_id="41457" note="NON28443472157695723" >
  <source m_id="33" />
  <target m_id="61" />
</CROSS_DOC_COREF>
<CROSS_DOC_COREF r_id="41458" note="ACT18316689641167875" >
  <source m_id="15" />
  <source m_id="7" />
  <target m_id="62" />
</CROSS_DOC_COREF>
<CROSS_DOC_COREF r_id="41459" note="NON18316939477367750" >
  <source m_id="32" />
  <source m_id="40" />
  <source m_id="36" />
  <source m_id="58" />
  <target m_id="63" />
</CROSS_DOC_COREF>
<CROSS_DOC_COREF r_id="41460" note="LOC18316841006837696" >
  <source m_id="26" />
  <target m_id="64" />
</CROSS_DOC_COREF>
<CROSS_DOC_COREF r_id="41461" note="ACT18316597331822467" >
  <source m_id="14" />
  <source m_id="9" />
  <target m_id="65" />
</CROSS_DOC_COREF>
<CROSS_DOC_COREF r_id="41462" note="NON18316889977087247" >
  <source m_id="31" />
  <source m_id="34" />
  <source m_id="37" />
  <target m_id="66" />
</CROSS_DOC_COREF>
<CROSS_DOC_COREF r_id="41463" note="ACT18316607728005315" >
  <source m_id="19" />
  <target m_id="67" />
</CROSS_DOC_COREF>
<CROSS_DOC_COREF r_id="41464" note="ACT18316733646145911" >
  <source m_id="17" />
  <target m_id="68" />
</CROSS_DOC_COREF>
<CROSS_DOC_COREF r_id="41465" note="LOC18316780390763009" >
  <source m_id="23" />
  <source m_id="27" />
  <source m_id="24" />
  <source m_id="22" />
  <target m_id="69" />
</CROSS_DOC_COREF>
<CROSS_DOC_COREF r_id="41466" note="ACT18316723503733222" >
  <source m_id="13" />
  <source m_id="10" />
  <target m_id="70" />
</CROSS_DOC_COREF>
<CROSS_DOC_COREF r_id="41467" note="HUM18316922352936729" >
  <source m_id="3" />
  <source m_id="4" />
  <source m_id="6" />
  <source m_id="5" />
  <target m_id="71" />
</CROSS_DOC_COREF>
<CROSS_DOC_COREF r_id="41468" note="LOC18316851975019915" >
  <source m_id="57" />
  <target m_id="72" />
</CROSS_DOC_COREF>
<CROSS_DOC_COREF r_id="41469" note="NON18316878143147711" >
  <source m_id="39" />
  <target m_id="73" />
</CROSS_DOC_COREF>
<CROSS_DOC_COREF r_id="41470" note="HUM18316765045288949" >
  <source m_id="47" />
  <target m_id="74" />
</CROSS_DOC_COREF>
<CROSS_DOC_COREF r_id="41471" note="NON18316866714096124" >
  <source m_id="38" />
  <target m_id="75" />
</CROSS_DOC_COREF>
<CROSS_DOC_COREF r_id="41472" note="ACT18316748985916755" >
  <source m_id="16" />
  <target m_id="76" />
</CROSS_DOC_COREF>

</Relations>
</Document>
