<Document doc_name="24_7ecb.xml" doc_id="DOC15654730161598681">
<token t_id="1" sentence="0" number="0">A</token>
<token t_id="2" sentence="0" number="1">gang</token>
<token t_id="3" sentence="0" number="2">of</token>
<token t_id="4" sentence="0" number="3">four</token>
<token t_id="5" sentence="0" number="4">thieves</token>
<token t_id="6" sentence="0" number="5">--</token>
<token t_id="7" sentence="0" number="6">two</token>
<token t_id="8" sentence="0" number="7">of</token>
<token t_id="9" sentence="0" number="8">them</token>
<token t_id="10" sentence="0" number="9">disguised</token>
<token t_id="11" sentence="0" number="10">as</token>
<token t_id="12" sentence="0" number="11">women</token>
<token t_id="13" sentence="0" number="12">--</token>
<token t_id="14" sentence="0" number="13">on</token>
<token t_id="15" sentence="0" number="14">Thursday</token>
<token t_id="16" sentence="0" number="15">stole</token>
<token t_id="17" sentence="0" number="16">nearly</token>
<token t_id="18" sentence="0" number="17">all</token>
<token t_id="19" sentence="0" number="18">the</token>
<token t_id="20" sentence="0" number="19">jewels</token>
<token t_id="21" sentence="0" number="20">on</token>
<token t_id="22" sentence="0" number="21">display</token>
<token t_id="23" sentence="0" number="22">at</token>
<token t_id="24" sentence="0" number="23">the</token>
<token t_id="25" sentence="0" number="24">Harry</token>
<token t_id="26" sentence="0" number="25">Winston</token>
<token t_id="27" sentence="0" number="26">boutique</token>
<token t_id="28" sentence="0" number="27">just</token>
<token t_id="29" sentence="0" number="28">off</token>
<token t_id="30" sentence="0" number="29">the</token>
<token t_id="31" sentence="0" number="30">Champs-Elysees</token>
<token t_id="32" sentence="0" number="31">avenue</token>
<token t_id="33" sentence="0" number="32">,</token>
<token t_id="34" sentence="0" number="33">which</token>
<token t_id="35" sentence="0" number="34">attracts</token>
<token t_id="36" sentence="0" number="35">a</token>
<token t_id="37" sentence="0" number="36">wealthy</token>
<token t_id="38" sentence="0" number="37">international</token>
<token t_id="39" sentence="0" number="38">clientele</token>
<token t_id="40" sentence="0" number="39">.</token>
<Markables>
<ACTION_OCCURRENCE m_id="20"  >
  <token_anchor t_id="35"/>
</ACTION_OCCURRENCE>
<ACTION_OCCURRENCE m_id="16"  >
  <token_anchor t_id="10"/>
</ACTION_OCCURRENCE>
<ACTION_OCCURRENCE m_id="17"  >
  <token_anchor t_id="16"/>
</ACTION_OCCURRENCE>
<HUMAN_PART_PER m_id="12"  >
  <token_anchor t_id="5"/>
</HUMAN_PART_PER>
<HUMAN_PART_PER m_id="13"  >
  <token_anchor t_id="7"/>
</HUMAN_PART_PER>
<HUMAN_PART_PER m_id="14"  >
  <token_anchor t_id="9"/>
</HUMAN_PART_PER>
<HUMAN_PART_PER m_id="15"  >
  <token_anchor t_id="39"/>
</HUMAN_PART_PER>
<LOC_FAC m_id="21"  >
  <token_anchor t_id="24"/>
  <token_anchor t_id="25"/>
  <token_anchor t_id="26"/>
  <token_anchor t_id="27"/>
  <token_anchor t_id="28"/>
  <token_anchor t_id="29"/>
  <token_anchor t_id="30"/>
  <token_anchor t_id="31"/>
  <token_anchor t_id="32"/>
</LOC_FAC>
<NON_HUMAN_PART m_id="19"  >
  <token_anchor t_id="20"/>
</NON_HUMAN_PART>
<TIME_OF_THE_DAY m_id="22" note="byCROMER" >
  <token_anchor t_id="15"/>
</TIME_OF_THE_DAY>


<LOC_FAC m_id="28" RELATED_TO="" TAG_DESCRIPTOR="t24b_boutique" instance_id="LOC18318468151124403" />
<ACTION_OCCURRENCE m_id="27" RELATED_TO="" TAG_DESCRIPTOR="t24b_stole" instance_id="ACT18318437865031754" />
<NON_HUMAN_PART m_id="26" RELATED_TO="" TAG_DESCRIPTOR="t24b_jewels" instance_id="NON18319156724221924" />
<ACTION_OCCURRENCE m_id="25" RELATED_TO="" TAG_DESCRIPTOR="t24b_dressed" instance_id="ACT18318742720638171" />
<TIME_OF_THE_DAY m_id="24" RELATED_TO="" TAG_DESCRIPTOR="t24b_late_thursday" instance_id="TIM18318870850066558" />
<HUMAN_PART_PER m_id="23" RELATED_TO="" TAG_DESCRIPTOR="t24b_robbers" instance_id="HUM18318452306120227" />
</Markables>

<Relations>
<CROSS_DOC_COREF r_id="32842" note="HUM18318452306120227" >
  <source m_id="12" />
  <source m_id="14" />
  <target m_id="23" />
</CROSS_DOC_COREF>
<CROSS_DOC_COREF r_id="32843" note="TIM18318870850066558" >
  <source m_id="22" />
  <target m_id="24" />
</CROSS_DOC_COREF>
<CROSS_DOC_COREF r_id="32844" note="ACT18318742720638171" >
  <source m_id="16" />
  <target m_id="25" />
</CROSS_DOC_COREF>
<CROSS_DOC_COREF r_id="32845" note="NON18319156724221924" >
  <source m_id="19" />
  <target m_id="26" />
</CROSS_DOC_COREF>
<CROSS_DOC_COREF r_id="32846" note="ACT18318437865031754" >
  <source m_id="17" />
  <target m_id="27" />
</CROSS_DOC_COREF>
<CROSS_DOC_COREF r_id="32847" note="LOC18318468151124403" >
  <source m_id="21" />
  <target m_id="28" />
</CROSS_DOC_COREF>

</Relations>
</Document>
