<Document doc_name="14_1ecbplus.xml" doc_id="DOC15646197808820080">
<token t_id="1" sentence="0" number="0">http</token>
<token t_id="2" sentence="0" number="1">:</token>
<token t_id="3" sentence="0" number="2">/</token>
<token t_id="4" sentence="0" number="3">/</token>
<token t_id="5" sentence="0" number="4">www</token>
<token t_id="6" sentence="0" number="5">.</token>
<token t_id="7" sentence="0" number="6">bbc</token>
<token t_id="8" sentence="0" number="7">.</token>
<token t_id="9" sentence="0" number="8">co</token>
<token t_id="10" sentence="0" number="9">.</token>
<token t_id="11" sentence="0" number="10">uk</token>
<token t_id="12" sentence="0" number="11">/</token>
<token t_id="13" sentence="0" number="12">news</token>
<token t_id="14" sentence="0" number="13">/</token>
<token t_id="15" sentence="0" number="14">uk</token>
<token t_id="16" sentence="0" number="15">-</token>
<token t_id="17" sentence="0" number="16">england</token>
<token t_id="18" sentence="0" number="17">-</token>
<token t_id="19" sentence="0" number="18">somerset</token>
<token t_id="20" sentence="0" number="19">-</token>
<token t_id="21" sentence="0" number="20">23395104</token>
<token t_id="22" sentence="1" number="0">21</token>
<token t_id="23" sentence="1" number="1">July</token>
<token t_id="24" sentence="1" number="2">2013</token>
<token t_id="25" sentence="1" number="3">Last</token>
<token t_id="26" sentence="1" number="4">updated</token>
<token t_id="27" sentence="1" number="5">at</token>
<token t_id="28" sentence="1" number="6">11</token>
<token t_id="29" sentence="1" number="7">:</token>
<token t_id="30" sentence="1" number="8">11</token>
<token t_id="31" sentence="1" number="9">GMT</token>
<token t_id="32" sentence="2" number="0">Waitrose</token>
<token t_id="33" sentence="2" number="1">fire</token>
<token t_id="34" sentence="2" number="2">in</token>
<token t_id="35" sentence="2" number="3">Wellington</token>
<token t_id="36" sentence="2" number="4">town</token>
<token t_id="37" sentence="2" number="5">centre</token>
<token t_id="38" sentence="2" number="6">tackled</token>
<token t_id="39" sentence="3" number="0">Crews</token>
<token t_id="40" sentence="3" number="1">from</token>
<token t_id="41" sentence="3" number="2">Devon</token>
<token t_id="42" sentence="3" number="3">and</token>
<token t_id="43" sentence="3" number="4">Somerset</token>
<token t_id="44" sentence="3" number="5">Fire</token>
<token t_id="45" sentence="3" number="6">and</token>
<token t_id="46" sentence="3" number="7">Rescue</token>
<token t_id="47" sentence="3" number="8">have</token>
<token t_id="48" sentence="3" number="9">tackled</token>
<token t_id="49" sentence="3" number="10">a</token>
<token t_id="50" sentence="3" number="11">blaze</token>
<token t_id="51" sentence="3" number="12">at</token>
<token t_id="52" sentence="3" number="13">a</token>
<token t_id="53" sentence="3" number="14">supermarket</token>
<token t_id="54" sentence="3" number="15">in</token>
<token t_id="55" sentence="3" number="16">a</token>
<token t_id="56" sentence="3" number="17">Somerset</token>
<token t_id="57" sentence="3" number="18">town</token>
<token t_id="58" sentence="3" number="19">.</token>
<token t_id="59" sentence="4" number="0">The</token>
<token t_id="60" sentence="4" number="1">fire</token>
<token t_id="61" sentence="4" number="2">service</token>
<token t_id="62" sentence="4" number="3">was</token>
<token t_id="63" sentence="4" number="4">called</token>
<token t_id="64" sentence="4" number="5">at</token>
<token t_id="65" sentence="4" number="6">06</token>
<token t_id="66" sentence="4" number="7">:</token>
<token t_id="67" sentence="4" number="8">00</token>
<token t_id="68" sentence="4" number="9">BST</token>
<token t_id="69" sentence="4" number="10">to</token>
<token t_id="70" sentence="4" number="11">the</token>
<token t_id="71" sentence="4" number="12">Waitrose</token>
<token t_id="72" sentence="4" number="13">store</token>
<token t_id="73" sentence="4" number="14">in</token>
<token t_id="74" sentence="4" number="15">High</token>
<token t_id="75" sentence="4" number="16">Street</token>
<token t_id="76" sentence="4" number="17">,</token>
<token t_id="77" sentence="4" number="18">Wellington</token>
<token t_id="78" sentence="4" number="19">,</token>
<token t_id="79" sentence="4" number="20">on</token>
<token t_id="80" sentence="4" number="21">Sunday</token>
<token t_id="81" sentence="4" number="22">.</token>
<token t_id="82" sentence="5" number="0">Half</token>
<token t_id="83" sentence="5" number="1">the</token>
<token t_id="84" sentence="5" number="2">roof</token>
<token t_id="85" sentence="5" number="3">at</token>
<token t_id="86" sentence="5" number="4">the</token>
<token t_id="87" sentence="5" number="5">entrance</token>
<token t_id="88" sentence="5" number="6">of</token>
<token t_id="89" sentence="5" number="7">the</token>
<token t_id="90" sentence="5" number="8">building</token>
<token t_id="91" sentence="5" number="9">has</token>
<token t_id="92" sentence="5" number="10">collapsed</token>
<token t_id="93" sentence="5" number="11">but</token>
<token t_id="94" sentence="5" number="12">the</token>
<token t_id="95" sentence="5" number="13">main</token>
<token t_id="96" sentence="5" number="14">building</token>
<token t_id="97" sentence="5" number="15">is</token>
<token t_id="98" sentence="5" number="16">in</token>
<token t_id="99" sentence="5" number="17">intact</token>
<token t_id="100" sentence="5" number="18">with</token>
<token t_id="101" sentence="5" number="19">only</token>
<token t_id="102" sentence="5" number="20">smoke</token>
<token t_id="103" sentence="5" number="21">damage</token>
<token t_id="104" sentence="5" number="22">,</token>
<token t_id="105" sentence="5" number="23">fire</token>
<token t_id="106" sentence="5" number="24">crews</token>
<token t_id="107" sentence="5" number="25">said</token>
<token t_id="108" sentence="5" number="26">.</token>
<token t_id="109" sentence="6" number="0">Matt</token>
<token t_id="110" sentence="6" number="1">Goodman</token>
<token t_id="111" sentence="6" number="2">,</token>
<token t_id="112" sentence="6" number="3">from</token>
<token t_id="113" sentence="6" number="4">the</token>
<token t_id="114" sentence="6" number="5">fire</token>
<token t_id="115" sentence="6" number="6">service</token>
<token t_id="116" sentence="6" number="7">,</token>
<token t_id="117" sentence="6" number="8">said</token>
<token t_id="118" sentence="6" number="9">:</token>
<token t_id="119" sentence="6" number="10">"It</token>
<token t_id="120" sentence="6" number="11">would</token>
<token t_id="121" sentence="6" number="12">appear</token>
<token t_id="122" sentence="6" number="13">the</token>
<token t_id="123" sentence="6" number="14">fire</token>
<token t_id="124" sentence="6" number="15">started</token>
<token t_id="125" sentence="6" number="16">on</token>
<token t_id="126" sentence="6" number="17">the</token>
<token t_id="127" sentence="6" number="18">outside</token>
<token t_id="128" sentence="6" number="19">of</token>
<token t_id="129" sentence="6" number="20">the</token>
<token t_id="130" sentence="6" number="21">building</token>
<token t_id="131" sentence="6" number="22">.</token>
<token t_id="132" sentence="6" number="23">"</token>
<token t_id="133" sentence="7" number="0">"It</token>
<token t_id="134" sentence="7" number="1">then</token>
<token t_id="135" sentence="7" number="2">quickly</token>
<token t_id="136" sentence="7" number="3">spread</token>
<token t_id="137" sentence="7" number="4">to</token>
<token t_id="138" sentence="7" number="5">the</token>
<token t_id="139" sentence="7" number="6">roof</token>
<token t_id="140" sentence="7" number="7">so</token>
<token t_id="141" sentence="7" number="8">there</token>
<token t_id="142" sentence="7" number="9">is</token>
<token t_id="143" sentence="7" number="10">a</token>
<token t_id="144" sentence="7" number="11">significant</token>
<token t_id="145" sentence="7" number="12">amount</token>
<token t_id="146" sentence="7" number="13">of</token>
<token t_id="147" sentence="7" number="14">damage</token>
<token t_id="148" sentence="7" number="15">to</token>
<token t_id="149" sentence="7" number="16">the</token>
<token t_id="150" sentence="7" number="17">roof</token>
<token t_id="151" sentence="7" number="18">,</token>
<token t_id="152" sentence="7" number="19">but</token>
<token t_id="153" sentence="7" number="20">thankfully</token>
<token t_id="154" sentence="7" number="21">due</token>
<token t_id="155" sentence="7" number="22">to</token>
<token t_id="156" sentence="7" number="23">the</token>
<token t_id="157" sentence="7" number="24">early</token>
<token t_id="158" sentence="7" number="25">actions</token>
<token t_id="159" sentence="7" number="26">of</token>
<token t_id="160" sentence="7" number="27">the</token>
<token t_id="161" sentence="7" number="28">Wellington</token>
<token t_id="162" sentence="7" number="29">crew</token>
<token t_id="163" sentence="7" number="30">we</token>
<token t_id="164" sentence="7" number="31">could</token>
<token t_id="165" sentence="7" number="32">get</token>
<token t_id="166" sentence="7" number="33">a</token>
<token t_id="167" sentence="7" number="34">large</token>
<token t_id="168" sentence="7" number="35">weight</token>
<token t_id="169" sentence="7" number="36">of</token>
<token t_id="170" sentence="7" number="37">response</token>
<token t_id="171" sentence="7" number="38">to</token>
<token t_id="172" sentence="7" number="39">the</token>
<token t_id="173" sentence="7" number="40">scene</token>
<token t_id="174" sentence="7" number="41">.</token>
<token t_id="175" sentence="8" number="0">"We've</token>
<token t_id="176" sentence="8" number="1">been</token>
<token t_id="177" sentence="8" number="2">able</token>
<token t_id="178" sentence="8" number="3">to</token>
<token t_id="179" sentence="8" number="4">prevent</token>
<token t_id="180" sentence="8" number="5">it</token>
<token t_id="181" sentence="8" number="6">spreading</token>
<token t_id="182" sentence="8" number="7">to</token>
<token t_id="183" sentence="8" number="8">other</token>
<token t_id="184" sentence="8" number="9">areas</token>
<token t_id="185" sentence="8" number="10">of</token>
<token t_id="186" sentence="8" number="11">the</token>
<token t_id="187" sentence="8" number="12">building</token>
<token t_id="188" sentence="8" number="13">,</token>
<token t_id="189" sentence="8" number="14">so</token>
<token t_id="190" sentence="8" number="15">the</token>
<token t_id="191" sentence="8" number="16">main</token>
<token t_id="192" sentence="8" number="17">store</token>
<token t_id="193" sentence="8" number="18">on</token>
<token t_id="194" sentence="8" number="19">the</token>
<token t_id="195" sentence="8" number="20">inside</token>
<token t_id="196" sentence="8" number="21">has</token>
<token t_id="197" sentence="8" number="22">got</token>
<token t_id="198" sentence="8" number="23">a</token>
<token t_id="199" sentence="8" number="24">reasonably</token>
<token t_id="200" sentence="8" number="25">small</token>
<token t_id="201" sentence="8" number="26">amount</token>
<token t_id="202" sentence="8" number="27">of</token>
<token t_id="203" sentence="8" number="28">smoke</token>
<token t_id="204" sentence="8" number="29">damage</token>
<token t_id="205" sentence="8" number="30">.</token>
<token t_id="206" sentence="8" number="31">"</token>
<token t_id="207" sentence="9" number="0">Engineers</token>
<token t_id="208" sentence="9" number="1">were</token>
<token t_id="209" sentence="9" number="2">called</token>
<token t_id="210" sentence="9" number="3">to</token>
<token t_id="211" sentence="9" number="4">switch</token>
<token t_id="212" sentence="9" number="5">off</token>
<token t_id="213" sentence="9" number="6">the</token>
<token t_id="214" sentence="9" number="7">electricity</token>
<token t_id="215" sentence="9" number="8">supply</token>
<token t_id="216" sentence="9" number="9">to</token>
<token t_id="217" sentence="9" number="10">the</token>
<token t_id="218" sentence="9" number="11">building</token>
<token t_id="219" sentence="9" number="12">.</token>
<token t_id="220" sentence="10" number="0">A</token>
<token t_id="221" sentence="10" number="1">spokesman</token>
<token t_id="222" sentence="10" number="2">for</token>
<token t_id="223" sentence="10" number="3">Waitrose</token>
<token t_id="224" sentence="10" number="4">said</token>
<token t_id="225" sentence="10" number="5">:</token>
<token t_id="226" sentence="10" number="6">"Luckily</token>
<token t_id="227" sentence="10" number="7">no</token>
<token t_id="228" sentence="10" number="8">-</token>
<token t_id="229" sentence="10" number="9">one</token>
<token t_id="230" sentence="10" number="10">has</token>
<token t_id="231" sentence="10" number="11">been</token>
<token t_id="232" sentence="10" number="12">hurt</token>
<token t_id="233" sentence="10" number="13">and</token>
<token t_id="234" sentence="10" number="14">we</token>
<token t_id="235" sentence="10" number="15">are</token>
<token t_id="236" sentence="10" number="16">very</token>
<token t_id="237" sentence="10" number="17">grateful</token>
<token t_id="238" sentence="10" number="18">to</token>
<token t_id="239" sentence="10" number="19">the</token>
<token t_id="240" sentence="10" number="20">fire</token>
<token t_id="241" sentence="10" number="21">service</token>
<token t_id="242" sentence="10" number="22">and</token>
<token t_id="243" sentence="10" number="23">police</token>
<token t_id="244" sentence="10" number="24">for</token>
<token t_id="245" sentence="10" number="25">their</token>
<token t_id="246" sentence="10" number="26">prompt</token>
<token t_id="247" sentence="10" number="27">and</token>
<token t_id="248" sentence="10" number="28">professional</token>
<token t_id="249" sentence="10" number="29">help</token>
<token t_id="250" sentence="10" number="30">.</token>
<token t_id="251" sentence="10" number="31">"</token>
<token t_id="252" sentence="11" number="0">An</token>
<token t_id="253" sentence="11" number="1">investigation</token>
<token t_id="254" sentence="11" number="2">into</token>
<token t_id="255" sentence="11" number="3">the</token>
<token t_id="256" sentence="11" number="4">cause</token>
<token t_id="257" sentence="11" number="5">of</token>
<token t_id="258" sentence="11" number="6">the</token>
<token t_id="259" sentence="11" number="7">fire</token>
<token t_id="260" sentence="11" number="8">has</token>
<token t_id="261" sentence="11" number="9">begun</token>
<token t_id="262" sentence="11" number="10">.</token>
<Markables>
<ACTION_OCCURRENCE m_id="1"  >
  <token_anchor t_id="33"/>
</ACTION_OCCURRENCE>
<ACTION_OCCURRENCE m_id="2"  >
  <token_anchor t_id="48"/>
</ACTION_OCCURRENCE>
<ACTION_OCCURRENCE m_id="3"  >
  <token_anchor t_id="50"/>
</ACTION_OCCURRENCE>
<ACTION_OCCURRENCE m_id="4"  >
  <token_anchor t_id="38"/>
</ACTION_OCCURRENCE>
<ACTION_OCCURRENCE m_id="5"  >
  <token_anchor t_id="63"/>
</ACTION_OCCURRENCE>
<HUMAN_PART_ORG m_id="9"  >
  <token_anchor t_id="39"/>
</HUMAN_PART_ORG>
<HUMAN_PART_ORG m_id="10"  >
  <token_anchor t_id="41"/>
  <token_anchor t_id="42"/>
  <token_anchor t_id="43"/>
  <token_anchor t_id="44"/>
  <token_anchor t_id="45"/>
  <token_anchor t_id="46"/>
</HUMAN_PART_ORG>
<HUMAN_PART_ORG m_id="11"  >
  <token_anchor t_id="60"/>
  <token_anchor t_id="61"/>
</HUMAN_PART_ORG>
<LOC_FAC m_id="6"  >
  <token_anchor t_id="52"/>
  <token_anchor t_id="53"/>
  <token_anchor t_id="54"/>
  <token_anchor t_id="55"/>
  <token_anchor t_id="56"/>
  <token_anchor t_id="57"/>
</LOC_FAC>
<LOC_FAC m_id="7"  >
  <token_anchor t_id="70"/>
  <token_anchor t_id="71"/>
  <token_anchor t_id="72"/>
  <token_anchor t_id="73"/>
  <token_anchor t_id="74"/>
  <token_anchor t_id="75"/>
  <token_anchor t_id="76"/>
  <token_anchor t_id="77"/>
</LOC_FAC>
<LOC_GEO m_id="8"  >
  <token_anchor t_id="35"/>
  <token_anchor t_id="36"/>
  <token_anchor t_id="37"/>
</LOC_GEO>
<NON_HUMAN_PART m_id="15"  >
  <token_anchor t_id="32"/>
</NON_HUMAN_PART>
<TIME_OF_THE_DAY m_id="12"  >
  <token_anchor t_id="64"/>
  <token_anchor t_id="65"/>
  <token_anchor t_id="66"/>
  <token_anchor t_id="67"/>
  <token_anchor t_id="68"/>
</TIME_OF_THE_DAY>
<TIME_OF_THE_DAY m_id="14"  >
  <token_anchor t_id="22"/>
  <token_anchor t_id="23"/>
  <token_anchor t_id="24"/>
  <token_anchor t_id="25"/>
  <token_anchor t_id="26"/>
  <token_anchor t_id="27"/>
  <token_anchor t_id="28"/>
  <token_anchor t_id="29"/>
  <token_anchor t_id="30"/>
  <token_anchor t_id="31"/>
</TIME_OF_THE_DAY>


<TIME_OF_THE_DAY m_id="19" note="byCROMER" >
  <token_anchor t_id="79"/>
  <token_anchor t_id="80"/>
</TIME_OF_THE_DAY>


<LOC_GEO m_id="27" RELATED_TO="" TAG_DESCRIPTOR="t14_wellington" instance_id="LOC17477507552787281" />
<ACTION_OCCURRENCE m_id="26" RELATED_TO="" TAG_DESCRIPTOR="t14_fire" instance_id="ACT17477395877825371" />
<NON_HUMAN_PART m_id="25" RELATED_TO="" TAG_DESCRIPTOR="t14_building_wellington" instance_id="NON28360788624384692" />
<ACTION_OCCURRENCE m_id="24" RELATED_TO="" TAG_DESCRIPTOR="t14_fight_blaze" instance_id="ACT17477433895203407" />
<TIME_OF_THE_DAY m_id="23" RELATED_TO="" TAG_DESCRIPTOR="t14_early_sunday" instance_id="TIM17477472011873022" />
<HUMAN_PART_ORG m_id="22" RELATED_TO="" TAG_DESCRIPTOR="t14_fire_crews" instance_id="HUM17477445299826919" />
<LOC_FAC m_id="21" RELATED_TO="" TAG_DESCRIPTOR="t14_waitrose" instance_id="LOC17477456099314852" />
<HUMAN_PART_ORG m_id="18" RELATED_TO="" TAG_DESCRIPTOR="fire_services" />
<ACTION_OCCURRENCE m_id="20" RELATED_TO="" TAG_DESCRIPTOR="t14_call_emergency_services" instance_id="ACT17477492050047024" />
</Markables>

<Relations>
<INTRA_DOC_COREF r_id="25025" >
<source m_id="10" />
<source m_id="11" />
<target m_id="18" />
</INTRA_DOC_COREF>
<CROSS_DOC_COREF r_id="25026" note="ACT17477492050047024" >
  <source m_id="5" />
  <target m_id="20" />
</CROSS_DOC_COREF>
<CROSS_DOC_COREF r_id="25027" note="LOC17477456099314852" >
  <source m_id="7" />
  <source m_id="6" />
  <target m_id="21" />
</CROSS_DOC_COREF>
<CROSS_DOC_COREF r_id="25028" note="HUM17477445299826919" >
  <source m_id="9" />
  <target m_id="22" />
</CROSS_DOC_COREF>
<CROSS_DOC_COREF r_id="25029" note="TIM17477472011873022" >
  <source m_id="19" />
  <target m_id="23" />
</CROSS_DOC_COREF>
<CROSS_DOC_COREF r_id="25030" note="ACT17477433895203407" >
  <source m_id="2" />
  <source m_id="4" />
  <target m_id="24" />
</CROSS_DOC_COREF>
<CROSS_DOC_COREF r_id="25031" note="NON28360788624384692" >
  <source m_id="15" />
  <target m_id="25" />
</CROSS_DOC_COREF>
<CROSS_DOC_COREF r_id="25032" note="ACT17477395877825371" >
  <source m_id="1" />
  <source m_id="3" />
  <target m_id="26" />
</CROSS_DOC_COREF>
<CROSS_DOC_COREF r_id="25033" note="LOC17477507552787281" >
  <source m_id="8" />
  <target m_id="27" />
</CROSS_DOC_COREF>

</Relations>
</Document>
