<Document doc_name="14_11ecbplus.xml" doc_id="DOC15646197746195247">
<token t_id="1" sentence="0" number="0">http</token>
<token t_id="2" sentence="0" number="1">:</token>
<token t_id="3" sentence="0" number="2">/</token>
<token t_id="4" sentence="0" number="3">/</token>
<token t_id="5" sentence="0" number="4">www</token>
<token t_id="6" sentence="0" number="5">.</token>
<token t_id="7" sentence="0" number="6">wellington</token>
<token t_id="8" sentence="0" number="7">-</token>
<token t_id="9" sentence="0" number="8">today</token>
<token t_id="10" sentence="0" number="9">.</token>
<token t_id="11" sentence="0" number="10">co</token>
<token t_id="12" sentence="0" number="11">.</token>
<token t_id="13" sentence="0" number="12">uk</token>
<token t_id="14" sentence="0" number="13">/</token>
<token t_id="15" sentence="0" number="14">news</token>
<token t_id="16" sentence="0" number="15">.</token>
<token t_id="17" sentence="0" number="16">cfm</token>
<token t_id="18" sentence="0" number="17">?</token>
<token t_id="19" sentence="0" number="18">id=24877</token>
<token t_id="20" sentence="1" number="0">Fire</token>
<token t_id="21" sentence="1" number="1">at</token>
<token t_id="22" sentence="1" number="2">Waitrose</token>
<token t_id="23" sentence="1" number="3">in</token>
<token t_id="24" sentence="1" number="4">Wellington</token>
<token t_id="25" sentence="2" number="0">Sunday</token>
<token t_id="26" sentence="2" number="1">,</token>
<token t_id="27" sentence="2" number="2">21</token>
<token t_id="28" sentence="2" number="3">July</token>
<token t_id="29" sentence="2" number="4">2013</token>
<token t_id="30" sentence="3" number="0">A</token>
<token t_id="31" sentence="3" number="1">FIRE</token>
<token t_id="32" sentence="3" number="2">has</token>
<token t_id="33" sentence="3" number="3">badly</token>
<token t_id="34" sentence="3" number="4">damaged</token>
<token t_id="35" sentence="3" number="5">the</token>
<token t_id="36" sentence="3" number="6">Waitrose</token>
<token t_id="37" sentence="3" number="7">supermarket</token>
<token t_id="38" sentence="3" number="8">in</token>
<token t_id="39" sentence="3" number="9">Wellington's</token>
<token t_id="40" sentence="3" number="10">High</token>
<token t_id="41" sentence="3" number="11">Street</token>
<token t_id="42" sentence="3" number="12">.</token>
<token t_id="43" sentence="4" number="0">Eight</token>
<token t_id="44" sentence="4" number="1">crews</token>
<token t_id="45" sentence="4" number="2">fought</token>
<token t_id="46" sentence="4" number="3">the</token>
<token t_id="47" sentence="4" number="4">blaze</token>
<token t_id="48" sentence="4" number="5">which</token>
<token t_id="49" sentence="4" number="6">broke</token>
<token t_id="50" sentence="4" number="7">out</token>
<token t_id="51" sentence="4" number="8">in</token>
<token t_id="52" sentence="4" number="9">the</token>
<token t_id="53" sentence="4" number="10">early</token>
<token t_id="54" sentence="4" number="11">hours</token>
<token t_id="55" sentence="4" number="12">of</token>
<token t_id="56" sentence="4" number="13">Sunday</token>
<token t_id="57" sentence="4" number="14">morning</token>
<token t_id="58" sentence="4" number="15">.</token>
<token t_id="59" sentence="5" number="0">It</token>
<token t_id="60" sentence="5" number="1">is</token>
<token t_id="61" sentence="5" number="2">not</token>
<token t_id="62" sentence="5" number="3">known</token>
<token t_id="63" sentence="5" number="4">how</token>
<token t_id="64" sentence="5" number="5">long</token>
<token t_id="65" sentence="5" number="6">the</token>
<token t_id="66" sentence="5" number="7">store</token>
<token t_id="67" sentence="5" number="8">will</token>
<token t_id="68" sentence="5" number="9">be</token>
<token t_id="69" sentence="5" number="10">closed</token>
<token t_id="70" sentence="5" number="11">.</token>
<Markables>
<ACTION_OCCURRENCE m_id="1"  >
  <token_anchor t_id="20"/>
</ACTION_OCCURRENCE>
<ACTION_OCCURRENCE m_id="2"  >
  <token_anchor t_id="31"/>
</ACTION_OCCURRENCE>
<ACTION_OCCURRENCE m_id="3"  >
  <token_anchor t_id="34"/>
</ACTION_OCCURRENCE>
<ACTION_OCCURRENCE m_id="4"  >
  <token_anchor t_id="45"/>
</ACTION_OCCURRENCE>
<ACTION_OCCURRENCE m_id="5"  >
  <token_anchor t_id="47"/>
</ACTION_OCCURRENCE>
<ACTION_OCCURRENCE m_id="6"  >
  <token_anchor t_id="49"/>
  <token_anchor t_id="50"/>
</ACTION_OCCURRENCE>
<HUMAN_PART_ORG m_id="11"  >
  <token_anchor t_id="44"/>
</HUMAN_PART_ORG>
<LOC_FAC m_id="7"  >
  <token_anchor t_id="21"/>
  <token_anchor t_id="22"/>
  <token_anchor t_id="23"/>
  <token_anchor t_id="24"/>
</LOC_FAC>
<TIME_DATE m_id="10"  >
  <token_anchor t_id="25"/>
  <token_anchor t_id="26"/>
  <token_anchor t_id="27"/>
  <token_anchor t_id="28"/>
  <token_anchor t_id="29"/>
</TIME_DATE>
<TIME_OF_THE_DAY m_id="9"  >
  <token_anchor t_id="52"/>
  <token_anchor t_id="53"/>
  <token_anchor t_id="54"/>
  <token_anchor t_id="55"/>
  <token_anchor t_id="56"/>
  <token_anchor t_id="57"/>
</TIME_OF_THE_DAY>


<LOC_GEO m_id="14" note="byCROMER" >
  <token_anchor t_id="38"/>
  <token_anchor t_id="39"/>
  <token_anchor t_id="40"/>
  <token_anchor t_id="41"/>
  <token_anchor t_id="42"/>
</LOC_GEO>
<NON_HUMAN_PART m_id="15" note="byCROMER" >
  <token_anchor t_id="35"/>
  <token_anchor t_id="36"/>
  <token_anchor t_id="37"/>
</NON_HUMAN_PART>


<ACTION_OCCURRENCE m_id="24" RELATED_TO="" TAG_DESCRIPTOR="t14_damaged" instance_id="ACT17477415135689405" />
<LOC_GEO m_id="23" RELATED_TO="" TAG_DESCRIPTOR="t14_wellington" instance_id="LOC17477507552787281" />
<ACTION_OCCURRENCE m_id="22" RELATED_TO="" TAG_DESCRIPTOR="t14_fire" instance_id="ACT17477395877825371" />
<ACTION_OCCURRENCE m_id="19" RELATED_TO="" TAG_DESCRIPTOR="t14_fight_blaze" instance_id="ACT17477433895203407" />
<ACTION_OCCURRENCE m_id="21" RELATED_TO="" TAG_DESCRIPTOR="t14_broke_out" instance_id="ACT17477406209977421" />
<TIME_OF_THE_DAY m_id="18" RELATED_TO="" TAG_DESCRIPTOR="t14_early_sunday" instance_id="TIM17477472011873022" />
<NON_HUMAN_PART m_id="20" RELATED_TO="" TAG_DESCRIPTOR="t14_building_wellington" instance_id="NON28360788624384692" />
<HUMAN_PART_ORG m_id="17" RELATED_TO="" TAG_DESCRIPTOR="t14_fire_crews" instance_id="HUM17477445299826919" />
<LOC_FAC m_id="16" RELATED_TO="" TAG_DESCRIPTOR="t14_waitrose" instance_id="LOC17477456099314852" />
</Markables>

<Relations>
<CROSS_DOC_COREF r_id="25023" note="LOC17477456099314852" >
  <source m_id="7" />
  <target m_id="16" />
</CROSS_DOC_COREF>
<CROSS_DOC_COREF r_id="25024" note="HUM17477445299826919" >
  <source m_id="11" />
  <target m_id="17" />
</CROSS_DOC_COREF>
<CROSS_DOC_COREF r_id="25025" note="TIM17477472011873022" >
  <source m_id="9" />
  <target m_id="18" />
</CROSS_DOC_COREF>
<CROSS_DOC_COREF r_id="25026" note="ACT17477433895203407" >
  <source m_id="4" />
  <target m_id="19" />
</CROSS_DOC_COREF>
<CROSS_DOC_COREF r_id="25027" note="NON28360788624384692" >
  <source m_id="15" />
  <target m_id="20" />
</CROSS_DOC_COREF>
<CROSS_DOC_COREF r_id="25028" note="ACT17477406209977421" >
  <source m_id="6" />
  <target m_id="21" />
</CROSS_DOC_COREF>
<CROSS_DOC_COREF r_id="25029" note="ACT17477395877825371" >
  <source m_id="1" />
  <source m_id="5" />
  <source m_id="2" />
  <target m_id="22" />
</CROSS_DOC_COREF>
<CROSS_DOC_COREF r_id="25030" note="LOC17477507552787281" >
  <source m_id="14" />
  <target m_id="23" />
</CROSS_DOC_COREF>
<CROSS_DOC_COREF r_id="25031" note="ACT17477415135689405" >
  <source m_id="3" />
  <target m_id="24" />
</CROSS_DOC_COREF>

</Relations>
</Document>
