<Document doc_name="14_10ecb.xml" doc_id="DOC15654331080376332">
<token t_id="1" sentence="0" number="0">A</token>
<token t_id="2" sentence="0" number="1">fire</token>
<token t_id="3" sentence="0" number="2">that</token>
<token t_id="4" sentence="0" number="3">ripped</token>
<token t_id="5" sentence="0" number="4">through</token>
<token t_id="6" sentence="0" number="5">a</token>
<token t_id="7" sentence="0" number="6">Waitrose</token>
<token t_id="8" sentence="0" number="7">store</token>
<token t_id="9" sentence="0" number="8">in</token>
<token t_id="10" sentence="0" number="9">Surrey</token>
<token t_id="11" sentence="0" number="10">is</token>
<token t_id="12" sentence="0" number="11">being</token>
<token t_id="13" sentence="0" number="12">treated</token>
<token t_id="14" sentence="0" number="13">as</token>
<token t_id="15" sentence="0" number="14">``</token>
<token t_id="16" sentence="0" number="15">potentially</token>
<token t_id="17" sentence="0" number="16">suspicious</token>
<token t_id="18" sentence="0" number="17">''</token>
<token t_id="19" sentence="0" number="18">,</token>
<token t_id="20" sentence="0" number="19">police</token>
<token t_id="21" sentence="0" number="20">said</token>
<token t_id="22" sentence="0" number="21">.</token>
<token t_id="23" sentence="1" number="0">More</token>
<token t_id="24" sentence="1" number="1">than</token>
<token t_id="25" sentence="1" number="2">50</token>
<token t_id="26" sentence="1" number="3">firefighters</token>
<token t_id="27" sentence="1" number="4">tackled</token>
<token t_id="28" sentence="1" number="5">the</token>
<token t_id="29" sentence="1" number="6">blaze</token>
<token t_id="30" sentence="1" number="7">which</token>
<token t_id="31" sentence="1" number="8">began</token>
<token t_id="32" sentence="1" number="9">on</token>
<token t_id="33" sentence="1" number="10">the</token>
<token t_id="34" sentence="1" number="11">roof</token>
<token t_id="35" sentence="1" number="12">of</token>
<token t_id="36" sentence="1" number="13">the</token>
<token t_id="37" sentence="1" number="14">supermarket</token>
<token t_id="38" sentence="1" number="15">in</token>
<token t_id="39" sentence="1" number="16">Banstead</token>
<token t_id="40" sentence="1" number="17">,</token>
<token t_id="41" sentence="1" number="18">and</token>
<token t_id="42" sentence="1" number="19">residents</token>
<token t_id="43" sentence="1" number="20">nearby</token>
<token t_id="44" sentence="1" number="21">were</token>
<token t_id="45" sentence="1" number="22">evacuated</token>
<token t_id="46" sentence="1" number="23">as</token>
<token t_id="47" sentence="1" number="24">a</token>
<token t_id="48" sentence="1" number="25">precaution</token>
<token t_id="49" sentence="1" number="26">.</token>
<token t_id="50" sentence="2" number="0">Police</token>
<token t_id="51" sentence="2" number="1">said</token>
<token t_id="52" sentence="2" number="2">:</token>
<token t_id="53" sentence="2" number="3">``</token>
<token t_id="54" sentence="2" number="4">The</token>
<token t_id="55" sentence="2" number="5">fire</token>
<token t_id="56" sentence="2" number="6">progressed</token>
<token t_id="57" sentence="2" number="7">rapidly</token>
<token t_id="58" sentence="2" number="8">through</token>
<token t_id="59" sentence="2" number="9">the</token>
<token t_id="60" sentence="2" number="10">store</token>
<token t_id="61" sentence="2" number="11">which</token>
<token t_id="62" sentence="2" number="12">is</token>
<token t_id="63" sentence="2" number="13">almost</token>
<token t_id="64" sentence="2" number="14">totally</token>
<token t_id="65" sentence="2" number="15">destroyed</token>
<token t_id="66" sentence="2" number="16">.</token>
<token t_id="67" sentence="3" number="0">It</token>
<token t_id="68" sentence="3" number="1">is</token>
<token t_id="69" sentence="3" number="2">being</token>
<token t_id="70" sentence="3" number="3">treated</token>
<token t_id="71" sentence="3" number="4">as</token>
<token t_id="72" sentence="3" number="5">potentially</token>
<token t_id="73" sentence="3" number="6">suspicious</token>
<token t_id="74" sentence="3" number="7">''</token>
<token t_id="75" sentence="3" number="8">.</token>
<Markables>
<ACTION_OCCURRENCE m_id="9"  >
  <token_anchor t_id="2"/>
</ACTION_OCCURRENCE>
<ACTION_OCCURRENCE m_id="10"  >
  <token_anchor t_id="4"/>
</ACTION_OCCURRENCE>
<ACTION_OCCURRENCE m_id="12"  >
  <token_anchor t_id="13"/>
</ACTION_OCCURRENCE>
<ACTION_REPORTING m_id="14"  >
  <token_anchor t_id="21"/>
</ACTION_REPORTING>
<HUMAN_PART_ORG m_id="13"  >
  <token_anchor t_id="20"/>
</HUMAN_PART_ORG>
<LOC_GEO m_id="15" note="byCROMER" >
  <token_anchor t_id="9"/>
  <token_anchor t_id="10"/>
</LOC_GEO>
<NON_HUMAN_PART m_id="16" note="byCROMER" >
  <token_anchor t_id="6"/>
  <token_anchor t_id="7"/>
  <token_anchor t_id="8"/>
</NON_HUMAN_PART>


<HUMAN_PART_ORG m_id="22" RELATED_TO="" TAG_DESCRIPTOR="t14b_police" instance_id="HUM17478326731930159" />
<ACTION_OCCURRENCE m_id="21" RELATED_TO="" TAG_DESCRIPTOR="t14b_destroyed" instance_id="ACT17478384825832355" />
<ACTION_OCCURRENCE m_id="19" RELATED_TO="" TAG_DESCRIPTOR="t14b_treated_as_suspicious" instance_id="ACT17478359686333015" />
<NON_HUMAN_PART m_id="20" RELATED_TO="" TAG_DESCRIPTOR="t14b_building_surrey" instance_id="NON28360803579221163" />
<LOC_GEO m_id="18" RELATED_TO="" TAG_DESCRIPTOR="t14b_surrey" instance_id="LOC28362629361510832" />
<ACTION_OCCURRENCE m_id="17" RELATED_TO="" TAG_DESCRIPTOR="t14b_fire" instance_id="ACT17478306085573007" />
</Markables>

<Relations>
<CROSS_DOC_COREF r_id="33715" note="ACT17478306085573007" >
  <source m_id="9" />
  <target m_id="17" />
</CROSS_DOC_COREF>
<CROSS_DOC_COREF r_id="33716" note="LOC28362629361510832" >
  <source m_id="15" />
  <target m_id="18" />
</CROSS_DOC_COREF>
<CROSS_DOC_COREF r_id="33717" note="ACT17478359686333015" >
  <source m_id="12" />
  <target m_id="19" />
</CROSS_DOC_COREF>
<CROSS_DOC_COREF r_id="33718" note="NON28360803579221163" >
  <source m_id="16" />
  <target m_id="20" />
</CROSS_DOC_COREF>
<CROSS_DOC_COREF r_id="33719" note="ACT17478384825832355" >
  <source m_id="10" />
  <target m_id="21" />
</CROSS_DOC_COREF>
<CROSS_DOC_COREF r_id="33720" note="HUM17478326731930159" >
  <source m_id="13" />
  <target m_id="22" />
</CROSS_DOC_COREF>

</Relations>
</Document>
