<Document doc_name="14_2ecbplus.xml" doc_id="DOC15646197875765336">
<token t_id="1" sentence="0" number="0">http</token>
<token t_id="2" sentence="0" number="1">:</token>
<token t_id="3" sentence="0" number="2">/</token>
<token t_id="4" sentence="0" number="3">/</token>
<token t_id="5" sentence="0" number="4">www</token>
<token t_id="6" sentence="0" number="5">.</token>
<token t_id="7" sentence="0" number="6">bbc</token>
<token t_id="8" sentence="0" number="7">.</token>
<token t_id="9" sentence="0" number="8">co</token>
<token t_id="10" sentence="0" number="9">.</token>
<token t_id="11" sentence="0" number="10">uk</token>
<token t_id="12" sentence="0" number="11">/</token>
<token t_id="13" sentence="0" number="12">news</token>
<token t_id="14" sentence="0" number="13">/</token>
<token t_id="15" sentence="0" number="14">uk</token>
<token t_id="16" sentence="0" number="15">-</token>
<token t_id="17" sentence="0" number="16">england</token>
<token t_id="18" sentence="0" number="17">-</token>
<token t_id="19" sentence="0" number="18">somerset</token>
<token t_id="20" sentence="0" number="19">-</token>
<token t_id="21" sentence="0" number="20">23419896</token>
<token t_id="22" sentence="1" number="0">23</token>
<token t_id="23" sentence="1" number="1">July</token>
<token t_id="24" sentence="1" number="2">2013</token>
<token t_id="25" sentence="1" number="3">Last</token>
<token t_id="26" sentence="1" number="4">updated</token>
<token t_id="27" sentence="1" number="5">at</token>
<token t_id="28" sentence="1" number="6">13</token>
<token t_id="29" sentence="1" number="7">:</token>
<token t_id="30" sentence="1" number="8">42</token>
<token t_id="31" sentence="1" number="9">GMT</token>
<token t_id="32" sentence="2" number="0">Waitrose</token>
<token t_id="33" sentence="2" number="1">Wellington</token>
<token t_id="34" sentence="2" number="2">fire</token>
<token t_id="35" sentence="2" number="3">:</token>
<token t_id="36" sentence="2" number="4">Man</token>
<token t_id="37" sentence="2" number="5">denies</token>
<token t_id="38" sentence="2" number="6">arson</token>
<token t_id="39" sentence="3" number="0">A</token>
<token t_id="40" sentence="3" number="1">man</token>
<token t_id="41" sentence="3" number="2">has</token>
<token t_id="42" sentence="3" number="3">denied</token>
<token t_id="43" sentence="3" number="4">arson</token>
<token t_id="44" sentence="3" number="5">following</token>
<token t_id="45" sentence="3" number="6">a</token>
<token t_id="46" sentence="3" number="7">fire</token>
<token t_id="47" sentence="3" number="8">at</token>
<token t_id="48" sentence="3" number="9">a</token>
<token t_id="49" sentence="3" number="10">Somerset</token>
<token t_id="50" sentence="3" number="11">supermarket</token>
<token t_id="51" sentence="3" number="12">early</token>
<token t_id="52" sentence="3" number="13">on</token>
<token t_id="53" sentence="3" number="14">Sunday</token>
<token t_id="54" sentence="3" number="15">.</token>
<token t_id="55" sentence="4" number="0">Robert</token>
<token t_id="56" sentence="4" number="1">Pitman</token>
<token t_id="57" sentence="4" number="2">,</token>
<token t_id="58" sentence="4" number="3">24</token>
<token t_id="59" sentence="4" number="4">,</token>
<token t_id="60" sentence="4" number="5">is</token>
<token t_id="61" sentence="4" number="6">accused</token>
<token t_id="62" sentence="4" number="7">of</token>
<token t_id="63" sentence="4" number="8">setting</token>
<token t_id="64" sentence="4" number="9">fire</token>
<token t_id="65" sentence="4" number="10">to</token>
<token t_id="66" sentence="4" number="11">the</token>
<token t_id="67" sentence="4" number="12">Waitrose</token>
<token t_id="68" sentence="4" number="13">store</token>
<token t_id="69" sentence="4" number="14">in</token>
<token t_id="70" sentence="4" number="15">Wellington</token>
<token t_id="71" sentence="4" number="16">shortly</token>
<token t_id="72" sentence="4" number="17">after</token>
<token t_id="73" sentence="4" number="18">06</token>
<token t_id="74" sentence="4" number="19">:</token>
<token t_id="75" sentence="4" number="20">00</token>
<token t_id="76" sentence="4" number="21">BST</token>
<token t_id="77" sentence="4" number="22">.</token>
<token t_id="78" sentence="5" number="0">Half</token>
<token t_id="79" sentence="5" number="1">of</token>
<token t_id="80" sentence="5" number="2">the</token>
<token t_id="81" sentence="5" number="3">entrance</token>
<token t_id="82" sentence="5" number="4">roof</token>
<token t_id="83" sentence="5" number="5">at</token>
<token t_id="84" sentence="5" number="6">the</token>
<token t_id="85" sentence="5" number="7">shop</token>
<token t_id="86" sentence="5" number="8">collapsed</token>
<token t_id="87" sentence="5" number="9">during</token>
<token t_id="88" sentence="5" number="10">the</token>
<token t_id="89" sentence="5" number="11">blaze</token>
<token t_id="90" sentence="5" number="12">.</token>
<token t_id="91" sentence="6" number="0">Mr</token>
<token t_id="92" sentence="6" number="1">Pitman</token>
<token t_id="93" sentence="6" number="2">,</token>
<token t_id="94" sentence="6" number="3">of</token>
<token t_id="95" sentence="6" number="4">High</token>
<token t_id="96" sentence="6" number="5">Street</token>
<token t_id="97" sentence="6" number="6">,</token>
<token t_id="98" sentence="6" number="7">Wellington</token>
<token t_id="99" sentence="6" number="8">,</token>
<token t_id="100" sentence="6" number="9">entered</token>
<token t_id="101" sentence="6" number="10">a</token>
<token t_id="102" sentence="6" number="11">not</token>
<token t_id="103" sentence="6" number="12">guilty</token>
<token t_id="104" sentence="6" number="13">plea</token>
<token t_id="105" sentence="6" number="14">at</token>
<token t_id="106" sentence="6" number="15">Taunton</token>
<token t_id="107" sentence="6" number="16">Deane</token>
<token t_id="108" sentence="6" number="17">Magistrates</token>
<token t_id="109" sentence="6" number="18">and</token>
<token t_id="110" sentence="6" number="19">was</token>
<token t_id="111" sentence="6" number="20">remanded</token>
<token t_id="112" sentence="6" number="21">in</token>
<token t_id="113" sentence="6" number="22">custody</token>
<token t_id="114" sentence="6" number="23">to</token>
<token t_id="115" sentence="6" number="24">appear</token>
<token t_id="116" sentence="6" number="25">before</token>
<token t_id="117" sentence="6" number="26">Taunton</token>
<token t_id="118" sentence="6" number="27">Crown</token>
<token t_id="119" sentence="6" number="28">Court</token>
<token t_id="120" sentence="6" number="29">on</token>
<token t_id="121" sentence="6" number="30">19</token>
<token t_id="122" sentence="6" number="31">August</token>
<token t_id="123" sentence="6" number="32">.</token>
<Markables>
<ACTION_ASPECTUAL m_id="12"  >
  <token_anchor t_id="44"/>
</ACTION_ASPECTUAL>
<ACTION_OCCURRENCE m_id="9"  >
  <token_anchor t_id="46"/>
</ACTION_OCCURRENCE>
<ACTION_OCCURRENCE m_id="4"  >
  <token_anchor t_id="34"/>
</ACTION_OCCURRENCE>
<ACTION_OCCURRENCE m_id="5"  >
  <token_anchor t_id="38"/>
</ACTION_OCCURRENCE>
<ACTION_OCCURRENCE m_id="6"  >
  <token_anchor t_id="37"/>
</ACTION_OCCURRENCE>
<ACTION_OCCURRENCE m_id="7"  >
  <token_anchor t_id="42"/>
</ACTION_OCCURRENCE>
<ACTION_OCCURRENCE m_id="8"  >
  <token_anchor t_id="43"/>
</ACTION_OCCURRENCE>
<HUMAN_PART_PER m_id="10"  >
  <token_anchor t_id="40"/>
</HUMAN_PART_PER>
<HUMAN_PART_PER m_id="11"  >
  <token_anchor t_id="36"/>
</HUMAN_PART_PER>
<LOC_FAC m_id="13"  >
  <token_anchor t_id="48"/>
  <token_anchor t_id="49"/>
  <token_anchor t_id="50"/>
</LOC_FAC>
<LOC_FAC m_id="3"  >
  <token_anchor t_id="32"/>
  <token_anchor t_id="33"/>
</LOC_FAC>
<TIME_DATE m_id="1"  >
  <token_anchor t_id="22"/>
  <token_anchor t_id="23"/>
  <token_anchor t_id="24"/>
</TIME_DATE>
<TIME_OF_THE_DAY m_id="14"  >
  <token_anchor t_id="51"/>
  <token_anchor t_id="52"/>
  <token_anchor t_id="53"/>
</TIME_OF_THE_DAY>
<TIME_OF_THE_DAY m_id="2"  >
  <token_anchor t_id="28"/>
  <token_anchor t_id="29"/>
  <token_anchor t_id="30"/>
  <token_anchor t_id="31"/>
</TIME_OF_THE_DAY>




<ACTION_OCCURRENCE m_id="23" RELATED_TO="" TAG_DESCRIPTOR="t14_fire" instance_id="ACT17477395877825371" />
<ACTION_OCCURRENCE m_id="22" RELATED_TO="" TAG_DESCRIPTOR="t14_arson" instance_id="ACT17477530936973006" />
<LOC_FAC m_id="19" RELATED_TO="" TAG_DESCRIPTOR="t14_waitrose" instance_id="LOC17477456099314852" />
<HUMAN_PART_PER m_id="21" RELATED_TO="" TAG_DESCRIPTOR="t14_arsonist" instance_id="HUM17477571114198956" />
<TIME_OF_THE_DAY m_id="20" RELATED_TO="" TAG_DESCRIPTOR="t14_early_sunday" instance_id="TIM17477472011873022" />
<ACTION_OCCURRENCE m_id="17" RELATED_TO="" TAG_DESCRIPTOR="deny" />
</Markables>

<Relations>
<INTRA_DOC_COREF r_id="25027" >
<source m_id="6" />
<source m_id="7" />
<target m_id="17" />
</INTRA_DOC_COREF>
<CROSS_DOC_COREF r_id="25030" note="LOC17477456099314852" >
  <source m_id="13" />
  <source m_id="3" />
  <target m_id="19" />
</CROSS_DOC_COREF>
<CROSS_DOC_COREF r_id="25031" note="TIM17477472011873022" >
  <source m_id="14" />
  <target m_id="20" />
</CROSS_DOC_COREF>
<CROSS_DOC_COREF r_id="25032" note="HUM17477571114198956" >
  <source m_id="10" />
  <source m_id="11" />
  <target m_id="21" />
</CROSS_DOC_COREF>
<CROSS_DOC_COREF r_id="25033" note="ACT17477530936973006" >
  <source m_id="8" />
  <source m_id="5" />
  <target m_id="22" />
</CROSS_DOC_COREF>
<CROSS_DOC_COREF r_id="25034" note="ACT17477395877825371" >
  <source m_id="9" />
  <source m_id="4" />
  <target m_id="23" />
</CROSS_DOC_COREF>

</Relations>
</Document>
