<Document doc_name="14_7ecbplus.xml" doc_id="DOC15646198200861315">
<token t_id="1" sentence="0" number="0">http</token>
<token t_id="2" sentence="0" number="1">:</token>
<token t_id="3" sentence="0" number="2">/</token>
<token t_id="4" sentence="0" number="3">/</token>
<token t_id="5" sentence="0" number="4">www</token>
<token t_id="6" sentence="0" number="5">.</token>
<token t_id="7" sentence="0" number="6">middevongazette</token>
<token t_id="8" sentence="0" number="7">.</token>
<token t_id="9" sentence="0" number="8">co</token>
<token t_id="10" sentence="0" number="9">.</token>
<token t_id="11" sentence="0" number="10">uk</token>
<token t_id="12" sentence="0" number="11">/</token>
<token t_id="13" sentence="0" number="12">BREAKING</token>
<token t_id="14" sentence="0" number="13">-</token>
<token t_id="15" sentence="0" number="14">NEWS</token>
<token t_id="16" sentence="0" number="15">-</token>
<token t_id="17" sentence="0" number="16">Major</token>
<token t_id="18" sentence="0" number="17">-</token>
<token t_id="19" sentence="0" number="18">supermarket</token>
<token t_id="20" sentence="0" number="19">/</token>
<token t_id="21" sentence="0" number="20">story</token>
<token t_id="22" sentence="0" number="21">-</token>
<token t_id="23" sentence="0" number="22">19548736</token>
<token t_id="24" sentence="0" number="23">-</token>
<token t_id="25" sentence="0" number="24">detail</token>
<token t_id="26" sentence="0" number="25">/</token>
<token t_id="27" sentence="0" number="26">story</token>
<token t_id="28" sentence="0" number="27">.</token>
<token t_id="29" sentence="0" number="28">html</token>
<token t_id="30" sentence="1" number="0">Major</token>
<token t_id="31" sentence="1" number="1">fire</token>
<token t_id="32" sentence="1" number="2">at</token>
<token t_id="33" sentence="1" number="3">supermarket</token>
<token t_id="34" sentence="2" number="0">Sunday</token>
<token t_id="35" sentence="2" number="1">,</token>
<token t_id="36" sentence="2" number="2">July</token>
<token t_id="37" sentence="2" number="3">21</token>
<token t_id="38" sentence="2" number="4">,</token>
<token t_id="39" sentence="2" number="5">2013</token>
<token t_id="40" sentence="3" number="0">FIRE</token>
<token t_id="41" sentence="3" number="1">crews</token>
<token t_id="42" sentence="3" number="2">from</token>
<token t_id="43" sentence="3" number="3">Tiverton</token>
<token t_id="44" sentence="3" number="4">and</token>
<token t_id="45" sentence="3" number="5">Cullompton</token>
<token t_id="46" sentence="3" number="6">were</token>
<token t_id="47" sentence="3" number="7">this</token>
<token t_id="48" sentence="3" number="8">morning</token>
<token t_id="49" sentence="3" number="9">called</token>
<token t_id="50" sentence="3" number="10">in</token>
<token t_id="51" sentence="3" number="11">to</token>
<token t_id="52" sentence="3" number="12">help</token>
<token t_id="53" sentence="3" number="13">fight</token>
<token t_id="54" sentence="3" number="14">a</token>
<token t_id="55" sentence="3" number="15">major</token>
<token t_id="56" sentence="3" number="16">blaze</token>
<token t_id="57" sentence="3" number="17">at</token>
<token t_id="58" sentence="3" number="18">the</token>
<token t_id="59" sentence="3" number="19">Waitrose</token>
<token t_id="60" sentence="3" number="20">supermarket</token>
<token t_id="61" sentence="3" number="21">in</token>
<token t_id="62" sentence="3" number="22">Wellington</token>
<token t_id="63" sentence="3" number="23">.</token>
<token t_id="64" sentence="4" number="0">The</token>
<token t_id="65" sentence="4" number="1">fire</token>
<token t_id="66" sentence="4" number="2">has</token>
<token t_id="67" sentence="4" number="3">destroyed</token>
<token t_id="68" sentence="4" number="4">a</token>
<token t_id="69" sentence="4" number="5">large</token>
<token t_id="70" sentence="4" number="6">section</token>
<token t_id="71" sentence="4" number="7">of</token>
<token t_id="72" sentence="4" number="8">the</token>
<token t_id="73" sentence="4" number="9">store</token>
<token t_id="74" sentence="4" number="10">and</token>
<token t_id="75" sentence="4" number="11">fire</token>
<token t_id="76" sentence="4" number="12">crews</token>
<token t_id="77" sentence="4" number="13">and</token>
<token t_id="78" sentence="4" number="14">investigators</token>
<token t_id="79" sentence="4" number="15">are</token>
<token t_id="80" sentence="4" number="16">still</token>
<token t_id="81" sentence="4" number="17">on</token>
<token t_id="82" sentence="4" number="18">the</token>
<token t_id="83" sentence="4" number="19">scene</token>
<token t_id="84" sentence="4" number="20">.</token>
<token t_id="85" sentence="5" number="0">Two</token>
<token t_id="86" sentence="5" number="1">engines</token>
<token t_id="87" sentence="5" number="2">were</token>
<token t_id="88" sentence="5" number="3">sent</token>
<token t_id="89" sentence="5" number="4">to</token>
<token t_id="90" sentence="5" number="5">the</token>
<token t_id="91" sentence="5" number="6">store</token>
<token t_id="92" sentence="5" number="7">after</token>
<token t_id="93" sentence="5" number="8">several</token>
<token t_id="94" sentence="5" number="9">members</token>
<token t_id="95" sentence="5" number="10">of</token>
<token t_id="96" sentence="5" number="11">the</token>
<token t_id="97" sentence="5" number="12">public</token>
<token t_id="98" sentence="5" number="13">called</token>
<token t_id="99" sentence="5" number="14">emergency</token>
<token t_id="100" sentence="5" number="15">services</token>
<token t_id="101" sentence="5" number="16">at</token>
<token t_id="102" sentence="5" number="17">6am</token>
<token t_id="103" sentence="5" number="18">.</token>
<token t_id="104" sentence="6" number="0">When</token>
<token t_id="105" sentence="6" number="1">they</token>
<token t_id="106" sentence="6" number="2">arrived</token>
<token t_id="107" sentence="6" number="3">they</token>
<token t_id="108" sentence="6" number="4">called</token>
<token t_id="109" sentence="6" number="5">in</token>
<token t_id="110" sentence="6" number="6">an</token>
<token t_id="111" sentence="6" number="7">additional</token>
<token t_id="112" sentence="6" number="8">six</token>
<token t_id="113" sentence="6" number="9">engines</token>
<token t_id="114" sentence="6" number="10">,</token>
<token t_id="115" sentence="6" number="11">an</token>
<token t_id="116" sentence="6" number="12">aerial</token>
<token t_id="117" sentence="6" number="13">platform</token>
<token t_id="118" sentence="6" number="14">and</token>
<token t_id="119" sentence="6" number="15">an</token>
<token t_id="120" sentence="6" number="16">incident</token>
<token t_id="121" sentence="6" number="17">command</token>
<token t_id="122" sentence="6" number="18">vehicle</token>
<token t_id="123" sentence="6" number="19">.</token>
<token t_id="124" sentence="7" number="0">A</token>
<token t_id="125" sentence="7" number="1">corner</token>
<token t_id="126" sentence="7" number="2">of</token>
<token t_id="127" sentence="7" number="3">the</token>
<token t_id="128" sentence="7" number="4">building</token>
<token t_id="129" sentence="7" number="5">measuring</token>
<token t_id="130" sentence="7" number="6">50m</token>
<token t_id="131" sentence="7" number="7">by</token>
<token t_id="132" sentence="7" number="8">50m</token>
<token t_id="133" sentence="7" number="9">containing</token>
<token t_id="134" sentence="7" number="10">food</token>
<token t_id="135" sentence="7" number="11">was</token>
<token t_id="136" sentence="7" number="12">well</token>
<token t_id="137" sentence="7" number="13">alight</token>
<token t_id="138" sentence="7" number="14">.</token>
<token t_id="139" sentence="8" number="0">By</token>
<token t_id="140" sentence="8" number="1">6</token>
<token t_id="141" sentence="8" number="2">.</token>
<token t_id="142" sentence="8" number="3">30am</token>
<token t_id="143" sentence="8" number="4">the</token>
<token t_id="144" sentence="8" number="5">fire</token>
<token t_id="145" sentence="8" number="6">had</token>
<token t_id="146" sentence="8" number="7">been</token>
<token t_id="147" sentence="8" number="8">contained</token>
<token t_id="148" sentence="8" number="9">using</token>
<token t_id="149" sentence="8" number="10">water</token>
<token t_id="150" sentence="8" number="11">and</token>
<token t_id="151" sentence="8" number="12">foam</token>
<token t_id="152" sentence="8" number="13">and</token>
<token t_id="153" sentence="8" number="14">police</token>
<token t_id="154" sentence="8" number="15">had</token>
<token t_id="155" sentence="8" number="16">been</token>
<token t_id="156" sentence="8" number="17">called</token>
<token t_id="157" sentence="8" number="18">.</token>
<token t_id="158" sentence="9" number="0">Half</token>
<token t_id="159" sentence="9" number="1">an</token>
<token t_id="160" sentence="9" number="2">hour</token>
<token t_id="161" sentence="9" number="3">later</token>
<token t_id="162" sentence="9" number="4">a</token>
<token t_id="163" sentence="9" number="5">second</token>
<token t_id="164" sentence="9" number="6">aerial</token>
<token t_id="165" sentence="9" number="7">platform</token>
<token t_id="166" sentence="9" number="8">was</token>
<token t_id="167" sentence="9" number="9">called</token>
<token t_id="168" sentence="9" number="10">in</token>
<token t_id="169" sentence="9" number="11">.</token>
<token t_id="170" sentence="9" number="12">and</token>
<token t_id="171" sentence="9" number="13">hydrants</token>
<token t_id="172" sentence="9" number="14">were</token>
<token t_id="173" sentence="9" number="15">being</token>
<token t_id="174" sentence="9" number="16">used</token>
<token t_id="175" sentence="9" number="17">for</token>
<token t_id="176" sentence="9" number="18">extra</token>
<token t_id="177" sentence="9" number="19">water</token>
<token t_id="178" sentence="9" number="20">.</token>
<token t_id="179" sentence="10" number="0">Police</token>
<token t_id="180" sentence="10" number="1">advised</token>
<token t_id="181" sentence="10" number="2">local</token>
<token t_id="182" sentence="10" number="3">residents</token>
<token t_id="183" sentence="10" number="4">to</token>
<token t_id="184" sentence="10" number="5">shut</token>
<token t_id="185" sentence="10" number="6">all</token>
<token t_id="186" sentence="10" number="7">doors</token>
<token t_id="187" sentence="10" number="8">and</token>
<token t_id="188" sentence="10" number="9">windows</token>
<token t_id="189" sentence="10" number="10">.</token>
<token t_id="190" sentence="11" number="0">Just</token>
<token t_id="191" sentence="11" number="1">before</token>
<token t_id="192" sentence="11" number="2">8am</token>
<token t_id="193" sentence="11" number="3">crews</token>
<token t_id="194" sentence="11" number="4">requested</token>
<token t_id="195" sentence="11" number="5">the</token>
<token t_id="196" sentence="11" number="6">attendance</token>
<token t_id="197" sentence="11" number="7">of</token>
<token t_id="198" sentence="11" number="8">an</token>
<token t_id="199" sentence="11" number="9">incident</token>
<token t_id="200" sentence="11" number="10">support</token>
<token t_id="201" sentence="11" number="11">unit</token>
<token t_id="202" sentence="11" number="12">from</token>
<token t_id="203" sentence="11" number="13">Yeovil</token>
<token t_id="204" sentence="11" number="14">for</token>
<token t_id="205" sentence="11" number="15">additional</token>
<token t_id="206" sentence="11" number="16">drinking</token>
<token t_id="207" sentence="11" number="17">water</token>
<token t_id="208" sentence="11" number="18">,</token>
<token t_id="209" sentence="11" number="19">firefighter</token>
<token t_id="210" sentence="11" number="20">welfare</token>
<token t_id="211" sentence="11" number="21">and</token>
<token t_id="212" sentence="11" number="22">salvage</token>
<token t_id="213" sentence="11" number="23">equipment</token>
<token t_id="214" sentence="11" number="24">.</token>
<token t_id="215" sentence="12" number="0">By</token>
<token t_id="216" sentence="12" number="1">8</token>
<token t_id="217" sentence="12" number="2">.</token>
<token t_id="218" sentence="12" number="3">30am</token>
<token t_id="219" sentence="12" number="4">crews</token>
<token t_id="220" sentence="12" number="5">were</token>
<token t_id="221" sentence="12" number="6">using</token>
<token t_id="222" sentence="12" number="7">thermal</token>
<token t_id="223" sentence="12" number="8">imaging</token>
<token t_id="224" sentence="12" number="9">cameras</token>
<token t_id="225" sentence="12" number="10">to</token>
<token t_id="226" sentence="12" number="11">identify</token>
<token t_id="227" sentence="12" number="12">hotspots</token>
<token t_id="228" sentence="12" number="13">and</token>
<token t_id="229" sentence="12" number="14">an</token>
<token t_id="230" sentence="12" number="15">investigation</token>
<token t_id="231" sentence="12" number="16">into</token>
<token t_id="232" sentence="12" number="17">the</token>
<token t_id="233" sentence="12" number="18">cause</token>
<token t_id="234" sentence="12" number="19">of</token>
<token t_id="235" sentence="12" number="20">the</token>
<token t_id="236" sentence="12" number="21">fire</token>
<token t_id="237" sentence="12" number="22">was</token>
<token t_id="238" sentence="12" number="23">under</token>
<token t_id="239" sentence="12" number="24">way</token>
<token t_id="240" sentence="12" number="25">.</token>
<Markables>
<ACTION_OCCURRENCE m_id="9"  >
  <token_anchor t_id="67"/>
</ACTION_OCCURRENCE>
<ACTION_OCCURRENCE m_id="10"  >
  <token_anchor t_id="147"/>
</ACTION_OCCURRENCE>
<ACTION_OCCURRENCE m_id="11"  >
  <token_anchor t_id="148"/>
</ACTION_OCCURRENCE>
<ACTION_OCCURRENCE m_id="12"  >
  <token_anchor t_id="221"/>
</ACTION_OCCURRENCE>
<ACTION_OCCURRENCE m_id="13"  >
  <token_anchor t_id="226"/>
</ACTION_OCCURRENCE>
<ACTION_OCCURRENCE m_id="14"  >
  <token_anchor t_id="230"/>
</ACTION_OCCURRENCE>
<ACTION_OCCURRENCE m_id="24"  >
  <token_anchor t_id="156"/>
</ACTION_OCCURRENCE>
<ACTION_OCCURRENCE m_id="28"  >
  <token_anchor t_id="233"/>
</ACTION_OCCURRENCE>
<ACTION_OCCURRENCE m_id="29"  >
  <token_anchor t_id="238"/>
  <token_anchor t_id="239"/>
</ACTION_OCCURRENCE>
<ACTION_OCCURRENCE m_id="1"  >
  <token_anchor t_id="31"/>
</ACTION_OCCURRENCE>
<ACTION_OCCURRENCE m_id="34"  >
  <token_anchor t_id="52"/>
</ACTION_OCCURRENCE>
<ACTION_OCCURRENCE m_id="35"  >
  <token_anchor t_id="53"/>
</ACTION_OCCURRENCE>
<ACTION_OCCURRENCE m_id="4"  >
  <token_anchor t_id="56"/>
</ACTION_OCCURRENCE>
<ACTION_OCCURRENCE m_id="5"  >
  <token_anchor t_id="65"/>
</ACTION_OCCURRENCE>
<ACTION_OCCURRENCE m_id="6"  >
  <token_anchor t_id="144"/>
</ACTION_OCCURRENCE>
<ACTION_OCCURRENCE m_id="7"  >
  <token_anchor t_id="236"/>
</ACTION_OCCURRENCE>
<ACTION_OCCURRENCE m_id="8"  >
  <token_anchor t_id="49"/>
  <token_anchor t_id="50"/>
</ACTION_OCCURRENCE>
<HUMAN_PART_ORG m_id="16"  >
  <token_anchor t_id="75"/>
  <token_anchor t_id="76"/>
</HUMAN_PART_ORG>
<HUMAN_PART_ORG m_id="18"  >
  <token_anchor t_id="153"/>
</HUMAN_PART_ORG>
<HUMAN_PART_ORG m_id="19"  >
  <token_anchor t_id="219"/>
</HUMAN_PART_ORG>
<HUMAN_PART_ORG m_id="38"  >
  <token_anchor t_id="40"/>
  <token_anchor t_id="41"/>
</HUMAN_PART_ORG>
<HUMAN_PART_PER m_id="17"  >
  <token_anchor t_id="78"/>
</HUMAN_PART_PER>
<LOC_FAC m_id="2"  >
  <token_anchor t_id="33"/>
</LOC_FAC>
<LOC_FAC m_id="36"  >
  <token_anchor t_id="57"/>
  <token_anchor t_id="58"/>
  <token_anchor t_id="59"/>
  <token_anchor t_id="60"/>
  <token_anchor t_id="61"/>
  <token_anchor t_id="62"/>
</LOC_FAC>
<LOC_GEO m_id="31"  >
  <token_anchor t_id="42"/>
  <token_anchor t_id="43"/>
</LOC_GEO>
<LOC_GEO m_id="32"  >
  <token_anchor t_id="45"/>
</LOC_GEO>
<NON_HUMAN_PART m_id="22"  >
  <token_anchor t_id="149"/>
</NON_HUMAN_PART>
<NON_HUMAN_PART m_id="23"  >
  <token_anchor t_id="151"/>
</NON_HUMAN_PART>
<NON_HUMAN_PART m_id="26"  >
  <token_anchor t_id="224"/>
</NON_HUMAN_PART>
<NON_HUMAN_PART m_id="27"  >
  <token_anchor t_id="227"/>
</NON_HUMAN_PART>
<TIME_DATE m_id="3"  >
  <token_anchor t_id="34"/>
  <token_anchor t_id="35"/>
  <token_anchor t_id="36"/>
  <token_anchor t_id="37"/>
  <token_anchor t_id="38"/>
  <token_anchor t_id="39"/>
</TIME_DATE>
<TIME_OF_THE_DAY m_id="21"  >
  <token_anchor t_id="139"/>
  <token_anchor t_id="140"/>
  <token_anchor t_id="141"/>
  <token_anchor t_id="142"/>
</TIME_OF_THE_DAY>
<TIME_OF_THE_DAY m_id="25"  >
  <token_anchor t_id="215"/>
  <token_anchor t_id="216"/>
  <token_anchor t_id="217"/>
  <token_anchor t_id="218"/>
</TIME_OF_THE_DAY>
<TIME_OF_THE_DAY m_id="33"  >
  <token_anchor t_id="47"/>
  <token_anchor t_id="48"/>
</TIME_OF_THE_DAY>


<LOC_FAC m_id="40" note="byCROMER" >
  <token_anchor t_id="81"/>
  <token_anchor t_id="82"/>
  <token_anchor t_id="83"/>
</LOC_FAC>
<NON_HUMAN_PART m_id="41" note="byCROMER" >
  <token_anchor t_id="69"/>
  <token_anchor t_id="70"/>
  <token_anchor t_id="71"/>
  <token_anchor t_id="72"/>
  <token_anchor t_id="73"/>
</NON_HUMAN_PART>


<ACTION_OCCURRENCE m_id="48" RELATED_TO="" TAG_DESCRIPTOR="t14_damaged" instance_id="ACT17477415135689405" />
<ACTION_OCCURRENCE m_id="47" RELATED_TO="" TAG_DESCRIPTOR="t14_fire" instance_id="ACT17477395877825371" />
<NON_HUMAN_PART m_id="46" RELATED_TO="" TAG_DESCRIPTOR="t14_building_wellington" instance_id="NON28360788624384692" />
<ACTION_OCCURRENCE m_id="45" RELATED_TO="" TAG_DESCRIPTOR="t14_fight_blaze" instance_id="ACT17477433895203407" />
<HUMAN_PART_ORG m_id="44" RELATED_TO="" TAG_DESCRIPTOR="t14_fire_crews" instance_id="HUM17477445299826919" />
<LOC_FAC m_id="43" RELATED_TO="" TAG_DESCRIPTOR="t14_waitrose" instance_id="LOC17477456099314852" />
<ACTION_OCCURRENCE m_id="42" RELATED_TO="" TAG_DESCRIPTOR="t14_call_emergency_services" instance_id="ACT17477492050047024" />
</Markables>

<Relations>
<CROSS_DOC_COREF r_id="25044" note="ACT17477492050047024" >
  <source m_id="24" />
  <source m_id="8" />
  <target m_id="42" />
</CROSS_DOC_COREF>
<CROSS_DOC_COREF r_id="25045" note="LOC17477456099314852" >
  <source m_id="40" />
  <source m_id="2" />
  <source m_id="36" />
  <target m_id="43" />
</CROSS_DOC_COREF>
<CROSS_DOC_COREF r_id="25046" note="HUM17477445299826919" >
  <source m_id="16" />
  <source m_id="19" />
  <source m_id="38" />
  <target m_id="44" />
</CROSS_DOC_COREF>
<CROSS_DOC_COREF r_id="25047" note="ACT17477433895203407" >
  <source m_id="35" />
  <target m_id="45" />
</CROSS_DOC_COREF>
<CROSS_DOC_COREF r_id="25048" note="NON28360788624384692" >
  <source m_id="41" />
  <target m_id="46" />
</CROSS_DOC_COREF>
<CROSS_DOC_COREF r_id="25049" note="ACT17477395877825371" >
  <source m_id="6" />
  <source m_id="4" />
  <source m_id="1" />
  <source m_id="5" />
  <source m_id="7" />
  <target m_id="47" />
</CROSS_DOC_COREF>
<CROSS_DOC_COREF r_id="25050" note="ACT17477415135689405" >
  <source m_id="9" />
  <target m_id="48" />
</CROSS_DOC_COREF>

</Relations>
</Document>
