<Document doc_name="14_8ecbplus.xml" doc_id="DOC15646198263029891">
<token t_id="1" sentence="0" number="0">http</token>
<token t_id="2" sentence="0" number="1">:</token>
<token t_id="3" sentence="0" number="2">/</token>
<token t_id="4" sentence="0" number="3">/</token>
<token t_id="5" sentence="0" number="4">www</token>
<token t_id="6" sentence="0" number="5">.</token>
<token t_id="7" sentence="0" number="6">fia</token>
<token t_id="8" sentence="0" number="7">.</token>
<token t_id="9" sentence="0" number="8">uk</token>
<token t_id="10" sentence="0" number="9">.</token>
<token t_id="11" sentence="0" number="10">com</token>
<token t_id="12" sentence="0" number="11">/</token>
<token t_id="13" sentence="0" number="12">en</token>
<token t_id="14" sentence="0" number="13">/</token>
<token t_id="15" sentence="0" number="14">Information</token>
<token t_id="16" sentence="0" number="15">/</token>
<token t_id="17" sentence="0" number="16">Details</token>
<token t_id="18" sentence="0" number="17">/</token>
<token t_id="19" sentence="0" number="18">index</token>
<token t_id="20" sentence="0" number="19">.</token>
<token t_id="21" sentence="0" number="20">cfm</token>
<token t_id="22" sentence="0" number="21">/</token>
<token t_id="23" sentence="0" number="22">Waitrose</token>
<token t_id="24" sentence="0" number="23">-</token>
<token t_id="25" sentence="0" number="24">in</token>
<token t_id="26" sentence="0" number="25">-</token>
<token t_id="27" sentence="0" number="26">Wellington</token>
<token t_id="28" sentence="0" number="27">-</token>
<token t_id="29" sentence="0" number="28">catches</token>
<token t_id="30" sentence="0" number="29">-</token>
<token t_id="31" sentence="0" number="30">fire</token>
<token t_id="32" sentence="1" number="0">Waitrose</token>
<token t_id="33" sentence="1" number="1">in</token>
<token t_id="34" sentence="1" number="2">Wellington</token>
<token t_id="35" sentence="1" number="3">catches</token>
<token t_id="36" sentence="1" number="4">fire</token>
<token t_id="37" sentence="2" number="0">22</token>
<token t_id="38" sentence="2" number="1">Jul</token>
<token t_id="39" sentence="2" number="2">2013</token>
<token t_id="40" sentence="3" number="0">A</token>
<token t_id="41" sentence="3" number="1">Waitrose</token>
<token t_id="42" sentence="3" number="2">supermarket</token>
<token t_id="43" sentence="3" number="3">in</token>
<token t_id="44" sentence="3" number="4">a</token>
<token t_id="45" sentence="3" number="5">Somerset</token>
<token t_id="46" sentence="3" number="6">town</token>
<token t_id="47" sentence="3" number="7">caught</token>
<token t_id="48" sentence="3" number="8">fire</token>
<token t_id="49" sentence="3" number="9">yesterday</token>
<token t_id="50" sentence="3" number="10">(</token>
<token t_id="51" sentence="3" number="11">July</token>
<token t_id="52" sentence="3" number="12">21st</token>
<token t_id="53" sentence="3" number="13">)</token>
<token t_id="54" sentence="3" number="14">,</token>
<token t_id="55" sentence="3" number="15">causing</token>
<token t_id="56" sentence="3" number="16">substantial</token>
<token t_id="57" sentence="3" number="17">damage</token>
<token t_id="58" sentence="3" number="18">to</token>
<token t_id="59" sentence="3" number="19">the</token>
<token t_id="60" sentence="3" number="20">building</token>
<token t_id="61" sentence="3" number="21">’</token>
<token t_id="62" sentence="3" number="22">s</token>
<token t_id="63" sentence="3" number="23">roof</token>
<token t_id="64" sentence="3" number="24">.</token>
<token t_id="65" sentence="4" number="0">The</token>
<token t_id="66" sentence="4" number="1">fire</token>
<token t_id="67" sentence="4" number="2">service</token>
<token t_id="68" sentence="4" number="3">was</token>
<token t_id="69" sentence="4" number="4">called</token>
<token t_id="70" sentence="4" number="5">at</token>
<token t_id="71" sentence="4" number="6">approximately</token>
<token t_id="72" sentence="4" number="7">06</token>
<token t_id="73" sentence="4" number="8">:</token>
<token t_id="74" sentence="4" number="9">00</token>
<token t_id="75" sentence="4" number="10">BST</token>
<token t_id="76" sentence="4" number="11">to</token>
<token t_id="77" sentence="4" number="12">the</token>
<token t_id="78" sentence="4" number="13">store</token>
<token t_id="79" sentence="4" number="14">,</token>
<token t_id="80" sentence="4" number="15">which</token>
<token t_id="81" sentence="4" number="16">is</token>
<token t_id="82" sentence="4" number="17">on</token>
<token t_id="83" sentence="4" number="18">Wellington</token>
<token t_id="84" sentence="4" number="19">’</token>
<token t_id="85" sentence="4" number="20">s</token>
<token t_id="86" sentence="4" number="21">high</token>
<token t_id="87" sentence="4" number="22">street</token>
<token t_id="88" sentence="4" number="23">.</token>
<token t_id="89" sentence="5" number="0">Upon</token>
<token t_id="90" sentence="5" number="1">arrival</token>
<token t_id="91" sentence="5" number="2">they</token>
<token t_id="92" sentence="5" number="3">found</token>
<token t_id="93" sentence="5" number="4">that</token>
<token t_id="94" sentence="5" number="5">the</token>
<token t_id="95" sentence="5" number="6">roof</token>
<token t_id="96" sentence="5" number="7">fire</token>
<token t_id="97" sentence="5" number="8">was</token>
<token t_id="98" sentence="5" number="9">quite</token>
<token t_id="99" sentence="5" number="10">significant</token>
<token t_id="100" sentence="5" number="11">.</token>
<token t_id="101" sentence="6" number="0">Fire</token>
<token t_id="102" sentence="6" number="1">crews</token>
<token t_id="103" sentence="6" number="2">from</token>
<token t_id="104" sentence="6" number="3">Devon</token>
<token t_id="105" sentence="6" number="4">and</token>
<token t_id="106" sentence="6" number="5">Somerset</token>
<token t_id="107" sentence="6" number="6">Fire</token>
<token t_id="108" sentence="6" number="7">and</token>
<token t_id="109" sentence="6" number="8">Rescue</token>
<token t_id="110" sentence="6" number="9">attended</token>
<token t_id="111" sentence="6" number="10">the</token>
<token t_id="112" sentence="6" number="11">scene</token>
<token t_id="113" sentence="6" number="12">and</token>
<token t_id="114" sentence="6" number="13">then</token>
<token t_id="115" sentence="6" number="14">called</token>
<token t_id="116" sentence="6" number="15">a</token>
<token t_id="117" sentence="6" number="16">further</token>
<token t_id="118" sentence="6" number="17">four</token>
<token t_id="119" sentence="6" number="18">appliances</token>
<token t_id="120" sentence="6" number="19">to</token>
<token t_id="121" sentence="6" number="20">help</token>
<token t_id="122" sentence="6" number="21">,</token>
<token t_id="123" sentence="6" number="22">a</token>
<token t_id="124" sentence="6" number="23">report</token>
<token t_id="125" sentence="6" number="24">from</token>
<token t_id="126" sentence="6" number="25">ITV</token>
<token t_id="127" sentence="6" number="26">revealed</token>
<token t_id="128" sentence="6" number="27">.</token>
<token t_id="129" sentence="7" number="0">They</token>
<token t_id="130" sentence="7" number="1">contained</token>
<token t_id="131" sentence="7" number="2">the</token>
<token t_id="132" sentence="7" number="3">fire</token>
<token t_id="133" sentence="7" number="4">to</token>
<token t_id="134" sentence="7" number="5">one</token>
<token t_id="135" sentence="7" number="6">corner</token>
<token t_id="136" sentence="7" number="7">of</token>
<token t_id="137" sentence="7" number="8">the</token>
<token t_id="138" sentence="7" number="9">roof</token>
<token t_id="139" sentence="7" number="10">but</token>
<token t_id="140" sentence="7" number="11">could</token>
<token t_id="141" sentence="7" number="12">not</token>
<token t_id="142" sentence="7" number="13">be</token>
<token t_id="143" sentence="7" number="14">extinguished</token>
<token t_id="144" sentence="7" number="15">before</token>
<token t_id="145" sentence="7" number="16">a</token>
<token t_id="146" sentence="7" number="17">part</token>
<token t_id="147" sentence="7" number="18">of</token>
<token t_id="148" sentence="7" number="19">the</token>
<token t_id="149" sentence="7" number="20">entrance</token>
<token t_id="150" sentence="7" number="21">building</token>
<token t_id="151" sentence="7" number="22">collapsed</token>
<token t_id="152" sentence="7" number="23">.</token>
<token t_id="153" sentence="8" number="0">However</token>
<token t_id="154" sentence="8" number="1">,</token>
<token t_id="155" sentence="8" number="2">the</token>
<token t_id="156" sentence="8" number="3">main</token>
<token t_id="157" sentence="8" number="4">area</token>
<token t_id="158" sentence="8" number="5">of</token>
<token t_id="159" sentence="8" number="6">the</token>
<token t_id="160" sentence="8" number="7">one</token>
<token t_id="161" sentence="8" number="8">-</token>
<token t_id="162" sentence="8" number="9">storey</token>
<token t_id="163" sentence="8" number="10">supermarket</token>
<token t_id="164" sentence="8" number="11">was</token>
<token t_id="165" sentence="8" number="12">left</token>
<token t_id="166" sentence="8" number="13">largely</token>
<token t_id="167" sentence="8" number="14">intact</token>
<token t_id="168" sentence="8" number="15">with</token>
<token t_id="169" sentence="8" number="16">only</token>
<token t_id="170" sentence="8" number="17">smoke</token>
<token t_id="171" sentence="8" number="18">damage</token>
<token t_id="172" sentence="8" number="19">.</token>
<token t_id="173" sentence="9" number="0">By</token>
<token t_id="174" sentence="9" number="1">about</token>
<token t_id="175" sentence="9" number="2">09</token>
<token t_id="176" sentence="9" number="3">:</token>
<token t_id="177" sentence="9" number="4">30</token>
<token t_id="178" sentence="9" number="5">BST</token>
<token t_id="179" sentence="9" number="6">the</token>
<token t_id="180" sentence="9" number="7">fire</token>
<token t_id="181" sentence="9" number="8">was</token>
<token t_id="182" sentence="9" number="9">largely</token>
<token t_id="183" sentence="9" number="10">out</token>
<token t_id="184" sentence="9" number="11">,</token>
<token t_id="185" sentence="9" number="12">with</token>
<token t_id="186" sentence="9" number="13">crews</token>
<token t_id="187" sentence="9" number="14">checking</token>
<token t_id="188" sentence="9" number="15">for</token>
<token t_id="189" sentence="9" number="16">hotspots</token>
<token t_id="190" sentence="9" number="17">.</token>
<token t_id="191" sentence="10" number="0">The</token>
<token t_id="192" sentence="10" number="1">fire</token>
<token t_id="193" sentence="10" number="2">service</token>
<token t_id="194" sentence="10" number="3">’</token>
<token t_id="195" sentence="10" number="4">s</token>
<token t_id="196" sentence="10" number="5">Matt</token>
<token t_id="197" sentence="10" number="6">Goodman</token>
<token t_id="198" sentence="10" number="7">explained</token>
<token t_id="199" sentence="10" number="8">that</token>
<token t_id="200" sentence="10" number="9">the</token>
<token t_id="201" sentence="10" number="10">fire</token>
<token t_id="202" sentence="10" number="11">began</token>
<token t_id="203" sentence="10" number="12">on</token>
<token t_id="204" sentence="10" number="13">the</token>
<token t_id="205" sentence="10" number="14">outside</token>
<token t_id="206" sentence="10" number="15">of</token>
<token t_id="207" sentence="10" number="16">the</token>
<token t_id="208" sentence="10" number="17">building</token>
<token t_id="209" sentence="10" number="18">.</token>
<token t_id="210" sentence="11" number="0">"It</token>
<token t_id="211" sentence="11" number="1">then</token>
<token t_id="212" sentence="11" number="2">quickly</token>
<token t_id="213" sentence="11" number="3">spread</token>
<token t_id="214" sentence="11" number="4">to</token>
<token t_id="215" sentence="11" number="5">the</token>
<token t_id="216" sentence="11" number="6">roof</token>
<token t_id="217" sentence="11" number="7">so</token>
<token t_id="218" sentence="11" number="8">there</token>
<token t_id="219" sentence="11" number="9">is</token>
<token t_id="220" sentence="11" number="10">a</token>
<token t_id="221" sentence="11" number="11">significant</token>
<token t_id="222" sentence="11" number="12">amount</token>
<token t_id="223" sentence="11" number="13">of</token>
<token t_id="224" sentence="11" number="14">damage</token>
<token t_id="225" sentence="11" number="15">to</token>
<token t_id="226" sentence="11" number="16">the</token>
<token t_id="227" sentence="11" number="17">roof</token>
<token t_id="228" sentence="11" number="18">,</token>
<token t_id="229" sentence="11" number="19">but</token>
<token t_id="230" sentence="11" number="20">thankfully</token>
<token t_id="231" sentence="11" number="21">due</token>
<token t_id="232" sentence="11" number="22">to</token>
<token t_id="233" sentence="11" number="23">the</token>
<token t_id="234" sentence="11" number="24">early</token>
<token t_id="235" sentence="11" number="25">actions</token>
<token t_id="236" sentence="11" number="26">of</token>
<token t_id="237" sentence="11" number="27">the</token>
<token t_id="238" sentence="11" number="28">Wellington</token>
<token t_id="239" sentence="11" number="29">crew</token>
<token t_id="240" sentence="11" number="30">we</token>
<token t_id="241" sentence="11" number="31">could</token>
<token t_id="242" sentence="11" number="32">get</token>
<token t_id="243" sentence="11" number="33">a</token>
<token t_id="244" sentence="11" number="34">large</token>
<token t_id="245" sentence="11" number="35">weight</token>
<token t_id="246" sentence="11" number="36">of</token>
<token t_id="247" sentence="11" number="37">response</token>
<token t_id="248" sentence="11" number="38">to</token>
<token t_id="249" sentence="11" number="39">the</token>
<token t_id="250" sentence="11" number="40">scene</token>
<token t_id="251" sentence="11" number="41">,</token>
<token t_id="252" sentence="11" number="42">”</token>
<token t_id="253" sentence="11" number="43">he</token>
<token t_id="254" sentence="11" number="44">said</token>
<token t_id="255" sentence="11" number="45">.</token>
<token t_id="256" sentence="12" number="0">"We've</token>
<token t_id="257" sentence="12" number="1">been</token>
<token t_id="258" sentence="12" number="2">able</token>
<token t_id="259" sentence="12" number="3">to</token>
<token t_id="260" sentence="12" number="4">prevent</token>
<token t_id="261" sentence="12" number="5">it</token>
<token t_id="262" sentence="12" number="6">spreading</token>
<token t_id="263" sentence="12" number="7">to</token>
<token t_id="264" sentence="12" number="8">other</token>
<token t_id="265" sentence="12" number="9">areas</token>
<token t_id="266" sentence="12" number="10">of</token>
<token t_id="267" sentence="12" number="11">the</token>
<token t_id="268" sentence="12" number="12">building</token>
<token t_id="269" sentence="12" number="13">,</token>
<token t_id="270" sentence="12" number="14">so</token>
<token t_id="271" sentence="12" number="15">the</token>
<token t_id="272" sentence="12" number="16">main</token>
<token t_id="273" sentence="12" number="17">store</token>
<token t_id="274" sentence="12" number="18">on</token>
<token t_id="275" sentence="12" number="19">the</token>
<token t_id="276" sentence="12" number="20">inside</token>
<token t_id="277" sentence="12" number="21">has</token>
<token t_id="278" sentence="12" number="22">got</token>
<token t_id="279" sentence="12" number="23">a</token>
<token t_id="280" sentence="12" number="24">reasonably</token>
<token t_id="281" sentence="12" number="25">small</token>
<token t_id="282" sentence="12" number="26">amount</token>
<token t_id="283" sentence="12" number="27">of</token>
<token t_id="284" sentence="12" number="28">smoke</token>
<token t_id="285" sentence="12" number="29">damage</token>
<token t_id="286" sentence="12" number="30">.</token>
<token t_id="287" sentence="12" number="31">"</token>
<token t_id="288" sentence="13" number="0">A</token>
<token t_id="289" sentence="13" number="1">spokesperson</token>
<token t_id="290" sentence="13" number="2">from</token>
<token t_id="291" sentence="13" number="3">Waitrose</token>
<token t_id="292" sentence="13" number="4">explained</token>
<token t_id="293" sentence="13" number="5">that</token>
<token t_id="294" sentence="13" number="6">no</token>
<token t_id="295" sentence="13" number="7">one</token>
<token t_id="296" sentence="13" number="8">was</token>
<token t_id="297" sentence="13" number="9">hurt</token>
<token t_id="298" sentence="13" number="10">in</token>
<token t_id="299" sentence="13" number="11">the</token>
<token t_id="300" sentence="13" number="12">incident</token>
<token t_id="301" sentence="13" number="13">and</token>
<token t_id="302" sentence="13" number="14">was</token>
<token t_id="303" sentence="13" number="15">grateful</token>
<token t_id="304" sentence="13" number="16">to</token>
<token t_id="305" sentence="13" number="17">the</token>
<token t_id="306" sentence="13" number="18">emergency</token>
<token t_id="307" sentence="13" number="19">services</token>
<token t_id="308" sentence="13" number="20">for</token>
<token t_id="309" sentence="13" number="21">their</token>
<token t_id="310" sentence="13" number="22">quick</token>
<token t_id="311" sentence="13" number="23">response</token>
<token t_id="312" sentence="13" number="24">and</token>
<token t_id="313" sentence="13" number="25">effective</token>
<token t_id="314" sentence="13" number="26">help</token>
<token t_id="315" sentence="13" number="27">.</token>
<token t_id="316" sentence="14" number="0">Investigations</token>
<token t_id="317" sentence="14" number="1">into</token>
<token t_id="318" sentence="14" number="2">what</token>
<token t_id="319" sentence="14" number="3">caused</token>
<token t_id="320" sentence="14" number="4">the</token>
<token t_id="321" sentence="14" number="5">fire</token>
<token t_id="322" sentence="14" number="6">are</token>
<token t_id="323" sentence="14" number="7">ongoing</token>
<token t_id="324" sentence="14" number="8">.</token>
<token t_id="325" sentence="15" number="0">In</token>
<token t_id="326" sentence="15" number="1">a</token>
<token t_id="327" sentence="15" number="2">bid</token>
<token t_id="328" sentence="15" number="3">to</token>
<token t_id="329" sentence="15" number="4">remove</token>
<token t_id="330" sentence="15" number="5">potential</token>
<token t_id="331" sentence="15" number="6">fire</token>
<token t_id="332" sentence="15" number="7">hazards</token>
<token t_id="333" sentence="15" number="8">,</token>
<token t_id="334" sentence="15" number="9">commercial</token>
<token t_id="335" sentence="15" number="10">buildings</token>
<token t_id="336" sentence="15" number="11">and</token>
<token t_id="337" sentence="15" number="12">non</token>
<token t_id="338" sentence="15" number="13">-</token>
<token t_id="339" sentence="15" number="14">domestic</token>
<token t_id="340" sentence="15" number="15">premises</token>
<token t_id="341" sentence="15" number="16">in</token>
<token t_id="342" sentence="15" number="17">England</token>
<token t_id="343" sentence="15" number="18">and</token>
<token t_id="344" sentence="15" number="19">Wales</token>
<token t_id="345" sentence="15" number="20">are</token>
<token t_id="346" sentence="15" number="21">already</token>
<token t_id="347" sentence="15" number="22">forced</token>
<token t_id="348" sentence="15" number="23">to</token>
<token t_id="349" sentence="15" number="24">undertake</token>
<token t_id="350" sentence="15" number="25">a</token>
<token t_id="351" sentence="15" number="26">'suitable</token>
<token t_id="352" sentence="15" number="27">and</token>
<token t_id="353" sentence="15" number="28">sufficient'</token>
<token t_id="354" sentence="15" number="29">fire</token>
<token t_id="355" sentence="15" number="30">risk</token>
<token t_id="356" sentence="15" number="31">assessment</token>
<token t_id="357" sentence="15" number="32">carried</token>
<token t_id="358" sentence="15" number="33">out</token>
<token t_id="359" sentence="15" number="34">under</token>
<token t_id="360" sentence="15" number="35">the</token>
<token t_id="361" sentence="15" number="36">Regulatory</token>
<token t_id="362" sentence="15" number="37">Reform</token>
<token t_id="363" sentence="15" number="38">(</token>
<token t_id="364" sentence="15" number="39">Fire</token>
<token t_id="365" sentence="15" number="40">Safety</token>
<token t_id="366" sentence="15" number="41">)</token>
<token t_id="367" sentence="15" number="42">Order</token>
<token t_id="368" sentence="15" number="43">2005</token>
<token t_id="369" sentence="15" number="44">.</token>
<token t_id="370" sentence="16" number="0">While</token>
<token t_id="371" sentence="16" number="1">the</token>
<token t_id="372" sentence="16" number="2">overwhelming</token>
<token t_id="373" sentence="16" number="3">majority</token>
<token t_id="374" sentence="16" number="4">of</token>
<token t_id="375" sentence="16" number="5">premises</token>
<token t_id="376" sentence="16" number="6">do</token>
<token t_id="377" sentence="16" number="7">this</token>
<token t_id="378" sentence="16" number="8">,</token>
<token t_id="379" sentence="16" number="9">if</token>
<token t_id="380" sentence="16" number="10">the</token>
<token t_id="381" sentence="16" number="11">assessment</token>
<token t_id="382" sentence="16" number="12">is</token>
<token t_id="383" sentence="16" number="13">thought</token>
<token t_id="384" sentence="16" number="14">to</token>
<token t_id="385" sentence="16" number="15">have</token>
<token t_id="386" sentence="16" number="16">been</token>
<token t_id="387" sentence="16" number="17">carried</token>
<token t_id="388" sentence="16" number="18">out</token>
<token t_id="389" sentence="16" number="19">to</token>
<token t_id="390" sentence="16" number="20">an</token>
<token t_id="391" sentence="16" number="21">insufficient</token>
<token t_id="392" sentence="16" number="22">extent</token>
<token t_id="393" sentence="16" number="23">,</token>
<token t_id="394" sentence="16" number="24">the</token>
<token t_id="395" sentence="16" number="25">Responsible</token>
<token t_id="396" sentence="16" number="26">Person</token>
<token t_id="397" sentence="16" number="27">can</token>
<token t_id="398" sentence="16" number="28">face</token>
<token t_id="399" sentence="16" number="29">an</token>
<token t_id="400" sentence="16" number="30">unlimited</token>
<token t_id="401" sentence="16" number="31">fine</token>
<token t_id="402" sentence="16" number="32">or</token>
<token t_id="403" sentence="16" number="33">up</token>
<token t_id="404" sentence="16" number="34">to</token>
<token t_id="405" sentence="16" number="35">two</token>
<token t_id="406" sentence="16" number="36">years</token>
<token t_id="407" sentence="16" number="37">in</token>
<token t_id="408" sentence="16" number="38">prison</token>
<token t_id="409" sentence="16" number="39">.</token>
<Markables>
<ACTION_ASPECTUAL m_id="25"  >
  <token_anchor t_id="202"/>
</ACTION_ASPECTUAL>
<ACTION_CAUSATIVE m_id="10"  >
  <token_anchor t_id="55"/>
</ACTION_CAUSATIVE>
<ACTION_OCCURRENCE m_id="11"  >
  <token_anchor t_id="96"/>
</ACTION_OCCURRENCE>
<ACTION_OCCURRENCE m_id="12"  >
  <token_anchor t_id="90"/>
</ACTION_OCCURRENCE>
<ACTION_OCCURRENCE m_id="13"  >
  <token_anchor t_id="92"/>
</ACTION_OCCURRENCE>
<ACTION_OCCURRENCE m_id="17"  >
  <token_anchor t_id="180"/>
</ACTION_OCCURRENCE>
<ACTION_OCCURRENCE m_id="18"  >
  <token_anchor t_id="187"/>
</ACTION_OCCURRENCE>
<ACTION_OCCURRENCE m_id="19"  >
  <token_anchor t_id="183"/>
</ACTION_OCCURRENCE>
<ACTION_OCCURRENCE m_id="24"  >
  <token_anchor t_id="201"/>
</ACTION_OCCURRENCE>
<ACTION_OCCURRENCE m_id="27"  >
  <token_anchor t_id="316"/>
</ACTION_OCCURRENCE>
<ACTION_OCCURRENCE m_id="28"  >
  <token_anchor t_id="319"/>
</ACTION_OCCURRENCE>
<ACTION_OCCURRENCE m_id="29"  >
  <token_anchor t_id="321"/>
</ACTION_OCCURRENCE>
<ACTION_OCCURRENCE m_id="2"  >
  <token_anchor t_id="35"/>
</ACTION_OCCURRENCE>
<ACTION_OCCURRENCE m_id="3"  >
  <token_anchor t_id="36"/>
</ACTION_OCCURRENCE>
<ACTION_OCCURRENCE m_id="35"  >
  <token_anchor t_id="300"/>
</ACTION_OCCURRENCE>
<ACTION_OCCURRENCE m_id="36"  >
  <token_anchor t_id="311"/>
</ACTION_OCCURRENCE>
<ACTION_OCCURRENCE m_id="37"  >
  <token_anchor t_id="314"/>
</ACTION_OCCURRENCE>
<ACTION_OCCURRENCE m_id="6"  >
  <token_anchor t_id="47"/>
</ACTION_OCCURRENCE>
<ACTION_OCCURRENCE m_id="7"  >
  <token_anchor t_id="48"/>
</ACTION_OCCURRENCE>
<ACTION_REPORTING m_id="23"  >
  <token_anchor t_id="198"/>
</ACTION_REPORTING>
<ACTION_REPORTING m_id="32"  >
  <token_anchor t_id="292"/>
</ACTION_REPORTING>
<ACTION_STATE m_id="14"  >
  <token_anchor t_id="99"/>
</ACTION_STATE>
<ACTION_STATE m_id="30"  >
  <token_anchor t_id="323"/>
</ACTION_STATE>
<HUMAN_PART_ORG m_id="15"  >
  <token_anchor t_id="91"/>
</HUMAN_PART_ORG>
<HUMAN_PART_ORG m_id="20"  >
  <token_anchor t_id="186"/>
</HUMAN_PART_ORG>
<HUMAN_PART_ORG m_id="38"  >
  <token_anchor t_id="306"/>
  <token_anchor t_id="307"/>
</HUMAN_PART_ORG>
<HUMAN_PART_ORG m_id="39"  >
  <token_anchor t_id="309"/>
</HUMAN_PART_ORG>
<HUMAN_PART_PER m_id="22"  >
  <token_anchor t_id="196"/>
  <token_anchor t_id="197"/>
</HUMAN_PART_PER>
<HUMAN_PART_PER m_id="31"  >
  <token_anchor t_id="289"/>
</HUMAN_PART_PER>
<HUMAN_PART_PER m_id="33"  >
  <token_anchor t_id="294"/>
  <token_anchor t_id="295"/>
</HUMAN_PART_PER>
<LOC_FAC m_id="26"  >
  <token_anchor t_id="203"/>
  <token_anchor t_id="204"/>
  <token_anchor t_id="205"/>
  <token_anchor t_id="206"/>
  <token_anchor t_id="207"/>
  <token_anchor t_id="208"/>
</LOC_FAC>
<NEG_ACTION_OCCURRENCE m_id="34"  >
  <token_anchor t_id="297"/>
</NEG_ACTION_OCCURRENCE>
<NON_HUMAN_PART m_id="21"  >
  <token_anchor t_id="189"/>
</NON_HUMAN_PART>
<NON_HUMAN_PART m_id="8"  >
  <token_anchor t_id="59"/>
  <token_anchor t_id="60"/>
  <token_anchor t_id="61"/>
  <token_anchor t_id="62"/>
  <token_anchor t_id="63"/>
  <token_anchor t_id="64"/>
</NON_HUMAN_PART>
<NON_HUMAN_PART m_id="42"  >
  <token_anchor t_id="318"/>
</NON_HUMAN_PART>
<TIME_DATE m_id="9"  >
  <token_anchor t_id="49"/>
  <token_anchor t_id="50"/>
  <token_anchor t_id="51"/>
  <token_anchor t_id="52"/>
</TIME_DATE>
<TIME_DATE m_id="4"  >
  <token_anchor t_id="37"/>
  <token_anchor t_id="38"/>
  <token_anchor t_id="39"/>
</TIME_DATE>
<TIME_OF_THE_DAY m_id="16"  >
  <token_anchor t_id="173"/>
  <token_anchor t_id="174"/>
  <token_anchor t_id="175"/>
  <token_anchor t_id="176"/>
  <token_anchor t_id="177"/>
  <token_anchor t_id="178"/>
</TIME_OF_THE_DAY>


<NON_HUMAN_PART m_id="44" note="byCROMER" >
  <token_anchor t_id="40"/>
  <token_anchor t_id="41"/>
  <token_anchor t_id="42"/>
</NON_HUMAN_PART>
<LOC_GEO m_id="45" note="byCROMER" >
  <token_anchor t_id="33"/>
  <token_anchor t_id="34"/>
</LOC_GEO>
<LOC_GEO m_id="46" note="byCROMER" >
  <token_anchor t_id="43"/>
  <token_anchor t_id="44"/>
  <token_anchor t_id="45"/>
  <token_anchor t_id="46"/>
</LOC_GEO>
<NON_HUMAN_PART m_id="47" note="byCROMER" >
  <token_anchor t_id="32"/>
</NON_HUMAN_PART>


<LOC_GEO m_id="52" RELATED_TO="" TAG_DESCRIPTOR="t14_wellington" instance_id="LOC17477507552787281" />
<ACTION_OCCURRENCE m_id="51" RELATED_TO="" TAG_DESCRIPTOR="t14_fire" instance_id="ACT17477395877825371" />
<NON_HUMAN_PART m_id="50" RELATED_TO="" TAG_DESCRIPTOR="t14_building_wellington" instance_id="NON28360788624384692" />
<TIME_OF_THE_DAY m_id="49" RELATED_TO="" TAG_DESCRIPTOR="t14_early_sunday" instance_id="TIM17477472011873022" />
<HUMAN_PART_ORG m_id="48" RELATED_TO="" TAG_DESCRIPTOR="t14_fire_crews" instance_id="HUM17477445299826919" />
</Markables>

<Relations>
<CROSS_DOC_COREF r_id="25047" note="HUM17477445299826919" >
  <source m_id="38" />
  <source m_id="15" />
  <source m_id="39" />
  <source m_id="20" />
  <target m_id="48" />
</CROSS_DOC_COREF>
<CROSS_DOC_COREF r_id="25048" note="TIM17477472011873022" >
  <source m_id="16" />
  <target m_id="49" />
</CROSS_DOC_COREF>
<CROSS_DOC_COREF r_id="25049" note="NON28360788624384692" >
  <source m_id="44" />
  <source m_id="47" />
  <target m_id="50" />
</CROSS_DOC_COREF>
<CROSS_DOC_COREF r_id="25050" note="ACT17477395877825371" >
  <source m_id="7" />
  <source m_id="11" />
  <source m_id="35" />
  <source m_id="24" />
  <source m_id="3" />
  <source m_id="29" />
  <source m_id="17" />
  <target m_id="51" />
</CROSS_DOC_COREF>
<CROSS_DOC_COREF r_id="25051" note="LOC17477507552787281" >
  <source m_id="45" />
  <source m_id="46" />
  <target m_id="52" />
</CROSS_DOC_COREF>

</Relations>
</Document>
