<Document doc_name="14_9ecb.xml" doc_id="DOC15654331765826701">
<token t_id="1" sentence="0" number="0">A</token>
<token t_id="2" sentence="0" number="1">supermarket</token>
<token t_id="3" sentence="0" number="2">in</token>
<token t_id="4" sentence="0" number="3">Surrey</token>
<token t_id="5" sentence="0" number="4">has</token>
<token t_id="6" sentence="0" number="5">been</token>
<token t_id="7" sentence="0" number="6">completely</token>
<token t_id="8" sentence="0" number="7">destroyed</token>
<token t_id="9" sentence="0" number="8">after</token>
<token t_id="10" sentence="0" number="9">a</token>
<token t_id="11" sentence="0" number="10">fire</token>
<token t_id="12" sentence="0" number="11">broke</token>
<token t_id="13" sentence="0" number="12">out</token>
<token t_id="14" sentence="0" number="13">on</token>
<token t_id="15" sentence="0" number="14">Friday</token>
<token t_id="16" sentence="0" number="15">night</token>
<token t_id="17" sentence="0" number="16">.</token>
<token t_id="18" sentence="1" number="0">A</token>
<token t_id="19" sentence="1" number="1">statement</token>
<token t_id="20" sentence="1" number="2">from</token>
<token t_id="21" sentence="1" number="3">Surrey</token>
<token t_id="22" sentence="1" number="4">police</token>
<token t_id="23" sentence="1" number="5">said</token>
<token t_id="24" sentence="1" number="6">the</token>
<token t_id="25" sentence="1" number="7">blaze</token>
<token t_id="26" sentence="1" number="8">at</token>
<token t_id="27" sentence="1" number="9">the</token>
<token t_id="28" sentence="1" number="10">Waitrose</token>
<token t_id="29" sentence="1" number="11">store</token>
<token t_id="30" sentence="1" number="12">on</token>
<token t_id="31" sentence="1" number="13">the</token>
<token t_id="32" sentence="1" number="14">High</token>
<token t_id="33" sentence="1" number="15">Street</token>
<token t_id="34" sentence="1" number="16">in</token>
<token t_id="35" sentence="1" number="17">Banstead</token>
<token t_id="36" sentence="1" number="18">was</token>
<token t_id="37" sentence="1" number="19">being</token>
<token t_id="38" sentence="1" number="20">treated</token>
<token t_id="39" sentence="1" number="21">as</token>
<token t_id="40" sentence="1" number="22">``</token>
<token t_id="41" sentence="1" number="23">potentially</token>
<token t_id="42" sentence="1" number="24">suspicious</token>
<token t_id="43" sentence="1" number="25">''</token>
<token t_id="44" sentence="1" number="26">.</token>
<token t_id="45" sentence="2" number="0">Officers</token>
<token t_id="46" sentence="2" number="1">were</token>
<token t_id="47" sentence="2" number="2">alerted</token>
<token t_id="48" sentence="2" number="3">to</token>
<token t_id="49" sentence="2" number="4">the</token>
<token t_id="50" sentence="2" number="5">fire</token>
<token t_id="51" sentence="2" number="6">on</token>
<token t_id="52" sentence="2" number="7">the</token>
<token t_id="53" sentence="2" number="8">roof</token>
<token t_id="54" sentence="2" number="9">of</token>
<token t_id="55" sentence="2" number="10">the</token>
<token t_id="56" sentence="2" number="11">store</token>
<token t_id="57" sentence="2" number="12">at</token>
<token t_id="58" sentence="2" number="13">20:49</token>
<token t_id="59" sentence="2" number="14">GMT</token>
<token t_id="60" sentence="2" number="15">on</token>
<token t_id="61" sentence="2" number="16">Friday</token>
<token t_id="62" sentence="2" number="17">.</token>
<token t_id="63" sentence="3" number="0">The</token>
<token t_id="64" sentence="3" number="1">blaze</token>
<token t_id="65" sentence="3" number="2">then</token>
<token t_id="66" sentence="3" number="3">progressed</token>
<token t_id="67" sentence="3" number="4">rapidly</token>
<token t_id="68" sentence="3" number="5">through</token>
<token t_id="69" sentence="3" number="6">the</token>
<token t_id="70" sentence="3" number="7">supermarket</token>
<token t_id="71" sentence="3" number="8">,</token>
<token t_id="72" sentence="3" number="9">leaving</token>
<token t_id="73" sentence="3" number="10">it</token>
<token t_id="74" sentence="3" number="11">almost</token>
<token t_id="75" sentence="3" number="12">totally</token>
<token t_id="76" sentence="3" number="13">destroyed</token>
<token t_id="77" sentence="3" number="14">.</token>
<token t_id="78" sentence="4" number="0">Police</token>
<token t_id="79" sentence="4" number="1">claim</token>
<token t_id="80" sentence="4" number="2">that</token>
<token t_id="81" sentence="4" number="3">local</token>
<token t_id="82" sentence="4" number="4">residents</token>
<token t_id="83" sentence="4" number="5">have</token>
<token t_id="84" sentence="4" number="6">been</token>
<token t_id="85" sentence="4" number="7">evacuated</token>
<token t_id="86" sentence="4" number="8">and</token>
<token t_id="87" sentence="4" number="9">local</token>
<token t_id="88" sentence="4" number="10">road</token>
<token t_id="89" sentence="4" number="11">closures</token>
<token t_id="90" sentence="4" number="12">have</token>
<token t_id="91" sentence="4" number="13">been</token>
<token t_id="92" sentence="4" number="14">put</token>
<token t_id="93" sentence="4" number="15">in</token>
<token t_id="94" sentence="4" number="16">place</token>
<token t_id="95" sentence="4" number="17">.</token>
<token t_id="96" sentence="5" number="0">No-one</token>
<token t_id="97" sentence="5" number="1">is</token>
<token t_id="98" sentence="5" number="2">believed</token>
<token t_id="99" sentence="5" number="3">to</token>
<token t_id="100" sentence="5" number="4">have</token>
<token t_id="101" sentence="5" number="5">been</token>
<token t_id="102" sentence="5" number="6">injured</token>
<token t_id="103" sentence="5" number="7">in</token>
<token t_id="104" sentence="5" number="8">the</token>
<token t_id="105" sentence="5" number="9">incident</token>
<token t_id="106" sentence="5" number="10">,</token>
<token t_id="107" sentence="5" number="11">which</token>
<token t_id="108" sentence="5" number="12">saw</token>
<token t_id="109" sentence="5" number="13">more</token>
<token t_id="110" sentence="5" number="14">than</token>
<token t_id="111" sentence="5" number="15">50</token>
<token t_id="112" sentence="5" number="16">firefighters</token>
<token t_id="113" sentence="5" number="17">tackle</token>
<token t_id="114" sentence="5" number="18">the</token>
<token t_id="115" sentence="5" number="19">blaze</token>
<token t_id="116" sentence="5" number="20">.</token>
<token t_id="117" sentence="6" number="0">Assistant</token>
<token t_id="118" sentence="6" number="1">chief</token>
<token t_id="119" sentence="6" number="2">fire</token>
<token t_id="120" sentence="6" number="3">officer</token>
<token t_id="121" sentence="6" number="4">Peter</token>
<token t_id="122" sentence="6" number="5">Guest</token>
<token t_id="123" sentence="6" number="6">admitted</token>
<token t_id="124" sentence="6" number="7">it</token>
<token t_id="125" sentence="6" number="8">was</token>
<token t_id="126" sentence="6" number="9">impossible</token>
<token t_id="127" sentence="6" number="10">to</token>
<token t_id="128" sentence="6" number="11">save</token>
<token t_id="129" sentence="6" number="12">the</token>
<token t_id="130" sentence="6" number="13">building</token>
<token t_id="131" sentence="6" number="14">due</token>
<token t_id="132" sentence="6" number="15">to</token>
<token t_id="133" sentence="6" number="16">the</token>
<token t_id="134" sentence="6" number="17">extent</token>
<token t_id="135" sentence="6" number="18">of</token>
<token t_id="136" sentence="6" number="19">the</token>
<token t_id="137" sentence="6" number="20">damage</token>
<token t_id="138" sentence="6" number="21">.</token>
<token t_id="139" sentence="7" number="0">``</token>
<token t_id="140" sentence="7" number="1">The</token>
<token t_id="141" sentence="7" number="2">fire</token>
<token t_id="142" sentence="7" number="3">grew</token>
<token t_id="143" sentence="7" number="4">very</token>
<token t_id="144" sentence="7" number="5">rapidly</token>
<token t_id="145" sentence="7" number="6">and</token>
<token t_id="146" sentence="7" number="7">there</token>
<token t_id="147" sentence="7" number="8">was</token>
<token t_id="148" sentence="7" number="9">a</token>
<token t_id="149" sentence="7" number="10">large</token>
<token t_id="150" sentence="7" number="11">explosion</token>
<token t_id="151" sentence="7" number="12">and</token>
<token t_id="152" sentence="7" number="13">the</token>
<token t_id="153" sentence="7" number="14">fire</token>
<token t_id="154" sentence="7" number="15">then</token>
<token t_id="155" sentence="7" number="16">grew</token>
<token t_id="156" sentence="7" number="17">in</token>
<token t_id="157" sentence="7" number="18">intensity</token>
<token t_id="158" sentence="7" number="19">and</token>
<token t_id="159" sentence="7" number="20">scale</token>
<token t_id="160" sentence="7" number="21">to</token>
<token t_id="161" sentence="7" number="22">such</token>
<token t_id="162" sentence="7" number="23">a</token>
<token t_id="163" sentence="7" number="24">point</token>
<token t_id="164" sentence="7" number="25">that</token>
<token t_id="165" sentence="7" number="26">the</token>
<token t_id="166" sentence="7" number="27">building</token>
<token t_id="167" sentence="7" number="28">would</token>
<token t_id="168" sentence="7" number="29">be</token>
<token t_id="169" sentence="7" number="30">impossible</token>
<token t_id="170" sentence="7" number="31">to</token>
<token t_id="171" sentence="7" number="32">save</token>
<token t_id="172" sentence="7" number="33">,</token>
<token t_id="173" sentence="7" number="34">''</token>
<token t_id="174" sentence="7" number="35">he</token>
<token t_id="175" sentence="7" number="36">said</token>
<token t_id="176" sentence="7" number="37">.</token>
<token t_id="177" sentence="8" number="0">``</token>
<token t_id="178" sentence="8" number="1">The</token>
<token t_id="179" sentence="8" number="2">crews</token>
<token t_id="180" sentence="8" number="3">have</token>
<token t_id="181" sentence="8" number="4">worked</token>
<token t_id="182" sentence="8" number="5">extremely</token>
<token t_id="183" sentence="8" number="6">hard</token>
<token t_id="184" sentence="8" number="7">...</token>
<token t_id="185" sentence="8" number="8">to</token>
<token t_id="186" sentence="8" number="9">protect</token>
<token t_id="187" sentence="8" number="10">the</token>
<token t_id="188" sentence="8" number="11">surrounding</token>
<token t_id="189" sentence="8" number="12">buildings</token>
<token t_id="190" sentence="8" number="13">to</token>
<token t_id="191" sentence="8" number="14">ensure</token>
<token t_id="192" sentence="8" number="15">that</token>
<token t_id="193" sentence="8" number="16">this</token>
<token t_id="194" sentence="8" number="17">fire</token>
<token t_id="195" sentence="8" number="18">did</token>
<token t_id="196" sentence="8" number="19">n't</token>
<token t_id="197" sentence="8" number="20">spread</token>
<token t_id="198" sentence="8" number="21">further</token>
<token t_id="199" sentence="8" number="22">,</token>
<token t_id="200" sentence="8" number="23">but</token>
<token t_id="201" sentence="8" number="24">I</token>
<token t_id="202" sentence="8" number="25">'m</token>
<token t_id="203" sentence="8" number="26">afraid</token>
<token t_id="204" sentence="8" number="27">the</token>
<token t_id="205" sentence="8" number="28">building</token>
<token t_id="206" sentence="8" number="29">here</token>
<token t_id="207" sentence="8" number="30">is</token>
<token t_id="208" sentence="8" number="31">a</token>
<token t_id="209" sentence="8" number="32">total</token>
<token t_id="210" sentence="8" number="33">loss</token>
<token t_id="211" sentence="8" number="34">.</token>
<token t_id="212" sentence="8" number="35">''</token>
<token t_id="213" sentence="9" number="0">Police</token>
<token t_id="214" sentence="9" number="1">are</token>
<token t_id="215" sentence="9" number="2">appealing</token>
<token t_id="216" sentence="9" number="3">for</token>
<token t_id="217" sentence="9" number="4">anyone</token>
<token t_id="218" sentence="9" number="5">with</token>
<token t_id="219" sentence="9" number="6">any</token>
<token t_id="220" sentence="9" number="7">information</token>
<token t_id="221" sentence="9" number="8">relating</token>
<token t_id="222" sentence="9" number="9">to</token>
<token t_id="223" sentence="9" number="10">the</token>
<token t_id="224" sentence="9" number="11">fire</token>
<token t_id="225" sentence="9" number="12">to</token>
<token t_id="226" sentence="9" number="13">contact</token>
<token t_id="227" sentence="9" number="14">them</token>
<token t_id="228" sentence="9" number="15">on</token>
<token t_id="229" sentence="9" number="16">0845</token>
<token t_id="230" sentence="9" number="17">125</token>
<token t_id="231" sentence="9" number="18">222</token>
<token t_id="232" sentence="9" number="19">or</token>
<token t_id="233" sentence="9" number="20">Crimestoppers</token>
<token t_id="234" sentence="9" number="21">on</token>
<token t_id="235" sentence="9" number="22">0800</token>
<token t_id="236" sentence="9" number="23">555111</token>
<token t_id="237" sentence="9" number="24">.</token>
<Markables>
<ACTION_OCCURRENCE m_id="9"  >
  <token_anchor t_id="8"/>
</ACTION_OCCURRENCE>
<ACTION_OCCURRENCE m_id="10"  >
  <token_anchor t_id="11"/>
</ACTION_OCCURRENCE>
<ACTION_OCCURRENCE m_id="11"  >
  <token_anchor t_id="12"/>
  <token_anchor t_id="13"/>
</ACTION_OCCURRENCE>
<TIME_OF_THE_DAY m_id="12"  >
  <token_anchor t_id="15"/>
  <token_anchor t_id="16"/>
</TIME_OF_THE_DAY>


<NON_HUMAN_PART m_id="13" note="byCROMER" >
  <token_anchor t_id="1"/>
  <token_anchor t_id="2"/>
</NON_HUMAN_PART>
<LOC_GEO m_id="14" note="byCROMER" >
  <token_anchor t_id="3"/>
  <token_anchor t_id="4"/>
</LOC_GEO>


<ACTION_OCCURRENCE m_id="19" RELATED_TO="" TAG_DESCRIPTOR="t14b_destroyed" instance_id="ACT17478384825832355" />
<NON_HUMAN_PART m_id="18" RELATED_TO="" TAG_DESCRIPTOR="t14b_building_surrey" instance_id="NON28360803579221163" />
<LOC_GEO m_id="17" RELATED_TO="" TAG_DESCRIPTOR="t14b_surrey" instance_id="LOC28362629361510832" />
<TIME_OF_THE_DAY m_id="16" RELATED_TO="" TAG_DESCRIPTOR="t14b_friday_night" instance_id="TIM17478521577467053" />
<ACTION_OCCURRENCE m_id="15" RELATED_TO="" TAG_DESCRIPTOR="t14b_fire" instance_id="ACT17478306085573007" />
</Markables>

<Relations>
<CROSS_DOC_COREF r_id="33707" note="ACT17478306085573007" >
  <source m_id="10" />
  <target m_id="15" />
</CROSS_DOC_COREF>
<CROSS_DOC_COREF r_id="33708" note="TIM17478521577467053" >
  <source m_id="12" />
  <target m_id="16" />
</CROSS_DOC_COREF>
<CROSS_DOC_COREF r_id="33709" note="LOC28362629361510832" >
  <source m_id="14" />
  <target m_id="17" />
</CROSS_DOC_COREF>
<CROSS_DOC_COREF r_id="33710" note="NON28360803579221163" >
  <source m_id="13" />
  <target m_id="18" />
</CROSS_DOC_COREF>
<CROSS_DOC_COREF r_id="33711" note="ACT17478384825832355" >
  <source m_id="9" />
  <target m_id="19" />
</CROSS_DOC_COREF>

</Relations>
</Document>
