<Document doc_name="11_1ecbplus.xml" doc_id="DOC15646145759792733">
<token t_id="1" sentence="0" number="0">http</token>
<token t_id="2" sentence="0" number="1">:</token>
<token t_id="3" sentence="0" number="2">/</token>
<token t_id="4" sentence="0" number="3">/</token>
<token t_id="5" sentence="0" number="4">en</token>
<token t_id="6" sentence="0" number="5">.</token>
<token t_id="7" sentence="0" number="6">trend</token>
<token t_id="8" sentence="0" number="7">.</token>
<token t_id="9" sentence="0" number="8">az</token>
<token t_id="10" sentence="0" number="9">/</token>
<token t_id="11" sentence="0" number="10">regions</token>
<token t_id="12" sentence="0" number="11">/</token>
<token t_id="13" sentence="0" number="12">casia</token>
<token t_id="14" sentence="0" number="13">/</token>
<token t_id="15" sentence="0" number="14">turkmenistan</token>
<token t_id="16" sentence="0" number="15">/</token>
<token t_id="17" sentence="0" number="16">2194453</token>
<token t_id="18" sentence="0" number="17">.</token>
<token t_id="19" sentence="0" number="18">html</token>
<token t_id="20" sentence="1" number="0">Parliamentary</token>
<token t_id="21" sentence="1" number="1">elections</token>
<token t_id="22" sentence="1" number="2">in</token>
<token t_id="23" sentence="1" number="3">Turkmenistan</token>
<token t_id="24" sentence="1" number="4">to</token>
<token t_id="25" sentence="1" number="5">be</token>
<token t_id="26" sentence="1" number="6">held</token>
<token t_id="27" sentence="1" number="7">on</token>
<token t_id="28" sentence="1" number="8">two</token>
<token t_id="29" sentence="1" number="9">-</token>
<token t_id="30" sentence="1" number="10">party</token>
<token t_id="31" sentence="1" number="11">basis</token>
<token t_id="32" sentence="2" number="0">26</token>
<token t_id="33" sentence="2" number="1">September</token>
<token t_id="34" sentence="2" number="2">2013</token>
<token t_id="35" sentence="2" number="3">,</token>
<token t_id="36" sentence="2" number="4">10</token>
<token t_id="37" sentence="2" number="5">:</token>
<token t_id="38" sentence="2" number="6">00</token>
<token t_id="39" sentence="2" number="7">(</token>
<token t_id="40" sentence="2" number="8">GMT+05</token>
<token t_id="41" sentence="2" number="9">:</token>
<token t_id="42" sentence="2" number="10">00</token>
<token t_id="43" sentence="2" number="11">)</token>
<token t_id="44" sentence="3" number="0">Parliamentary</token>
<token t_id="45" sentence="3" number="1">elections</token>
<token t_id="46" sentence="3" number="2">in</token>
<token t_id="47" sentence="3" number="3">Turkmenistan</token>
<token t_id="48" sentence="3" number="4">which</token>
<token t_id="49" sentence="3" number="5">are</token>
<token t_id="50" sentence="3" number="6">planned</token>
<token t_id="51" sentence="3" number="7">for</token>
<token t_id="52" sentence="3" number="8">December</token>
<token t_id="53" sentence="3" number="9">15</token>
<token t_id="54" sentence="3" number="10">,</token>
<token t_id="55" sentence="3" number="11">2013</token>
<token t_id="56" sentence="3" number="12">,</token>
<token t_id="57" sentence="3" number="13">will</token>
<token t_id="58" sentence="3" number="14">be</token>
<token t_id="59" sentence="3" number="15">held</token>
<token t_id="60" sentence="3" number="16">on</token>
<token t_id="61" sentence="3" number="17">a</token>
<token t_id="62" sentence="3" number="18">two</token>
<token t_id="63" sentence="3" number="19">-</token>
<token t_id="64" sentence="3" number="20">party</token>
<token t_id="65" sentence="3" number="21">basis</token>
<token t_id="66" sentence="3" number="22">,</token>
<token t_id="67" sentence="3" number="23">a</token>
<token t_id="68" sentence="3" number="24">message</token>
<token t_id="69" sentence="3" number="25">from</token>
<token t_id="70" sentence="3" number="26">the</token>
<token t_id="71" sentence="3" number="27">Central</token>
<token t_id="72" sentence="3" number="28">Commission</token>
<token t_id="73" sentence="3" number="29">for</token>
<token t_id="74" sentence="3" number="30">Elections</token>
<token t_id="75" sentence="3" number="31">and</token>
<token t_id="76" sentence="3" number="32">Referenda</token>
<token t_id="77" sentence="3" number="33">of</token>
<token t_id="78" sentence="3" number="34">Turkmenistan</token>
<token t_id="79" sentence="3" number="35">said</token>
<token t_id="80" sentence="3" number="36">.</token>
<token t_id="81" sentence="4" number="0">'Representatives</token>
<token t_id="82" sentence="4" number="1">of</token>
<token t_id="83" sentence="4" number="2">the</token>
<token t_id="84" sentence="4" number="3">two</token>
<token t_id="85" sentence="4" number="4">political</token>
<token t_id="86" sentence="4" number="5">parties</token>
<token t_id="87" sentence="4" number="6">will</token>
<token t_id="88" sentence="4" number="7">compete</token>
<token t_id="89" sentence="4" number="8">for</token>
<token t_id="90" sentence="4" number="9">victory</token>
<token t_id="91" sentence="4" number="10">in</token>
<token t_id="92" sentence="4" number="11">the</token>
<token t_id="93" sentence="4" number="12">parliamentary</token>
<token t_id="94" sentence="4" number="13">elections</token>
<token t_id="95" sentence="4" number="14">.</token>
<token t_id="96" sentence="5" number="0">This</token>
<token t_id="97" sentence="5" number="1">will</token>
<token t_id="98" sentence="5" number="2">give</token>
<token t_id="99" sentence="5" number="3">a</token>
<token t_id="100" sentence="5" number="4">powerful</token>
<token t_id="101" sentence="5" number="5">impetus</token>
<token t_id="102" sentence="5" number="6">to</token>
<token t_id="103" sentence="5" number="7">the</token>
<token t_id="104" sentence="5" number="8">pre</token>
<token t_id="105" sentence="5" number="9">-</token>
<token t_id="106" sentence="5" number="10">election</token>
<token t_id="107" sentence="5" number="11">campaign</token>
<token t_id="108" sentence="5" number="12">and</token>
<token t_id="109" sentence="5" number="13">allow</token>
<token t_id="110" sentence="5" number="14">the</token>
<token t_id="111" sentence="5" number="15">electorate</token>
<token t_id="112" sentence="5" number="16">to</token>
<token t_id="113" sentence="5" number="17">nominate</token>
<token t_id="114" sentence="5" number="18">the</token>
<token t_id="115" sentence="5" number="19">most</token>
<token t_id="116" sentence="5" number="20">worthy</token>
<token t_id="117" sentence="5" number="21">representatives</token>
<token t_id="118" sentence="5" number="22">for</token>
<token t_id="119" sentence="5" number="23">the</token>
<token t_id="120" sentence="5" number="24">country's</token>
<token t_id="121" sentence="5" number="25">legislative</token>
<token t_id="122" sentence="5" number="26">body'</token>
<token t_id="123" sentence="5" number="27">,</token>
<token t_id="124" sentence="5" number="28">the</token>
<token t_id="125" sentence="5" number="29">message</token>
<token t_id="126" sentence="5" number="30">said</token>
<token t_id="127" sentence="5" number="31">.</token>
<token t_id="128" sentence="6" number="0">The</token>
<token t_id="129" sentence="6" number="1">start</token>
<token t_id="130" sentence="6" number="2">of</token>
<token t_id="131" sentence="6" number="3">the</token>
<token t_id="132" sentence="6" number="4">campaign</token>
<token t_id="133" sentence="6" number="5">for</token>
<token t_id="134" sentence="6" number="6">this</token>
<token t_id="135" sentence="6" number="7">election</token>
<token t_id="136" sentence="6" number="8">will</token>
<token t_id="137" sentence="6" number="9">be</token>
<token t_id="138" sentence="6" number="10">announced</token>
<token t_id="139" sentence="6" number="11">on</token>
<token t_id="140" sentence="6" number="12">October</token>
<token t_id="141" sentence="6" number="13">5</token>
<token t_id="142" sentence="6" number="14">,</token>
<token t_id="143" sentence="6" number="15">2013</token>
<token t_id="144" sentence="6" number="16">,</token>
<token t_id="145" sentence="6" number="17">in</token>
<token t_id="146" sentence="6" number="18">Turkmenistan</token>
<token t_id="147" sentence="6" number="19">.</token>
<token t_id="148" sentence="7" number="0">Nomination</token>
<token t_id="149" sentence="7" number="1">of</token>
<token t_id="150" sentence="7" number="2">candidates</token>
<token t_id="151" sentence="7" number="3">for</token>
<token t_id="152" sentence="7" number="4">the</token>
<token t_id="153" sentence="7" number="5">national</token>
<token t_id="154" sentence="7" number="6">parliament</token>
<token t_id="155" sentence="7" number="7">will</token>
<token t_id="156" sentence="7" number="8">take</token>
<token t_id="157" sentence="7" number="9">place</token>
<token t_id="158" sentence="7" number="10">from</token>
<token t_id="159" sentence="7" number="11">October</token>
<token t_id="160" sentence="7" number="12">16</token>
<token t_id="161" sentence="7" number="13">to</token>
<token t_id="162" sentence="7" number="14">November</token>
<token t_id="163" sentence="7" number="15">14</token>
<token t_id="164" sentence="7" number="16">.</token>
<token t_id="165" sentence="8" number="0">Registration</token>
<token t_id="166" sentence="8" number="1">will</token>
<token t_id="167" sentence="8" number="2">run</token>
<token t_id="168" sentence="8" number="3">from</token>
<token t_id="169" sentence="8" number="4">October</token>
<token t_id="170" sentence="8" number="5">26</token>
<token t_id="171" sentence="8" number="6">to</token>
<token t_id="172" sentence="8" number="7">November</token>
<token t_id="173" sentence="8" number="8">20</token>
<token t_id="174" sentence="8" number="9">.</token>
<token t_id="175" sentence="9" number="0">At</token>
<token t_id="176" sentence="9" number="1">a</token>
<token t_id="177" sentence="9" number="2">meeting</token>
<token t_id="178" sentence="9" number="3">of</token>
<token t_id="179" sentence="9" number="4">the</token>
<token t_id="180" sentence="9" number="5">Central</token>
<token t_id="181" sentence="9" number="6">Election</token>
<token t_id="182" sentence="9" number="7">Commission</token>
<token t_id="183" sentence="9" number="8">it</token>
<token t_id="184" sentence="9" number="9">was</token>
<token t_id="185" sentence="9" number="10">decided</token>
<token t_id="186" sentence="9" number="11">to</token>
<token t_id="187" sentence="9" number="12">hold</token>
<token t_id="188" sentence="9" number="13">training</token>
<token t_id="189" sentence="9" number="14">seminars</token>
<token t_id="190" sentence="9" number="15">for</token>
<token t_id="191" sentence="9" number="16">representatives</token>
<token t_id="192" sentence="9" number="17">of</token>
<token t_id="193" sentence="9" number="18">political</token>
<token t_id="194" sentence="9" number="19">parties</token>
<token t_id="195" sentence="9" number="20">,</token>
<token t_id="196" sentence="9" number="21">public</token>
<token t_id="197" sentence="9" number="22">organisations</token>
<token t_id="198" sentence="9" number="23">and</token>
<token t_id="199" sentence="9" number="24">associations</token>
<token t_id="200" sentence="9" number="25">,</token>
<token t_id="201" sentence="9" number="26">electoral</token>
<token t_id="202" sentence="9" number="27">commissions</token>
<token t_id="203" sentence="9" number="28">and</token>
<token t_id="204" sentence="9" number="29">national</token>
<token t_id="205" sentence="9" number="30">observers</token>
<token t_id="206" sentence="9" number="31">.</token>
<token t_id="207" sentence="10" number="0">It</token>
<token t_id="208" sentence="10" number="1">is</token>
<token t_id="209" sentence="10" number="2">expected</token>
<token t_id="210" sentence="10" number="3">the</token>
<token t_id="211" sentence="10" number="4">elections</token>
<token t_id="212" sentence="10" number="5">will</token>
<token t_id="213" sentence="10" number="6">be</token>
<token t_id="214" sentence="10" number="7">monitored</token>
<token t_id="215" sentence="10" number="8">by</token>
<token t_id="216" sentence="10" number="9">national</token>
<token t_id="217" sentence="10" number="10">observers</token>
<token t_id="218" sentence="10" number="11">and</token>
<token t_id="219" sentence="10" number="12">invited</token>
<token t_id="220" sentence="10" number="13">international</token>
<token t_id="221" sentence="10" number="14">experts</token>
<token t_id="222" sentence="10" number="15">and</token>
<token t_id="223" sentence="10" number="16">witnesses</token>
<token t_id="224" sentence="10" number="17">from</token>
<token t_id="225" sentence="10" number="18">many</token>
<token t_id="226" sentence="10" number="19">foreign</token>
<token t_id="227" sentence="10" number="20">countries</token>
<token t_id="228" sentence="10" number="21">and</token>
<token t_id="229" sentence="10" number="22">major</token>
<token t_id="230" sentence="10" number="23">international</token>
<token t_id="231" sentence="10" number="24">organisations</token>
<token t_id="232" sentence="10" number="25">and</token>
<token t_id="233" sentence="10" number="26">in</token>
<token t_id="234" sentence="10" number="27">the</token>
<token t_id="235" sentence="10" number="28">first</token>
<token t_id="236" sentence="10" number="29">instance</token>
<token t_id="237" sentence="10" number="30">,</token>
<token t_id="238" sentence="10" number="31">the</token>
<token t_id="239" sentence="10" number="32">European</token>
<token t_id="240" sentence="10" number="33">Union</token>
<token t_id="241" sentence="10" number="34">,</token>
<token t_id="242" sentence="10" number="35">the</token>
<token t_id="243" sentence="10" number="36">CIS</token>
<token t_id="244" sentence="10" number="37">and</token>
<token t_id="245" sentence="10" number="38">the</token>
<token t_id="246" sentence="10" number="39">OSCE</token>
<token t_id="247" sentence="10" number="40">.</token>
<token t_id="248" sentence="11" number="0">The</token>
<token t_id="249" sentence="11" number="1">MPs</token>
<token t_id="250" sentence="11" number="2">term</token>
<token t_id="251" sentence="11" number="3">of</token>
<token t_id="252" sentence="11" number="4">office</token>
<token t_id="253" sentence="11" number="5">is</token>
<token t_id="254" sentence="11" number="6">five</token>
<token t_id="255" sentence="11" number="7">years</token>
<token t_id="256" sentence="11" number="8">.</token>
<token t_id="257" sentence="12" number="0">The</token>
<token t_id="258" sentence="12" number="1">main</token>
<token t_id="259" sentence="12" number="2">current</token>
<token t_id="260" sentence="12" number="3">staff</token>
<token t_id="261" sentence="12" number="4">was</token>
<token t_id="262" sentence="12" number="5">elected</token>
<token t_id="263" sentence="12" number="6">in</token>
<token t_id="264" sentence="12" number="7">December</token>
<token t_id="265" sentence="12" number="8">2008</token>
<token t_id="266" sentence="12" number="9">.</token>
<token t_id="267" sentence="13" number="0">Last</token>
<token t_id="268" sentence="13" number="1">year</token>
<token t_id="269" sentence="13" number="2">a</token>
<token t_id="270" sentence="13" number="3">law</token>
<token t_id="271" sentence="13" number="4">'On</token>
<token t_id="272" sentence="13" number="5">political</token>
<token t_id="273" sentence="13" number="6">parties'</token>
<token t_id="274" sentence="13" number="7">was</token>
<token t_id="275" sentence="13" number="8">adopted</token>
<token t_id="276" sentence="13" number="9">in</token>
<token t_id="277" sentence="13" number="10">Turkmenistan</token>
<token t_id="278" sentence="13" number="11">.</token>
<token t_id="279" sentence="14" number="0">On</token>
<token t_id="280" sentence="14" number="1">this</token>
<token t_id="281" sentence="14" number="2">basis</token>
<token t_id="282" sentence="14" number="3">,</token>
<token t_id="283" sentence="14" number="4">a</token>
<token t_id="284" sentence="14" number="5">party</token>
<token t_id="285" sentence="14" number="6">of</token>
<token t_id="286" sentence="14" number="7">Turkmenistan</token>
<token t_id="287" sentence="14" number="8">industrialists</token>
<token t_id="288" sentence="14" number="9">and</token>
<token t_id="289" sentence="14" number="10">entrepreneurs</token>
<token t_id="290" sentence="14" number="11">was</token>
<token t_id="291" sentence="14" number="12">established</token>
<token t_id="292" sentence="14" number="13">in</token>
<token t_id="293" sentence="14" number="14">August</token>
<token t_id="294" sentence="14" number="15">2012</token>
<token t_id="295" sentence="14" number="16">in</token>
<token t_id="296" sentence="14" number="17">Ashgabat</token>
<token t_id="297" sentence="14" number="18">with</token>
<token t_id="298" sentence="14" number="19">the</token>
<token t_id="299" sentence="14" number="20">participation</token>
<token t_id="300" sentence="14" number="21">of</token>
<token t_id="301" sentence="14" number="22">300</token>
<token t_id="302" sentence="14" number="23">delegates</token>
<token t_id="303" sentence="14" number="24">representing</token>
<token t_id="304" sentence="14" number="25">enterprise</token>
<token t_id="305" sentence="14" number="26">structures</token>
<token t_id="306" sentence="14" number="27">from</token>
<token t_id="307" sentence="14" number="28">all</token>
<token t_id="308" sentence="14" number="29">regions</token>
<token t_id="309" sentence="14" number="30">of</token>
<token t_id="310" sentence="14" number="31">the</token>
<token t_id="311" sentence="14" number="32">country</token>
<token t_id="312" sentence="14" number="33">.</token>
<token t_id="313" sentence="15" number="0">Up</token>
<token t_id="314" sentence="15" number="1">till</token>
<token t_id="315" sentence="15" number="2">then</token>
<token t_id="316" sentence="15" number="3">,</token>
<token t_id="317" sentence="15" number="4">the</token>
<token t_id="318" sentence="15" number="5">only</token>
<token t_id="319" sentence="15" number="6">political</token>
<token t_id="320" sentence="15" number="7">organisation</token>
<token t_id="321" sentence="15" number="8">,</token>
<token t_id="322" sentence="15" number="9">namely</token>
<token t_id="323" sentence="15" number="10">the</token>
<token t_id="324" sentence="15" number="11">Democratic</token>
<token t_id="325" sentence="15" number="12">Party</token>
<token t_id="326" sentence="15" number="13">,</token>
<token t_id="327" sentence="15" number="14">headed</token>
<token t_id="328" sentence="15" number="15">by</token>
<token t_id="329" sentence="15" number="16">President</token>
<token t_id="330" sentence="15" number="17">Gurbanguly</token>
<token t_id="331" sentence="15" number="18">Berdimuhamedov</token>
<token t_id="332" sentence="15" number="19">was</token>
<token t_id="333" sentence="15" number="20">registered</token>
<token t_id="334" sentence="15" number="21">in</token>
<token t_id="335" sentence="15" number="22">the</token>
<token t_id="336" sentence="15" number="23">country</token>
<token t_id="337" sentence="15" number="24">.</token>
<token t_id="338" sentence="16" number="0">In</token>
<token t_id="339" sentence="16" number="1">August</token>
<token t_id="340" sentence="16" number="2">2013</token>
<token t_id="341" sentence="16" number="3">the</token>
<token t_id="342" sentence="16" number="4">Turkmen</token>
<token t_id="343" sentence="16" number="5">leader</token>
<token t_id="344" sentence="16" number="6">adopted</token>
<token t_id="345" sentence="16" number="7">a</token>
<token t_id="346" sentence="16" number="8">decision</token>
<token t_id="347" sentence="16" number="9">to</token>
<token t_id="348" sentence="16" number="10">remove</token>
<token t_id="349" sentence="16" number="11">the</token>
<token t_id="350" sentence="16" number="12">duties</token>
<token t_id="351" sentence="16" number="13">of</token>
<token t_id="352" sentence="16" number="14">the</token>
<token t_id="353" sentence="16" number="15">chairman</token>
<token t_id="354" sentence="16" number="16">of</token>
<token t_id="355" sentence="16" number="17">this</token>
<token t_id="356" sentence="16" number="18">political</token>
<token t_id="357" sentence="16" number="19">structure</token>
<token t_id="358" sentence="16" number="20">from</token>
<token t_id="359" sentence="16" number="21">himself</token>
<token t_id="360" sentence="16" number="22">.</token>
<Markables>
<ACTION_OCCURRENCE m_id="9"  >
  <token_anchor t_id="59"/>
</ACTION_OCCURRENCE>
<ACTION_OCCURRENCE m_id="20"  >
  <token_anchor t_id="88"/>
</ACTION_OCCURRENCE>
<ACTION_OCCURRENCE m_id="21"  >
  <token_anchor t_id="90"/>
</ACTION_OCCURRENCE>
<ACTION_OCCURRENCE m_id="22"  >
  <token_anchor t_id="94"/>
</ACTION_OCCURRENCE>
<ACTION_OCCURRENCE m_id="1"  >
  <token_anchor t_id="21"/>
</ACTION_OCCURRENCE>
<ACTION_OCCURRENCE m_id="2"  >
  <token_anchor t_id="26"/>
</ACTION_OCCURRENCE>
<ACTION_OCCURRENCE m_id="7"  >
  <token_anchor t_id="45"/>
</ACTION_OCCURRENCE>
<ACTION_OCCURRENCE m_id="8"  >
  <token_anchor t_id="50"/>
</ACTION_OCCURRENCE>
<ACTION_REPORTING m_id="17"  >
  <token_anchor t_id="79"/>
</ACTION_REPORTING>
<HUMAN_PART_ORG m_id="13"  >
  <token_anchor t_id="64"/>
</HUMAN_PART_ORG>
<HUMAN_PART_ORG m_id="16"  >
  <token_anchor t_id="71"/>
  <token_anchor t_id="72"/>
  <token_anchor t_id="73"/>
  <token_anchor t_id="74"/>
  <token_anchor t_id="75"/>
  <token_anchor t_id="76"/>
</HUMAN_PART_ORG>
<HUMAN_PART_ORG m_id="19"  >
  <token_anchor t_id="86"/>
</HUMAN_PART_ORG>
<HUMAN_PART_ORG m_id="5"  >
  <token_anchor t_id="30"/>
</HUMAN_PART_ORG>
<HUMAN_PART_PER m_id="18"  >
  <token_anchor t_id="81"/>
</HUMAN_PART_PER>
<LOC_GEO m_id="10"  >
  <token_anchor t_id="47"/>
</LOC_GEO>
<LOC_GEO m_id="4"  >
  <token_anchor t_id="23"/>
</LOC_GEO>
<TIME_DATE m_id="12"  >
  <token_anchor t_id="52"/>
  <token_anchor t_id="53"/>
  <token_anchor t_id="54"/>
  <token_anchor t_id="55"/>
</TIME_DATE>
<TIME_OF_THE_DAY m_id="3"  >
  <token_anchor t_id="32"/>
  <token_anchor t_id="33"/>
  <token_anchor t_id="34"/>
  <token_anchor t_id="35"/>
  <token_anchor t_id="36"/>
  <token_anchor t_id="37"/>
  <token_anchor t_id="38"/>
  <token_anchor t_id="39"/>
  <token_anchor t_id="40"/>
  <token_anchor t_id="41"/>
  <token_anchor t_id="42"/>
</TIME_OF_THE_DAY>


<HUMAN_PART_GPE m_id="26" note="byCROMER" >
  <token_anchor t_id="78"/>
</HUMAN_PART_GPE>
<ACTION_REPORTING m_id="27" note="byCROMER" >
  <token_anchor t_id="68"/>
</ACTION_REPORTING>
<HUMAN_PART_ORG m_id="28" note="byCROMER" >
  <token_anchor t_id="44"/>
</HUMAN_PART_ORG>
<HUMAN_PART_ORG m_id="29" note="byCROMER" >
  <token_anchor t_id="20"/>
</HUMAN_PART_ORG>
<ACTION_STATE m_id="30" note="byCROMER" >
  <token_anchor t_id="31"/>
</ACTION_STATE>
<ACTION_STATE m_id="31" note="byCROMER" >
  <token_anchor t_id="65"/>
</ACTION_STATE>


<HUMAN_PART_ORG m_id="33" RELATED_TO="" TAG_DESCRIPTOR="t11_parties" instance_id="HUM17395891602867029" />
<ACTION_STATE m_id="32" RELATED_TO="" TAG_DESCRIPTOR="t11_2party_based" instance_id="ACT28315053663987568" />
<ACTION_OCCURRENCE m_id="42" RELATED_TO="" TAG_DESCRIPTOR="t11_election" instance_id="ACT17395452991115142" />
<HUMAN_PART_GPE m_id="41" RELATED_TO="" TAG_DESCRIPTOR="t11_turkmenistan_people" instance_id="HUM28314574028416742" />
<HUMAN_PART_ORG m_id="39" RELATED_TO="" TAG_DESCRIPTOR="t11b_parliament" instance_id="HUM17398068448153302" />
<ACTION_REPORTING m_id="40" RELATED_TO="" TAG_DESCRIPTOR="t11_announcement" instance_id="ACT28314032954054675" />
<LOC_GEO m_id="38" RELATED_TO="" TAG_DESCRIPTOR="t11_turkmenistan" instance_id="LOC17395351611820997" />
<HUMAN_PART_ORG m_id="37" RELATED_TO="" TAG_DESCRIPTOR="t11_central_election_commission" instance_id="HUM17395535970766161" />
<ACTION_OCCURRENCE m_id="36" RELATED_TO="" TAG_DESCRIPTOR="t11_planned_elections" instance_id="ACT17395815742597332" />
<TIME_DATE m_id="35" RELATED_TO="" TAG_DESCRIPTOR="t11_december_15" instance_id="TIM17396061649832578" />
<ACTION_OCCURRENCE m_id="34" RELATED_TO="" TAG_DESCRIPTOR="t11_hold_elections" instance_id="ACT17395762591826509" />
</Markables>

<Relations>
<CROSS_DOC_COREF r_id="24856" note="ACT28315053663987568" >
  <source m_id="30" />
  <source m_id="31" />
  <target m_id="32" />
</CROSS_DOC_COREF>
<CROSS_DOC_COREF r_id="24857" note="HUM17395891602867029" >
  <source m_id="5" />
  <source m_id="13" />
  <source m_id="19" />
  <target m_id="33" />
</CROSS_DOC_COREF>
<CROSS_DOC_COREF r_id="24858" note="ACT17395762591826509" >
  <source m_id="9" />
  <source m_id="2" />
  <target m_id="34" />
</CROSS_DOC_COREF>
<CROSS_DOC_COREF r_id="24859" note="TIM17396061649832578" >
  <source m_id="12" />
  <target m_id="35" />
</CROSS_DOC_COREF>
<CROSS_DOC_COREF r_id="24860" note="ACT17395815742597332" >
  <source m_id="8" />
  <target m_id="36" />
</CROSS_DOC_COREF>
<CROSS_DOC_COREF r_id="24861" note="HUM17395535970766161" >
  <source m_id="16" />
  <target m_id="37" />
</CROSS_DOC_COREF>
<CROSS_DOC_COREF r_id="24862" note="LOC17395351611820997" >
  <source m_id="10" />
  <source m_id="4" />
  <target m_id="38" />
</CROSS_DOC_COREF>
<CROSS_DOC_COREF r_id="24863" note="HUM17398068448153302" >
  <source m_id="28" />
  <source m_id="29" />
  <target m_id="39" />
</CROSS_DOC_COREF>
<CROSS_DOC_COREF r_id="24864" note="ACT28314032954054675" >
  <source m_id="27" />
  <target m_id="40" />
</CROSS_DOC_COREF>
<CROSS_DOC_COREF r_id="24865" note="HUM28314574028416742" >
  <source m_id="26" />
  <target m_id="41" />
</CROSS_DOC_COREF>
<CROSS_DOC_COREF r_id="24866" note="ACT17395452991115142" >
  <source m_id="7" />
  <source m_id="22" />
  <source m_id="1" />
  <target m_id="42" />
</CROSS_DOC_COREF>

</Relations>
</Document>
