<Document doc_name="11_11ecb.xml" doc_id="DOC15654053233745404">
<token t_id="1" sentence="0" number="0">Voters</token>
<token t_id="2" sentence="0" number="1">in</token>
<token t_id="3" sentence="0" number="2">Turkmenistan</token>
<token t_id="4" sentence="0" number="3">began</token>
<token t_id="5" sentence="0" number="4">to</token>
<token t_id="6" sentence="0" number="5">cast</token>
<token t_id="7" sentence="0" number="6">their</token>
<token t_id="8" sentence="0" number="7">ballots</token>
<token t_id="9" sentence="0" number="8">at</token>
<token t_id="10" sentence="0" number="9">8</token>
<token t_id="11" sentence="0" number="10">:</token>
<token t_id="12" sentence="0" number="11">00</token>
<token t_id="13" sentence="0" number="12">am</token>
<token t_id="14" sentence="0" number="13">local</token>
<token t_id="15" sentence="0" number="14">time</token>
<token t_id="16" sentence="0" number="15">(</token>
<token t_id="17" sentence="0" number="16">0300</token>
<token t_id="18" sentence="0" number="17">GMT</token>
<token t_id="19" sentence="0" number="18">)</token>
<token t_id="20" sentence="0" number="19">on</token>
<token t_id="21" sentence="0" number="20">Sunday</token>
<token t_id="22" sentence="0" number="21">in</token>
<token t_id="23" sentence="0" number="22">the</token>
<token t_id="24" sentence="0" number="23">country</token>
<token t_id="25" sentence="0" number="24">'s</token>
<token t_id="26" sentence="0" number="25">fourth</token>
<token t_id="27" sentence="0" number="26">parliamentary</token>
<token t_id="28" sentence="0" number="27">election</token>
<token t_id="29" sentence="0" number="28">,</token>
<token t_id="30" sentence="0" number="29">said</token>
<token t_id="31" sentence="0" number="30">reports</token>
<token t_id="32" sentence="0" number="31">from</token>
<token t_id="33" sentence="0" number="32">Ashgabat</token>
<token t_id="34" sentence="0" number="33">,</token>
<token t_id="35" sentence="0" number="34">Turkmenistan</token>
<token t_id="36" sentence="0" number="35">'s</token>
<token t_id="37" sentence="0" number="36">capital</token>
<token t_id="38" sentence="0" number="37">.</token>
<token t_id="39" sentence="1" number="0">Over</token>
<token t_id="40" sentence="1" number="1">2.5</token>
<token t_id="41" sentence="1" number="2">million</token>
<token t_id="42" sentence="1" number="3">Turkmens</token>
<token t_id="43" sentence="1" number="4">are</token>
<token t_id="44" sentence="1" number="5">eligible</token>
<token t_id="45" sentence="1" number="6">to</token>
<token t_id="46" sentence="1" number="7">vote</token>
<token t_id="47" sentence="1" number="8">at</token>
<token t_id="48" sentence="1" number="9">more</token>
<token t_id="49" sentence="1" number="10">than</token>
<token t_id="50" sentence="1" number="11">2,000</token>
<token t_id="51" sentence="1" number="12">booths</token>
<token t_id="52" sentence="1" number="13">in</token>
<token t_id="53" sentence="1" number="14">the</token>
<token t_id="54" sentence="1" number="15">country</token>
<token t_id="55" sentence="1" number="16">,</token>
<token t_id="56" sentence="1" number="17">while</token>
<token t_id="57" sentence="1" number="18">there</token>
<token t_id="58" sentence="1" number="19">are</token>
<token t_id="59" sentence="1" number="20">27</token>
<token t_id="60" sentence="1" number="21">overseas</token>
<token t_id="61" sentence="1" number="22">booths</token>
<token t_id="62" sentence="1" number="23">.</token>
<token t_id="63" sentence="2" number="0">Voting</token>
<token t_id="64" sentence="2" number="1">will</token>
<token t_id="65" sentence="2" number="2">close</token>
<token t_id="66" sentence="2" number="3">at</token>
<token t_id="67" sentence="2" number="4">6</token>
<token t_id="68" sentence="2" number="5">:</token>
<token t_id="69" sentence="2" number="6">00</token>
<token t_id="70" sentence="2" number="7">p.m.</token>
<token t_id="71" sentence="2" number="8">local</token>
<token t_id="72" sentence="2" number="9">time</token>
<token t_id="73" sentence="2" number="10">(</token>
<token t_id="74" sentence="2" number="11">1300</token>
<token t_id="75" sentence="2" number="12">GMT</token>
<token t_id="76" sentence="2" number="13">)</token>
<token t_id="77" sentence="2" number="14">Sunday</token>
<token t_id="78" sentence="2" number="15">.</token>
<token t_id="79" sentence="3" number="0">In</token>
<token t_id="80" sentence="3" number="1">accordance</token>
<token t_id="81" sentence="3" number="2">with</token>
<token t_id="82" sentence="3" number="3">the</token>
<token t_id="83" sentence="3" number="4">country</token>
<token t_id="84" sentence="3" number="5">'s</token>
<token t_id="85" sentence="3" number="6">election</token>
<token t_id="86" sentence="3" number="7">law</token>
<token t_id="87" sentence="3" number="8">,</token>
<token t_id="88" sentence="3" number="9">there</token>
<token t_id="89" sentence="3" number="10">are</token>
<token t_id="90" sentence="3" number="11">a</token>
<token t_id="91" sentence="3" number="12">total</token>
<token t_id="92" sentence="3" number="13">of</token>
<token t_id="93" sentence="3" number="14">125</token>
<token t_id="94" sentence="3" number="15">contituencies</token>
<token t_id="95" sentence="3" number="16">in</token>
<token t_id="96" sentence="3" number="17">the</token>
<token t_id="97" sentence="3" number="18">current</token>
<token t_id="98" sentence="3" number="19">election</token>
<token t_id="99" sentence="3" number="20">and</token>
<token t_id="100" sentence="3" number="21">single</token>
<token t_id="101" sentence="3" number="22">winners</token>
<token t_id="102" sentence="3" number="23">will</token>
<token t_id="103" sentence="3" number="24">be</token>
<token t_id="104" sentence="3" number="25">elected</token>
<token t_id="105" sentence="3" number="26">in</token>
<token t_id="106" sentence="3" number="27">each</token>
<token t_id="107" sentence="3" number="28">of</token>
<token t_id="108" sentence="3" number="29">them</token>
<token t_id="109" sentence="3" number="30">for</token>
<token t_id="110" sentence="3" number="31">a</token>
<token t_id="111" sentence="3" number="32">term</token>
<token t_id="112" sentence="3" number="33">of</token>
<token t_id="113" sentence="3" number="34">five</token>
<token t_id="114" sentence="3" number="35">years</token>
<token t_id="115" sentence="3" number="36">.</token>
<token t_id="116" sentence="4" number="0">A</token>
<token t_id="117" sentence="4" number="1">total</token>
<token t_id="118" sentence="4" number="2">of</token>
<token t_id="119" sentence="4" number="3">288</token>
<token t_id="120" sentence="4" number="4">candidates</token>
<token t_id="121" sentence="4" number="5">are</token>
<token t_id="122" sentence="4" number="6">vying</token>
<token t_id="123" sentence="4" number="7">for</token>
<token t_id="124" sentence="4" number="8">the</token>
<token t_id="125" sentence="4" number="9">125</token>
<token t_id="126" sentence="4" number="10">seats</token>
<token t_id="127" sentence="4" number="11">in</token>
<token t_id="128" sentence="4" number="12">the</token>
<token t_id="129" sentence="4" number="13">legislature</token>
<token t_id="130" sentence="4" number="14">.</token>
<Markables>
<ACTION_OCCURRENCE m_id="22"  >
  <token_anchor t_id="28"/>
</ACTION_OCCURRENCE>
<ACTION_OCCURRENCE m_id="16"  >
  <token_anchor t_id="6"/>
</ACTION_OCCURRENCE>
<ACTION_REPORTING m_id="18"  >
  <token_anchor t_id="30"/>
</ACTION_REPORTING>
<HUMAN_PART_PER m_id="14"  >
  <token_anchor t_id="1"/>
</HUMAN_PART_PER>
<LOC_GEO m_id="15"  >
  <token_anchor t_id="3"/>
</LOC_GEO>
<LOC_GEO m_id="20"  >
  <token_anchor t_id="33"/>
</LOC_GEO>
<NON_HUMAN_PART m_id="17"  >
  <token_anchor t_id="8"/>
</NON_HUMAN_PART>
<NON_HUMAN_PART m_id="19"  >
  <token_anchor t_id="31"/>
</NON_HUMAN_PART>
<TIME_OF_THE_DAY m_id="21"  >
  <token_anchor t_id="10"/>
  <token_anchor t_id="11"/>
  <token_anchor t_id="12"/>
  <token_anchor t_id="13"/>
  <token_anchor t_id="14"/>
  <token_anchor t_id="15"/>
  <token_anchor t_id="16"/>
  <token_anchor t_id="17"/>
  <token_anchor t_id="18"/>
  <token_anchor t_id="19"/>
  <token_anchor t_id="20"/>
  <token_anchor t_id="21"/>
</TIME_OF_THE_DAY>




<HUMAN_PART_PER m_id="31" RELATED_TO="" TAG_DESCRIPTOR="t11b_voters" instance_id="HUM17396999615005239" />
<ACTION_REPORTING m_id="30" RELATED_TO="" TAG_DESCRIPTOR="t11b_said_reports" instance_id="ACT17397804403966724" />
<LOC_GEO m_id="29" RELATED_TO="" TAG_DESCRIPTOR="t11_ashgabat" instance_id="LOC17395437080427606" />
<TIME_OF_THE_DAY m_id="28" RELATED_TO="" TAG_DESCRIPTOR="t11b_beginning_election" instance_id="TIM27314008137723138" />
<LOC_GEO m_id="27" RELATED_TO="" TAG_DESCRIPTOR="t11_turkmenistan" instance_id="LOC17395351611820997" />
<ACTION_OCCURRENCE m_id="26" RELATED_TO="" TAG_DESCRIPTOR="t11b_election" instance_id="ACT17397425257310884" />
<NON_HUMAN_PART m_id="25" RELATED_TO="" TAG_DESCRIPTOR="t11b_ballots" instance_id="NON17397464641461196" />
<ACTION_OCCURRENCE m_id="24" RELATED_TO="" TAG_DESCRIPTOR="t11b_voted" instance_id="ACT17397941774474471" />
<NON_HUMAN_PART m_id="23" RELATED_TO="" TAG_DESCRIPTOR="t11b_reports" instance_id="NON17397813210017577" />
</Markables>

<Relations>
<CROSS_DOC_COREF r_id="34161" note="NON17397813210017577" >
  <source m_id="19" />
  <target m_id="23" />
</CROSS_DOC_COREF>
<CROSS_DOC_COREF r_id="34162" note="ACT17397941774474471" >
  <source m_id="16" />
  <target m_id="24" />
</CROSS_DOC_COREF>
<CROSS_DOC_COREF r_id="34163" note="NON17397464641461196" >
  <source m_id="17" />
  <target m_id="25" />
</CROSS_DOC_COREF>
<CROSS_DOC_COREF r_id="34164" note="ACT17397425257310884" >
  <source m_id="22" />
  <target m_id="26" />
</CROSS_DOC_COREF>
<CROSS_DOC_COREF r_id="34165" note="LOC17395351611820997" >
  <source m_id="15" />
  <target m_id="27" />
</CROSS_DOC_COREF>
<CROSS_DOC_COREF r_id="34166" note="TIM27314008137723138" >
  <source m_id="21" />
  <target m_id="28" />
</CROSS_DOC_COREF>
<CROSS_DOC_COREF r_id="34167" note="LOC17395437080427606" >
  <source m_id="20" />
  <target m_id="29" />
</CROSS_DOC_COREF>
<CROSS_DOC_COREF r_id="34168" note="ACT17397804403966724" >
  <source m_id="18" />
  <target m_id="30" />
</CROSS_DOC_COREF>
<CROSS_DOC_COREF r_id="34169" note="HUM17396999615005239" >
  <source m_id="14" />
  <target m_id="31" />
</CROSS_DOC_COREF>

</Relations>
</Document>
