<Document doc_name="11_1ecb.xml" doc_id="DOC15654053307248226">
<token t_id="1" sentence="0" number="0">The</token>
<token t_id="2" sentence="0" number="1">4th</token>
<token t_id="3" sentence="0" number="2">parliamentary</token>
<token t_id="4" sentence="0" number="3">election</token>
<token t_id="5" sentence="0" number="4">of</token>
<token t_id="6" sentence="0" number="5">Turkmenistan</token>
<token t_id="7" sentence="0" number="6">ended</token>
<token t_id="8" sentence="0" number="7">Sunday</token>
<token t_id="9" sentence="0" number="8">evening</token>
<token t_id="10" sentence="0" number="9">as</token>
<token t_id="11" sentence="0" number="10">scheduled</token>
<token t_id="12" sentence="0" number="11">,</token>
<token t_id="13" sentence="0" number="12">said</token>
<token t_id="14" sentence="0" number="13">reports</token>
<token t_id="15" sentence="0" number="14">from</token>
<token t_id="16" sentence="0" number="15">Ashgabat</token>
<token t_id="17" sentence="0" number="16">,</token>
<token t_id="18" sentence="0" number="17">Turkmenistan</token>
<token t_id="19" sentence="0" number="18">'s</token>
<token t_id="20" sentence="0" number="19">capital</token>
<token t_id="21" sentence="0" number="20">.</token>
<token t_id="22" sentence="1" number="0">More</token>
<token t_id="23" sentence="1" number="1">than</token>
<token t_id="24" sentence="1" number="2">2,000</token>
<token t_id="25" sentence="1" number="3">booths</token>
<token t_id="26" sentence="1" number="4">in</token>
<token t_id="27" sentence="1" number="5">125</token>
<token t_id="28" sentence="1" number="6">constituencies</token>
<token t_id="29" sentence="1" number="7">in</token>
<token t_id="30" sentence="1" number="8">the</token>
<token t_id="31" sentence="1" number="9">country</token>
<token t_id="32" sentence="1" number="10">were</token>
<token t_id="33" sentence="1" number="11">closed</token>
<token t_id="34" sentence="1" number="12">at</token>
<token t_id="35" sentence="1" number="13">6:00</token>
<token t_id="36" sentence="1" number="14">p.m.</token>
<token t_id="37" sentence="1" number="15">local</token>
<token t_id="38" sentence="1" number="16">time</token>
<token t_id="39" sentence="1" number="17">(</token>
<token t_id="40" sentence="1" number="18">1300</token>
<token t_id="41" sentence="1" number="19">GMT</token>
<token t_id="42" sentence="1" number="20">)</token>
<token t_id="43" sentence="1" number="21">.</token>
<token t_id="44" sentence="2" number="0">The</token>
<token t_id="45" sentence="2" number="1">Central</token>
<token t_id="46" sentence="2" number="2">Election</token>
<token t_id="47" sentence="2" number="3">and</token>
<token t_id="48" sentence="2" number="4">Referendum</token>
<token t_id="49" sentence="2" number="5">Commission</token>
<token t_id="50" sentence="2" number="6">declared</token>
<token t_id="51" sentence="2" number="7">the</token>
<token t_id="52" sentence="2" number="8">election</token>
<token t_id="53" sentence="2" number="9">valid</token>
<token t_id="54" sentence="2" number="10">.</token>
<token t_id="55" sentence="3" number="0">Official</token>
<token t_id="56" sentence="3" number="1">election</token>
<token t_id="57" sentence="3" number="2">results</token>
<token t_id="58" sentence="3" number="3">will</token>
<token t_id="59" sentence="3" number="4">be</token>
<token t_id="60" sentence="3" number="5">announced</token>
<token t_id="61" sentence="3" number="6">within</token>
<token t_id="62" sentence="3" number="7">10</token>
<token t_id="63" sentence="3" number="8">days</token>
<token t_id="64" sentence="3" number="9">.</token>
<token t_id="65" sentence="4" number="0">Some</token>
<token t_id="66" sentence="4" number="1">2.44</token>
<token t_id="67" sentence="4" number="2">million</token>
<token t_id="68" sentence="4" number="3">people</token>
<token t_id="69" sentence="4" number="4">,</token>
<token t_id="70" sentence="4" number="5">accounting</token>
<token t_id="71" sentence="4" number="6">for</token>
<token t_id="72" sentence="4" number="7">some</token>
<token t_id="73" sentence="4" number="8">88.41</token>
<token t_id="74" sentence="4" number="9">percent</token>
<token t_id="75" sentence="4" number="10">of</token>
<token t_id="76" sentence="4" number="11">the</token>
<token t_id="77" sentence="4" number="12">country</token>
<token t_id="78" sentence="4" number="13">'s</token>
<token t_id="79" sentence="4" number="14">eligible</token>
<token t_id="80" sentence="4" number="15">voters</token>
<token t_id="81" sentence="4" number="16">,</token>
<token t_id="82" sentence="4" number="17">cast</token>
<token t_id="83" sentence="4" number="18">their</token>
<token t_id="84" sentence="4" number="19">ballots</token>
<token t_id="85" sentence="4" number="20">as</token>
<token t_id="86" sentence="4" number="21">of</token>
<token t_id="87" sentence="4" number="22">4:00</token>
<token t_id="88" sentence="4" number="23">p.m.</token>
<token t_id="89" sentence="4" number="24">local</token>
<token t_id="90" sentence="4" number="25">time</token>
<token t_id="91" sentence="4" number="26">(</token>
<token t_id="92" sentence="4" number="27">1100</token>
<token t_id="93" sentence="4" number="28">GMT</token>
<token t_id="94" sentence="4" number="29">)</token>
<token t_id="95" sentence="4" number="30">.</token>
<token t_id="96" sentence="5" number="0">Under</token>
<token t_id="97" sentence="5" number="1">Turkmen</token>
<token t_id="98" sentence="5" number="2">laws</token>
<token t_id="99" sentence="5" number="3">,</token>
<token t_id="100" sentence="5" number="4">parliamentary</token>
<token t_id="101" sentence="5" number="5">elections</token>
<token t_id="102" sentence="5" number="6">can</token>
<token t_id="103" sentence="5" number="7">only</token>
<token t_id="104" sentence="5" number="8">be</token>
<token t_id="105" sentence="5" number="9">declared</token>
<token t_id="106" sentence="5" number="10">valid</token>
<token t_id="107" sentence="5" number="11">with</token>
<token t_id="108" sentence="5" number="12">a</token>
<token t_id="109" sentence="5" number="13">turnout</token>
<token t_id="110" sentence="5" number="14">more</token>
<token t_id="111" sentence="5" number="15">than</token>
<token t_id="112" sentence="5" number="16">50</token>
<token t_id="113" sentence="5" number="17">percent</token>
<token t_id="114" sentence="5" number="18">of</token>
<token t_id="115" sentence="5" number="19">eligible</token>
<token t_id="116" sentence="5" number="20">voters</token>
<token t_id="117" sentence="5" number="21">.</token>
<token t_id="118" sentence="6" number="0">The</token>
<token t_id="119" sentence="6" number="1">election</token>
<token t_id="120" sentence="6" number="2">attracted</token>
<token t_id="121" sentence="6" number="3">wide</token>
<token t_id="122" sentence="6" number="4">attention</token>
<token t_id="123" sentence="6" number="5">as</token>
<token t_id="124" sentence="6" number="6">it</token>
<token t_id="125" sentence="6" number="7">was</token>
<token t_id="126" sentence="6" number="8">held</token>
<token t_id="127" sentence="6" number="9">amid</token>
<token t_id="128" sentence="6" number="10">constitutional</token>
<token t_id="129" sentence="6" number="11">and</token>
<token t_id="130" sentence="6" number="12">justice</token>
<token t_id="131" sentence="6" number="13">reforms</token>
<token t_id="132" sentence="6" number="14">advocated</token>
<token t_id="133" sentence="6" number="15">by</token>
<token t_id="134" sentence="6" number="16">President</token>
<token t_id="135" sentence="6" number="17">Kurbanguly</token>
<token t_id="136" sentence="6" number="18">Berdymukhamedov</token>
<token t_id="137" sentence="6" number="19">.</token>
<token t_id="138" sentence="7" number="0">About</token>
<token t_id="139" sentence="7" number="1">40</token>
<token t_id="140" sentence="7" number="2">observers</token>
<token t_id="141" sentence="7" number="3">from</token>
<token t_id="142" sentence="7" number="4">the</token>
<token t_id="143" sentence="7" number="5">United</token>
<token t_id="144" sentence="7" number="6">Nations</token>
<token t_id="145" sentence="7" number="7">,</token>
<token t_id="146" sentence="7" number="8">the</token>
<token t_id="147" sentence="7" number="9">Organization</token>
<token t_id="148" sentence="7" number="10">for</token>
<token t_id="149" sentence="7" number="11">Security</token>
<token t_id="150" sentence="7" number="12">and</token>
<token t_id="151" sentence="7" number="13">Cooperation</token>
<token t_id="152" sentence="7" number="14">in</token>
<token t_id="153" sentence="7" number="15">Europe</token>
<token t_id="154" sentence="7" number="16">and</token>
<token t_id="155" sentence="7" number="17">the</token>
<token t_id="156" sentence="7" number="18">Commonwealth</token>
<token t_id="157" sentence="7" number="19">of</token>
<token t_id="158" sentence="7" number="20">Independent</token>
<token t_id="159" sentence="7" number="21">States</token>
<token t_id="160" sentence="7" number="22">oversaw</token>
<token t_id="161" sentence="7" number="23">the</token>
<token t_id="162" sentence="7" number="24">election</token>
<token t_id="163" sentence="7" number="25">.</token>
<token t_id="164" sentence="8" number="0">This</token>
<token t_id="165" sentence="8" number="1">was</token>
<token t_id="166" sentence="8" number="2">the</token>
<token t_id="167" sentence="8" number="3">first</token>
<token t_id="168" sentence="8" number="4">the</token>
<token t_id="169" sentence="8" number="5">government</token>
<token t_id="170" sentence="8" number="6">allowed</token>
<token t_id="171" sentence="8" number="7">international</token>
<token t_id="172" sentence="8" number="8">observers</token>
<token t_id="173" sentence="8" number="9">to</token>
<token t_id="174" sentence="8" number="10">supervise</token>
<token t_id="175" sentence="8" number="11">the</token>
<token t_id="176" sentence="8" number="12">elections</token>
<token t_id="177" sentence="8" number="13">in</token>
<token t_id="178" sentence="8" number="14">Turkmenistan</token>
<token t_id="179" sentence="8" number="15">.</token>
<token t_id="180" sentence="9" number="0">Berdymukhamedov</token>
<token t_id="181" sentence="9" number="1">said</token>
<token t_id="182" sentence="9" number="2">earlier</token>
<token t_id="183" sentence="9" number="3">that</token>
<token t_id="184" sentence="9" number="4">the</token>
<token t_id="185" sentence="9" number="5">parliamentary</token>
<token t_id="186" sentence="9" number="6">elections</token>
<token t_id="187" sentence="9" number="7">in</token>
<token t_id="188" sentence="9" number="8">Turkmenistan</token>
<token t_id="189" sentence="9" number="9">would</token>
<token t_id="190" sentence="9" number="10">show</token>
<token t_id="191" sentence="9" number="11">the</token>
<token t_id="192" sentence="9" number="12">international</token>
<token t_id="193" sentence="9" number="13">community</token>
<token t_id="194" sentence="9" number="14">that</token>
<token t_id="195" sentence="9" number="15">the</token>
<token t_id="196" sentence="9" number="16">country</token>
<token t_id="197" sentence="9" number="17">'s</token>
<token t_id="198" sentence="9" number="18">democratization</token>
<token t_id="199" sentence="9" number="19">process</token>
<token t_id="200" sentence="9" number="20">is</token>
<token t_id="201" sentence="9" number="21">irreversible</token>
<token t_id="202" sentence="9" number="22">with</token>
<token t_id="203" sentence="9" number="23">the</token>
<token t_id="204" sentence="9" number="24">adoption</token>
<token t_id="205" sentence="9" number="25">of</token>
<token t_id="206" sentence="9" number="26">a</token>
<token t_id="207" sentence="9" number="27">new</token>
<token t_id="208" sentence="9" number="28">constitution</token>
<token t_id="209" sentence="9" number="29">.</token>
<Markables>
<ACTION_ASPECTUAL m_id="12"  >
  <token_anchor t_id="7"/>
</ACTION_ASPECTUAL>
<ACTION_OCCURRENCE m_id="10"  >
  <token_anchor t_id="4"/>
</ACTION_OCCURRENCE>
<ACTION_REPORTING m_id="14"  >
  <token_anchor t_id="13"/>
</ACTION_REPORTING>
<LOC_GEO m_id="11"  >
  <token_anchor t_id="6"/>
</LOC_GEO>
<LOC_GEO m_id="16"  >
  <token_anchor t_id="16"/>
</LOC_GEO>
<NON_HUMAN_PART m_id="15"  >
  <token_anchor t_id="14"/>
</NON_HUMAN_PART>
<TIME_OF_THE_DAY m_id="13"  >
  <token_anchor t_id="8"/>
  <token_anchor t_id="9"/>
</TIME_OF_THE_DAY>




<LOC_GEO m_id="23" RELATED_TO="" TAG_DESCRIPTOR="t11_ashgabat" instance_id="LOC17395437080427606" />
<ACTION_REPORTING m_id="22" RELATED_TO="" TAG_DESCRIPTOR="t11b_said_reports" instance_id="ACT17397804403966724" />
<LOC_GEO m_id="21" RELATED_TO="" TAG_DESCRIPTOR="t11_turkmenistan" instance_id="LOC17395351611820997" />
<ACTION_ASPECTUAL m_id="19" RELATED_TO="" TAG_DESCRIPTOR="t11b_election_ended" instance_id="ACT17397790875995187" />
<ACTION_OCCURRENCE m_id="20" RELATED_TO="" TAG_DESCRIPTOR="t11b_election" instance_id="ACT17397425257310884" />
<TIME_OF_THE_DAY m_id="18" RELATED_TO="" TAG_DESCRIPTOR="t11b_sunday_evening" instance_id="TIM17397824771500640" />
<NON_HUMAN_PART m_id="17" RELATED_TO="" TAG_DESCRIPTOR="t11b_reports" instance_id="NON17397813210017577" />
</Markables>

<Relations>
<CROSS_DOC_COREF r_id="34078" note="NON17397813210017577" >
  <source m_id="15" />
  <target m_id="17" />
</CROSS_DOC_COREF>
<CROSS_DOC_COREF r_id="34079" note="TIM17397824771500640" >
  <source m_id="13" />
  <target m_id="18" />
</CROSS_DOC_COREF>
<CROSS_DOC_COREF r_id="34080" note="ACT17397790875995187" >
  <source m_id="12" />
  <target m_id="19" />
</CROSS_DOC_COREF>
<CROSS_DOC_COREF r_id="34081" note="ACT17397425257310884" >
  <source m_id="10" />
  <target m_id="20" />
</CROSS_DOC_COREF>
<CROSS_DOC_COREF r_id="34082" note="LOC17395351611820997" >
  <source m_id="11" />
  <target m_id="21" />
</CROSS_DOC_COREF>
<CROSS_DOC_COREF r_id="34083" note="ACT17397804403966724" >
  <source m_id="14" />
  <target m_id="22" />
</CROSS_DOC_COREF>
<CROSS_DOC_COREF r_id="34084" note="LOC17395437080427606" >
  <source m_id="16" />
  <target m_id="23" />
</CROSS_DOC_COREF>

</Relations>
</Document>
