<Document doc_name="11_10ecb.xml" doc_id="DOC15654053955204576">
<token t_id="1" sentence="0" number="0">Voting</token>
<token t_id="2" sentence="0" number="1">for</token>
<token t_id="3" sentence="0" number="2">MPs</token>
<token t_id="4" sentence="0" number="3">to</token>
<token t_id="5" sentence="0" number="4">Majlis</token>
<token t_id="6" sentence="0" number="5">(</token>
<token t_id="7" sentence="0" number="6">Parliament</token>
<token t_id="8" sentence="0" number="7">)</token>
<token t_id="9" sentence="0" number="8">began</token>
<token t_id="10" sentence="0" number="9">in</token>
<token t_id="11" sentence="0" number="10">Turkmenistan</token>
<token t_id="12" sentence="0" number="11">on</token>
<token t_id="13" sentence="0" number="12">Dec.14</token>
<token t_id="14" sentence="0" number="13">.</token>
<token t_id="15" sentence="1" number="0">A</token>
<token t_id="16" sentence="1" number="1">total</token>
<token t_id="17" sentence="1" number="2">of</token>
<token t_id="18" sentence="1" number="3">288</token>
<token t_id="19" sentence="1" number="4">candidates</token>
<token t_id="20" sentence="1" number="5">run</token>
<token t_id="21" sentence="1" number="6">for</token>
<token t_id="22" sentence="1" number="7">125</token>
<token t_id="23" sentence="1" number="8">parliamentary</token>
<token t_id="24" sentence="1" number="9">seats</token>
<token t_id="25" sentence="1" number="10">,</token>
<token t_id="26" sentence="1" number="11">with</token>
<token t_id="27" sentence="1" number="12">37</token>
<token t_id="28" sentence="1" number="13">of</token>
<token t_id="29" sentence="1" number="14">the</token>
<token t_id="30" sentence="1" number="15">candidates</token>
<token t_id="31" sentence="1" number="16">registered</token>
<token t_id="32" sentence="1" number="17">in</token>
<token t_id="33" sentence="1" number="18">the</token>
<token t_id="34" sentence="1" number="19">capital</token>
<token t_id="35" sentence="1" number="20">city</token>
<token t_id="36" sentence="1" number="21">of</token>
<token t_id="37" sentence="1" number="22">Turkmenistan</token>
<token t_id="38" sentence="1" number="23">-</token>
<token t_id="39" sentence="1" number="24">Ashgabat</token>
<token t_id="40" sentence="1" number="25">,</token>
<token t_id="41" sentence="1" number="26">46</token>
<token t_id="42" sentence="1" number="27">in</token>
<token t_id="43" sentence="1" number="28">Akhal</token>
<token t_id="44" sentence="1" number="29">region</token>
<token t_id="45" sentence="1" number="30">,</token>
<token t_id="46" sentence="1" number="31">25</token>
<token t_id="47" sentence="1" number="32">in</token>
<token t_id="48" sentence="1" number="33">Balkan</token>
<token t_id="49" sentence="1" number="34">region</token>
<token t_id="50" sentence="1" number="35">,</token>
<token t_id="51" sentence="1" number="36">63</token>
<token t_id="52" sentence="1" number="37">in</token>
<token t_id="53" sentence="1" number="38">Dashoguz</token>
<token t_id="54" sentence="1" number="39">region</token>
<token t_id="55" sentence="1" number="40">,</token>
<token t_id="56" sentence="1" number="41">56</token>
<token t_id="57" sentence="1" number="42">in</token>
<token t_id="58" sentence="1" number="43">Lebap</token>
<token t_id="59" sentence="1" number="44">region</token>
<token t_id="60" sentence="1" number="45">,</token>
<token t_id="61" sentence="1" number="46">and</token>
<token t_id="62" sentence="1" number="47">61</token>
<token t_id="63" sentence="1" number="48">in</token>
<token t_id="64" sentence="1" number="49">Mary</token>
<token t_id="65" sentence="1" number="50">region</token>
<token t_id="66" sentence="1" number="51">.</token>
<token t_id="67" sentence="2" number="0">Of</token>
<token t_id="68" sentence="2" number="1">the</token>
<token t_id="69" sentence="2" number="2">288</token>
<token t_id="70" sentence="2" number="3">candidates</token>
<token t_id="71" sentence="2" number="4">,</token>
<token t_id="72" sentence="2" number="5">286</token>
<token t_id="73" sentence="2" number="6">have</token>
<token t_id="74" sentence="2" number="7">higher</token>
<token t_id="75" sentence="2" number="8">education</token>
<token t_id="76" sentence="2" number="9">,</token>
<token t_id="77" sentence="2" number="10">202</token>
<token t_id="78" sentence="2" number="11">are</token>
<token t_id="79" sentence="2" number="12">under</token>
<token t_id="80" sentence="2" number="13">45</token>
<token t_id="81" sentence="2" number="14">years</token>
<token t_id="82" sentence="2" number="15">old</token>
<token t_id="83" sentence="2" number="16">,</token>
<token t_id="84" sentence="2" number="17">and</token>
<token t_id="85" sentence="2" number="18">56</token>
<token t_id="86" sentence="2" number="19">are</token>
<token t_id="87" sentence="2" number="20">women</token>
<token t_id="88" sentence="2" number="21">.</token>
<token t_id="89" sentence="3" number="0">Turkmenistan</token>
<token t_id="90" sentence="3" number="1">has</token>
<token t_id="91" sentence="3" number="2">27</token>
<token t_id="92" sentence="3" number="3">polling</token>
<token t_id="93" sentence="3" number="4">stations</token>
<token t_id="94" sentence="3" number="5">abroad</token>
<token t_id="95" sentence="3" number="6">attached</token>
<token t_id="96" sentence="3" number="7">to</token>
<token t_id="97" sentence="3" number="8">the</token>
<token t_id="98" sentence="3" number="9">country</token>
<token t_id="99" sentence="3" number="10">'s</token>
<token t_id="100" sentence="3" number="11">diplomatic</token>
<token t_id="101" sentence="3" number="12">missions</token>
<token t_id="102" sentence="3" number="13">.</token>
<token t_id="103" sentence="4" number="0">Elections</token>
<token t_id="104" sentence="4" number="1">take</token>
<token t_id="105" sentence="4" number="2">place</token>
<token t_id="106" sentence="4" number="3">by</token>
<token t_id="107" sentence="4" number="4">the</token>
<token t_id="108" sentence="4" number="5">voting</token>
<token t_id="109" sentence="4" number="6">of</token>
<token t_id="110" sentence="4" number="7">Turkmenistan</token>
<token t_id="111" sentence="4" number="8">citizens</token>
<token t_id="112" sentence="4" number="9">on</token>
<token t_id="113" sentence="4" number="10">the</token>
<token t_id="114" sentence="4" number="11">basis</token>
<token t_id="115" sentence="4" number="12">of</token>
<token t_id="116" sentence="4" number="13">a</token>
<token t_id="117" sentence="4" number="14">universal</token>
<token t_id="118" sentence="4" number="15">,</token>
<token t_id="119" sentence="4" number="16">equal</token>
<token t_id="120" sentence="4" number="17">and</token>
<token t_id="121" sentence="4" number="18">direct</token>
<token t_id="122" sentence="4" number="19">suffrage</token>
<token t_id="123" sentence="4" number="20">with</token>
<token t_id="124" sentence="4" number="21">secret</token>
<token t_id="125" sentence="4" number="22">ballot</token>
<token t_id="126" sentence="4" number="23">and</token>
<token t_id="127" sentence="4" number="24">alternative</token>
<token t_id="128" sentence="4" number="25">basis</token>
<token t_id="129" sentence="4" number="26">.</token>
<token t_id="130" sentence="5" number="0">The</token>
<token t_id="131" sentence="5" number="1">term</token>
<token t_id="132" sentence="5" number="2">of</token>
<token t_id="133" sentence="5" number="3">office</token>
<token t_id="134" sentence="5" number="4">of</token>
<token t_id="135" sentence="5" number="5">MPs</token>
<token t_id="136" sentence="5" number="6">is</token>
<token t_id="137" sentence="5" number="7">five</token>
<token t_id="138" sentence="5" number="8">years</token>
<token t_id="139" sentence="5" number="9">.</token>
<token t_id="140" sentence="6" number="0">For</token>
<token t_id="141" sentence="6" number="1">the</token>
<token t_id="142" sentence="6" number="2">first</token>
<token t_id="143" sentence="6" number="3">time</token>
<token t_id="144" sentence="6" number="4">foreign</token>
<token t_id="145" sentence="6" number="5">observers</token>
<token t_id="146" sentence="6" number="6">and</token>
<token t_id="147" sentence="6" number="7">experts</token>
<token t_id="148" sentence="6" number="8">,</token>
<token t_id="149" sentence="6" number="9">representatives</token>
<token t_id="150" sentence="6" number="10">from</token>
<token t_id="151" sentence="6" number="11">European</token>
<token t_id="152" sentence="6" number="12">states</token>
<token t_id="153" sentence="6" number="13">and</token>
<token t_id="154" sentence="6" number="14">international</token>
<token t_id="155" sentence="6" number="15">organizations</token>
<token t_id="156" sentence="6" number="16">including</token>
<token t_id="157" sentence="6" number="17">UN</token>
<token t_id="158" sentence="6" number="18">,</token>
<token t_id="159" sentence="6" number="19">OSCE</token>
<token t_id="160" sentence="6" number="20">,</token>
<token t_id="161" sentence="6" number="21">and</token>
<token t_id="162" sentence="6" number="22">CIS</token>
<token t_id="163" sentence="6" number="23">Executive</token>
<token t_id="164" sentence="6" number="24">Committee</token>
<token t_id="165" sentence="6" number="25">monitor</token>
<token t_id="166" sentence="6" number="26">elections</token>
<token t_id="167" sentence="6" number="27">in</token>
<token t_id="168" sentence="6" number="28">Turkmenistan</token>
<token t_id="169" sentence="6" number="29">.</token>
<Markables>
<ACTION_OCCURRENCE m_id="8"  >
  <token_anchor t_id="1"/>
</ACTION_OCCURRENCE>
<HUMAN_PART_ORG m_id="6"  >
  <token_anchor t_id="5"/>
</HUMAN_PART_ORG>
<HUMAN_PART_PER m_id="7"  >
  <token_anchor t_id="3"/>
</HUMAN_PART_PER>
<LOC_GEO m_id="9"  >
  <token_anchor t_id="11"/>
</LOC_GEO>
<TIME_OF_THE_DAY m_id="11" note="byCROMER" >
  <token_anchor t_id="13"/>
</TIME_OF_THE_DAY>


<TIME_OF_THE_DAY m_id="15" RELATED_TO="" TAG_DESCRIPTOR="t11b_beginning_election" instance_id="TIM27314008137723138" />
<HUMAN_PART_ORG m_id="14" RELATED_TO="" TAG_DESCRIPTOR="t11b_parliament" instance_id="HUM17398068448153302" />
<LOC_GEO m_id="13" RELATED_TO="" TAG_DESCRIPTOR="t11_turkmenistan" instance_id="LOC17395351611820997" />
<ACTION_OCCURRENCE m_id="12" RELATED_TO="" TAG_DESCRIPTOR="t11b_voted" instance_id="ACT17397941774474471" />
</Markables>

<Relations>
<CROSS_DOC_COREF r_id="34151" note="ACT17397941774474471" >
  <source m_id="8" />
  <target m_id="12" />
</CROSS_DOC_COREF>
<CROSS_DOC_COREF r_id="34152" note="LOC17395351611820997" >
  <source m_id="9" />
  <target m_id="13" />
</CROSS_DOC_COREF>
<CROSS_DOC_COREF r_id="34153" note="HUM17398068448153302" >
  <source m_id="6" />
  <target m_id="14" />
</CROSS_DOC_COREF>
<CROSS_DOC_COREF r_id="34154" note="TIM27314008137723138" >
  <source m_id="11" />
  <target m_id="15" />
</CROSS_DOC_COREF>

</Relations>
</Document>
