<Document doc_name="11_3ecbplus.xml" doc_id="DOC15646145894262496">
<token t_id="1" sentence="0" number="0">http</token>
<token t_id="2" sentence="0" number="1">:</token>
<token t_id="3" sentence="0" number="2">/</token>
<token t_id="4" sentence="0" number="3">/</token>
<token t_id="5" sentence="0" number="4">centralasiaonline</token>
<token t_id="6" sentence="0" number="5">.</token>
<token t_id="7" sentence="0" number="6">com</token>
<token t_id="8" sentence="0" number="7">/</token>
<token t_id="9" sentence="0" number="8">en</token>
<token t_id="10" sentence="0" number="9">_</token>
<token t_id="11" sentence="0" number="10">GB</token>
<token t_id="12" sentence="0" number="11">/</token>
<token t_id="13" sentence="0" number="12">articles</token>
<token t_id="14" sentence="0" number="13">/</token>
<token t_id="15" sentence="0" number="14">caii</token>
<token t_id="16" sentence="0" number="15">/</token>
<token t_id="17" sentence="0" number="16">newsbriefs</token>
<token t_id="18" sentence="0" number="17">/</token>
<token t_id="19" sentence="0" number="18">2013</token>
<token t_id="20" sentence="0" number="19">/</token>
<token t_id="21" sentence="0" number="20">09</token>
<token t_id="22" sentence="0" number="21">/</token>
<token t_id="23" sentence="0" number="22">26</token>
<token t_id="24" sentence="0" number="23">/</token>
<token t_id="25" sentence="0" number="24">newsbrief</token>
<token t_id="26" sentence="0" number="25">-</token>
<token t_id="27" sentence="0" number="26">02</token>
<token t_id="28" sentence="1" number="0">Turkmen</token>
<token t_id="29" sentence="1" number="1">election</token>
<token t_id="30" sentence="1" number="2">to</token>
<token t_id="31" sentence="1" number="3">have</token>
<token t_id="32" sentence="1" number="4">2</token>
<token t_id="33" sentence="1" number="5">parties</token>
<token t_id="34" sentence="1" number="6">for</token>
<token t_id="35" sentence="1" number="7">1st</token>
<token t_id="36" sentence="1" number="8">time</token>
<token t_id="37" sentence="2" number="0">2013</token>
<token t_id="38" sentence="2" number="1">-</token>
<token t_id="39" sentence="2" number="2">09</token>
<token t_id="40" sentence="2" number="3">-</token>
<token t_id="41" sentence="2" number="4">26</token>
<token t_id="42" sentence="3" number="0">For</token>
<token t_id="43" sentence="3" number="1">the</token>
<token t_id="44" sentence="3" number="2">first</token>
<token t_id="45" sentence="3" number="3">time</token>
<token t_id="46" sentence="3" number="4">in</token>
<token t_id="47" sentence="3" number="5">post</token>
<token t_id="48" sentence="3" number="6">-</token>
<token t_id="49" sentence="3" number="7">Soviet</token>
<token t_id="50" sentence="3" number="8">Turkmenistan's</token>
<token t_id="51" sentence="3" number="9">history</token>
<token t_id="52" sentence="3" number="10">,</token>
<token t_id="53" sentence="3" number="11">its</token>
<token t_id="54" sentence="3" number="12">parliamentary</token>
<token t_id="55" sentence="3" number="13">elections</token>
<token t_id="56" sentence="3" number="14">will</token>
<token t_id="57" sentence="3" number="15">have</token>
<token t_id="58" sentence="3" number="16">two</token>
<token t_id="59" sentence="3" number="17">parties</token>
<token t_id="60" sentence="3" number="18">,</token>
<token t_id="61" sentence="3" number="19">ITAR</token>
<token t_id="62" sentence="3" number="20">-</token>
<token t_id="63" sentence="3" number="21">TASS</token>
<token t_id="64" sentence="3" number="22">reported</token>
<token t_id="65" sentence="3" number="23">September</token>
<token t_id="66" sentence="3" number="24">26</token>
<token t_id="67" sentence="3" number="25">,</token>
<token t_id="68" sentence="3" number="26">citing</token>
<token t_id="69" sentence="3" number="27">the</token>
<token t_id="70" sentence="3" number="28">country's</token>
<token t_id="71" sentence="3" number="29">Central</token>
<token t_id="72" sentence="3" number="30">Election</token>
<token t_id="73" sentence="3" number="31">and</token>
<token t_id="74" sentence="3" number="32">Referendum</token>
<token t_id="75" sentence="3" number="33">Commission</token>
<token t_id="76" sentence="3" number="34">(</token>
<token t_id="77" sentence="3" number="35">TsKVPR</token>
<token t_id="78" sentence="3" number="36">)</token>
<token t_id="79" sentence="3" number="37">.</token>
<token t_id="80" sentence="4" number="0">Besides</token>
<token t_id="81" sentence="4" number="1">the</token>
<token t_id="82" sentence="4" number="2">ruling</token>
<token t_id="83" sentence="4" number="3">Democratic</token>
<token t_id="84" sentence="4" number="4">Party</token>
<token t_id="85" sentence="4" number="5">(</token>
<token t_id="86" sentence="4" number="6">former</token>
<token t_id="87" sentence="4" number="7">Communist</token>
<token t_id="88" sentence="4" number="8">Party</token>
<token t_id="89" sentence="4" number="9">)</token>
<token t_id="90" sentence="4" number="10">,</token>
<token t_id="91" sentence="4" number="11">the</token>
<token t_id="92" sentence="4" number="12">Party</token>
<token t_id="93" sentence="4" number="13">of</token>
<token t_id="94" sentence="4" number="14">Industrialists</token>
<token t_id="95" sentence="4" number="15">and</token>
<token t_id="96" sentence="4" number="16">Entrepreneurs</token>
<token t_id="97" sentence="4" number="17">(</token>
<token t_id="98" sentence="4" number="18">PPPT</token>
<token t_id="99" sentence="4" number="19">)</token>
<token t_id="100" sentence="4" number="20">–</token>
<token t_id="101" sentence="4" number="21">founded</token>
<token t_id="102" sentence="4" number="22">in</token>
<token t_id="103" sentence="4" number="23">2012</token>
<token t_id="104" sentence="4" number="24">–</token>
<token t_id="105" sentence="4" number="25">will</token>
<token t_id="106" sentence="4" number="26">be</token>
<token t_id="107" sentence="4" number="27">seeking</token>
<token t_id="108" sentence="4" number="28">seats</token>
<token t_id="109" sentence="4" number="29">in</token>
<token t_id="110" sentence="4" number="30">the</token>
<token t_id="111" sentence="4" number="31">December</token>
<token t_id="112" sentence="4" number="32">15</token>
<token t_id="113" sentence="4" number="33">election</token>
<token t_id="114" sentence="4" number="34">.</token>
<token t_id="115" sentence="5" number="0">Parliament</token>
<token t_id="116" sentence="5" number="1">has</token>
<token t_id="117" sentence="5" number="2">125</token>
<token t_id="118" sentence="5" number="3">seats</token>
<token t_id="119" sentence="5" number="4">.</token>
<token t_id="120" sentence="6" number="0">The</token>
<token t_id="121" sentence="6" number="1">campaign</token>
<token t_id="122" sentence="6" number="2">starts</token>
<token t_id="123" sentence="6" number="3">October</token>
<token t_id="124" sentence="6" number="4">5</token>
<token t_id="125" sentence="6" number="5">,</token>
<token t_id="126" sentence="6" number="6">according</token>
<token t_id="127" sentence="6" number="7">to</token>
<token t_id="128" sentence="6" number="8">TsKVPR</token>
<token t_id="129" sentence="6" number="9">.</token>
<token t_id="130" sentence="7" number="0">Presently</token>
<token t_id="131" sentence="7" number="1">,</token>
<token t_id="132" sentence="7" number="2">parliament</token>
<token t_id="133" sentence="7" number="3">has</token>
<token t_id="134" sentence="7" number="4">one</token>
<token t_id="135" sentence="7" number="5">PPPT</token>
<token t_id="136" sentence="7" number="6">member</token>
<token t_id="137" sentence="7" number="7">,</token>
<token t_id="138" sentence="7" number="8">who</token>
<token t_id="139" sentence="7" number="9">won</token>
<token t_id="140" sentence="7" number="10">a</token>
<token t_id="141" sentence="7" number="11">vacated</token>
<token t_id="142" sentence="7" number="12">seat</token>
<token t_id="143" sentence="7" number="13">in</token>
<token t_id="144" sentence="7" number="14">Akhal</token>
<token t_id="145" sentence="7" number="15">Oblast</token>
<token t_id="146" sentence="7" number="16">in</token>
<token t_id="147" sentence="7" number="17">June</token>
<token t_id="148" sentence="7" number="18">.</token>
<Markables>
<ACTION_OCCURRENCE m_id="21"  >
  <token_anchor t_id="101"/>
</ACTION_OCCURRENCE>
<ACTION_OCCURRENCE m_id="22"  >
  <token_anchor t_id="107"/>
</ACTION_OCCURRENCE>
<ACTION_OCCURRENCE m_id="23"  >
  <token_anchor t_id="113"/>
</ACTION_OCCURRENCE>
<ACTION_OCCURRENCE m_id="2"  >
  <token_anchor t_id="29"/>
</ACTION_OCCURRENCE>
<ACTION_OCCURRENCE m_id="5"  >
  <token_anchor t_id="51"/>
</ACTION_OCCURRENCE>
<ACTION_OCCURRENCE m_id="8"  >
  <token_anchor t_id="55"/>
</ACTION_OCCURRENCE>
<ACTION_REPORTING m_id="11"  >
  <token_anchor t_id="64"/>
</ACTION_REPORTING>
<ACTION_REPORTING m_id="12"  >
  <token_anchor t_id="68"/>
</ACTION_REPORTING>
<HUMAN_PART_GPE m_id="16"  >
  <token_anchor t_id="70"/>
</HUMAN_PART_GPE>
<HUMAN_PART_GPE m_id="3"  >
  <token_anchor t_id="28"/>
</HUMAN_PART_GPE>
<HUMAN_PART_GPE m_id="6"  >
  <token_anchor t_id="50"/>
</HUMAN_PART_GPE>
<HUMAN_PART_GPE m_id="7"  >
  <token_anchor t_id="49"/>
</HUMAN_PART_GPE>
<HUMAN_PART_ORG m_id="9"  >
  <token_anchor t_id="59"/>
</HUMAN_PART_ORG>
<HUMAN_PART_ORG m_id="10"  >
  <token_anchor t_id="61"/>
  <token_anchor t_id="62"/>
  <token_anchor t_id="63"/>
</HUMAN_PART_ORG>
<HUMAN_PART_ORG m_id="17"  >
  <token_anchor t_id="71"/>
  <token_anchor t_id="72"/>
  <token_anchor t_id="73"/>
  <token_anchor t_id="74"/>
  <token_anchor t_id="75"/>
</HUMAN_PART_ORG>
<HUMAN_PART_ORG m_id="18"  >
  <token_anchor t_id="83"/>
  <token_anchor t_id="84"/>
</HUMAN_PART_ORG>
<HUMAN_PART_ORG m_id="19"  >
  <token_anchor t_id="87"/>
  <token_anchor t_id="88"/>
</HUMAN_PART_ORG>
<HUMAN_PART_ORG m_id="20"  >
  <token_anchor t_id="92"/>
  <token_anchor t_id="93"/>
  <token_anchor t_id="94"/>
  <token_anchor t_id="95"/>
  <token_anchor t_id="96"/>
</HUMAN_PART_ORG>
<HUMAN_PART_ORG m_id="4"  >
  <token_anchor t_id="33"/>
</HUMAN_PART_ORG>
<NON_HUMAN_PART m_id="24"  >
  <token_anchor t_id="108"/>
</NON_HUMAN_PART>
<TIME_DATE m_id="13"  >
  <token_anchor t_id="65"/>
  <token_anchor t_id="66"/>
</TIME_DATE>
<TIME_DATE m_id="14"  >
  <token_anchor t_id="103"/>
</TIME_DATE>
<TIME_DATE m_id="15"  >
  <token_anchor t_id="111"/>
  <token_anchor t_id="112"/>
</TIME_DATE>
<TIME_DATE m_id="1"  >
  <token_anchor t_id="37"/>
  <token_anchor t_id="38"/>
  <token_anchor t_id="39"/>
  <token_anchor t_id="40"/>
  <token_anchor t_id="41"/>
</TIME_DATE>


<ACTION_STATE m_id="27" note="byCROMER" >
  <token_anchor t_id="57"/>
</ACTION_STATE>
<HUMAN_PART_ORG m_id="28" note="byCROMER" >
  <token_anchor t_id="54"/>
</HUMAN_PART_ORG>


<HUMAN_PART_ORG m_id="33" RELATED_TO="" TAG_DESCRIPTOR="t11_central_election_commission" instance_id="HUM17395535970766161" />
<TIME_DATE m_id="32" RELATED_TO="" TAG_DESCRIPTOR="t11_december_15" instance_id="TIM17396061649832578" />
<ACTION_OCCURRENCE m_id="29" RELATED_TO="" TAG_DESCRIPTOR="t11_history" instance_id="ACT17395488757228422" />
<HUMAN_PART_ORG m_id="31" RELATED_TO="" TAG_DESCRIPTOR="t11_parties" instance_id="HUM17395891602867029" />
<ACTION_STATE m_id="30" RELATED_TO="" TAG_DESCRIPTOR="t11_2party_based" instance_id="ACT28315053663987568" />
<ACTION_OCCURRENCE m_id="36" RELATED_TO="" TAG_DESCRIPTOR="t11_election" instance_id="ACT17395452991115142" />
<HUMAN_PART_GPE m_id="35" RELATED_TO="" TAG_DESCRIPTOR="t11_turkmenistan_people" instance_id="HUM28314574028416742" />
<HUMAN_PART_ORG m_id="34" RELATED_TO="" TAG_DESCRIPTOR="t11b_parliament" instance_id="HUM17398068448153302" />
</Markables>

<Relations>
<CROSS_DOC_COREF r_id="24860" note="ACT17395488757228422" >
  <source m_id="5" />
  <target m_id="29" />
</CROSS_DOC_COREF>
<CROSS_DOC_COREF r_id="24861" note="ACT28315053663987568" >
  <source m_id="27" />
  <target m_id="30" />
</CROSS_DOC_COREF>
<CROSS_DOC_COREF r_id="24862" note="HUM17395891602867029" >
  <source m_id="9" />
  <source m_id="4" />
  <target m_id="31" />
</CROSS_DOC_COREF>
<CROSS_DOC_COREF r_id="24863" note="TIM17396061649832578" >
  <source m_id="15" />
  <target m_id="32" />
</CROSS_DOC_COREF>
<CROSS_DOC_COREF r_id="24864" note="HUM17395535970766161" >
  <source m_id="17" />
  <target m_id="33" />
</CROSS_DOC_COREF>
<CROSS_DOC_COREF r_id="24865" note="HUM17398068448153302" >
  <source m_id="28" />
  <target m_id="34" />
</CROSS_DOC_COREF>
<CROSS_DOC_COREF r_id="24866" note="HUM28314574028416742" >
  <source m_id="3" />
  <source m_id="16" />
  <source m_id="6" />
  <target m_id="35" />
</CROSS_DOC_COREF>
<CROSS_DOC_COREF r_id="24867" note="ACT17395452991115142" >
  <source m_id="23" />
  <source m_id="8" />
  <source m_id="2" />
  <target m_id="36" />
</CROSS_DOC_COREF>

</Relations>
</Document>
