<Document doc_name="11_4ecbplus.xml" doc_id="DOC15646145953329260">
<token t_id="1" sentence="0" number="0">http</token>
<token t_id="2" sentence="0" number="1">:</token>
<token t_id="3" sentence="0" number="2">/</token>
<token t_id="4" sentence="0" number="3">/</token>
<token t_id="5" sentence="0" number="4">en</token>
<token t_id="6" sentence="0" number="5">.</token>
<token t_id="7" sentence="0" number="6">trend</token>
<token t_id="8" sentence="0" number="7">.</token>
<token t_id="9" sentence="0" number="8">az</token>
<token t_id="10" sentence="0" number="9">/</token>
<token t_id="11" sentence="0" number="10">regions</token>
<token t_id="12" sentence="0" number="11">/</token>
<token t_id="13" sentence="0" number="12">casia</token>
<token t_id="14" sentence="0" number="13">/</token>
<token t_id="15" sentence="0" number="14">turkmenistan</token>
<token t_id="16" sentence="0" number="15">/</token>
<token t_id="17" sentence="0" number="16">2197642</token>
<token t_id="18" sentence="0" number="17">.</token>
<token t_id="19" sentence="0" number="18">html</token>
<token t_id="20" sentence="1" number="0">Electoral</token>
<token t_id="21" sentence="1" number="1">districts</token>
<token t_id="22" sentence="1" number="2">established</token>
<token t_id="23" sentence="1" number="3">in</token>
<token t_id="24" sentence="1" number="4">Turkmenistan</token>
<token t_id="25" sentence="1" number="5">due</token>
<token t_id="26" sentence="1" number="6">to</token>
<token t_id="27" sentence="1" number="7">parliamentary</token>
<token t_id="28" sentence="1" number="8">elections</token>
<token t_id="29" sentence="2" number="0">4</token>
<token t_id="30" sentence="2" number="1">October</token>
<token t_id="31" sentence="2" number="2">2013</token>
<token t_id="32" sentence="2" number="3">,</token>
<token t_id="33" sentence="2" number="4">18</token>
<token t_id="34" sentence="2" number="5">:</token>
<token t_id="35" sentence="2" number="6">07</token>
<token t_id="36" sentence="2" number="7">(</token>
<token t_id="37" sentence="2" number="8">GMT+05</token>
<token t_id="38" sentence="2" number="9">:</token>
<token t_id="39" sentence="2" number="10">00</token>
<token t_id="40" sentence="2" number="11">)</token>
<token t_id="41" sentence="3" number="0">Regarding</token>
<token t_id="42" sentence="3" number="1">the</token>
<token t_id="43" sentence="3" number="2">election</token>
<token t_id="44" sentence="3" number="3">of</token>
<token t_id="45" sentence="3" number="4">deputies</token>
<token t_id="46" sentence="3" number="5">of</token>
<token t_id="47" sentence="3" number="6">the</token>
<token t_id="48" sentence="3" number="7">Turkmen</token>
<token t_id="49" sentence="3" number="8">Mejlis</token>
<token t_id="50" sentence="3" number="9">(</token>
<token t_id="51" sentence="3" number="10">Parliament</token>
<token t_id="52" sentence="3" number="11">)</token>
<token t_id="53" sentence="3" number="12">,</token>
<token t_id="54" sentence="3" number="13">which</token>
<token t_id="55" sentence="3" number="14">is</token>
<token t_id="56" sentence="3" number="15">scheduled</token>
<token t_id="57" sentence="3" number="16">for</token>
<token t_id="58" sentence="3" number="17">December</token>
<token t_id="59" sentence="3" number="18">15</token>
<token t_id="60" sentence="3" number="19">,</token>
<token t_id="61" sentence="3" number="20">2013</token>
<token t_id="62" sentence="3" number="21">,</token>
<token t_id="63" sentence="3" number="22">a</token>
<token t_id="64" sentence="3" number="23">decision</token>
<token t_id="65" sentence="3" number="24">was</token>
<token t_id="66" sentence="3" number="25">taken</token>
<token t_id="67" sentence="3" number="26">on</token>
<token t_id="68" sentence="3" number="27">establishment</token>
<token t_id="69" sentence="3" number="28">of</token>
<token t_id="70" sentence="3" number="29">electoral</token>
<token t_id="71" sentence="3" number="30">districts</token>
<token t_id="72" sentence="3" number="31">,</token>
<token t_id="73" sentence="3" number="32">the</token>
<token t_id="74" sentence="3" number="33">resolution</token>
<token t_id="75" sentence="3" number="34">of</token>
<token t_id="76" sentence="3" number="35">the</token>
<token t_id="77" sentence="3" number="36">Central</token>
<token t_id="78" sentence="3" number="37">Election</token>
<token t_id="79" sentence="3" number="38">Commission</token>
<token t_id="80" sentence="3" number="39">of</token>
<token t_id="81" sentence="3" number="40">Turkmenistan</token>
<token t_id="82" sentence="3" number="41">released</token>
<token t_id="83" sentence="3" number="42">on</token>
<token t_id="84" sentence="3" number="43">Friday</token>
<token t_id="85" sentence="3" number="44">said</token>
<token t_id="86" sentence="3" number="45">.</token>
<token t_id="87" sentence="4" number="0">In</token>
<token t_id="88" sentence="4" number="1">accordance</token>
<token t_id="89" sentence="4" number="2">with</token>
<token t_id="90" sentence="4" number="3">Article</token>
<token t_id="91" sentence="4" number="4">60</token>
<token t_id="92" sentence="4" number="5">of</token>
<token t_id="93" sentence="4" number="6">the</token>
<token t_id="94" sentence="4" number="7">Turkmen</token>
<token t_id="95" sentence="4" number="8">Constitution</token>
<token t_id="96" sentence="4" number="9">for</token>
<token t_id="97" sentence="4" number="10">the</token>
<token t_id="98" sentence="4" number="11">orderly</token>
<token t_id="99" sentence="4" number="12">conduct</token>
<token t_id="100" sentence="4" number="13">of</token>
<token t_id="101" sentence="4" number="14">the</token>
<token t_id="102" sentence="4" number="15">elections</token>
<token t_id="103" sentence="4" number="16">in</token>
<token t_id="104" sentence="4" number="17">the</token>
<token t_id="105" sentence="4" number="18">country</token>
<token t_id="106" sentence="4" number="19">125</token>
<token t_id="107" sentence="4" number="20">electoral</token>
<token t_id="108" sentence="4" number="21">districts</token>
<token t_id="109" sentence="4" number="22">will</token>
<token t_id="110" sentence="4" number="23">be</token>
<token t_id="111" sentence="4" number="24">established</token>
<token t_id="112" sentence="4" number="25">,</token>
<token t_id="113" sentence="4" number="26">including</token>
<token t_id="114" sentence="4" number="27">those</token>
<token t_id="115" sentence="4" number="28">in</token>
<token t_id="116" sentence="4" number="29">Ashgabat</token>
<token t_id="117" sentence="4" number="30">city</token>
<token t_id="118" sentence="4" number="31">-</token>
<token t_id="119" sentence="4" number="32">15</token>
<token t_id="120" sentence="4" number="33">,</token>
<token t_id="121" sentence="4" number="34">Akhal</token>
<token t_id="122" sentence="4" number="35">province</token>
<token t_id="123" sentence="4" number="36">-</token>
<token t_id="124" sentence="4" number="37">15</token>
<token t_id="125" sentence="4" number="38">,</token>
<token t_id="126" sentence="4" number="39">Balkan</token>
<token t_id="127" sentence="4" number="40">province</token>
<token t_id="128" sentence="4" number="41">-</token>
<token t_id="129" sentence="4" number="42">10</token>
<token t_id="130" sentence="4" number="43">,</token>
<token t_id="131" sentence="4" number="44">Dashoguz</token>
<token t_id="132" sentence="4" number="45">province</token>
<token t_id="133" sentence="4" number="46">-</token>
<token t_id="134" sentence="4" number="47">27</token>
<token t_id="135" sentence="4" number="48">,</token>
<token t_id="136" sentence="4" number="49">Lebap</token>
<token t_id="137" sentence="4" number="50">province</token>
<token t_id="138" sentence="4" number="51">-</token>
<token t_id="139" sentence="4" number="52">28</token>
<token t_id="140" sentence="4" number="53">,</token>
<token t_id="141" sentence="4" number="54">Mary</token>
<token t_id="142" sentence="4" number="55">province</token>
<token t_id="143" sentence="4" number="56">-</token>
<token t_id="144" sentence="4" number="57">30</token>
<token t_id="145" sentence="4" number="58">.</token>
<token t_id="146" sentence="5" number="0">It</token>
<token t_id="147" sentence="5" number="1">is</token>
<token t_id="148" sentence="5" number="2">expected</token>
<token t_id="149" sentence="5" number="3">that</token>
<token t_id="150" sentence="5" number="4">the</token>
<token t_id="151" sentence="5" number="5">start</token>
<token t_id="152" sentence="5" number="6">of</token>
<token t_id="153" sentence="5" number="7">the</token>
<token t_id="154" sentence="5" number="8">campaign</token>
<token t_id="155" sentence="5" number="9">for</token>
<token t_id="156" sentence="5" number="10">this</token>
<token t_id="157" sentence="5" number="11">election</token>
<token t_id="158" sentence="5" number="12">will</token>
<token t_id="159" sentence="5" number="13">be</token>
<token t_id="160" sentence="5" number="14">announced</token>
<token t_id="161" sentence="5" number="15">on</token>
<token t_id="162" sentence="5" number="16">October</token>
<token t_id="163" sentence="5" number="17">5</token>
<token t_id="164" sentence="5" number="18">,</token>
<token t_id="165" sentence="5" number="19">2013</token>
<token t_id="166" sentence="5" number="20">,</token>
<token t_id="167" sentence="5" number="21">in</token>
<token t_id="168" sentence="5" number="22">Turkmenistan</token>
<token t_id="169" sentence="5" number="23">.</token>
<token t_id="170" sentence="6" number="0">Nomination</token>
<token t_id="171" sentence="6" number="1">of</token>
<token t_id="172" sentence="6" number="2">candidates</token>
<token t_id="173" sentence="6" number="3">for</token>
<token t_id="174" sentence="6" number="4">the</token>
<token t_id="175" sentence="6" number="5">national</token>
<token t_id="176" sentence="6" number="6">parliament</token>
<token t_id="177" sentence="6" number="7">will</token>
<token t_id="178" sentence="6" number="8">take</token>
<token t_id="179" sentence="6" number="9">place</token>
<token t_id="180" sentence="6" number="10">from</token>
<token t_id="181" sentence="6" number="11">October</token>
<token t_id="182" sentence="6" number="12">16</token>
<token t_id="183" sentence="6" number="13">to</token>
<token t_id="184" sentence="6" number="14">November</token>
<token t_id="185" sentence="6" number="15">14</token>
<token t_id="186" sentence="6" number="16">.</token>
<token t_id="187" sentence="7" number="0">Registration</token>
<token t_id="188" sentence="7" number="1">will</token>
<token t_id="189" sentence="7" number="2">run</token>
<token t_id="190" sentence="7" number="3">from</token>
<token t_id="191" sentence="7" number="4">October</token>
<token t_id="192" sentence="7" number="5">26</token>
<token t_id="193" sentence="7" number="6">to</token>
<token t_id="194" sentence="7" number="7">November</token>
<token t_id="195" sentence="7" number="8">20</token>
<token t_id="196" sentence="7" number="9">.</token>
<token t_id="197" sentence="8" number="0">It</token>
<token t_id="198" sentence="8" number="1">is</token>
<token t_id="199" sentence="8" number="2">expected</token>
<token t_id="200" sentence="8" number="3">the</token>
<token t_id="201" sentence="8" number="4">elections</token>
<token t_id="202" sentence="8" number="5">will</token>
<token t_id="203" sentence="8" number="6">be</token>
<token t_id="204" sentence="8" number="7">monitored</token>
<token t_id="205" sentence="8" number="8">by</token>
<token t_id="206" sentence="8" number="9">national</token>
<token t_id="207" sentence="8" number="10">observers</token>
<token t_id="208" sentence="8" number="11">and</token>
<token t_id="209" sentence="8" number="12">invited</token>
<token t_id="210" sentence="8" number="13">international</token>
<token t_id="211" sentence="8" number="14">experts</token>
<token t_id="212" sentence="8" number="15">and</token>
<token t_id="213" sentence="8" number="16">witnesses</token>
<token t_id="214" sentence="8" number="17">from</token>
<token t_id="215" sentence="8" number="18">many</token>
<token t_id="216" sentence="8" number="19">foreign</token>
<token t_id="217" sentence="8" number="20">countries</token>
<token t_id="218" sentence="8" number="21">and</token>
<token t_id="219" sentence="8" number="22">major</token>
<token t_id="220" sentence="8" number="23">international</token>
<token t_id="221" sentence="8" number="24">organisations</token>
<token t_id="222" sentence="8" number="25">and</token>
<token t_id="223" sentence="8" number="26">in</token>
<token t_id="224" sentence="8" number="27">the</token>
<token t_id="225" sentence="8" number="28">first</token>
<token t_id="226" sentence="8" number="29">instance</token>
<token t_id="227" sentence="8" number="30">,</token>
<token t_id="228" sentence="8" number="31">the</token>
<token t_id="229" sentence="8" number="32">European</token>
<token t_id="230" sentence="8" number="33">Union</token>
<token t_id="231" sentence="8" number="34">,</token>
<token t_id="232" sentence="8" number="35">the</token>
<token t_id="233" sentence="8" number="36">CIS</token>
<token t_id="234" sentence="8" number="37">and</token>
<token t_id="235" sentence="8" number="38">the</token>
<token t_id="236" sentence="8" number="39">OSCE</token>
<token t_id="237" sentence="8" number="40">.</token>
<token t_id="238" sentence="9" number="0">The</token>
<token t_id="239" sentence="9" number="1">MPs</token>
<token t_id="240" sentence="9" number="2">term</token>
<token t_id="241" sentence="9" number="3">of</token>
<token t_id="242" sentence="9" number="4">office</token>
<token t_id="243" sentence="9" number="5">is</token>
<token t_id="244" sentence="9" number="6">five</token>
<token t_id="245" sentence="9" number="7">years</token>
<token t_id="246" sentence="9" number="8">.</token>
<token t_id="247" sentence="10" number="0">The</token>
<token t_id="248" sentence="10" number="1">main</token>
<token t_id="249" sentence="10" number="2">current</token>
<token t_id="250" sentence="10" number="3">staff</token>
<token t_id="251" sentence="10" number="4">was</token>
<token t_id="252" sentence="10" number="5">elected</token>
<token t_id="253" sentence="10" number="6">in</token>
<token t_id="254" sentence="10" number="7">December</token>
<token t_id="255" sentence="10" number="8">2008</token>
<token t_id="256" sentence="10" number="9">.</token>
<token t_id="257" sentence="11" number="0">According</token>
<token t_id="258" sentence="11" number="1">to</token>
<token t_id="259" sentence="11" number="2">the</token>
<token t_id="260" sentence="11" number="3">Turkmen</token>
<token t_id="261" sentence="11" number="4">constitution</token>
<token t_id="262" sentence="11" number="5">,</token>
<token t_id="263" sentence="11" number="6">the</token>
<token t_id="264" sentence="11" number="7">parliament</token>
<token t_id="265" sentence="11" number="8">passes</token>
<token t_id="266" sentence="11" number="9">laws</token>
<token t_id="267" sentence="11" number="10">,</token>
<token t_id="268" sentence="11" number="11">makes</token>
<token t_id="269" sentence="11" number="12">changes</token>
<token t_id="270" sentence="11" number="13">and</token>
<token t_id="271" sentence="11" number="14">additions</token>
<token t_id="272" sentence="11" number="15">to</token>
<token t_id="273" sentence="11" number="16">the</token>
<token t_id="274" sentence="11" number="17">Constitution</token>
<token t_id="275" sentence="11" number="18">of</token>
<token t_id="276" sentence="11" number="19">Turkmenistan</token>
<token t_id="277" sentence="11" number="20">;</token>
<token t_id="278" sentence="11" number="21">examines</token>
<token t_id="279" sentence="11" number="22">the</token>
<token t_id="280" sentence="11" number="23">state</token>
<token t_id="281" sentence="11" number="24">budget</token>
<token t_id="282" sentence="11" number="25">approval</token>
<token t_id="283" sentence="11" number="26">,</token>
<token t_id="284" sentence="11" number="27">addresses</token>
<token t_id="285" sentence="11" number="28">questions</token>
<token t_id="286" sentence="11" number="29">on</token>
<token t_id="287" sentence="11" number="30">holding</token>
<token t_id="288" sentence="11" number="31">referendums</token>
<token t_id="289" sentence="11" number="32">and</token>
<token t_id="290" sentence="11" number="33">announces</token>
<token t_id="291" sentence="11" number="34">presidential</token>
<token t_id="292" sentence="11" number="35">and</token>
<token t_id="293" sentence="11" number="36">parliamentary</token>
<token t_id="294" sentence="11" number="37">elections</token>
<token t_id="295" sentence="11" number="38">.</token>
<token t_id="296" sentence="12" number="0">It</token>
<token t_id="297" sentence="12" number="1">also</token>
<token t_id="298" sentence="12" number="2">considers</token>
<token t_id="299" sentence="12" number="3">issues</token>
<token t_id="300" sentence="12" number="4">the</token>
<token t_id="301" sentence="12" number="5">appointment</token>
<token t_id="302" sentence="12" number="6">and</token>
<token t_id="303" sentence="12" number="7">dismissal</token>
<token t_id="304" sentence="12" number="8">of</token>
<token t_id="305" sentence="12" number="9">the</token>
<token t_id="306" sentence="12" number="10">chief</token>
<token t_id="307" sentence="12" number="11">of</token>
<token t_id="308" sentence="12" number="12">the</token>
<token t_id="309" sentence="12" number="13">Supreme</token>
<token t_id="310" sentence="12" number="14">Court</token>
<token t_id="311" sentence="12" number="15">,</token>
<token t_id="312" sentence="12" number="16">attorney</token>
<token t_id="313" sentence="12" number="17">general</token>
<token t_id="314" sentence="12" number="18">,</token>
<token t_id="315" sentence="12" number="19">interior</token>
<token t_id="316" sentence="12" number="20">minister</token>
<token t_id="317" sentence="12" number="21">and</token>
<token t_id="318" sentence="12" number="22">minister</token>
<token t_id="319" sentence="12" number="23">of</token>
<token t_id="320" sentence="12" number="24">justice</token>
<token t_id="321" sentence="12" number="25">and</token>
<token t_id="322" sentence="12" number="26">ratifies</token>
<token t_id="323" sentence="12" number="27">and</token>
<token t_id="324" sentence="12" number="28">terminates</token>
<token t_id="325" sentence="12" number="29">international</token>
<token t_id="326" sentence="12" number="30">treaties</token>
<token t_id="327" sentence="12" number="31">,</token>
<token t_id="328" sentence="12" number="32">addresses</token>
<token t_id="329" sentence="12" number="33">issues</token>
<token t_id="330" sentence="12" number="34">on</token>
<token t_id="331" sentence="12" number="35">changes</token>
<token t_id="332" sentence="12" number="36">of</token>
<token t_id="333" sentence="12" number="37">state</token>
<token t_id="334" sentence="12" number="38">borders</token>
<token t_id="335" sentence="12" number="39">and</token>
<token t_id="336" sentence="12" number="40">the</token>
<token t_id="337" sentence="12" number="41">administrative</token>
<token t_id="338" sentence="12" number="42">-</token>
<token t_id="339" sentence="12" number="43">territorial</token>
<token t_id="340" sentence="12" number="44">division</token>
<token t_id="341" sentence="12" number="45">of</token>
<token t_id="342" sentence="12" number="46">Turkmenistan</token>
<token t_id="343" sentence="12" number="47">.</token>
<Markables>
<ACTION_OCCURRENCE m_id="10"  >
  <token_anchor t_id="56"/>
</ACTION_OCCURRENCE>
<ACTION_OCCURRENCE m_id="12"  >
  <token_anchor t_id="64"/>
</ACTION_OCCURRENCE>
<ACTION_OCCURRENCE m_id="13"  >
  <token_anchor t_id="66"/>
</ACTION_OCCURRENCE>
<ACTION_OCCURRENCE m_id="14"  >
  <token_anchor t_id="68"/>
</ACTION_OCCURRENCE>
<ACTION_OCCURRENCE m_id="19"  >
  <token_anchor t_id="82"/>
</ACTION_OCCURRENCE>
<ACTION_OCCURRENCE m_id="23"  >
  <token_anchor t_id="102"/>
</ACTION_OCCURRENCE>
<ACTION_OCCURRENCE m_id="24"  >
  <token_anchor t_id="99"/>
</ACTION_OCCURRENCE>
<ACTION_OCCURRENCE m_id="1"  >
  <token_anchor t_id="22"/>
</ACTION_OCCURRENCE>
<ACTION_OCCURRENCE m_id="33"  >
  <token_anchor t_id="111"/>
</ACTION_OCCURRENCE>
<ACTION_OCCURRENCE m_id="2"  >
  <token_anchor t_id="28"/>
</ACTION_OCCURRENCE>
<ACTION_OCCURRENCE m_id="6"  >
  <token_anchor t_id="43"/>
</ACTION_OCCURRENCE>
<ACTION_REPORTING m_id="21"  >
  <token_anchor t_id="85"/>
</ACTION_REPORTING>
<HUMAN_PART_ORG m_id="17"  >
  <token_anchor t_id="77"/>
  <token_anchor t_id="78"/>
  <token_anchor t_id="79"/>
</HUMAN_PART_ORG>
<HUMAN_PART_PER m_id="7"  >
  <token_anchor t_id="45"/>
</HUMAN_PART_PER>
<LOC_GEO m_id="15"  >
  <token_anchor t_id="70"/>
  <token_anchor t_id="71"/>
</LOC_GEO>
<LOC_GEO m_id="18"  >
  <token_anchor t_id="81"/>
</LOC_GEO>
<LOC_GEO m_id="25"  >
  <token_anchor t_id="105"/>
</LOC_GEO>
<LOC_GEO m_id="26"  >
  <token_anchor t_id="107"/>
  <token_anchor t_id="108"/>
</LOC_GEO>
<LOC_GEO m_id="27"  >
  <token_anchor t_id="116"/>
  <token_anchor t_id="117"/>
</LOC_GEO>
<LOC_GEO m_id="28"  >
  <token_anchor t_id="121"/>
  <token_anchor t_id="122"/>
</LOC_GEO>
<LOC_GEO m_id="29"  >
  <token_anchor t_id="126"/>
  <token_anchor t_id="127"/>
</LOC_GEO>
<LOC_GEO m_id="30"  >
  <token_anchor t_id="131"/>
  <token_anchor t_id="132"/>
</LOC_GEO>
<LOC_GEO m_id="31"  >
  <token_anchor t_id="136"/>
  <token_anchor t_id="137"/>
</LOC_GEO>
<LOC_GEO m_id="32"  >
  <token_anchor t_id="141"/>
  <token_anchor t_id="142"/>
</LOC_GEO>
<LOC_GEO m_id="4"  >
  <token_anchor t_id="20"/>
  <token_anchor t_id="21"/>
</LOC_GEO>
<LOC_GEO m_id="5"  >
  <token_anchor t_id="24"/>
</LOC_GEO>
<NON_HUMAN_PART m_id="16"  >
  <token_anchor t_id="74"/>
</NON_HUMAN_PART>
<NON_HUMAN_PART m_id="22"  >
  <token_anchor t_id="90"/>
  <token_anchor t_id="91"/>
  <token_anchor t_id="92"/>
  <token_anchor t_id="93"/>
  <token_anchor t_id="94"/>
  <token_anchor t_id="95"/>
</NON_HUMAN_PART>
<TIME_DATE m_id="11"  >
  <token_anchor t_id="58"/>
  <token_anchor t_id="59"/>
  <token_anchor t_id="60"/>
  <token_anchor t_id="61"/>
</TIME_DATE>
<TIME_DATE m_id="20"  >
  <token_anchor t_id="84"/>
</TIME_DATE>
<TIME_OF_THE_DAY m_id="3"  >
  <token_anchor t_id="29"/>
  <token_anchor t_id="30"/>
  <token_anchor t_id="31"/>
  <token_anchor t_id="32"/>
  <token_anchor t_id="33"/>
  <token_anchor t_id="34"/>
  <token_anchor t_id="35"/>
  <token_anchor t_id="36"/>
  <token_anchor t_id="37"/>
  <token_anchor t_id="38"/>
  <token_anchor t_id="39"/>
  <token_anchor t_id="40"/>
</TIME_OF_THE_DAY>


<HUMAN_PART_ORG m_id="37" note="byCROMER" >
  <token_anchor t_id="48"/>
  <token_anchor t_id="49"/>
  <token_anchor t_id="50"/>
  <token_anchor t_id="51"/>
  <token_anchor t_id="52"/>
</HUMAN_PART_ORG>
<HUMAN_PART_ORG m_id="38" note="byCROMER" >
  <token_anchor t_id="27"/>
</HUMAN_PART_ORG>


<ACTION_OCCURRENCE m_id="45" RELATED_TO="" TAG_DESCRIPTOR="t11_election" instance_id="ACT17395452991115142" />
<LOC_GEO m_id="44" RELATED_TO="" TAG_DESCRIPTOR="t11_ashgabat" instance_id="LOC17395437080427606" />
<HUMAN_PART_ORG m_id="43" RELATED_TO="" TAG_DESCRIPTOR="t11b_parliament" instance_id="HUM17398068448153302" />
<ACTION_OCCURRENCE m_id="42" RELATED_TO="" TAG_DESCRIPTOR="t11_planned_elections" instance_id="ACT17395815742597332" />
<HUMAN_PART_ORG m_id="41" RELATED_TO="" TAG_DESCRIPTOR="t11_central_election_commission" instance_id="HUM17395535970766161" />
<TIME_DATE m_id="39" RELATED_TO="" TAG_DESCRIPTOR="t11_december_15" instance_id="TIM17396061649832578" />
<LOC_GEO m_id="40" RELATED_TO="" TAG_DESCRIPTOR="t11_turkmenistan" instance_id="LOC17395351611820997" />
<LOC_GEO m_id="35" RELATED_TO="" TAG_DESCRIPTOR="electoral_districts" />
</Markables>

<Relations>
<INTRA_DOC_COREF r_id="24861" >
<source m_id="4" />
<source m_id="15" />
<source m_id="26" />
<target m_id="35" />
</INTRA_DOC_COREF>
<CROSS_DOC_COREF r_id="24863" note="TIM17396061649832578" >
  <source m_id="11" />
  <target m_id="39" />
</CROSS_DOC_COREF>
<CROSS_DOC_COREF r_id="24864" note="LOC17395351611820997" >
  <source m_id="5" />
  <source m_id="18" />
  <target m_id="40" />
</CROSS_DOC_COREF>
<CROSS_DOC_COREF r_id="24865" note="HUM17395535970766161" >
  <source m_id="17" />
  <target m_id="41" />
</CROSS_DOC_COREF>
<CROSS_DOC_COREF r_id="24866" note="ACT17395815742597332" >
  <source m_id="10" />
  <target m_id="42" />
</CROSS_DOC_COREF>
<CROSS_DOC_COREF r_id="24867" note="HUM17398068448153302" >
  <source m_id="37" />
  <source m_id="38" />
  <target m_id="43" />
</CROSS_DOC_COREF>
<CROSS_DOC_COREF r_id="24868" note="LOC17395437080427606" >
  <source m_id="27" />
  <target m_id="44" />
</CROSS_DOC_COREF>
<CROSS_DOC_COREF r_id="24869" note="ACT17395452991115142" >
  <source m_id="6" />
  <source m_id="23" />
  <source m_id="2" />
  <target m_id="45" />
</CROSS_DOC_COREF>

</Relations>
</Document>
