<Document doc_name="22_12ecbplus.xml" doc_id="DOC15646313487999254">
<token t_id="1" sentence="0" number="0">http</token>
<token t_id="2" sentence="0" number="1">:</token>
<token t_id="3" sentence="0" number="2">/</token>
<token t_id="4" sentence="0" number="3">/</token>
<token t_id="5" sentence="0" number="4">www</token>
<token t_id="6" sentence="0" number="5">.</token>
<token t_id="7" sentence="0" number="6">xhuffingtonpost</token>
<token t_id="8" sentence="0" number="7">.</token>
<token t_id="9" sentence="0" number="8">com</token>
<token t_id="10" sentence="0" number="9">/</token>
<token t_id="11" sentence="0" number="10">2010</token>
<token t_id="12" sentence="0" number="11">/</token>
<token t_id="13" sentence="0" number="12">09</token>
<token t_id="14" sentence="0" number="13">/</token>
<token t_id="15" sentence="0" number="14">10</token>
<token t_id="16" sentence="0" number="15">/</token>
<token t_id="17" sentence="0" number="16">kraft</token>
<token t_id="18" sentence="0" number="17">-</token>
<token t_id="19" sentence="0" number="18">shooting</token>
<token t_id="20" sentence="0" number="19">-</token>
<token t_id="21" sentence="0" number="20">yvonne</token>
<token t_id="22" sentence="0" number="21">-</token>
<token t_id="23" sentence="0" number="22">hil</token>
<token t_id="24" sentence="0" number="23">_</token>
<token t_id="25" sentence="0" number="24">n</token>
<token t_id="26" sentence="0" number="25">_</token>
<token t_id="27" sentence="0" number="26">712178</token>
<token t_id="28" sentence="0" number="27">.</token>
<token t_id="29" sentence="0" number="28">html</token>
<token t_id="30" sentence="1" number="0">Kraft</token>
<token t_id="31" sentence="1" number="1">Shooting</token>
<token t_id="32" sentence="1" number="2">:</token>
<token t_id="33" sentence="1" number="3">Yvonne</token>
<token t_id="34" sentence="1" number="4">Hiller</token>
<token t_id="35" sentence="1" number="5">Charged</token>
<token t_id="36" sentence="1" number="6">With</token>
<token t_id="37" sentence="1" number="7">Two</token>
<token t_id="38" sentence="1" number="8">Counts</token>
<token t_id="39" sentence="1" number="9">Of</token>
<token t_id="40" sentence="1" number="10">Murder</token>
<token t_id="41" sentence="2" number="0">09</token>
<token t_id="42" sentence="2" number="1">/</token>
<token t_id="43" sentence="2" number="2">10</token>
<token t_id="44" sentence="2" number="3">/</token>
<token t_id="45" sentence="2" number="4">10</token>
<token t_id="46" sentence="2" number="5">08</token>
<token t_id="47" sentence="2" number="6">:</token>
<token t_id="48" sentence="2" number="7">23</token>
<token t_id="49" sentence="2" number="8">PM</token>
<token t_id="50" sentence="2" number="9">ET</token>
<token t_id="51" sentence="3" number="0">A</token>
<token t_id="52" sentence="3" number="1">Kraft</token>
<token t_id="53" sentence="3" number="2">Foods</token>
<token t_id="54" sentence="3" number="3">plant</token>
<token t_id="55" sentence="3" number="4">worker</token>
<token t_id="56" sentence="3" number="5">who</token>
<token t_id="57" sentence="3" number="6">had</token>
<token t_id="58" sentence="3" number="7">been</token>
<token t_id="59" sentence="3" number="8">suspended</token>
<token t_id="60" sentence="3" number="9">for</token>
<token t_id="61" sentence="3" number="10">feuding</token>
<token t_id="62" sentence="3" number="11">with</token>
<token t_id="63" sentence="3" number="12">colleagues</token>
<token t_id="64" sentence="3" number="13">,</token>
<token t_id="65" sentence="3" number="14">then</token>
<token t_id="66" sentence="3" number="15">escorted</token>
<token t_id="67" sentence="3" number="16">from</token>
<token t_id="68" sentence="3" number="17">the</token>
<token t_id="69" sentence="3" number="18">building</token>
<token t_id="70" sentence="3" number="19">,</token>
<token t_id="71" sentence="3" number="20">returned</token>
<token t_id="72" sentence="3" number="21">minutes</token>
<token t_id="73" sentence="3" number="22">later</token>
<token t_id="74" sentence="3" number="23">with</token>
<token t_id="75" sentence="3" number="24">a</token>
<token t_id="76" sentence="3" number="25">handgun</token>
<token t_id="77" sentence="3" number="26">,</token>
<token t_id="78" sentence="3" number="27">found</token>
<token t_id="79" sentence="3" number="28">her</token>
<token t_id="80" sentence="3" number="29">foes</token>
<token t_id="81" sentence="3" number="30">in</token>
<token t_id="82" sentence="3" number="31">a</token>
<token t_id="83" sentence="3" number="32">break</token>
<token t_id="84" sentence="3" number="33">room</token>
<token t_id="85" sentence="3" number="34">and</token>
<token t_id="86" sentence="3" number="35">executed</token>
<token t_id="87" sentence="3" number="36">two</token>
<token t_id="88" sentence="3" number="37">of</token>
<token t_id="89" sentence="3" number="38">them</token>
<token t_id="90" sentence="3" number="39">with</token>
<token t_id="91" sentence="3" number="40">a</token>
<token t_id="92" sentence="3" number="41">single</token>
<token t_id="93" sentence="3" number="42">bullet</token>
<token t_id="94" sentence="3" number="43">each</token>
<token t_id="95" sentence="3" number="44">and</token>
<token t_id="96" sentence="3" number="45">critically</token>
<token t_id="97" sentence="3" number="46">wounded</token>
<token t_id="98" sentence="3" number="47">a</token>
<token t_id="99" sentence="3" number="48">third</token>
<token t_id="100" sentence="3" number="49">,</token>
<token t_id="101" sentence="3" number="50">police</token>
<token t_id="102" sentence="3" number="51">said</token>
<token t_id="103" sentence="3" number="52">Friday</token>
<token t_id="104" sentence="3" number="53">.</token>
<token t_id="105" sentence="4" number="0">Yvonne</token>
<token t_id="106" sentence="4" number="1">Hiller</token>
<token t_id="107" sentence="4" number="2">,</token>
<token t_id="108" sentence="4" number="3">43</token>
<token t_id="109" sentence="4" number="4">,</token>
<token t_id="110" sentence="4" number="5">had</token>
<token t_id="111" sentence="4" number="6">gotten</token>
<token t_id="112" sentence="4" number="7">into</token>
<token t_id="113" sentence="4" number="8">an</token>
<token t_id="114" sentence="4" number="9">argument</token>
<token t_id="115" sentence="4" number="10">Thursday</token>
<token t_id="116" sentence="4" number="11">evening</token>
<token t_id="117" sentence="4" number="12">with</token>
<token t_id="118" sentence="4" number="13">her</token>
<token t_id="119" sentence="4" number="14">co</token>
<token t_id="120" sentence="4" number="15">-</token>
<token t_id="121" sentence="4" number="16">workers</token>
<token t_id="122" sentence="4" number="17">at</token>
<token t_id="123" sentence="4" number="18">the</token>
<token t_id="124" sentence="4" number="19">northeast</token>
<token t_id="125" sentence="4" number="20">Philadelphia</token>
<token t_id="126" sentence="4" number="21">plant</token>
<token t_id="127" sentence="4" number="22">,</token>
<token t_id="128" sentence="4" number="23">police</token>
<token t_id="129" sentence="4" number="24">said</token>
<token t_id="130" sentence="4" number="25">.</token>
<token t_id="131" sentence="5" number="0">After</token>
<token t_id="132" sentence="5" number="1">she</token>
<token t_id="133" sentence="5" number="2">was</token>
<token t_id="134" sentence="5" number="3">disciplined</token>
<token t_id="135" sentence="5" number="4">,</token>
<token t_id="136" sentence="5" number="5">she</token>
<token t_id="137" sentence="5" number="6">went</token>
<token t_id="138" sentence="5" number="7">to</token>
<token t_id="139" sentence="5" number="8">her</token>
<token t_id="140" sentence="5" number="9">vehicle</token>
<token t_id="141" sentence="5" number="10">,</token>
<token t_id="142" sentence="5" number="11">made</token>
<token t_id="143" sentence="5" number="12">several</token>
<token t_id="144" sentence="5" number="13">phone</token>
<token t_id="145" sentence="5" number="14">calls</token>
<token t_id="146" sentence="5" number="15">,</token>
<token t_id="147" sentence="5" number="16">and</token>
<token t_id="148" sentence="5" number="17">then</token>
<token t_id="149" sentence="5" number="18">grabbed</token>
<token t_id="150" sentence="5" number="19">a</token>
<token t_id="151" sentence="5" number="20">.</token>
<token t_id="152" sentence="5" number="21">357</token>
<token t_id="153" sentence="5" number="22">Magnum</token>
<token t_id="154" sentence="5" number="23">and</token>
<token t_id="155" sentence="5" number="24">used</token>
<token t_id="156" sentence="5" number="25">it</token>
<token t_id="157" sentence="5" number="26">to</token>
<token t_id="158" sentence="5" number="27">force</token>
<token t_id="159" sentence="5" number="28">her</token>
<token t_id="160" sentence="5" number="29">way</token>
<token t_id="161" sentence="5" number="30">past</token>
<token t_id="162" sentence="5" number="31">security</token>
<token t_id="163" sentence="5" number="32">guards</token>
<token t_id="164" sentence="5" number="33">at</token>
<token t_id="165" sentence="5" number="34">the</token>
<token t_id="166" sentence="5" number="35">front</token>
<token t_id="167" sentence="5" number="36">gate</token>
<token t_id="168" sentence="5" number="37">.</token>
<token t_id="169" sentence="6" number="0">About</token>
<token t_id="170" sentence="6" number="1">100</token>
<token t_id="171" sentence="6" number="2">people</token>
<token t_id="172" sentence="6" number="3">were</token>
<token t_id="173" sentence="6" number="4">at</token>
<token t_id="174" sentence="6" number="5">work</token>
<token t_id="175" sentence="6" number="6">at</token>
<token t_id="176" sentence="6" number="7">the</token>
<token t_id="177" sentence="6" number="8">plant</token>
<token t_id="178" sentence="6" number="9">,</token>
<token t_id="179" sentence="6" number="10">which</token>
<token t_id="180" sentence="6" number="11">makes</token>
<token t_id="181" sentence="6" number="12">Nabisco</token>
<token t_id="182" sentence="6" number="13">cookies</token>
<token t_id="183" sentence="6" number="14">and</token>
<token t_id="184" sentence="6" number="15">crackers</token>
<token t_id="185" sentence="6" number="16">.</token>
<token t_id="186" sentence="7" number="0">Hiller</token>
<token t_id="187" sentence="7" number="1">walked</token>
<token t_id="188" sentence="7" number="2">to</token>
<token t_id="189" sentence="7" number="3">the</token>
<token t_id="190" sentence="7" number="4">third</token>
<token t_id="191" sentence="7" number="5">-</token>
<token t_id="192" sentence="7" number="6">floor</token>
<token t_id="193" sentence="7" number="7">mixing</token>
<token t_id="194" sentence="7" number="8">area</token>
<token t_id="195" sentence="7" number="9">and</token>
<token t_id="196" sentence="7" number="10">found</token>
<token t_id="197" sentence="7" number="11">four</token>
<token t_id="198" sentence="7" number="12">people</token>
<token t_id="199" sentence="7" number="13">in</token>
<token t_id="200" sentence="7" number="14">the</token>
<token t_id="201" sentence="7" number="15">break</token>
<token t_id="202" sentence="7" number="16">room</token>
<token t_id="203" sentence="7" number="17">.</token>
<token t_id="204" sentence="8" number="0">She</token>
<token t_id="205" sentence="8" number="1">had</token>
<token t_id="206" sentence="8" number="2">no</token>
<token t_id="207" sentence="8" number="3">quarrels</token>
<token t_id="208" sentence="8" number="4">with</token>
<token t_id="209" sentence="8" number="5">one</token>
<token t_id="210" sentence="8" number="6">woman</token>
<token t_id="211" sentence="8" number="7">and</token>
<token t_id="212" sentence="8" number="8">told</token>
<token t_id="213" sentence="8" number="9">her</token>
<token t_id="214" sentence="8" number="10">to</token>
<token t_id="215" sentence="8" number="11">leave</token>
<token t_id="216" sentence="8" number="12">.</token>
<token t_id="217" sentence="9" number="0">She</token>
<token t_id="218" sentence="9" number="1">then</token>
<token t_id="219" sentence="9" number="2">opened</token>
<token t_id="220" sentence="9" number="3">fire</token>
<token t_id="221" sentence="9" number="4">on</token>
<token t_id="222" sentence="9" number="5">the</token>
<token t_id="223" sentence="9" number="6">others</token>
<token t_id="224" sentence="9" number="7">,</token>
<token t_id="225" sentence="9" number="8">Philadelphia</token>
<token t_id="226" sentence="9" number="9">Homicide</token>
<token t_id="227" sentence="9" number="10">Capt</token>
<token t_id="228" sentence="9" number="11">.</token>
<token t_id="229" sentence="9" number="12">James</token>
<token t_id="230" sentence="9" number="13">Clark</token>
<token t_id="231" sentence="9" number="14">said</token>
<token t_id="232" sentence="9" number="15">.</token>
<token t_id="233" sentence="10" number="0">"She</token>
<token t_id="234" sentence="10" number="1">believed</token>
<token t_id="235" sentence="10" number="2">they</token>
<token t_id="236" sentence="10" number="3">were</token>
<token t_id="237" sentence="10" number="4">spraying</token>
<token t_id="238" sentence="10" number="5">chemicals</token>
<token t_id="239" sentence="10" number="6">at</token>
<token t_id="240" sentence="10" number="7">her</token>
<token t_id="241" sentence="10" number="8">,</token>
<token t_id="242" sentence="10" number="9">saying</token>
<token t_id="243" sentence="10" number="10">things</token>
<token t_id="244" sentence="10" number="11">behind</token>
<token t_id="245" sentence="10" number="12">her</token>
<token t_id="246" sentence="10" number="13">back</token>
<token t_id="247" sentence="10" number="14">,</token>
<token t_id="248" sentence="10" number="15">"</token>
<token t_id="249" sentence="10" number="16">Clark</token>
<token t_id="250" sentence="10" number="17">said</token>
<token t_id="251" sentence="10" number="18">.</token>
<token t_id="252" sentence="11" number="0">After</token>
<token t_id="253" sentence="11" number="1">leaving</token>
<token t_id="254" sentence="11" number="2">the</token>
<token t_id="255" sentence="11" number="3">break</token>
<token t_id="256" sentence="11" number="4">room</token>
<token t_id="257" sentence="11" number="5">,</token>
<token t_id="258" sentence="11" number="6">Hiller</token>
<token t_id="259" sentence="11" number="7">went</token>
<token t_id="260" sentence="11" number="8">down</token>
<token t_id="261" sentence="11" number="9">a</token>
<token t_id="262" sentence="11" number="10">hallway</token>
<token t_id="263" sentence="11" number="11">and</token>
<token t_id="264" sentence="11" number="12">fired</token>
<token t_id="265" sentence="11" number="13">shots</token>
<token t_id="266" sentence="11" number="14">at</token>
<token t_id="267" sentence="11" number="15">the</token>
<token t_id="268" sentence="11" number="16">supervisor</token>
<token t_id="269" sentence="11" number="17">who</token>
<token t_id="270" sentence="11" number="18">had</token>
<token t_id="271" sentence="11" number="19">suspended</token>
<token t_id="272" sentence="11" number="20">her</token>
<token t_id="273" sentence="11" number="21">and</token>
<token t_id="274" sentence="11" number="22">at</token>
<token t_id="275" sentence="11" number="23">a</token>
<token t_id="276" sentence="11" number="24">mechanic</token>
<token t_id="277" sentence="11" number="25">who</token>
<token t_id="278" sentence="11" number="26">was</token>
<token t_id="279" sentence="11" number="27">using</token>
<token t_id="280" sentence="11" number="28">a</token>
<token t_id="281" sentence="11" number="29">walkie</token>
<token t_id="282" sentence="11" number="30">-</token>
<token t_id="283" sentence="11" number="31">talkie</token>
<token t_id="284" sentence="11" number="32">to</token>
<token t_id="285" sentence="11" number="33">alert</token>
<token t_id="286" sentence="11" number="34">police</token>
<token t_id="287" sentence="11" number="35">and</token>
<token t_id="288" sentence="11" number="36">co</token>
<token t_id="289" sentence="11" number="37">-</token>
<token t_id="290" sentence="11" number="38">workers</token>
<token t_id="291" sentence="11" number="39">to</token>
<token t_id="292" sentence="11" number="40">her</token>
<token t_id="293" sentence="11" number="41">whereabouts</token>
<token t_id="294" sentence="11" number="42">,</token>
<token t_id="295" sentence="11" number="43">police</token>
<token t_id="296" sentence="11" number="44">said</token>
<token t_id="297" sentence="11" number="45">.</token>
<token t_id="298" sentence="12" number="0">She</token>
<token t_id="299" sentence="12" number="1">missed</token>
<token t_id="300" sentence="12" number="2">both</token>
<token t_id="301" sentence="12" number="3">.</token>
<token t_id="302" sentence="13" number="0">Hiller</token>
<token t_id="303" sentence="13" number="1">finally</token>
<token t_id="304" sentence="13" number="2">went</token>
<token t_id="305" sentence="13" number="3">to</token>
<token t_id="306" sentence="13" number="4">a</token>
<token t_id="307" sentence="13" number="5">second</token>
<token t_id="308" sentence="13" number="6">-</token>
<token t_id="309" sentence="13" number="7">floor</token>
<token t_id="310" sentence="13" number="8">office</token>
<token t_id="311" sentence="13" number="9">and</token>
<token t_id="312" sentence="13" number="10">called</token>
<token t_id="313" sentence="13" number="11">police</token>
<token t_id="314" sentence="13" number="12">to</token>
<token t_id="315" sentence="13" number="13">tell</token>
<token t_id="316" sentence="13" number="14">them</token>
<token t_id="317" sentence="13" number="15">what</token>
<token t_id="318" sentence="13" number="16">she</token>
<token t_id="319" sentence="13" number="17">had</token>
<token t_id="320" sentence="13" number="18">done</token>
<token t_id="321" sentence="13" number="19">,</token>
<token t_id="322" sentence="13" number="20">authorities</token>
<token t_id="323" sentence="13" number="21">said</token>
<token t_id="324" sentence="13" number="22">.</token>
<token t_id="325" sentence="14" number="0">Seven</token>
<token t_id="326" sentence="14" number="1">other</token>
<token t_id="327" sentence="14" number="2">workers</token>
<token t_id="328" sentence="14" number="3">were</token>
<token t_id="329" sentence="14" number="4">hiding</token>
<token t_id="330" sentence="14" number="5">in</token>
<token t_id="331" sentence="14" number="6">a</token>
<token t_id="332" sentence="14" number="7">closet</token>
<token t_id="333" sentence="14" number="8">nearby</token>
<token t_id="334" sentence="14" number="9">.</token>
<token t_id="335" sentence="15" number="0">Cpl</token>
<token t_id="336" sentence="15" number="1">.</token>
<token t_id="337" sentence="15" number="2">Janice</token>
<token t_id="338" sentence="15" number="3">Leader</token>
<token t_id="339" sentence="15" number="4">,</token>
<token t_id="340" sentence="15" number="5">a</token>
<token t_id="341" sentence="15" number="6">911</token>
<token t_id="342" sentence="15" number="7">dispatcher</token>
<token t_id="343" sentence="15" number="8">,</token>
<token t_id="344" sentence="15" number="9">told</token>
<token t_id="345" sentence="15" number="10">reporters</token>
<token t_id="346" sentence="15" number="11">Friday</token>
<token t_id="347" sentence="15" number="12">that</token>
<token t_id="348" sentence="15" number="13">Hiller</token>
<token t_id="349" sentence="15" number="14">called</token>
<token t_id="350" sentence="15" number="15">911</token>
<token t_id="351" sentence="15" number="16">,</token>
<token t_id="352" sentence="15" number="17">saying</token>
<token t_id="353" sentence="15" number="18">"I'm</token>
<token t_id="354" sentence="15" number="19">the</token>
<token t_id="355" sentence="15" number="20">one</token>
<token t_id="356" sentence="15" number="21">you're</token>
<token t_id="357" sentence="15" number="22">looking</token>
<token t_id="358" sentence="15" number="23">for"</token>
<token t_id="359" sentence="15" number="24">and</token>
<token t_id="360" sentence="15" number="25">reporting</token>
<token t_id="361" sentence="15" number="26">that</token>
<token t_id="362" sentence="15" number="27">she</token>
<token t_id="363" sentence="15" number="28">had</token>
<token t_id="364" sentence="15" number="29">been</token>
<token t_id="365" sentence="15" number="30">harassed</token>
<token t_id="366" sentence="15" number="31">at</token>
<token t_id="367" sentence="15" number="32">work</token>
<token t_id="368" sentence="15" number="33">.</token>
<token t_id="369" sentence="16" number="0">Keeping</token>
<token t_id="370" sentence="16" number="1">her</token>
<token t_id="371" sentence="16" number="2">on</token>
<token t_id="372" sentence="16" number="3">the</token>
<token t_id="373" sentence="16" number="4">line</token>
<token t_id="374" sentence="16" number="5">,</token>
<token t_id="375" sentence="16" number="6">Leader</token>
<token t_id="376" sentence="16" number="7">said</token>
<token t_id="377" sentence="16" number="8">she</token>
<token t_id="378" sentence="16" number="9">told</token>
<token t_id="379" sentence="16" number="10">Hiller</token>
<token t_id="380" sentence="16" number="11">to</token>
<token t_id="381" sentence="16" number="12">put</token>
<token t_id="382" sentence="16" number="13">the</token>
<token t_id="383" sentence="16" number="14">gun</token>
<token t_id="384" sentence="16" number="15">down</token>
<token t_id="385" sentence="16" number="16">and</token>
<token t_id="386" sentence="16" number="17">place</token>
<token t_id="387" sentence="16" number="18">her</token>
<token t_id="388" sentence="16" number="19">hands</token>
<token t_id="389" sentence="16" number="20">on</token>
<token t_id="390" sentence="16" number="21">her</token>
<token t_id="391" sentence="16" number="22">head</token>
<token t_id="392" sentence="16" number="23">so</token>
<token t_id="393" sentence="16" number="24">officers</token>
<token t_id="394" sentence="16" number="25">wouldn't</token>
<token t_id="395" sentence="16" number="26">take</token>
<token t_id="396" sentence="16" number="27">any</token>
<token t_id="397" sentence="16" number="28">aggressive</token>
<token t_id="398" sentence="16" number="29">action</token>
<token t_id="399" sentence="16" number="30">against</token>
<token t_id="400" sentence="16" number="31">her</token>
<token t_id="401" sentence="16" number="32">.</token>
<token t_id="402" sentence="17" number="0">When</token>
<token t_id="403" sentence="17" number="1">tactical</token>
<token t_id="404" sentence="17" number="2">police</token>
<token t_id="405" sentence="17" number="3">who</token>
<token t_id="406" sentence="17" number="4">had</token>
<token t_id="407" sentence="17" number="5">entered</token>
<token t_id="408" sentence="17" number="6">the</token>
<token t_id="409" sentence="17" number="7">plant</token>
<token t_id="410" sentence="17" number="8">found</token>
<token t_id="411" sentence="17" number="9">her</token>
<token t_id="412" sentence="17" number="10">,</token>
<token t_id="413" sentence="17" number="11">Hiller</token>
<token t_id="414" sentence="17" number="12">was</token>
<token t_id="415" sentence="17" number="13">in</token>
<token t_id="416" sentence="17" number="14">a</token>
<token t_id="417" sentence="17" number="15">fetal</token>
<token t_id="418" sentence="17" number="16">position</token>
<token t_id="419" sentence="17" number="17">on</token>
<token t_id="420" sentence="17" number="18">the</token>
<token t_id="421" sentence="17" number="19">floor</token>
<token t_id="422" sentence="17" number="20">,</token>
<token t_id="423" sentence="17" number="21">the</token>
<token t_id="424" sentence="17" number="22">gun</token>
<token t_id="425" sentence="17" number="23">beside</token>
<token t_id="426" sentence="17" number="24">her</token>
<token t_id="427" sentence="17" number="25">.</token>
<token t_id="428" sentence="18" number="0">Police</token>
<token t_id="429" sentence="18" number="1">called</token>
<token t_id="430" sentence="18" number="2">the</token>
<token t_id="431" sentence="18" number="3">mechanic</token>
<token t_id="432" sentence="18" number="4">a</token>
<token t_id="433" sentence="18" number="5">hero</token>
<token t_id="434" sentence="18" number="6">who</token>
<token t_id="435" sentence="18" number="7">"did</token>
<token t_id="436" sentence="18" number="8">a</token>
<token t_id="437" sentence="18" number="9">phenomenal</token>
<token t_id="438" sentence="18" number="10">job"</token>
<token t_id="439" sentence="18" number="11">in</token>
<token t_id="440" sentence="18" number="12">alerting</token>
<token t_id="441" sentence="18" number="13">employees</token>
<token t_id="442" sentence="18" number="14">to</token>
<token t_id="443" sentence="18" number="15">evacuate</token>
<token t_id="444" sentence="18" number="16">the</token>
<token t_id="445" sentence="18" number="17">building</token>
<token t_id="446" sentence="18" number="18">and</token>
<token t_id="447" sentence="18" number="19">directing</token>
<token t_id="448" sentence="18" number="20">officers</token>
<token t_id="449" sentence="18" number="21">to</token>
<token t_id="450" sentence="18" number="22">where</token>
<token t_id="451" sentence="18" number="23">Hiller</token>
<token t_id="452" sentence="18" number="24">was</token>
<token t_id="453" sentence="18" number="25">.</token>
<token t_id="454" sentence="19" number="0">"By</token>
<token t_id="455" sentence="19" number="1">following</token>
<token t_id="456" sentence="19" number="2">the</token>
<token t_id="457" sentence="19" number="3">suspect</token>
<token t_id="458" sentence="19" number="4">at</token>
<token t_id="459" sentence="19" number="5">great</token>
<token t_id="460" sentence="19" number="6">peril</token>
<token t_id="461" sentence="19" number="7">to</token>
<token t_id="462" sentence="19" number="8">himself</token>
<token t_id="463" sentence="19" number="9">–</token>
<token t_id="464" sentence="19" number="10">and</token>
<token t_id="465" sentence="19" number="11">we</token>
<token t_id="466" sentence="19" number="12">can</token>
<token t_id="467" sentence="19" number="13">see</token>
<token t_id="468" sentence="19" number="14">that</token>
<token t_id="469" sentence="19" number="15">by</token>
<token t_id="470" sentence="19" number="16">the</token>
<token t_id="471" sentence="19" number="17">fact</token>
<token t_id="472" sentence="19" number="18">that</token>
<token t_id="473" sentence="19" number="19">he</token>
<token t_id="474" sentence="19" number="20">was</token>
<token t_id="475" sentence="19" number="21">shot</token>
<token t_id="476" sentence="19" number="22">at</token>
<token t_id="477" sentence="19" number="23">and</token>
<token t_id="478" sentence="19" number="24">almost</token>
<token t_id="479" sentence="19" number="25">hit</token>
<token t_id="480" sentence="19" number="26">–</token>
<token t_id="481" sentence="19" number="27">he</token>
<token t_id="482" sentence="19" number="28">reduced</token>
<token t_id="483" sentence="19" number="29">our</token>
<token t_id="484" sentence="19" number="30">tactical</token>
<token t_id="485" sentence="19" number="31">problem</token>
<token t_id="486" sentence="19" number="32">quite</token>
<token t_id="487" sentence="19" number="33">dramatically</token>
<token t_id="488" sentence="19" number="34">,</token>
<token t_id="489" sentence="19" number="35">"</token>
<token t_id="490" sentence="19" number="36">Chief</token>
<token t_id="491" sentence="19" number="37">Inspector</token>
<token t_id="492" sentence="19" number="38">Joe</token>
<token t_id="493" sentence="19" number="39">Sullivan</token>
<token t_id="494" sentence="19" number="40">said</token>
<token t_id="495" sentence="19" number="41">.</token>
<token t_id="496" sentence="20" number="0">Police</token>
<token t_id="497" sentence="20" number="1">identified</token>
<token t_id="498" sentence="20" number="2">the</token>
<token t_id="499" sentence="20" number="3">victims</token>
<token t_id="500" sentence="20" number="4">as</token>
<token t_id="501" sentence="20" number="5">Tanya</token>
<token t_id="502" sentence="20" number="6">Renee</token>
<token t_id="503" sentence="20" number="7">Wilson</token>
<token t_id="504" sentence="20" number="8">,</token>
<token t_id="505" sentence="20" number="9">47</token>
<token t_id="506" sentence="20" number="10">;</token>
<token t_id="507" sentence="20" number="11">LaTonya</token>
<token t_id="508" sentence="20" number="12">Sharon</token>
<token t_id="509" sentence="20" number="13">Brown</token>
<token t_id="510" sentence="20" number="14">,</token>
<token t_id="511" sentence="20" number="15">36</token>
<token t_id="512" sentence="20" number="16">;</token>
<token t_id="513" sentence="20" number="17">and</token>
<token t_id="514" sentence="20" number="18">Bryant</token>
<token t_id="515" sentence="20" number="19">A</token>
<token t_id="516" sentence="20" number="20">.</token>
<token t_id="517" sentence="20" number="21">Dalton</token>
<token t_id="518" sentence="20" number="22">,</token>
<token t_id="519" sentence="20" number="23">39</token>
<token t_id="520" sentence="20" number="24">,</token>
<token t_id="521" sentence="20" number="25">all</token>
<token t_id="522" sentence="20" number="26">of</token>
<token t_id="523" sentence="20" number="27">Philadelphia</token>
<token t_id="524" sentence="20" number="28">.</token>
<token t_id="525" sentence="21" number="0">Wilson</token>
<token t_id="526" sentence="21" number="1">and</token>
<token t_id="527" sentence="21" number="2">Brown</token>
<token t_id="528" sentence="21" number="3">died</token>
<token t_id="529" sentence="21" number="4">at</token>
<token t_id="530" sentence="21" number="5">the</token>
<token t_id="531" sentence="21" number="6">plant</token>
<token t_id="532" sentence="21" number="7">.</token>
<token t_id="533" sentence="22" number="0">Dalton</token>
<token t_id="534" sentence="22" number="1">,</token>
<token t_id="535" sentence="22" number="2">shot</token>
<token t_id="536" sentence="22" number="3">in</token>
<token t_id="537" sentence="22" number="4">the</token>
<token t_id="538" sentence="22" number="5">neck</token>
<token t_id="539" sentence="22" number="6">,</token>
<token t_id="540" sentence="22" number="7">remained</token>
<token t_id="541" sentence="22" number="8">in</token>
<token t_id="542" sentence="22" number="9">intensive</token>
<token t_id="543" sentence="22" number="10">care</token>
<token t_id="544" sentence="22" number="11">Friday</token>
<token t_id="545" sentence="22" number="12">at</token>
<token t_id="546" sentence="22" number="13">Jefferson</token>
<token t_id="547" sentence="22" number="14">University</token>
<token t_id="548" sentence="22" number="15">Hospital</token>
<token t_id="549" sentence="22" number="16">,</token>
<token t_id="550" sentence="22" number="17">police</token>
<token t_id="551" sentence="22" number="18">said</token>
<token t_id="552" sentence="22" number="19">.</token>
<token t_id="553" sentence="23" number="0">The</token>
<token t_id="554" sentence="23" number="1">plant</token>
<token t_id="555" sentence="23" number="2">will</token>
<token t_id="556" sentence="23" number="3">remain</token>
<token t_id="557" sentence="23" number="4">closed</token>
<token t_id="558" sentence="23" number="5">indefinitely</token>
<token t_id="559" sentence="23" number="6">,</token>
<token t_id="560" sentence="23" number="7">Kraft</token>
<token t_id="561" sentence="23" number="8">said</token>
<token t_id="562" sentence="23" number="9">.</token>
<token t_id="563" sentence="24" number="0">"We</token>
<token t_id="564" sentence="24" number="1">suspended</token>
<token t_id="565" sentence="24" number="2">the</token>
<token t_id="566" sentence="24" number="3">employee</token>
<token t_id="567" sentence="24" number="4">when</token>
<token t_id="568" sentence="24" number="5">she</token>
<token t_id="569" sentence="24" number="6">became</token>
<token t_id="570" sentence="24" number="7">agitated</token>
<token t_id="571" sentence="24" number="8">and</token>
<token t_id="572" sentence="24" number="9">used</token>
<token t_id="573" sentence="24" number="10">profanity</token>
<token t_id="574" sentence="24" number="11">.</token>
<token t_id="575" sentence="25" number="0">We</token>
<token t_id="576" sentence="25" number="1">wanted</token>
<token t_id="577" sentence="25" number="2">the</token>
<token t_id="578" sentence="25" number="3">opportunity</token>
<token t_id="579" sentence="25" number="4">to</token>
<token t_id="580" sentence="25" number="5">investigate</token>
<token t_id="581" sentence="25" number="6">the</token>
<token t_id="582" sentence="25" number="7">situation</token>
<token t_id="583" sentence="25" number="8">,</token>
<token t_id="584" sentence="25" number="9">"</token>
<token t_id="585" sentence="25" number="10">Kraft</token>
<token t_id="586" sentence="25" number="11">said</token>
<token t_id="587" sentence="25" number="12">in</token>
<token t_id="588" sentence="25" number="13">a</token>
<token t_id="589" sentence="25" number="14">statement</token>
<token t_id="590" sentence="25" number="15">Friday</token>
<token t_id="591" sentence="25" number="16">.</token>
<token t_id="592" sentence="26" number="0">Hiller</token>
<token t_id="593" sentence="26" number="1">was</token>
<token t_id="594" sentence="26" number="2">charged</token>
<token t_id="595" sentence="26" number="3">with</token>
<token t_id="596" sentence="26" number="4">two</token>
<token t_id="597" sentence="26" number="5">counts</token>
<token t_id="598" sentence="26" number="6">of</token>
<token t_id="599" sentence="26" number="7">murder</token>
<token t_id="600" sentence="26" number="8">,</token>
<token t_id="601" sentence="26" number="9">one</token>
<token t_id="602" sentence="26" number="10">count</token>
<token t_id="603" sentence="26" number="11">of</token>
<token t_id="604" sentence="26" number="12">attempted</token>
<token t_id="605" sentence="26" number="13">murder</token>
<token t_id="606" sentence="26" number="14">,</token>
<token t_id="607" sentence="26" number="15">aggravated</token>
<token t_id="608" sentence="26" number="16">assault</token>
<token t_id="609" sentence="26" number="17">and</token>
<token t_id="610" sentence="26" number="18">other</token>
<token t_id="611" sentence="26" number="19">charges</token>
<token t_id="612" sentence="26" number="20">.</token>
<token t_id="613" sentence="27" number="0">She</token>
<token t_id="614" sentence="27" number="1">had</token>
<token t_id="615" sentence="27" number="2">a</token>
<token t_id="616" sentence="27" number="3">permit</token>
<token t_id="617" sentence="27" number="4">to</token>
<token t_id="618" sentence="27" number="5">carry</token>
<token t_id="619" sentence="27" number="6">the</token>
<token t_id="620" sentence="27" number="7">gun</token>
<token t_id="621" sentence="27" number="8">,</token>
<token t_id="622" sentence="27" number="9">authorities</token>
<token t_id="623" sentence="27" number="10">said</token>
<token t_id="624" sentence="27" number="11">.</token>
<token t_id="625" sentence="28" number="0">Hiller</token>
<token t_id="626" sentence="28" number="1">has</token>
<token t_id="627" sentence="28" number="2">worked</token>
<token t_id="628" sentence="28" number="3">for</token>
<token t_id="629" sentence="28" number="4">Kraft</token>
<token t_id="630" sentence="28" number="5">for</token>
<token t_id="631" sentence="28" number="6">about</token>
<token t_id="632" sentence="28" number="7">15</token>
<token t_id="633" sentence="28" number="8">years</token>
<token t_id="634" sentence="28" number="9">,</token>
<token t_id="635" sentence="28" number="10">and</token>
<token t_id="636" sentence="28" number="11">had</token>
<token t_id="637" sentence="28" number="12">been</token>
<token t_id="638" sentence="28" number="13">in</token>
<token t_id="639" sentence="28" number="14">repeated</token>
<token t_id="640" sentence="28" number="15">arguments</token>
<token t_id="641" sentence="28" number="16">there</token>
<token t_id="642" sentence="28" number="17">in</token>
<token t_id="643" sentence="28" number="18">the</token>
<token t_id="644" sentence="28" number="19">past</token>
<token t_id="645" sentence="28" number="20">several</token>
<token t_id="646" sentence="28" number="21">years</token>
<token t_id="647" sentence="28" number="22">,</token>
<token t_id="648" sentence="28" number="23">a</token>
<token t_id="649" sentence="28" number="24">few</token>
<token t_id="650" sentence="28" number="25">of</token>
<token t_id="651" sentence="28" number="26">them</token>
<token t_id="652" sentence="28" number="27">physical</token>
<token t_id="653" sentence="28" number="28">,</token>
<token t_id="654" sentence="28" number="29">Clark</token>
<token t_id="655" sentence="28" number="30">said</token>
<token t_id="656" sentence="28" number="31">.</token>
<token t_id="657" sentence="29" number="0">Yet</token>
<token t_id="658" sentence="29" number="1">a</token>
<token t_id="659" sentence="29" number="2">next</token>
<token t_id="660" sentence="29" number="3">-</token>
<token t_id="661" sentence="29" number="4">door</token>
<token t_id="662" sentence="29" number="5">neighbor</token>
<token t_id="663" sentence="29" number="6">described</token>
<token t_id="664" sentence="29" number="7">Hiller</token>
<token t_id="665" sentence="29" number="8">as</token>
<token t_id="666" sentence="29" number="9">a</token>
<token t_id="667" sentence="29" number="10">quiet</token>
<token t_id="668" sentence="29" number="11">woman</token>
<token t_id="669" sentence="29" number="12">who</token>
<token t_id="670" sentence="29" number="13">kept</token>
<token t_id="671" sentence="29" number="14">to</token>
<token t_id="672" sentence="29" number="15">herself</token>
<token t_id="673" sentence="29" number="16">but</token>
<token t_id="674" sentence="29" number="17">said</token>
<token t_id="675" sentence="29" number="18">she</token>
<token t_id="676" sentence="29" number="19">was</token>
<token t_id="677" sentence="29" number="20">polite</token>
<token t_id="678" sentence="29" number="21">and</token>
<token t_id="679" sentence="29" number="22">exchanged</token>
<token t_id="680" sentence="29" number="23">pleasantries</token>
<token t_id="681" sentence="29" number="24">when</token>
<token t_id="682" sentence="29" number="25">they</token>
<token t_id="683" sentence="29" number="26">saw</token>
<token t_id="684" sentence="29" number="27">each</token>
<token t_id="685" sentence="29" number="28">other</token>
<token t_id="686" sentence="29" number="29">.</token>
<token t_id="687" sentence="30" number="0">Catherine</token>
<token t_id="688" sentence="30" number="1">Hillgen</token>
<token t_id="689" sentence="30" number="2">,</token>
<token t_id="690" sentence="30" number="3">who</token>
<token t_id="691" sentence="30" number="4">has</token>
<token t_id="692" sentence="30" number="5">lived</token>
<token t_id="693" sentence="30" number="6">on</token>
<token t_id="694" sentence="30" number="7">the</token>
<token t_id="695" sentence="30" number="8">tidy</token>
<token t_id="696" sentence="30" number="9">middle</token>
<token t_id="697" sentence="30" number="10">-</token>
<token t_id="698" sentence="30" number="11">class</token>
<token t_id="699" sentence="30" number="12">city</token>
<token t_id="700" sentence="30" number="13">block</token>
<token t_id="701" sentence="30" number="14">for</token>
<token t_id="702" sentence="30" number="15">about</token>
<token t_id="703" sentence="30" number="16">45</token>
<token t_id="704" sentence="30" number="17">years</token>
<token t_id="705" sentence="30" number="18">,</token>
<token t_id="706" sentence="30" number="19">said</token>
<token t_id="707" sentence="30" number="20">Hiller</token>
<token t_id="708" sentence="30" number="21">moved</token>
<token t_id="709" sentence="30" number="22">in</token>
<token t_id="710" sentence="30" number="23">several</token>
<token t_id="711" sentence="30" number="24">years</token>
<token t_id="712" sentence="30" number="25">ago</token>
<token t_id="713" sentence="30" number="26">with</token>
<token t_id="714" sentence="30" number="27">her</token>
<token t_id="715" sentence="30" number="28">son</token>
<token t_id="716" sentence="30" number="29">but</token>
<token t_id="717" sentence="30" number="30">recently</token>
<token t_id="718" sentence="30" number="31">has</token>
<token t_id="719" sentence="30" number="32">been</token>
<token t_id="720" sentence="30" number="33">living</token>
<token t_id="721" sentence="30" number="34">alone</token>
<token t_id="722" sentence="30" number="35">.</token>
<token t_id="723" sentence="31" number="0">She</token>
<token t_id="724" sentence="31" number="1">initially</token>
<token t_id="725" sentence="31" number="2">dismissed</token>
<token t_id="726" sentence="31" number="3">a</token>
<token t_id="727" sentence="31" number="4">neighbor's</token>
<token t_id="728" sentence="31" number="5">report</token>
<token t_id="729" sentence="31" number="6">Thursday</token>
<token t_id="730" sentence="31" number="7">that</token>
<token t_id="731" sentence="31" number="8">Hiller</token>
<token t_id="732" sentence="31" number="9">might</token>
<token t_id="733" sentence="31" number="10">be</token>
<token t_id="734" sentence="31" number="11">involved</token>
<token t_id="735" sentence="31" number="12">in</token>
<token t_id="736" sentence="31" number="13">a</token>
<token t_id="737" sentence="31" number="14">fatal</token>
<token t_id="738" sentence="31" number="15">workplace</token>
<token t_id="739" sentence="31" number="16">shooting</token>
<token t_id="740" sentence="31" number="17">,</token>
<token t_id="741" sentence="31" number="18">but</token>
<token t_id="742" sentence="31" number="19">then</token>
<token t_id="743" sentence="31" number="20">heard</token>
<token t_id="744" sentence="31" number="21">her</token>
<token t_id="745" sentence="31" number="22">named</token>
<token t_id="746" sentence="31" number="23">on</token>
<token t_id="747" sentence="31" number="24">the</token>
<token t_id="748" sentence="31" number="25">news</token>
<token t_id="749" sentence="31" number="26">Friday</token>
<token t_id="750" sentence="31" number="27">.</token>
<token t_id="751" sentence="32" number="0">"It</token>
<token t_id="752" sentence="32" number="1">was</token>
<token t_id="753" sentence="32" number="2">a</token>
<token t_id="754" sentence="32" number="3">complete</token>
<token t_id="755" sentence="32" number="4">shock</token>
<token t_id="756" sentence="32" number="5">,</token>
<token t_id="757" sentence="32" number="6">"</token>
<token t_id="758" sentence="32" number="7">Hillgen</token>
<token t_id="759" sentence="32" number="8">said</token>
<token t_id="760" sentence="32" number="9">.</token>
<token t_id="761" sentence="33" number="0">"I</token>
<token t_id="762" sentence="33" number="1">would</token>
<token t_id="763" sentence="33" number="2">not</token>
<token t_id="764" sentence="33" number="3">expect</token>
<token t_id="765" sentence="33" number="4">it</token>
<token t_id="766" sentence="33" number="5">.</token>
<token t_id="767" sentence="33" number="6">"</token>
<token t_id="768" sentence="34" number="0">Kraft</token>
<token t_id="769" sentence="34" number="1">,</token>
<token t_id="770" sentence="34" number="2">based</token>
<token t_id="771" sentence="34" number="3">in</token>
<token t_id="772" sentence="34" number="4">Northfield</token>
<token t_id="773" sentence="34" number="5">,</token>
<token t_id="774" sentence="34" number="6">Ill</token>
<token t_id="775" sentence="34" number="7">.</token>
<token t_id="776" sentence="34" number="8">,</token>
<token t_id="777" sentence="34" number="9">also</token>
<token t_id="778" sentence="34" number="10">makes</token>
<token t_id="779" sentence="34" number="11">Oreo</token>
<token t_id="780" sentence="34" number="12">cookies</token>
<token t_id="781" sentence="34" number="13">,</token>
<token t_id="782" sentence="34" number="14">Philadelphia</token>
<token t_id="783" sentence="34" number="15">cream</token>
<token t_id="784" sentence="34" number="16">cheese</token>
<token t_id="785" sentence="34" number="17">,</token>
<token t_id="786" sentence="34" number="18">Oscar</token>
<token t_id="787" sentence="34" number="19">Mayer</token>
<token t_id="788" sentence="34" number="20">bacon</token>
<token t_id="789" sentence="34" number="21">and</token>
<token t_id="790" sentence="34" number="22">other</token>
<token t_id="791" sentence="34" number="23">products</token>
<token t_id="792" sentence="34" number="24">.</token>
<token t_id="793" sentence="35" number="0">Mass</token>
<token t_id="794" sentence="35" number="1">shootings</token>
<token t_id="795" sentence="35" number="2">are</token>
<token t_id="796" sentence="35" number="3">rarely</token>
<token t_id="797" sentence="35" number="4">carried</token>
<token t_id="798" sentence="35" number="5">out</token>
<token t_id="799" sentence="35" number="6">by</token>
<token t_id="800" sentence="35" number="7">women</token>
<token t_id="801" sentence="35" number="8">,</token>
<token t_id="802" sentence="35" number="9">said</token>
<token t_id="803" sentence="35" number="10">Dr</token>
<token t_id="804" sentence="35" number="11">.</token>
<token t_id="805" sentence="35" number="12">Park</token>
<token t_id="806" sentence="35" number="13">Dietz</token>
<token t_id="807" sentence="35" number="14">,</token>
<token t_id="808" sentence="35" number="15">president</token>
<token t_id="809" sentence="35" number="16">of</token>
<token t_id="810" sentence="35" number="17">Threat</token>
<token t_id="811" sentence="35" number="18">Assessment</token>
<token t_id="812" sentence="35" number="19">Group</token>
<token t_id="813" sentence="35" number="20">Inc</token>
<token t_id="814" sentence="35" number="21">.</token>
<token t_id="815" sentence="35" number="22">,</token>
<token t_id="816" sentence="35" number="23">a</token>
<token t_id="817" sentence="35" number="24">Newport</token>
<token t_id="818" sentence="35" number="25">Beach</token>
<token t_id="819" sentence="35" number="26">,</token>
<token t_id="820" sentence="35" number="27">Calif</token>
<token t_id="821" sentence="35" number="28">.</token>
<token t_id="822" sentence="35" number="29">-</token>
<token t_id="823" sentence="35" number="30">based</token>
<token t_id="824" sentence="35" number="31">violence</token>
<token t_id="825" sentence="35" number="32">prevention</token>
<token t_id="826" sentence="35" number="33">firm</token>
<token t_id="827" sentence="35" number="34">.</token>
<token t_id="828" sentence="36" number="0">Earlier</token>
<token t_id="829" sentence="36" number="1">this</token>
<token t_id="830" sentence="36" number="2">year</token>
<token t_id="831" sentence="36" number="3">,</token>
<token t_id="832" sentence="36" number="4">Amy</token>
<token t_id="833" sentence="36" number="5">Bishop</token>
<token t_id="834" sentence="36" number="6">,</token>
<token t_id="835" sentence="36" number="7">a</token>
<token t_id="836" sentence="36" number="8">former</token>
<token t_id="837" sentence="36" number="9">instructor</token>
<token t_id="838" sentence="36" number="10">and</token>
<token t_id="839" sentence="36" number="11">researcher</token>
<token t_id="840" sentence="36" number="12">at</token>
<token t_id="841" sentence="36" number="13">the</token>
<token t_id="842" sentence="36" number="14">University</token>
<token t_id="843" sentence="36" number="15">of</token>
<token t_id="844" sentence="36" number="16">Alabama's</token>
<token t_id="845" sentence="36" number="17">Huntsville</token>
<token t_id="846" sentence="36" number="18">campus</token>
<token t_id="847" sentence="36" number="19">,</token>
<token t_id="848" sentence="36" number="20">was</token>
<token t_id="849" sentence="36" number="21">charged</token>
<token t_id="850" sentence="36" number="22">with</token>
<token t_id="851" sentence="36" number="23">murder</token>
<token t_id="852" sentence="36" number="24">in</token>
<token t_id="853" sentence="36" number="25">a</token>
<token t_id="854" sentence="36" number="26">campus</token>
<token t_id="855" sentence="36" number="27">shooting</token>
<token t_id="856" sentence="36" number="28">spree</token>
<token t_id="857" sentence="36" number="29">that</token>
<token t_id="858" sentence="36" number="30">left</token>
<token t_id="859" sentence="36" number="31">three</token>
<token t_id="860" sentence="36" number="32">biology</token>
<token t_id="861" sentence="36" number="33">professors</token>
<token t_id="862" sentence="36" number="34">dead</token>
<token t_id="863" sentence="36" number="35">and</token>
<token t_id="864" sentence="36" number="36">three</token>
<token t_id="865" sentence="36" number="37">other</token>
<token t_id="866" sentence="36" number="38">employees</token>
<token t_id="867" sentence="36" number="39">wounded</token>
<token t_id="868" sentence="36" number="40">.</token>
<token t_id="869" sentence="37" number="0">She</token>
<token t_id="870" sentence="37" number="1">claimed</token>
<token t_id="871" sentence="37" number="2">the</token>
<token t_id="872" sentence="37" number="3">shootings</token>
<token t_id="873" sentence="37" number="4">"didn't</token>
<token t_id="874" sentence="37" number="5">happen</token>
<token t_id="875" sentence="37" number="6">.</token>
<token t_id="876" sentence="37" number="7">"</token>
<token t_id="877" sentence="38" number="0">Thursday's</token>
<token t_id="878" sentence="38" number="1">shooting</token>
<token t_id="879" sentence="38" number="2">came</token>
<token t_id="880" sentence="38" number="3">just</token>
<token t_id="881" sentence="38" number="4">weeks</token>
<token t_id="882" sentence="38" number="5">after</token>
<token t_id="883" sentence="38" number="6">a</token>
<token t_id="884" sentence="38" number="7">driver</token>
<token t_id="885" sentence="38" number="8">who</token>
<token t_id="886" sentence="38" number="9">had</token>
<token t_id="887" sentence="38" number="10">been</token>
<token t_id="888" sentence="38" number="11">accused</token>
<token t_id="889" sentence="38" number="12">of</token>
<token t_id="890" sentence="38" number="13">stealing</token>
<token t_id="891" sentence="38" number="14">from</token>
<token t_id="892" sentence="38" number="15">a</token>
<token t_id="893" sentence="38" number="16">Manchester</token>
<token t_id="894" sentence="38" number="17">,</token>
<token t_id="895" sentence="38" number="18">Conn</token>
<token t_id="896" sentence="38" number="19">.</token>
<token t_id="897" sentence="38" number="20">,</token>
<token t_id="898" sentence="38" number="21">beer</token>
<token t_id="899" sentence="38" number="22">distributorship</token>
<token t_id="900" sentence="38" number="23">fatally</token>
<token t_id="901" sentence="38" number="24">shot</token>
<token t_id="902" sentence="38" number="25">eight</token>
<token t_id="903" sentence="38" number="26">people</token>
<token t_id="904" sentence="38" number="27">,</token>
<token t_id="905" sentence="38" number="28">then</token>
<token t_id="906" sentence="38" number="29">himself</token>
<token t_id="907" sentence="38" number="30">.</token>
<token t_id="908" sentence="39" number="0">The</token>
<token t_id="909" sentence="39" number="1">driver</token>
<token t_id="910" sentence="39" number="2">,</token>
<token t_id="911" sentence="39" number="3">who</token>
<token t_id="912" sentence="39" number="4">was</token>
<token t_id="913" sentence="39" number="5">black</token>
<token t_id="914" sentence="39" number="6">,</token>
<token t_id="915" sentence="39" number="7">had</token>
<token t_id="916" sentence="39" number="8">seethed</token>
<token t_id="917" sentence="39" number="9">with</token>
<token t_id="918" sentence="39" number="10">a</token>
<token t_id="919" sentence="39" number="11">sense</token>
<token t_id="920" sentence="39" number="12">of</token>
<token t_id="921" sentence="39" number="13">racial</token>
<token t_id="922" sentence="39" number="14">injustice</token>
<token t_id="923" sentence="39" number="15">in</token>
<token t_id="924" sentence="39" number="16">his</token>
<token t_id="925" sentence="39" number="17">job</token>
<token t_id="926" sentence="39" number="18">,</token>
<token t_id="927" sentence="39" number="19">said</token>
<token t_id="928" sentence="39" number="20">his</token>
<token t_id="929" sentence="39" number="21">girlfriend</token>
<token t_id="930" sentence="39" number="22">.</token>
<token t_id="931" sentence="40" number="0">But</token>
<token t_id="932" sentence="40" number="1">the</token>
<token t_id="933" sentence="40" number="2">beer</token>
<token t_id="934" sentence="40" number="3">distributor's</token>
<token t_id="935" sentence="40" number="4">president</token>
<token t_id="936" sentence="40" number="5">said</token>
<token t_id="937" sentence="40" number="6">there</token>
<token t_id="938" sentence="40" number="7">was</token>
<token t_id="939" sentence="40" number="8">no</token>
<token t_id="940" sentence="40" number="9">record</token>
<token t_id="941" sentence="40" number="10">to</token>
<token t_id="942" sentence="40" number="11">support</token>
<token t_id="943" sentence="40" number="12">claims</token>
<token t_id="944" sentence="40" number="13">of</token>
<token t_id="945" sentence="40" number="14">"racial</token>
<token t_id="946" sentence="40" number="15">insensitivity</token>
<token t_id="947" sentence="40" number="16">.</token>
<token t_id="948" sentence="40" number="17">"</token>
<Markables>
<ACTION_OCCURRENCE m_id="9"  >
  <token_anchor t_id="86"/>
</ACTION_OCCURRENCE>
<ACTION_OCCURRENCE m_id="10"  >
  <token_anchor t_id="97"/>
</ACTION_OCCURRENCE>
<ACTION_OCCURRENCE m_id="11"  >
  <token_anchor t_id="594"/>
</ACTION_OCCURRENCE>
<ACTION_OCCURRENCE m_id="12"  >
  <token_anchor t_id="599"/>
</ACTION_OCCURRENCE>
<ACTION_OCCURRENCE m_id="13"  >
  <token_anchor t_id="605"/>
</ACTION_OCCURRENCE>
<ACTION_OCCURRENCE m_id="14"  >
  <token_anchor t_id="608"/>
</ACTION_OCCURRENCE>
<ACTION_OCCURRENCE m_id="19"  >
  <token_anchor t_id="219"/>
  <token_anchor t_id="220"/>
</ACTION_OCCURRENCE>
<ACTION_OCCURRENCE m_id="1"  >
  <token_anchor t_id="31"/>
</ACTION_OCCURRENCE>
<ACTION_OCCURRENCE m_id="2"  >
  <token_anchor t_id="35"/>
</ACTION_OCCURRENCE>
<ACTION_OCCURRENCE m_id="3"  >
  <token_anchor t_id="40"/>
</ACTION_OCCURRENCE>
<ACTION_OCCURRENCE m_id="4"  >
  <token_anchor t_id="59"/>
</ACTION_OCCURRENCE>
<ACTION_OCCURRENCE m_id="5"  >
  <token_anchor t_id="61"/>
</ACTION_OCCURRENCE>
<ACTION_OCCURRENCE m_id="6"  >
  <token_anchor t_id="66"/>
</ACTION_OCCURRENCE>
<ACTION_OCCURRENCE m_id="7"  >
  <token_anchor t_id="71"/>
</ACTION_OCCURRENCE>
<ACTION_OCCURRENCE m_id="8"  >
  <token_anchor t_id="78"/>
</ACTION_OCCURRENCE>
<ACTION_REPORTING m_id="30"  >
  <token_anchor t_id="231"/>
</ACTION_REPORTING>
<ACTION_REPORTING m_id="31"  >
  <token_anchor t_id="102"/>
</ACTION_REPORTING>
<HUMAN_PART_ORG m_id="36"  >
  <token_anchor t_id="225"/>
  <token_anchor t_id="226"/>
</HUMAN_PART_ORG>
<HUMAN_PART_PER m_id="15"  >
  <token_anchor t_id="592"/>
</HUMAN_PART_PER>
<HUMAN_PART_PER m_id="20"  >
  <token_anchor t_id="33"/>
  <token_anchor t_id="34"/>
</HUMAN_PART_PER>
<HUMAN_PART_PER m_id="21"  >
  <token_anchor t_id="55"/>
</HUMAN_PART_PER>
<HUMAN_PART_PER m_id="22"  >
  <token_anchor t_id="63"/>
</HUMAN_PART_PER>
<HUMAN_PART_PER m_id="23"  >
  <token_anchor t_id="80"/>
</HUMAN_PART_PER>
<HUMAN_PART_PER m_id="24"  >
  <token_anchor t_id="87"/>
</HUMAN_PART_PER>
<HUMAN_PART_PER m_id="25"  >
  <token_anchor t_id="99"/>
</HUMAN_PART_PER>
<HUMAN_PART_PER m_id="26"  >
  <token_anchor t_id="101"/>
</HUMAN_PART_PER>
<HUMAN_PART_PER m_id="27"  >
  <token_anchor t_id="217"/>
</HUMAN_PART_PER>
<HUMAN_PART_PER m_id="28"  >
  <token_anchor t_id="223"/>
</HUMAN_PART_PER>
<HUMAN_PART_PER m_id="29"  >
  <token_anchor t_id="229"/>
  <token_anchor t_id="230"/>
</HUMAN_PART_PER>
<LOC_FAC m_id="37"  >
  <token_anchor t_id="68"/>
  <token_anchor t_id="69"/>
</LOC_FAC>
<LOC_FAC m_id="39"  >
  <token_anchor t_id="81"/>
  <token_anchor t_id="82"/>
  <token_anchor t_id="83"/>
  <token_anchor t_id="84"/>
</LOC_FAC>
<NON_HUMAN_PART m_id="16"  >
  <token_anchor t_id="597"/>
</NON_HUMAN_PART>
<NON_HUMAN_PART m_id="17"  >
  <token_anchor t_id="602"/>
</NON_HUMAN_PART>
<NON_HUMAN_PART m_id="18"  >
  <token_anchor t_id="611"/>
</NON_HUMAN_PART>
<NON_HUMAN_PART m_id="33"  >
  <token_anchor t_id="38"/>
</NON_HUMAN_PART>
<NON_HUMAN_PART m_id="34"  >
  <token_anchor t_id="76"/>
</NON_HUMAN_PART>
<NON_HUMAN_PART m_id="35"  >
  <token_anchor t_id="93"/>
</NON_HUMAN_PART>
<TIME_DATE m_id="40"  >
  <token_anchor t_id="103"/>
</TIME_DATE>
<TIME_DURATION m_id="38"  >
  <token_anchor t_id="72"/>
</TIME_DURATION>
<TIME_OF_THE_DAY m_id="32"  >
  <token_anchor t_id="41"/>
  <token_anchor t_id="42"/>
  <token_anchor t_id="43"/>
  <token_anchor t_id="44"/>
  <token_anchor t_id="45"/>
  <token_anchor t_id="46"/>
  <token_anchor t_id="47"/>
  <token_anchor t_id="48"/>
  <token_anchor t_id="49"/>
  <token_anchor t_id="50"/>
</TIME_OF_THE_DAY>


<HUMAN_PART_PER m_id="44" note="byCROMER" >
  <token_anchor t_id="90"/>
</HUMAN_PART_PER>


<ACTION_OCCURRENCE m_id="50" RELATED_TO="" TAG_DESCRIPTOR="t22_returned" instance_id="ACT18235600445901481" />
<ACTION_OCCURRENCE m_id="69" RELATED_TO="" TAG_DESCRIPTOR="t22_opened_fire" instance_id="ACT18235570080015139" />
<HUMAN_PART_PER m_id="68" RELATED_TO="" TAG_DESCRIPTOR="t22_victims" instance_id="HUM18238410304544482" />
<ACTION_OCCURRENCE m_id="67" RELATED_TO="" TAG_DESCRIPTOR="t22_murder" instance_id="ACT18235528236344210" />
<ACTION_OCCURRENCE m_id="66" RELATED_TO="" TAG_DESCRIPTOR="t22_shooting" instance_id="ACT18235541349528642" />
<NON_HUMAN_PART m_id="65" RELATED_TO="" TAG_DESCRIPTOR="t22_bullet_each" instance_id="NON28438274536417173" />
<ACTION_REPORTING m_id="64" RELATED_TO="" TAG_DESCRIPTOR="t22_police_said" instance_id="ACT18235663280734057" />
<TIME_DURATION m_id="63" RELATED_TO="" TAG_DESCRIPTOR="t22_minutes" instance_id="TIM18235819622302982" />
<HUMAN_PART_PER m_id="62" RELATED_TO="" TAG_DESCRIPTOR="t22_chief_clark" instance_id="HUM28438474498107282" />
<HUMAN_PART_PER m_id="61" RELATED_TO="" TAG_DESCRIPTOR="t22_two_killed" instance_id="HUM18235719432245275" />
<ACTION_OCCURRENCE m_id="60" RELATED_TO="" TAG_DESCRIPTOR="t22_killing" instance_id="ACT18235797518957764" />
<ACTION_OCCURRENCE m_id="49" RELATED_TO="" TAG_DESCRIPTOR="t22_fighting_with_coworkers" instance_id="ACT18235587640213009" />
<LOC_FAC m_id="48" RELATED_TO="" TAG_DESCRIPTOR="t22_kraft" instance_id="LOC18235758158505691" />
<NON_HUMAN_PART m_id="47" RELATED_TO="" TAG_DESCRIPTOR="t22_gun" instance_id="NON18235768583580719" />
<ACTION_REPORTING m_id="46" RELATED_TO="" TAG_DESCRIPTOR="t22_police_chief_said" instance_id="ACT18235649656737362" />
<HUMAN_PART_PER m_id="45" RELATED_TO="" TAG_DESCRIPTOR="t22_one_wounded" instance_id="HUM18235732007199628" />
<LOC_FAC m_id="59" RELATED_TO="" TAG_DESCRIPTOR="t22_break_room" instance_id="LOC18235746903617079" />
<ACTION_OCCURRENCE m_id="58" RELATED_TO="" TAG_DESCRIPTOR="t22_charged" instance_id="ACT18235514856328298" />
<TIME_DATE m_id="57" RELATED_TO="" TAG_DESCRIPTOR="t22_friday_police_said" instance_id="TIM28438253864765694" />
<ACTION_OCCURRENCE m_id="56" RELATED_TO="" TAG_DESCRIPTOR="t22_escorted" instance_id="ACT18235556790378090" />
<NON_HUMAN_PART m_id="55" RELATED_TO="" TAG_DESCRIPTOR="t22_charges" instance_id="NON18239336794903559" />
<HUMAN_PART_PER m_id="54" RELATED_TO="" TAG_DESCRIPTOR="t22_police" instance_id="HUM18237634666124148" />
<ACTION_OCCURRENCE m_id="53" RELATED_TO="" TAG_DESCRIPTOR="t22_wounded" instance_id="ACT18235626614479420" />
<HUMAN_PART_PER m_id="52" RELATED_TO="" TAG_DESCRIPTOR="t22_yvonne_hiller" instance_id="HUM18235680503915426" />
<ACTION_OCCURRENCE m_id="51" RELATED_TO="" TAG_DESCRIPTOR="t22_suspended" instance_id="ACT18235614722947042" />
</Markables>

<Relations>
<CROSS_DOC_COREF r_id="40609" note="HUM18235732007199628" >
  <source m_id="25" />
  <target m_id="45" />
</CROSS_DOC_COREF>
<CROSS_DOC_COREF r_id="40610" note="ACT18235649656737362" >
  <source m_id="30" />
  <target m_id="46" />
</CROSS_DOC_COREF>
<CROSS_DOC_COREF r_id="40611" note="NON18235768583580719" >
  <source m_id="34" />
  <target m_id="47" />
</CROSS_DOC_COREF>
<CROSS_DOC_COREF r_id="40612" note="LOC18235758158505691" >
  <source m_id="37" />
  <target m_id="48" />
</CROSS_DOC_COREF>
<CROSS_DOC_COREF r_id="40613" note="ACT18235587640213009" >
  <source m_id="5" />
  <target m_id="49" />
</CROSS_DOC_COREF>
<CROSS_DOC_COREF r_id="40614" note="ACT18235600445901481" >
  <source m_id="7" />
  <target m_id="50" />
</CROSS_DOC_COREF>
<CROSS_DOC_COREF r_id="40615" note="ACT18235614722947042" >
  <source m_id="4" />
  <target m_id="51" />
</CROSS_DOC_COREF>
<CROSS_DOC_COREF r_id="40616" note="HUM18235680503915426" >
  <source m_id="21" />
  <source m_id="27" />
  <source m_id="20" />
  <source m_id="15" />
  <target m_id="52" />
</CROSS_DOC_COREF>
<CROSS_DOC_COREF r_id="40617" note="ACT18235626614479420" >
  <source m_id="10" />
  <target m_id="53" />
</CROSS_DOC_COREF>
<CROSS_DOC_COREF r_id="40618" note="HUM18237634666124148" >
  <source m_id="26" />
  <target m_id="54" />
</CROSS_DOC_COREF>
<CROSS_DOC_COREF r_id="40619" note="NON18239336794903559" >
  <source m_id="33" />
  <source m_id="16" />
  <source m_id="18" />
  <target m_id="55" />
</CROSS_DOC_COREF>
<CROSS_DOC_COREF r_id="40620" note="ACT18235556790378090" >
  <source m_id="6" />
  <target m_id="56" />
</CROSS_DOC_COREF>
<CROSS_DOC_COREF r_id="40621" note="TIM28438253864765694" >
  <source m_id="40" />
  <target m_id="57" />
</CROSS_DOC_COREF>
<CROSS_DOC_COREF r_id="40622" note="ACT18235514856328298" >
  <source m_id="2" />
  <source m_id="11" />
  <target m_id="58" />
</CROSS_DOC_COREF>
<CROSS_DOC_COREF r_id="40623" note="LOC18235746903617079" >
  <source m_id="39" />
  <target m_id="59" />
</CROSS_DOC_COREF>
<CROSS_DOC_COREF r_id="40624" note="ACT18235797518957764" >
  <source m_id="9" />
  <target m_id="60" />
</CROSS_DOC_COREF>
<CROSS_DOC_COREF r_id="40625" note="HUM18235719432245275" >
  <source m_id="24" />
  <target m_id="61" />
</CROSS_DOC_COREF>
<CROSS_DOC_COREF r_id="40626" note="HUM28438474498107282" >
  <source m_id="29" />
  <target m_id="62" />
</CROSS_DOC_COREF>
<CROSS_DOC_COREF r_id="40627" note="TIM18235819622302982" >
  <source m_id="38" />
  <target m_id="63" />
</CROSS_DOC_COREF>
<CROSS_DOC_COREF r_id="40628" note="ACT18235663280734057" >
  <source m_id="31" />
  <target m_id="64" />
</CROSS_DOC_COREF>
<CROSS_DOC_COREF r_id="40629" note="NON28438274536417173" >
  <source m_id="35" />
  <target m_id="65" />
</CROSS_DOC_COREF>
<CROSS_DOC_COREF r_id="40630" note="ACT18235541349528642" >
  <source m_id="1" />
  <target m_id="66" />
</CROSS_DOC_COREF>
<CROSS_DOC_COREF r_id="40631" note="ACT18235528236344210" >
  <source m_id="3" />
  <source m_id="13" />
  <source m_id="12" />
  <target m_id="67" />
</CROSS_DOC_COREF>
<CROSS_DOC_COREF r_id="40632" note="HUM18238410304544482" >
  <source m_id="23" />
  <source m_id="22" />
  <source m_id="28" />
  <source m_id="44" />
  <target m_id="68" />
</CROSS_DOC_COREF>
<CROSS_DOC_COREF r_id="40633" note="ACT18235570080015139" >
  <source m_id="19" />
  <target m_id="69" />
</CROSS_DOC_COREF>

</Relations>
</Document>
