<Document doc_name="22_10ecbplus.xml" doc_id="DOC15646313296820068">
<token t_id="1" sentence="0" number="0">http</token>
<token t_id="2" sentence="0" number="1">:</token>
<token t_id="3" sentence="0" number="2">/</token>
<token t_id="4" sentence="0" number="3">/</token>
<token t_id="5" sentence="0" number="4">www</token>
<token t_id="6" sentence="0" number="5">.</token>
<token t_id="7" sentence="0" number="6">nbcphiladelphia</token>
<token t_id="8" sentence="0" number="7">.</token>
<token t_id="9" sentence="0" number="8">com</token>
<token t_id="10" sentence="0" number="9">/</token>
<token t_id="11" sentence="0" number="10">news</token>
<token t_id="12" sentence="0" number="11">/</token>
<token t_id="13" sentence="0" number="12">local</token>
<token t_id="14" sentence="0" number="13">/</token>
<token t_id="15" sentence="0" number="14">Trail</token>
<token t_id="16" sentence="0" number="15">-</token>
<token t_id="17" sentence="0" number="16">Begins</token>
<token t_id="18" sentence="0" number="17">-</token>
<token t_id="19" sentence="0" number="18">for</token>
<token t_id="20" sentence="0" number="19">-</token>
<token t_id="21" sentence="0" number="20">Kraft</token>
<token t_id="22" sentence="0" number="21">-</token>
<token t_id="23" sentence="0" number="22">Shooting</token>
<token t_id="24" sentence="0" number="23">-</token>
<token t_id="25" sentence="0" number="24">Suspect</token>
<token t_id="26" sentence="0" number="25">-</token>
<token t_id="27" sentence="0" number="26">169150416</token>
<token t_id="28" sentence="0" number="27">.</token>
<token t_id="29" sentence="0" number="28">html</token>
<token t_id="30" sentence="1" number="0">Trial</token>
<token t_id="31" sentence="1" number="1">Begins</token>
<token t_id="32" sentence="1" number="2">for</token>
<token t_id="33" sentence="1" number="3">Kraft</token>
<token t_id="34" sentence="1" number="4">Shooting</token>
<token t_id="35" sentence="1" number="5">Suspect</token>
<token t_id="36" sentence="2" number="0">The</token>
<token t_id="37" sentence="2" number="1">murder</token>
<token t_id="38" sentence="2" number="2">trial</token>
<token t_id="39" sentence="2" number="3">of</token>
<token t_id="40" sentence="2" number="4">a</token>
<token t_id="41" sentence="2" number="5">suspended</token>
<token t_id="42" sentence="2" number="6">female</token>
<token t_id="43" sentence="2" number="7">employee</token>
<token t_id="44" sentence="2" number="8">who</token>
<token t_id="45" sentence="2" number="9">allegedly</token>
<token t_id="46" sentence="2" number="10">shot</token>
<token t_id="47" sentence="2" number="11">and</token>
<token t_id="48" sentence="2" number="12">killed</token>
<token t_id="49" sentence="2" number="13">two</token>
<token t_id="50" sentence="2" number="14">co</token>
<token t_id="51" sentence="2" number="15">-</token>
<token t_id="52" sentence="2" number="16">workers</token>
<token t_id="53" sentence="2" number="17">two</token>
<token t_id="54" sentence="2" number="18">years</token>
<token t_id="55" sentence="2" number="19">ago</token>
<token t_id="56" sentence="2" number="20">starts</token>
<token t_id="57" sentence="2" number="21">Monday</token>
<token t_id="58" sentence="2" number="22">.</token>
<token t_id="59" sentence="3" number="0">Monday</token>
<token t_id="60" sentence="3" number="1">,</token>
<token t_id="61" sentence="3" number="2">Sep</token>
<token t_id="62" sentence="3" number="3">10</token>
<token t_id="63" sentence="3" number="4">,</token>
<token t_id="64" sentence="3" number="5">2012</token>
<token t_id="65" sentence="3" number="6">|</token>
<token t_id="66" sentence="3" number="7">Updated</token>
<token t_id="67" sentence="3" number="8">9</token>
<token t_id="68" sentence="3" number="9">:</token>
<token t_id="69" sentence="3" number="10">01</token>
<token t_id="70" sentence="3" number="11">AM</token>
<token t_id="71" sentence="3" number="12">EDT</token>
<token t_id="72" sentence="4" number="0">The</token>
<token t_id="73" sentence="4" number="1">murder</token>
<token t_id="74" sentence="4" number="2">trial</token>
<token t_id="75" sentence="4" number="3">for</token>
<token t_id="76" sentence="4" number="4">the</token>
<token t_id="77" sentence="4" number="5">suspended</token>
<token t_id="78" sentence="4" number="6">Kraft</token>
<token t_id="79" sentence="4" number="7">foods</token>
<token t_id="80" sentence="4" number="8">employee</token>
<token t_id="81" sentence="4" number="9">accused</token>
<token t_id="82" sentence="4" number="10">of</token>
<token t_id="83" sentence="4" number="11">shooting</token>
<token t_id="84" sentence="4" number="12">three</token>
<token t_id="85" sentence="4" number="13">co</token>
<token t_id="86" sentence="4" number="14">-</token>
<token t_id="87" sentence="4" number="15">workers</token>
<token t_id="88" sentence="4" number="16">,</token>
<token t_id="89" sentence="4" number="17">killing</token>
<token t_id="90" sentence="4" number="18">two</token>
<token t_id="91" sentence="4" number="19">of</token>
<token t_id="92" sentence="4" number="20">them</token>
<token t_id="93" sentence="4" number="21">,</token>
<token t_id="94" sentence="4" number="22">starts</token>
<token t_id="95" sentence="4" number="23">Monday</token>
<token t_id="96" sentence="4" number="24">.</token>
<token t_id="97" sentence="5" number="0">Yvonne</token>
<token t_id="98" sentence="5" number="1">Hiller</token>
<token t_id="99" sentence="5" number="2">,</token>
<token t_id="100" sentence="5" number="3">43</token>
<token t_id="101" sentence="5" number="4">,</token>
<token t_id="102" sentence="5" number="5">is</token>
<token t_id="103" sentence="5" number="6">charged</token>
<token t_id="104" sentence="5" number="7">with</token>
<token t_id="105" sentence="5" number="8">murder</token>
<token t_id="106" sentence="5" number="9">for</token>
<token t_id="107" sentence="5" number="10">the</token>
<token t_id="108" sentence="5" number="11">shooting</token>
<token t_id="109" sentence="5" number="12">deaths</token>
<token t_id="110" sentence="5" number="13">of</token>
<token t_id="111" sentence="5" number="14">two</token>
<token t_id="112" sentence="5" number="15">female</token>
<token t_id="113" sentence="5" number="16">co</token>
<token t_id="114" sentence="5" number="17">-</token>
<token t_id="115" sentence="5" number="18">workers</token>
<token t_id="116" sentence="5" number="19">in</token>
<token t_id="117" sentence="5" number="20">September</token>
<token t_id="118" sentence="5" number="21">2010</token>
<token t_id="119" sentence="5" number="22">.</token>
<token t_id="120" sentence="6" number="0">Hiller</token>
<token t_id="121" sentence="6" number="1">is</token>
<token t_id="122" sentence="6" number="2">also</token>
<token t_id="123" sentence="6" number="3">charged</token>
<token t_id="124" sentence="6" number="4">with</token>
<token t_id="125" sentence="6" number="5">attempted</token>
<token t_id="126" sentence="6" number="6">murder</token>
<token t_id="127" sentence="6" number="7">for</token>
<token t_id="128" sentence="6" number="8">allegedly</token>
<token t_id="129" sentence="6" number="9">shooting</token>
<token t_id="130" sentence="6" number="10">and</token>
<token t_id="131" sentence="6" number="11">injuring</token>
<token t_id="132" sentence="6" number="12">a</token>
<token t_id="133" sentence="6" number="13">third</token>
<token t_id="134" sentence="6" number="14">co</token>
<token t_id="135" sentence="6" number="15">-</token>
<token t_id="136" sentence="6" number="16">worker</token>
<token t_id="137" sentence="6" number="17">.</token>
<token t_id="138" sentence="7" number="0">Police</token>
<token t_id="139" sentence="7" number="1">say</token>
<token t_id="140" sentence="7" number="2">that</token>
<token t_id="141" sentence="7" number="3">the</token>
<token t_id="142" sentence="7" number="4">shootings</token>
<token t_id="143" sentence="7" number="5">happened</token>
<token t_id="144" sentence="7" number="6">minutes</token>
<token t_id="145" sentence="7" number="7">after</token>
<token t_id="146" sentence="7" number="8">Hiller</token>
<token t_id="147" sentence="7" number="9">was</token>
<token t_id="148" sentence="7" number="10">suspended</token>
<token t_id="149" sentence="7" number="11">from</token>
<token t_id="150" sentence="7" number="12">her</token>
<token t_id="151" sentence="7" number="13">job</token>
<token t_id="152" sentence="7" number="14">at</token>
<token t_id="153" sentence="7" number="15">the</token>
<token t_id="154" sentence="7" number="16">Kraft</token>
<token t_id="155" sentence="7" number="17">Plant</token>
<token t_id="156" sentence="7" number="18">following</token>
<token t_id="157" sentence="7" number="19">an</token>
<token t_id="158" sentence="7" number="20">altercation</token>
<token t_id="159" sentence="7" number="21">with</token>
<token t_id="160" sentence="7" number="22">the</token>
<token t_id="161" sentence="7" number="23">three</token>
<token t_id="162" sentence="7" number="24">victims</token>
<token t_id="163" sentence="7" number="25">.</token>
<token t_id="164" sentence="8" number="0">They</token>
<token t_id="165" sentence="8" number="1">say</token>
<token t_id="166" sentence="8" number="2">she</token>
<token t_id="167" sentence="8" number="3">forced</token>
<token t_id="168" sentence="8" number="4">her</token>
<token t_id="169" sentence="8" number="5">way</token>
<token t_id="170" sentence="8" number="6">through</token>
<token t_id="171" sentence="8" number="7">security</token>
<token t_id="172" sentence="8" number="8">at</token>
<token t_id="173" sentence="8" number="9">gunpoint</token>
<token t_id="174" sentence="8" number="10">,</token>
<token t_id="175" sentence="8" number="11">walked</token>
<token t_id="176" sentence="8" number="12">into</token>
<token t_id="177" sentence="8" number="13">the</token>
<token t_id="178" sentence="8" number="14">employee</token>
<token t_id="179" sentence="8" number="15">lounge</token>
<token t_id="180" sentence="8" number="16">where</token>
<token t_id="181" sentence="8" number="17">the</token>
<token t_id="182" sentence="8" number="18">three</token>
<token t_id="183" sentence="8" number="19">victims</token>
<token t_id="184" sentence="8" number="20">were</token>
<token t_id="185" sentence="8" number="21">and</token>
<token t_id="186" sentence="8" number="22">shot</token>
<token t_id="187" sentence="8" number="23">them</token>
<token t_id="188" sentence="8" number="24">.</token>
<Markables>
<ACTION_ASPECTUAL m_id="25"  >
  <token_anchor t_id="31"/>
</ACTION_ASPECTUAL>
<ACTION_ASPECTUAL m_id="26"  >
  <token_anchor t_id="56"/>
</ACTION_ASPECTUAL>
<ACTION_ASPECTUAL m_id="32"  >
  <token_anchor t_id="94"/>
</ACTION_ASPECTUAL>
<ACTION_GENERIC m_id="45"  >
  <token_anchor t_id="126"/>
</ACTION_GENERIC>
<ACTION_OCCURRENCE m_id="9"  >
  <token_anchor t_id="83"/>
</ACTION_OCCURRENCE>
<ACTION_OCCURRENCE m_id="10"  >
  <token_anchor t_id="89"/>
</ACTION_OCCURRENCE>
<ACTION_OCCURRENCE m_id="11"  >
  <token_anchor t_id="103"/>
</ACTION_OCCURRENCE>
<ACTION_OCCURRENCE m_id="12"  >
  <token_anchor t_id="123"/>
</ACTION_OCCURRENCE>
<ACTION_OCCURRENCE m_id="13"  >
  <token_anchor t_id="129"/>
</ACTION_OCCURRENCE>
<ACTION_OCCURRENCE m_id="14"  >
  <token_anchor t_id="131"/>
</ACTION_OCCURRENCE>
<ACTION_OCCURRENCE m_id="1"  >
  <token_anchor t_id="30"/>
</ACTION_OCCURRENCE>
<ACTION_OCCURRENCE m_id="33"  >
  <token_anchor t_id="108"/>
</ACTION_OCCURRENCE>
<ACTION_OCCURRENCE m_id="2"  >
  <token_anchor t_id="34"/>
</ACTION_OCCURRENCE>
<ACTION_OCCURRENCE m_id="34"  >
  <token_anchor t_id="109"/>
</ACTION_OCCURRENCE>
<ACTION_OCCURRENCE m_id="3"  >
  <token_anchor t_id="38"/>
</ACTION_OCCURRENCE>
<ACTION_OCCURRENCE m_id="4"  >
  <token_anchor t_id="46"/>
</ACTION_OCCURRENCE>
<ACTION_OCCURRENCE m_id="5"  >
  <token_anchor t_id="48"/>
</ACTION_OCCURRENCE>
<ACTION_OCCURRENCE m_id="6"  >
  <token_anchor t_id="74"/>
</ACTION_OCCURRENCE>
<ACTION_OCCURRENCE m_id="7"  >
  <token_anchor t_id="73"/>
</ACTION_OCCURRENCE>
<ACTION_OCCURRENCE m_id="8"  >
  <token_anchor t_id="81"/>
</ACTION_OCCURRENCE>
<HUMAN_PART_PER m_id="15"  >
  <token_anchor t_id="35"/>
</HUMAN_PART_PER>
<HUMAN_PART_PER m_id="16"  >
  <token_anchor t_id="43"/>
</HUMAN_PART_PER>
<HUMAN_PART_PER m_id="17"  >
  <token_anchor t_id="50"/>
  <token_anchor t_id="51"/>
  <token_anchor t_id="52"/>
</HUMAN_PART_PER>
<HUMAN_PART_PER m_id="18"  >
  <token_anchor t_id="80"/>
</HUMAN_PART_PER>
<HUMAN_PART_PER m_id="19"  >
  <token_anchor t_id="85"/>
  <token_anchor t_id="86"/>
  <token_anchor t_id="87"/>
</HUMAN_PART_PER>
<HUMAN_PART_PER m_id="20"  >
  <token_anchor t_id="90"/>
</HUMAN_PART_PER>
<HUMAN_PART_PER m_id="21"  >
  <token_anchor t_id="97"/>
  <token_anchor t_id="98"/>
</HUMAN_PART_PER>
<HUMAN_PART_PER m_id="22"  >
  <token_anchor t_id="113"/>
  <token_anchor t_id="114"/>
  <token_anchor t_id="115"/>
</HUMAN_PART_PER>
<HUMAN_PART_PER m_id="23"  >
  <token_anchor t_id="120"/>
</HUMAN_PART_PER>
<HUMAN_PART_PER m_id="24"  >
  <token_anchor t_id="134"/>
  <token_anchor t_id="135"/>
  <token_anchor t_id="136"/>
</HUMAN_PART_PER>
<HUMAN_PART_PER m_id="36"  >
  <token_anchor t_id="92"/>
</HUMAN_PART_PER>
<TIME_DATE m_id="28"  >
  <token_anchor t_id="57"/>
</TIME_DATE>
<TIME_DATE m_id="29"  >
  <token_anchor t_id="95"/>
</TIME_DATE>
<TIME_OF_THE_DAY m_id="31"  >
  <token_anchor t_id="59"/>
  <token_anchor t_id="60"/>
  <token_anchor t_id="61"/>
  <token_anchor t_id="62"/>
  <token_anchor t_id="63"/>
  <token_anchor t_id="64"/>
  <token_anchor t_id="65"/>
  <token_anchor t_id="66"/>
  <token_anchor t_id="67"/>
  <token_anchor t_id="68"/>
  <token_anchor t_id="69"/>
  <token_anchor t_id="70"/>
  <token_anchor t_id="71"/>
</TIME_OF_THE_DAY>


<TIME_OF_THE_DAY m_id="46" note="byCROMER" >
  <token_anchor t_id="116"/>
  <token_anchor t_id="117"/>
  <token_anchor t_id="118"/>
  <token_anchor t_id="119"/>
</TIME_OF_THE_DAY>
<TIME_OF_THE_DAY m_id="47" note="byCROMER" >
  <token_anchor t_id="53"/>
  <token_anchor t_id="54"/>
  <token_anchor t_id="55"/>
</TIME_OF_THE_DAY>
<ACTION_OCCURRENCE m_id="48" note="byCROMER" >
  <token_anchor t_id="41"/>
</ACTION_OCCURRENCE>
<ACTION_OCCURRENCE m_id="49" note="byCROMER" >
  <token_anchor t_id="105"/>
</ACTION_OCCURRENCE>
<HUMAN_PART_PER m_id="50" note="byCROMER" >
  <token_anchor t_id="44"/>
</HUMAN_PART_PER>


<ACTION_OCCURRENCE m_id="64" RELATED_TO="" TAG_DESCRIPTOR="t22_killing" instance_id="ACT18235797518957764" />
<HUMAN_PART_PER m_id="63" RELATED_TO="" TAG_DESCRIPTOR="t22_two_killed" instance_id="HUM18235719432245275" />
<ACTION_OCCURRENCE m_id="62" RELATED_TO="" TAG_DESCRIPTOR="t22_charged" instance_id="ACT18235514856328298" />
<ACTION_ASPECTUAL m_id="61" RELATED_TO="" TAG_DESCRIPTOR="t22_begin_trial" instance_id="ACT28437283143865235" />
<ACTION_OCCURRENCE m_id="60" RELATED_TO="" TAG_DESCRIPTOR="t22_trial" instance_id="ACT18239307169170325" />
<TIME_DATE m_id="43" RELATED_TO="" TAG_DESCRIPTOR="monday" />
<HUMAN_PART_PER m_id="59" RELATED_TO="" TAG_DESCRIPTOR="t22_victims" instance_id="HUM18238410304544482" />
<ACTION_OCCURRENCE m_id="58" RELATED_TO="" TAG_DESCRIPTOR="t22_wounded" instance_id="ACT18235626614479420" />
<ACTION_OCCURRENCE m_id="57" RELATED_TO="" TAG_DESCRIPTOR="t22_murder" instance_id="ACT18235528236344210" />
<ACTION_OCCURRENCE m_id="56" RELATED_TO="" TAG_DESCRIPTOR="t22_shooting" instance_id="ACT18235541349528642" />
<HUMAN_PART_PER m_id="55" RELATED_TO="" TAG_DESCRIPTOR="t22_yvonne_hiller" instance_id="HUM18235680503915426" />
<ACTION_OCCURRENCE m_id="54" RELATED_TO="" TAG_DESCRIPTOR="t22_suspended" instance_id="ACT18235614722947042" />
<ACTION_OCCURRENCE m_id="53" RELATED_TO="" TAG_DESCRIPTOR="t22_accussed" instance_id="ACT18239294642491039" />
<HUMAN_PART_PER m_id="52" RELATED_TO="" TAG_DESCRIPTOR="t22_one_wounded" instance_id="HUM18235732007199628" />
<TIME_OF_THE_DAY m_id="51" RELATED_TO="" TAG_DESCRIPTOR="t22_thursday_night" instance_id="TIM18235835120315860" />
</Markables>

<Relations>
<INTRA_DOC_COREF r_id="40601" >
<source m_id="28" />
<source m_id="29" />
<target m_id="43" />
</INTRA_DOC_COREF>
<CROSS_DOC_COREF r_id="40603" note="TIM18235835120315860" >
  <source m_id="46" />
  <source m_id="47" />
  <target m_id="51" />
</CROSS_DOC_COREF>
<CROSS_DOC_COREF r_id="40604" note="HUM18235732007199628" >
  <source m_id="24" />
  <target m_id="52" />
</CROSS_DOC_COREF>
<CROSS_DOC_COREF r_id="40605" note="ACT18239294642491039" >
  <source m_id="8" />
  <target m_id="53" />
</CROSS_DOC_COREF>
<CROSS_DOC_COREF r_id="40606" note="ACT18235614722947042" >
  <source m_id="48" />
  <target m_id="54" />
</CROSS_DOC_COREF>
<CROSS_DOC_COREF r_id="40607" note="HUM18235680503915426" >
  <source m_id="21" />
  <source m_id="15" />
  <source m_id="16" />
  <source m_id="18" />
  <source m_id="50" />
  <source m_id="23" />
  <target m_id="55" />
</CROSS_DOC_COREF>
<CROSS_DOC_COREF r_id="40608" note="ACT18235541349528642" >
  <source m_id="2" />
  <source m_id="33" />
  <source m_id="9" />
  <source m_id="4" />
  <source m_id="13" />
  <target m_id="56" />
</CROSS_DOC_COREF>
<CROSS_DOC_COREF r_id="40609" note="ACT18235528236344210" >
  <source m_id="49" />
  <target m_id="57" />
</CROSS_DOC_COREF>
<CROSS_DOC_COREF r_id="40610" note="ACT18235626614479420" >
  <source m_id="14" />
  <target m_id="58" />
</CROSS_DOC_COREF>
<CROSS_DOC_COREF r_id="40611" note="HUM18238410304544482" >
  <source m_id="36" />
  <source m_id="19" />
  <target m_id="59" />
</CROSS_DOC_COREF>
<CROSS_DOC_COREF r_id="40612" note="ACT18239307169170325" >
  <source m_id="3" />
  <source m_id="1" />
  <source m_id="6" />
  <target m_id="60" />
</CROSS_DOC_COREF>
<CROSS_DOC_COREF r_id="40613" note="ACT28437283143865235" >
  <source m_id="26" />
  <source m_id="32" />
  <source m_id="25" />
  <target m_id="61" />
</CROSS_DOC_COREF>
<CROSS_DOC_COREF r_id="40614" note="ACT18235514856328298" >
  <source m_id="11" />
  <source m_id="12" />
  <target m_id="62" />
</CROSS_DOC_COREF>
<CROSS_DOC_COREF r_id="40615" note="HUM18235719432245275" >
  <source m_id="22" />
  <source m_id="20" />
  <source m_id="17" />
  <target m_id="63" />
</CROSS_DOC_COREF>
<CROSS_DOC_COREF r_id="40616" note="ACT18235797518957764" >
  <source m_id="34" />
  <source m_id="5" />
  <source m_id="7" />
  <source m_id="10" />
  <target m_id="64" />
</CROSS_DOC_COREF>

</Relations>
</Document>
