<Document doc_name="22_2ecb.xml" doc_id="DOC15654623404810081">
<token t_id="1" sentence="0" number="0">A</token>
<token t_id="2" sentence="0" number="1">60-year-old</token>
<token t_id="3" sentence="0" number="2">woman</token>
<token t_id="4" sentence="0" number="3">charged</token>
<token t_id="5" sentence="0" number="4">with</token>
<token t_id="6" sentence="0" number="5">killing</token>
<token t_id="7" sentence="0" number="6">two</token>
<token t_id="8" sentence="0" number="7">young</token>
<token t_id="9" sentence="0" number="8">women</token>
<token t_id="10" sentence="0" number="9">in</token>
<token t_id="11" sentence="0" number="10">a</token>
<token t_id="12" sentence="0" number="11">Staunton</token>
<token t_id="13" sentence="0" number="12">ice</token>
<token t_id="14" sentence="0" number="13">cream</token>
<token t_id="15" sentence="0" number="14">shop</token>
<token t_id="16" sentence="0" number="15">41</token>
<token t_id="17" sentence="0" number="16">years</token>
<token t_id="18" sentence="0" number="17">ago</token>
<token t_id="19" sentence="0" number="18">was</token>
<token t_id="20" sentence="0" number="19">released</token>
<token t_id="21" sentence="0" number="20">without</token>
<token t_id="22" sentence="0" number="21">bail</token>
<token t_id="23" sentence="0" number="22">,</token>
<token t_id="24" sentence="0" number="23">authorities</token>
<token t_id="25" sentence="0" number="24">said</token>
<token t_id="26" sentence="0" number="25">Friday</token>
<token t_id="27" sentence="0" number="26">,</token>
<token t_id="28" sentence="0" number="27">because</token>
<token t_id="29" sentence="0" number="28">she</token>
<token t_id="30" sentence="0" number="29">is</token>
<token t_id="31" sentence="0" number="30">dying</token>
<token t_id="32" sentence="0" number="31">from</token>
<token t_id="33" sentence="0" number="32">kidney</token>
<token t_id="34" sentence="0" number="33">and</token>
<token t_id="35" sentence="0" number="34">heart</token>
<token t_id="36" sentence="0" number="35">disease</token>
<token t_id="37" sentence="0" number="36">and</token>
<token t_id="38" sentence="0" number="37">living</token>
<token t_id="39" sentence="0" number="38">in</token>
<token t_id="40" sentence="0" number="39">a</token>
<token t_id="41" sentence="0" number="40">hospice</token>
<token t_id="42" sentence="0" number="41">facility</token>
<token t_id="43" sentence="0" number="42">.</token>
<Markables>
<ACTION_OCCURRENCE m_id="21"  >
  <token_anchor t_id="6"/>
</ACTION_OCCURRENCE>
<ACTION_OCCURRENCE m_id="22"  >
  <token_anchor t_id="20"/>
</ACTION_OCCURRENCE>
<ACTION_OCCURRENCE m_id="23"  >
  <token_anchor t_id="31"/>
</ACTION_OCCURRENCE>
<ACTION_OCCURRENCE m_id="24"  >
  <token_anchor t_id="38"/>
</ACTION_OCCURRENCE>
<ACTION_REPORTING m_id="29"  >
  <token_anchor t_id="25"/>
</ACTION_REPORTING>
<HUMAN_PART_PER m_id="17"  >
  <token_anchor t_id="3"/>
</HUMAN_PART_PER>
<HUMAN_PART_PER m_id="18"  >
  <token_anchor t_id="9"/>
</HUMAN_PART_PER>
<HUMAN_PART_PER m_id="19"  >
  <token_anchor t_id="24"/>
</HUMAN_PART_PER>
<HUMAN_PART_PER m_id="20"  >
  <token_anchor t_id="29"/>
</HUMAN_PART_PER>
<LOC_FAC m_id="25"  >
  <token_anchor t_id="10"/>
  <token_anchor t_id="11"/>
  <token_anchor t_id="12"/>
  <token_anchor t_id="13"/>
  <token_anchor t_id="14"/>
  <token_anchor t_id="15"/>
</LOC_FAC>
<LOC_FAC m_id="26"  >
  <token_anchor t_id="40"/>
  <token_anchor t_id="41"/>
  <token_anchor t_id="42"/>
</LOC_FAC>
<NON_HUMAN_PART m_id="27"  >
  <token_anchor t_id="36"/>
</NON_HUMAN_PART>
<NON_HUMAN_PART m_id="28"  >
  <token_anchor t_id="22"/>
</NON_HUMAN_PART>
<TIME_DATE m_id="30"  >
  <token_anchor t_id="26"/>
</TIME_DATE>
<TIME_DATE m_id="31"  >
  <token_anchor t_id="16"/>
  <token_anchor t_id="17"/>
  <token_anchor t_id="18"/>
</TIME_DATE>


<ACTION_OCCURRENCE m_id="32" note="byCROMER" >
  <token_anchor t_id="4"/>
</ACTION_OCCURRENCE>


<ACTION_OCCURRENCE m_id="39" RELATED_TO="" TAG_DESCRIPTOR="t22b_murder" instance_id="ACT18239862350395745" />
<LOC_FAC m_id="38" RELATED_TO="" TAG_DESCRIPTOR="t22b_ice_cream_store" instance_id="LOC18239943157153337" />
<TIME_DATE m_id="37" RELATED_TO="" TAG_DESCRIPTOR="t22b_1967" instance_id="TIM18239979269974538" />
<ACTION_OCCURRENCE m_id="36" RELATED_TO="" TAG_DESCRIPTOR="t22b_death" instance_id="ACT18239966941082791" />
<HUMAN_PART_PER m_id="35" RELATED_TO="" TAG_DESCRIPTOR="t22b_authorities" instance_id="HUM18240081325293171" />
<HUMAN_PART_PER m_id="34" RELATED_TO="" TAG_DESCRIPTOR="t22b_women" instance_id="HUM18240050471778186" />
<ACTION_OCCURRENCE m_id="33" RELATED_TO="" TAG_DESCRIPTOR="t22b_charged" instance_id="ACT18240012652425199" />
<HUMAN_PART_PER m_id="40" RELATED_TO="" TAG_DESCRIPTOR="t22b_diane" instance_id="HUM18239875620845465" />
</Markables>

<Relations>
<CROSS_DOC_COREF r_id="33213" note="ACT18240012652425199" >
  <source m_id="32" />
  <target m_id="33" />
</CROSS_DOC_COREF>
<CROSS_DOC_COREF r_id="33214" note="HUM18240050471778186" >
  <source m_id="18" />
  <target m_id="34" />
</CROSS_DOC_COREF>
<CROSS_DOC_COREF r_id="33215" note="HUM18240081325293171" >
  <source m_id="19" />
  <target m_id="35" />
</CROSS_DOC_COREF>
<CROSS_DOC_COREF r_id="33216" note="ACT18239966941082791" >
  <source m_id="23" />
  <target m_id="36" />
</CROSS_DOC_COREF>
<CROSS_DOC_COREF r_id="33217" note="TIM18239979269974538" >
  <source m_id="31" />
  <target m_id="37" />
</CROSS_DOC_COREF>
<CROSS_DOC_COREF r_id="33218" note="LOC18239943157153337" >
  <source m_id="25" />
  <target m_id="38" />
</CROSS_DOC_COREF>
<CROSS_DOC_COREF r_id="33219" note="ACT18239862350395745" >
  <source m_id="21" />
  <target m_id="39" />
</CROSS_DOC_COREF>
<CROSS_DOC_COREF r_id="33220" note="HUM18239875620845465" >
  <source m_id="17" />
  <source m_id="20" />
  <target m_id="40" />
</CROSS_DOC_COREF>

</Relations>
</Document>
