<Document doc_name="22_3ecbplus.xml" doc_id="DOC15646312847228495">
<token t_id="1" sentence="0" number="0">http</token>
<token t_id="2" sentence="0" number="1">:</token>
<token t_id="3" sentence="0" number="2">/</token>
<token t_id="4" sentence="0" number="3">/</token>
<token t_id="5" sentence="0" number="4">www</token>
<token t_id="6" sentence="0" number="5">.</token>
<token t_id="7" sentence="0" number="6">barenakedislam</token>
<token t_id="8" sentence="0" number="7">.</token>
<token t_id="9" sentence="0" number="8">com</token>
<token t_id="10" sentence="0" number="9">/</token>
<token t_id="11" sentence="0" number="10">2010</token>
<token t_id="12" sentence="0" number="11">/</token>
<token t_id="13" sentence="0" number="12">09</token>
<token t_id="14" sentence="0" number="13">/</token>
<token t_id="15" sentence="0" number="14">10</token>
<token t_id="16" sentence="0" number="15">/</token>
<token t_id="17" sentence="0" number="16">charged</token>
<token t_id="18" sentence="0" number="17">-</token>
<token t_id="19" sentence="0" number="18">with</token>
<token t_id="20" sentence="0" number="19">-</token>
<token t_id="21" sentence="0" number="20">murder</token>
<token t_id="22" sentence="0" number="21">-</token>
<token t_id="23" sentence="0" number="22">what</token>
<token t_id="24" sentence="0" number="23">-</token>
<token t_id="25" sentence="0" number="24">most</token>
<token t_id="26" sentence="0" number="25">-</token>
<token t_id="27" sentence="0" number="26">of</token>
<token t_id="28" sentence="0" number="27">-</token>
<token t_id="29" sentence="0" number="28">the</token>
<token t_id="30" sentence="0" number="29">-</token>
<token t_id="31" sentence="0" number="30">liberal</token>
<token t_id="32" sentence="0" number="31">-</token>
<token t_id="33" sentence="0" number="32">media</token>
<token t_id="34" sentence="0" number="33">-</token>
<token t_id="35" sentence="0" number="34">wont</token>
<token t_id="36" sentence="0" number="35">-</token>
<token t_id="37" sentence="0" number="36">tell</token>
<token t_id="38" sentence="0" number="37">-</token>
<token t_id="39" sentence="0" number="38">you</token>
<token t_id="40" sentence="0" number="39">-</token>
<token t_id="41" sentence="0" number="40">about</token>
<token t_id="42" sentence="0" number="41">-</token>
<token t_id="43" sentence="0" number="42">the</token>
<token t_id="44" sentence="0" number="43">-</token>
<token t_id="45" sentence="0" number="44">very</token>
<token t_id="46" sentence="0" number="45">-</token>
<token t_id="47" sentence="0" number="46">spiritual</token>
<token t_id="48" sentence="0" number="47">-</token>
<token t_id="49" sentence="0" number="48">female</token>
<token t_id="50" sentence="0" number="49">-</token>
<token t_id="51" sentence="0" number="50">kraft</token>
<token t_id="52" sentence="0" number="51">-</token>
<token t_id="53" sentence="0" number="52">employee</token>
<token t_id="54" sentence="0" number="53">-</token>
<token t_id="55" sentence="0" number="54">who</token>
<token t_id="56" sentence="0" number="55">-</token>
<token t_id="57" sentence="0" number="56">shot</token>
<token t_id="58" sentence="0" number="57">-</token>
<token t_id="59" sentence="0" number="58">three</token>
<token t_id="60" sentence="0" number="59">-</token>
<token t_id="61" sentence="0" number="60">co</token>
<token t_id="62" sentence="0" number="61">-</token>
<token t_id="63" sentence="0" number="62">workers</token>
<token t_id="64" sentence="0" number="63">/</token>
<token t_id="65" sentence="1" number="0">CHARGED</token>
<token t_id="66" sentence="1" number="1">WITH</token>
<token t_id="67" sentence="1" number="2">MURDER</token>
<token t_id="68" sentence="1" number="3">:</token>
<token t_id="69" sentence="1" number="4">What</token>
<token t_id="70" sentence="1" number="5">most</token>
<token t_id="71" sentence="1" number="6">of</token>
<token t_id="72" sentence="1" number="7">the</token>
<token t_id="73" sentence="1" number="8">liberal</token>
<token t_id="74" sentence="1" number="9">media</token>
<token t_id="75" sentence="1" number="10">won't</token>
<token t_id="76" sentence="1" number="11">tell</token>
<token t_id="77" sentence="1" number="12">you</token>
<token t_id="78" sentence="1" number="13">about</token>
<token t_id="79" sentence="1" number="14">the</token>
<token t_id="80" sentence="1" number="15">"very</token>
<token t_id="81" sentence="1" number="16">spiritual'</token>
<token t_id="82" sentence="1" number="17">female</token>
<token t_id="83" sentence="1" number="18">Kraft</token>
<token t_id="84" sentence="1" number="19">employee</token>
<token t_id="85" sentence="1" number="20">who</token>
<token t_id="86" sentence="1" number="21">shot</token>
<token t_id="87" sentence="1" number="22">three</token>
<token t_id="88" sentence="1" number="23">co</token>
<token t_id="89" sentence="1" number="24">-</token>
<token t_id="90" sentence="1" number="25">workers</token>
<token t_id="91" sentence="2" number="0">The</token>
<token t_id="92" sentence="2" number="1">woman</token>
<token t_id="93" sentence="2" number="2">who</token>
<token t_id="94" sentence="2" number="3">allegedly</token>
<token t_id="95" sentence="2" number="4">shot</token>
<token t_id="96" sentence="2" number="5">three</token>
<token t_id="97" sentence="2" number="6">co</token>
<token t_id="98" sentence="2" number="7">-</token>
<token t_id="99" sentence="2" number="8">workers</token>
<token t_id="100" sentence="2" number="9">—</token>
<token t_id="101" sentence="2" number="10">killing</token>
<token t_id="102" sentence="2" number="11">two–</token>
<token t_id="103" sentence="2" number="12">at</token>
<token t_id="104" sentence="2" number="13">the</token>
<token t_id="105" sentence="2" number="14">Kraft</token>
<token t_id="106" sentence="2" number="15">Plant</token>
<token t_id="107" sentence="2" number="16">Thursday</token>
<token t_id="108" sentence="2" number="17">night</token>
<token t_id="109" sentence="2" number="18">has</token>
<token t_id="110" sentence="2" number="19">been</token>
<token t_id="111" sentence="2" number="20">charged</token>
<token t_id="112" sentence="2" number="21">with</token>
<token t_id="113" sentence="2" number="22">murder</token>
<token t_id="114" sentence="2" number="23">,</token>
<token t_id="115" sentence="2" number="24">attempted</token>
<token t_id="116" sentence="2" number="25">murder</token>
<token t_id="117" sentence="2" number="26">,</token>
<token t_id="118" sentence="2" number="27">aggravated</token>
<token t_id="119" sentence="2" number="28">assault</token>
<token t_id="120" sentence="2" number="29">,</token>
<token t_id="121" sentence="2" number="30">burglary</token>
<token t_id="122" sentence="2" number="31">,</token>
<token t_id="123" sentence="2" number="32">and</token>
<token t_id="124" sentence="2" number="33">other</token>
<token t_id="125" sentence="2" number="34">related</token>
<token t_id="126" sentence="2" number="35">charges</token>
<token t_id="127" sentence="2" number="36">,</token>
<token t_id="128" sentence="2" number="37">says</token>
<token t_id="129" sentence="2" number="38">Philadelphia</token>
<token t_id="130" sentence="2" number="39">District</token>
<token t_id="131" sentence="2" number="40">Attorney</token>
<token t_id="132" sentence="2" number="41">Seth</token>
<token t_id="133" sentence="2" number="42">Williams</token>
<token t_id="134" sentence="2" number="43">.</token>
<token t_id="135" sentence="3" number="0">The</token>
<token t_id="136" sentence="3" number="1">victims</token>
<token t_id="137" sentence="3" number="2">and</token>
<token t_id="138" sentence="3" number="3">alleged</token>
<token t_id="139" sentence="3" number="4">shooter</token>
<token t_id="140" sentence="3" number="5">in</token>
<token t_id="141" sentence="3" number="6">the</token>
<token t_id="142" sentence="3" number="7">last</token>
<token t_id="143" sentence="3" number="8">night</token>
<token t_id="144" sentence="3" number="9">’</token>
<token t_id="145" sentence="3" number="10">s</token>
<token t_id="146" sentence="3" number="11">Kraft</token>
<token t_id="147" sentence="3" number="12">plant</token>
<token t_id="148" sentence="3" number="13">shooting</token>
<token t_id="149" sentence="3" number="14">had</token>
<token t_id="150" sentence="3" number="15">a</token>
<token t_id="151" sentence="3" number="16">history</token>
<token t_id="152" sentence="3" number="17">of</token>
<token t_id="153" sentence="3" number="18">arguing</token>
<token t_id="154" sentence="3" number="19">that</token>
<token t_id="155" sentence="3" number="20">dates</token>
<token t_id="156" sentence="3" number="21">back</token>
<token t_id="157" sentence="3" number="22">several</token>
<token t_id="158" sentence="3" number="23">years</token>
<token t_id="159" sentence="3" number="24">—</token>
<token t_id="160" sentence="3" number="25">the</token>
<token t_id="161" sentence="3" number="26">suspect</token>
<token t_id="162" sentence="3" number="27">thought</token>
<token t_id="163" sentence="3" number="28">her</token>
<token t_id="164" sentence="3" number="29">co</token>
<token t_id="165" sentence="3" number="30">-</token>
<token t_id="166" sentence="3" number="31">workers</token>
<token t_id="167" sentence="3" number="32">were</token>
<token t_id="168" sentence="3" number="33">spraying</token>
<token t_id="169" sentence="3" number="34">chemicals</token>
<token t_id="170" sentence="3" number="35">on</token>
<token t_id="171" sentence="3" number="36">her</token>
<token t_id="172" sentence="3" number="37">and</token>
<token t_id="173" sentence="3" number="38">talking</token>
<token t_id="174" sentence="3" number="39">behind</token>
<token t_id="175" sentence="3" number="40">her</token>
<token t_id="176" sentence="3" number="41">back</token>
<token t_id="177" sentence="3" number="42">,</token>
<token t_id="178" sentence="3" number="43">according</token>
<token t_id="179" sentence="3" number="44">to</token>
<token t_id="180" sentence="3" number="45">police</token>
<token t_id="181" sentence="3" number="46">.</token>
<token t_id="182" sentence="4" number="0">Yvonne</token>
<token t_id="183" sentence="4" number="1">Hiller</token>
<token t_id="184" sentence="4" number="2">,</token>
<token t_id="185" sentence="4" number="3">43</token>
<token t_id="186" sentence="4" number="4">,</token>
<token t_id="187" sentence="4" number="5">got</token>
<token t_id="188" sentence="4" number="6">into</token>
<token t_id="189" sentence="4" number="7">an</token>
<token t_id="190" sentence="4" number="8">altercation</token>
<token t_id="191" sentence="4" number="9">with</token>
<token t_id="192" sentence="4" number="10">the</token>
<token t_id="193" sentence="4" number="11">two</token>
<token t_id="194" sentence="4" number="12">women</token>
<token t_id="195" sentence="4" number="13">and</token>
<token t_id="196" sentence="4" number="14">a</token>
<token t_id="197" sentence="4" number="15">male</token>
<token t_id="198" sentence="4" number="16">co</token>
<token t_id="199" sentence="4" number="17">-</token>
<token t_id="200" sentence="4" number="18">worker</token>
<token t_id="201" sentence="4" number="19">Thursday</token>
<token t_id="202" sentence="4" number="20">night</token>
<token t_id="203" sentence="4" number="21">,</token>
<token t_id="204" sentence="4" number="22">was</token>
<token t_id="205" sentence="4" number="23">taken</token>
<token t_id="206" sentence="4" number="24">to</token>
<token t_id="207" sentence="4" number="25">the</token>
<token t_id="208" sentence="4" number="26">supervisor</token>
<token t_id="209" sentence="4" number="27">’</token>
<token t_id="210" sentence="4" number="28">s</token>
<token t_id="211" sentence="4" number="29">office</token>
<token t_id="212" sentence="4" number="30">,</token>
<token t_id="213" sentence="4" number="31">suspended</token>
<token t_id="214" sentence="4" number="32">and</token>
<token t_id="215" sentence="4" number="33">escorted</token>
<token t_id="216" sentence="4" number="34">out</token>
<token t_id="217" sentence="4" number="35">of</token>
<token t_id="218" sentence="4" number="36">the</token>
<token t_id="219" sentence="4" number="37">building</token>
<token t_id="220" sentence="4" number="38">.</token>
<token t_id="221" sentence="4" number="39">.</token>
<token t_id="222" sentence="5" number="0">Ten</token>
<token t_id="223" sentence="5" number="1">minutes</token>
<token t_id="224" sentence="5" number="2">after</token>
<token t_id="225" sentence="5" number="3">being</token>
<token t_id="226" sentence="5" number="4">taken</token>
<token t_id="227" sentence="5" number="5">off</token>
<token t_id="228" sentence="5" number="6">the</token>
<token t_id="229" sentence="5" number="7">job</token>
<token t_id="230" sentence="5" number="8">,</token>
<token t_id="231" sentence="5" number="9">Hiller</token>
<token t_id="232" sentence="5" number="10">drove</token>
<token t_id="233" sentence="5" number="11">her</token>
<token t_id="234" sentence="5" number="12">car</token>
<token t_id="235" sentence="5" number="13">to</token>
<token t_id="236" sentence="5" number="14">the</token>
<token t_id="237" sentence="5" number="15">security</token>
<token t_id="238" sentence="5" number="16">gate</token>
<token t_id="239" sentence="5" number="17">and</token>
<token t_id="240" sentence="5" number="18">forced</token>
<token t_id="241" sentence="5" number="19">her</token>
<token t_id="242" sentence="5" number="20">way</token>
<token t_id="243" sentence="5" number="21">in</token>
<token t_id="244" sentence="5" number="22">at</token>
<token t_id="245" sentence="5" number="23">gunpoint</token>
<token t_id="246" sentence="5" number="24">,</token>
<token t_id="247" sentence="5" number="25">police</token>
<token t_id="248" sentence="5" number="26">say</token>
<token t_id="249" sentence="5" number="27">,</token>
<token t_id="250" sentence="5" number="28">and</token>
<token t_id="251" sentence="5" number="29">headed</token>
<token t_id="252" sentence="5" number="30">back</token>
<token t_id="253" sentence="5" number="31">up</token>
<token t_id="254" sentence="5" number="32">to</token>
<token t_id="255" sentence="5" number="33">the</token>
<token t_id="256" sentence="5" number="34">third</token>
<token t_id="257" sentence="5" number="35">floor</token>
<token t_id="258" sentence="5" number="36">armed</token>
<token t_id="259" sentence="5" number="37">with</token>
<token t_id="260" sentence="5" number="38">her</token>
<token t_id="261" sentence="5" number="39">.</token>
<token t_id="262" sentence="5" number="40">357</token>
<token t_id="263" sentence="5" number="41">Magnum</token>
<token t_id="264" sentence="5" number="42">,</token>
<token t_id="265" sentence="5" number="43">which</token>
<token t_id="266" sentence="5" number="44">she</token>
<token t_id="267" sentence="5" number="45">has</token>
<token t_id="268" sentence="5" number="46">a</token>
<token t_id="269" sentence="5" number="47">permit</token>
<token t_id="270" sentence="5" number="48">to</token>
<token t_id="271" sentence="5" number="49">carry</token>
<token t_id="272" sentence="5" number="50">.</token>
<token t_id="273" sentence="6" number="0">She</token>
<token t_id="274" sentence="6" number="1">went</token>
<token t_id="275" sentence="6" number="2">to</token>
<token t_id="276" sentence="6" number="3">the</token>
<token t_id="277" sentence="6" number="4">employee</token>
<token t_id="278" sentence="6" number="5">lounge</token>
<token t_id="279" sentence="6" number="6">,</token>
<token t_id="280" sentence="6" number="7">saw</token>
<token t_id="281" sentence="6" number="8">four</token>
<token t_id="282" sentence="6" number="9">of</token>
<token t_id="283" sentence="6" number="10">her</token>
<token t_id="284" sentence="6" number="11">co</token>
<token t_id="285" sentence="6" number="12">-</token>
<token t_id="286" sentence="6" number="13">workers</token>
<token t_id="287" sentence="6" number="14">—</token>
<token t_id="288" sentence="6" number="15">three</token>
<token t_id="289" sentence="6" number="16">of</token>
<token t_id="290" sentence="6" number="17">with</token>
<token t_id="291" sentence="6" number="18">whom</token>
<token t_id="292" sentence="6" number="19">she</token>
<token t_id="293" sentence="6" number="20">’</token>
<token t_id="294" sentence="6" number="21">d</token>
<token t_id="295" sentence="6" number="22">just</token>
<token t_id="296" sentence="6" number="23">had</token>
<token t_id="297" sentence="6" number="24">the</token>
<token t_id="298" sentence="6" number="25">altercation</token>
<token t_id="299" sentence="6" number="26">.</token>
<token t_id="300" sentence="7" number="0">The</token>
<token t_id="301" sentence="7" number="1">fourth</token>
<token t_id="302" sentence="7" number="2">person</token>
<token t_id="303" sentence="7" number="3">told</token>
<token t_id="304" sentence="7" number="4">her</token>
<token t_id="305" sentence="7" number="5">to</token>
<token t_id="306" sentence="7" number="6">get</token>
<token t_id="307" sentence="7" number="7">out</token>
<token t_id="308" sentence="7" number="8">of</token>
<token t_id="309" sentence="7" number="9">the</token>
<token t_id="310" sentence="7" number="10">lounge</token>
<token t_id="311" sentence="7" number="11">.</token>
<token t_id="312" sentence="8" number="0">She</token>
<token t_id="313" sentence="8" number="1">shot</token>
<token t_id="314" sentence="8" number="2">the</token>
<token t_id="315" sentence="8" number="3">other</token>
<token t_id="316" sentence="8" number="4">three</token>
<token t_id="317" sentence="8" number="5">,</token>
<token t_id="318" sentence="8" number="6">police</token>
<token t_id="319" sentence="8" number="7">say</token>
<token t_id="320" sentence="8" number="8">.</token>
<token t_id="321" sentence="9" number="0">Bryant</token>
<token t_id="322" sentence="9" number="1">Dalton</token>
<token t_id="323" sentence="9" number="2">,</token>
<token t_id="324" sentence="9" number="3">39</token>
<token t_id="325" sentence="9" number="4">,</token>
<token t_id="326" sentence="9" number="5">was</token>
<token t_id="327" sentence="9" number="6">shot</token>
<token t_id="328" sentence="9" number="7">in</token>
<token t_id="329" sentence="9" number="8">the</token>
<token t_id="330" sentence="9" number="9">neck</token>
<token t_id="331" sentence="9" number="10">and</token>
<token t_id="332" sentence="9" number="11">is</token>
<token t_id="333" sentence="9" number="12">hospitalized</token>
<token t_id="334" sentence="9" number="13">in</token>
<token t_id="335" sentence="9" number="14">critical</token>
<token t_id="336" sentence="9" number="15">condition</token>
<token t_id="337" sentence="9" number="16">.</token>
<token t_id="338" sentence="10" number="0">Latonya</token>
<token t_id="339" sentence="10" number="1">Brown</token>
<token t_id="340" sentence="10" number="2">,</token>
<token t_id="341" sentence="10" number="3">36</token>
<token t_id="342" sentence="10" number="4">,</token>
<token t_id="343" sentence="10" number="5">was</token>
<token t_id="344" sentence="10" number="6">shot</token>
<token t_id="345" sentence="10" number="7">in</token>
<token t_id="346" sentence="10" number="8">the</token>
<token t_id="347" sentence="10" number="9">head</token>
<token t_id="348" sentence="10" number="10">and</token>
<token t_id="349" sentence="10" number="11">Tanya</token>
<token t_id="350" sentence="10" number="12">Wilson</token>
<token t_id="351" sentence="10" number="13">,</token>
<token t_id="352" sentence="10" number="14">47</token>
<token t_id="353" sentence="10" number="15">,</token>
<token t_id="354" sentence="10" number="16">was</token>
<token t_id="355" sentence="10" number="17">shot</token>
<token t_id="356" sentence="10" number="18">in</token>
<token t_id="357" sentence="10" number="19">the</token>
<token t_id="358" sentence="10" number="20">side</token>
<token t_id="359" sentence="10" number="21">.</token>
<token t_id="360" sentence="11" number="0">Both</token>
<token t_id="361" sentence="11" number="1">women</token>
<token t_id="362" sentence="11" number="2">died</token>
<token t_id="363" sentence="11" number="3">.</token>
<token t_id="364" sentence="12" number="0">Kenneth</token>
<token t_id="365" sentence="12" number="1">Dorsey</token>
<token t_id="366" sentence="12" number="2">says</token>
<token t_id="367" sentence="12" number="3">the</token>
<token t_id="368" sentence="12" number="4">woman</token>
<token t_id="369" sentence="12" number="5">accused</token>
<token t_id="370" sentence="12" number="6">of</token>
<token t_id="371" sentence="12" number="7">killing</token>
<token t_id="372" sentence="12" number="8">two</token>
<token t_id="373" sentence="12" number="9">co</token>
<token t_id="374" sentence="12" number="10">-</token>
<token t_id="375" sentence="12" number="11">workers</token>
<token t_id="376" sentence="12" number="12">and</token>
<token t_id="377" sentence="12" number="13">critically</token>
<token t_id="378" sentence="12" number="14">injuring</token>
<token t_id="379" sentence="12" number="15">a</token>
<token t_id="380" sentence="12" number="16">third</token>
<token t_id="381" sentence="12" number="17">at</token>
<token t_id="382" sentence="12" number="18">the</token>
<token t_id="383" sentence="12" number="19">Kraft</token>
<token t_id="384" sentence="12" number="20">plant</token>
<token t_id="385" sentence="12" number="21">in</token>
<token t_id="386" sentence="12" number="22">Northeast</token>
<token t_id="387" sentence="12" number="23">Philly</token>
<token t_id="388" sentence="12" number="24">is</token>
<token t_id="389" sentence="12" number="25">a</token>
<token t_id="390" sentence="12" number="26">good</token>
<token t_id="391" sentence="12" number="27">person</token>
<token t_id="392" sentence="12" number="28">.</token>
<token t_id="393" sentence="13" number="0">And</token>
<token t_id="394" sentence="13" number="1">so</token>
<token t_id="395" sentence="13" number="2">were</token>
<token t_id="396" sentence="13" number="3">the</token>
<token t_id="397" sentence="13" number="4">two</token>
<token t_id="398" sentence="13" number="5">women</token>
<token t_id="399" sentence="13" number="6">she</token>
<token t_id="400" sentence="13" number="7">’</token>
<token t_id="401" sentence="13" number="8">s</token>
<token t_id="402" sentence="13" number="9">accused</token>
<token t_id="403" sentence="13" number="10">of</token>
<token t_id="404" sentence="13" number="11">gunning</token>
<token t_id="405" sentence="13" number="12">down</token>
<token t_id="406" sentence="13" number="13">with</token>
<token t_id="407" sentence="13" number="14">a</token>
<token t_id="408" sentence="13" number="15">.</token>
<token t_id="409" sentence="13" number="16">357</token>
<token t_id="410" sentence="13" number="17">Magnum</token>
<token t_id="411" sentence="13" number="18">,</token>
<token t_id="412" sentence="13" number="19">just</token>
<token t_id="413" sentence="13" number="20">minutes</token>
<token t_id="414" sentence="13" number="21">after</token>
<token t_id="415" sentence="13" number="22">she</token>
<token t_id="416" sentence="13" number="23">’</token>
<token t_id="417" sentence="13" number="24">d</token>
<token t_id="418" sentence="13" number="25">been</token>
<token t_id="419" sentence="13" number="26">suspended</token>
<token t_id="420" sentence="13" number="27">and</token>
<token t_id="421" sentence="13" number="28">escorted</token>
<token t_id="422" sentence="13" number="29">from</token>
<token t_id="423" sentence="13" number="30">the</token>
<token t_id="424" sentence="13" number="31">building</token>
<token t_id="425" sentence="13" number="32">.</token>
<token t_id="426" sentence="14" number="0">“</token>
<token t_id="427" sentence="14" number="1">We</token>
<token t_id="428" sentence="14" number="2">talked</token>
<token t_id="429" sentence="14" number="3">about</token>
<token t_id="430" sentence="14" number="4">her</token>
<token t_id="431" sentence="14" number="5">Muslim</token>
<token t_id="432" sentence="14" number="6">faith</token>
<token t_id="433" sentence="14" number="7">and</token>
<token t_id="434" sentence="14" number="8">I</token>
<token t_id="435" sentence="14" number="9">wished</token>
<token t_id="436" sentence="14" number="10">her</token>
<token t_id="437" sentence="14" number="11">happy</token>
<token t_id="438" sentence="14" number="12">Ramadan</token>
<token t_id="439" sentence="14" number="13">,</token>
<token t_id="440" sentence="14" number="14">”</token>
<token t_id="441" sentence="14" number="15">Dorsey</token>
<token t_id="442" sentence="14" number="16">said</token>
<token t_id="443" sentence="14" number="17">.</token>
<token t_id="444" sentence="15" number="0">“</token>
<token t_id="445" sentence="15" number="1">I</token>
<token t_id="446" sentence="15" number="2">never</token>
<token t_id="447" sentence="15" number="3">thought</token>
<token t_id="448" sentence="15" number="4">in</token>
<token t_id="449" sentence="15" number="5">my</token>
<token t_id="450" sentence="15" number="6">deepest</token>
<token t_id="451" sentence="15" number="7">heart</token>
<token t_id="452" sentence="15" number="8">that</token>
<token t_id="453" sentence="15" number="9">it</token>
<token t_id="454" sentence="15" number="10">would</token>
<token t_id="455" sentence="15" number="11">come</token>
<token t_id="456" sentence="15" number="12">down</token>
<token t_id="457" sentence="15" number="13">to</token>
<token t_id="458" sentence="15" number="14">this</token>
<token t_id="459" sentence="15" number="15">,</token>
<token t_id="460" sentence="15" number="16">”</token>
<token t_id="461" sentence="15" number="17">Dorsey</token>
<token t_id="462" sentence="15" number="18">said</token>
<token t_id="463" sentence="15" number="19">.</token>
<token t_id="464" sentence="16" number="0">The</token>
<token t_id="465" sentence="16" number="1">reason</token>
<token t_id="466" sentence="16" number="2">Hiller</token>
<token t_id="467" sentence="16" number="3">was</token>
<token t_id="468" sentence="16" number="4">suspended</token>
<token t_id="469" sentence="16" number="5">had</token>
<token t_id="470" sentence="16" number="6">not</token>
<token t_id="471" sentence="16" number="7">been</token>
<token t_id="472" sentence="16" number="8">made</token>
<token t_id="473" sentence="16" number="9">public</token>
<token t_id="474" sentence="16" number="10">Friday</token>
<token t_id="475" sentence="16" number="11">afternoon</token>
<token t_id="476" sentence="16" number="12">and</token>
<token t_id="477" sentence="16" number="13">while</token>
<token t_id="478" sentence="16" number="14">some</token>
<token t_id="479" sentence="16" number="15">co</token>
<token t_id="480" sentence="16" number="16">-</token>
<token t_id="481" sentence="16" number="17">workers</token>
<token t_id="482" sentence="16" number="18">said</token>
<token t_id="483" sentence="16" number="19">she</token>
<token t_id="484" sentence="16" number="20">had</token>
<token t_id="485" sentence="16" number="21">a</token>
<token t_id="486" sentence="16" number="22">history</token>
<token t_id="487" sentence="16" number="23">of</token>
<token t_id="488" sentence="16" number="24">run</token>
<token t_id="489" sentence="16" number="25">-</token>
<token t_id="490" sentence="16" number="26">ins</token>
<token t_id="491" sentence="16" number="27">with</token>
<token t_id="492" sentence="16" number="28">other</token>
<token t_id="493" sentence="16" number="29">workers</token>
<token t_id="494" sentence="16" number="30">and</token>
<token t_id="495" sentence="16" number="31">management</token>
<token t_id="496" sentence="16" number="32">,</token>
<token t_id="497" sentence="16" number="33">Dorsey</token>
<token t_id="498" sentence="16" number="34">said</token>
<token t_id="499" sentence="16" number="35">like</token>
<token t_id="500" sentence="16" number="36">anyone</token>
<token t_id="501" sentence="16" number="37">,</token>
<token t_id="502" sentence="16" number="38">they</token>
<token t_id="503" sentence="16" number="39">sometimes</token>
<token t_id="504" sentence="16" number="40">had</token>
<token t_id="505" sentence="16" number="41">their</token>
<token t_id="506" sentence="16" number="42">differences</token>
<token t_id="507" sentence="16" number="43">,</token>
<token t_id="508" sentence="16" number="44">but</token>
<token t_id="509" sentence="16" number="45">always</token>
<token t_id="510" sentence="16" number="46">got</token>
<token t_id="511" sentence="16" number="47">along</token>
<token t_id="512" sentence="16" number="48">.</token>
<Markables>
<ACTION_GENERIC m_id="32"  >
  <token_anchor t_id="116"/>
</ACTION_GENERIC>
<ACTION_GENERIC m_id="33"  >
  <token_anchor t_id="119"/>
</ACTION_GENERIC>
<ACTION_GENERIC m_id="34"  >
  <token_anchor t_id="121"/>
</ACTION_GENERIC>
<ACTION_OCCURRENCE m_id="14"  >
  <token_anchor t_id="95"/>
</ACTION_OCCURRENCE>
<ACTION_OCCURRENCE m_id="15"  >
  <token_anchor t_id="111"/>
</ACTION_OCCURRENCE>
<ACTION_OCCURRENCE m_id="16"  >
  <token_anchor t_id="101"/>
</ACTION_OCCURRENCE>
<ACTION_OCCURRENCE m_id="24"  >
  <token_anchor t_id="313"/>
</ACTION_OCCURRENCE>
<ACTION_OCCURRENCE m_id="1"  >
  <token_anchor t_id="65"/>
</ACTION_OCCURRENCE>
<ACTION_OCCURRENCE m_id="2"  >
  <token_anchor t_id="67"/>
</ACTION_OCCURRENCE>
<ACTION_OCCURRENCE m_id="3"  >
  <token_anchor t_id="86"/>
</ACTION_OCCURRENCE>
<ACTION_REPORTING m_id="13"  >
  <token_anchor t_id="128"/>
</ACTION_REPORTING>
<ACTION_REPORTING m_id="23"  >
  <token_anchor t_id="319"/>
</ACTION_REPORTING>
<ACTION_STATE m_id="19"  >
  <token_anchor t_id="81"/>
</ACTION_STATE>
<HUMAN_PART_GENERIC m_id="6"  >
  <token_anchor t_id="77"/>
</HUMAN_PART_GENERIC>
<HUMAN_PART_ORG m_id="4"  >
  <token_anchor t_id="74"/>
</HUMAN_PART_ORG>
<HUMAN_PART_PER m_id="9"  >
  <token_anchor t_id="92"/>
</HUMAN_PART_PER>
<HUMAN_PART_PER m_id="10"  >
  <token_anchor t_id="97"/>
  <token_anchor t_id="98"/>
  <token_anchor t_id="99"/>
</HUMAN_PART_PER>
<HUMAN_PART_PER m_id="11"  >
  <token_anchor t_id="102"/>
</HUMAN_PART_PER>
<HUMAN_PART_PER m_id="12"  >
  <token_anchor t_id="132"/>
  <token_anchor t_id="133"/>
</HUMAN_PART_PER>
<HUMAN_PART_PER m_id="20"  >
  <token_anchor t_id="312"/>
</HUMAN_PART_PER>
<HUMAN_PART_PER m_id="21"  >
  <token_anchor t_id="316"/>
</HUMAN_PART_PER>
<HUMAN_PART_PER m_id="22"  >
  <token_anchor t_id="318"/>
</HUMAN_PART_PER>
<HUMAN_PART_PER m_id="7"  >
  <token_anchor t_id="84"/>
</HUMAN_PART_PER>
<HUMAN_PART_PER m_id="8"  >
  <token_anchor t_id="88"/>
  <token_anchor t_id="89"/>
  <token_anchor t_id="90"/>
</HUMAN_PART_PER>
<LOC_FAC m_id="17"  >
  <token_anchor t_id="103"/>
  <token_anchor t_id="104"/>
  <token_anchor t_id="105"/>
  <token_anchor t_id="106"/>
</LOC_FAC>
<NEG_ACTION_REPORTING m_id="5"  >
  <token_anchor t_id="76"/>
</NEG_ACTION_REPORTING>
<NON_HUMAN_PART m_id="26"  >
  <token_anchor t_id="126"/>
</NON_HUMAN_PART>
<TIME_OF_THE_DAY m_id="18"  >
  <token_anchor t_id="107"/>
  <token_anchor t_id="108"/>
</TIME_OF_THE_DAY>


<ACTION_OCCURRENCE m_id="35" note="byCROMER" >
  <token_anchor t_id="113"/>
</ACTION_OCCURRENCE>


<ACTION_OCCURRENCE m_id="39" RELATED_TO="" TAG_DESCRIPTOR="t22_shooting" instance_id="ACT18235541349528642" />
<ACTION_REPORTING m_id="38" RELATED_TO="" TAG_DESCRIPTOR="t22_police_said" instance_id="ACT18235663280734057" />
<LOC_FAC m_id="37" RELATED_TO="" TAG_DESCRIPTOR="t22_kraft" instance_id="LOC18235758158505691" />
<TIME_OF_THE_DAY m_id="36" RELATED_TO="" TAG_DESCRIPTOR="t22_thursday_night" instance_id="TIM18235835120315860" />
<ACTION_OCCURRENCE m_id="48" RELATED_TO="" TAG_DESCRIPTOR="t22_killing" instance_id="ACT18235797518957764" />
<HUMAN_PART_PER m_id="47" RELATED_TO="" TAG_DESCRIPTOR="t22_two_killed" instance_id="HUM18235719432245275" />
<ACTION_OCCURRENCE m_id="46" RELATED_TO="" TAG_DESCRIPTOR="t22_charged" instance_id="ACT18235514856328298" />
<ACTION_STATE m_id="45" RELATED_TO="" TAG_DESCRIPTOR="t22_spritual" instance_id="ACT28439283308819319" />
<HUMAN_PART_PER m_id="44" RELATED_TO="" TAG_DESCRIPTOR="t22_police" instance_id="HUM18237634666124148" />
<NON_HUMAN_PART m_id="43" RELATED_TO="" TAG_DESCRIPTOR="t22_charges" instance_id="NON18239336794903559" />
<HUMAN_PART_PER m_id="42" RELATED_TO="" TAG_DESCRIPTOR="t22_victims" instance_id="HUM18238410304544482" />
<ACTION_OCCURRENCE m_id="41" RELATED_TO="" TAG_DESCRIPTOR="t22_murder" instance_id="ACT18235528236344210" />
<HUMAN_PART_PER m_id="40" RELATED_TO="" TAG_DESCRIPTOR="t22_yvonne_hiller" instance_id="HUM18235680503915426" />
</Markables>

<Relations>
<CROSS_DOC_COREF r_id="41311" note="TIM18235835120315860" >
  <source m_id="18" />
  <target m_id="36" />
</CROSS_DOC_COREF>
<CROSS_DOC_COREF r_id="41312" note="LOC18235758158505691" >
  <source m_id="17" />
  <target m_id="37" />
</CROSS_DOC_COREF>
<CROSS_DOC_COREF r_id="41313" note="ACT18235663280734057" >
  <source m_id="23" />
  <target m_id="38" />
</CROSS_DOC_COREF>
<CROSS_DOC_COREF r_id="41314" note="ACT18235541349528642" >
  <source m_id="14" />
  <source m_id="24" />
  <source m_id="3" />
  <target m_id="39" />
</CROSS_DOC_COREF>
<CROSS_DOC_COREF r_id="41315" note="HUM18235680503915426" >
  <source m_id="9" />
  <source m_id="20" />
  <source m_id="7" />
  <target m_id="40" />
</CROSS_DOC_COREF>
<CROSS_DOC_COREF r_id="41316" note="ACT18235528236344210" >
  <source m_id="2" />
  <source m_id="35" />
  <target m_id="41" />
</CROSS_DOC_COREF>
<CROSS_DOC_COREF r_id="41317" note="HUM18238410304544482" >
  <source m_id="21" />
  <source m_id="10" />
  <source m_id="8" />
  <target m_id="42" />
</CROSS_DOC_COREF>
<CROSS_DOC_COREF r_id="41318" note="NON18239336794903559" >
  <source m_id="26" />
  <target m_id="43" />
</CROSS_DOC_COREF>
<CROSS_DOC_COREF r_id="41319" note="HUM18237634666124148" >
  <source m_id="22" />
  <target m_id="44" />
</CROSS_DOC_COREF>
<CROSS_DOC_COREF r_id="41320" note="ACT28439283308819319" >
  <source m_id="19" />
  <target m_id="45" />
</CROSS_DOC_COREF>
<CROSS_DOC_COREF r_id="41321" note="ACT18235514856328298" >
  <source m_id="15" />
  <source m_id="1" />
  <target m_id="46" />
</CROSS_DOC_COREF>
<CROSS_DOC_COREF r_id="41322" note="HUM18235719432245275" >
  <source m_id="11" />
  <target m_id="47" />
</CROSS_DOC_COREF>
<CROSS_DOC_COREF r_id="41323" note="ACT18235797518957764" >
  <source m_id="16" />
  <target m_id="48" />
</CROSS_DOC_COREF>

</Relations>
</Document>
