<Document doc_name="22_5ecbplus.xml" doc_id="DOC15646312998731515">
<token t_id="1" sentence="0" number="0">http</token>
<token t_id="2" sentence="0" number="1">:</token>
<token t_id="3" sentence="0" number="2">/</token>
<token t_id="4" sentence="0" number="3">/</token>
<token t_id="5" sentence="0" number="4">www</token>
<token t_id="6" sentence="0" number="5">.</token>
<token t_id="7" sentence="0" number="6">freerepublic</token>
<token t_id="8" sentence="0" number="7">.</token>
<token t_id="9" sentence="0" number="8">com</token>
<token t_id="10" sentence="0" number="9">/</token>
<token t_id="11" sentence="0" number="10">focus</token>
<token t_id="12" sentence="0" number="11">/</token>
<token t_id="13" sentence="0" number="12">news</token>
<token t_id="14" sentence="0" number="13">/</token>
<token t_id="15" sentence="0" number="14">2587074</token>
<token t_id="16" sentence="0" number="15">/</token>
<token t_id="17" sentence="0" number="16">posts</token>
<token t_id="18" sentence="1" number="0">Yvonne</token>
<token t_id="19" sentence="1" number="1">Hiller</token>
<token t_id="20" sentence="1" number="2">,</token>
<token t_id="21" sentence="1" number="3">Accused</token>
<token t_id="22" sentence="1" number="4">in</token>
<token t_id="23" sentence="1" number="5">Kraft</token>
<token t_id="24" sentence="1" number="6">Shooting</token>
<token t_id="25" sentence="1" number="7">,</token>
<token t_id="26" sentence="1" number="8">Is</token>
<token t_id="27" sentence="1" number="9">A</token>
<token t_id="28" sentence="1" number="10">Muslim</token>
<token t_id="29" sentence="2" number="0">September</token>
<token t_id="30" sentence="2" number="1">10</token>
<token t_id="31" sentence="2" number="2">,</token>
<token t_id="32" sentence="2" number="3">2010</token>
<token t_id="33" sentence="3" number="0">Yvonne</token>
<token t_id="34" sentence="3" number="1">Hiller</token>
<token t_id="35" sentence="3" number="2">,</token>
<token t_id="36" sentence="3" number="3">who</token>
<token t_id="37" sentence="3" number="4">has</token>
<token t_id="38" sentence="3" number="5">been</token>
<token t_id="39" sentence="3" number="6">arrested</token>
<token t_id="40" sentence="3" number="7">and</token>
<token t_id="41" sentence="3" number="8">charged</token>
<token t_id="42" sentence="3" number="9">with</token>
<token t_id="43" sentence="3" number="10">the</token>
<token t_id="44" sentence="3" number="11">Kraft</token>
<token t_id="45" sentence="3" number="12">shooting</token>
<token t_id="46" sentence="3" number="13">of</token>
<token t_id="47" sentence="3" number="14">her</token>
<token t_id="48" sentence="3" number="15">co</token>
<token t_id="49" sentence="3" number="16">-</token>
<token t_id="50" sentence="3" number="17">workers</token>
<token t_id="51" sentence="3" number="18">at</token>
<token t_id="52" sentence="3" number="19">Kraft</token>
<token t_id="53" sentence="3" number="20">Foods</token>
<token t_id="54" sentence="3" number="21">yesterday</token>
<token t_id="55" sentence="3" number="22">evening</token>
<token t_id="56" sentence="3" number="23">has</token>
<token t_id="57" sentence="3" number="24">been</token>
<token t_id="58" sentence="3" number="25">revealed</token>
<token t_id="59" sentence="3" number="26">to</token>
<token t_id="60" sentence="3" number="27">be</token>
<token t_id="61" sentence="3" number="28">a</token>
<token t_id="62" sentence="3" number="29">Muslim</token>
<token t_id="63" sentence="3" number="30">who</token>
<token t_id="64" sentence="3" number="31">was</token>
<token t_id="65" sentence="3" number="32">very</token>
<token t_id="66" sentence="3" number="33">spiritual</token>
<token t_id="67" sentence="3" number="34">.</token>
<token t_id="68" sentence="4" number="0">At</token>
<token t_id="69" sentence="4" number="1">this</token>
<token t_id="70" sentence="4" number="2">point</token>
<token t_id="71" sentence="4" number="3">it</token>
<token t_id="72" sentence="4" number="4">is</token>
<token t_id="73" sentence="4" number="5">unclear</token>
<token t_id="74" sentence="4" number="6">if</token>
<token t_id="75" sentence="4" number="7">the</token>
<token t_id="76" sentence="4" number="8">shooting</token>
<token t_id="77" sentence="4" number="9">had</token>
<token t_id="78" sentence="4" number="10">anything</token>
<token t_id="79" sentence="4" number="11">to</token>
<token t_id="80" sentence="4" number="12">do</token>
<token t_id="81" sentence="4" number="13">with</token>
<token t_id="82" sentence="4" number="14">the</token>
<token t_id="83" sentence="4" number="15">approaching</token>
<token t_id="84" sentence="4" number="16">anniversary</token>
<token t_id="85" sentence="4" number="17">of</token>
<token t_id="86" sentence="4" number="18">the</token>
<token t_id="87" sentence="4" number="19">9</token>
<token t_id="88" sentence="4" number="20">-</token>
<token t_id="89" sentence="4" number="21">11</token>
<token t_id="90" sentence="4" number="22">attacks</token>
<token t_id="91" sentence="4" number="23">on</token>
<token t_id="92" sentence="4" number="24">America</token>
<token t_id="93" sentence="4" number="25">by</token>
<token t_id="94" sentence="4" number="26">radical</token>
<token t_id="95" sentence="4" number="27">members</token>
<token t_id="96" sentence="4" number="28">of</token>
<token t_id="97" sentence="4" number="29">the</token>
<token t_id="98" sentence="4" number="30">Muslim</token>
<token t_id="99" sentence="4" number="31">faith</token>
<token t_id="100" sentence="4" number="32">.</token>
<token t_id="101" sentence="5" number="0">However</token>
<token t_id="102" sentence="5" number="1">it</token>
<token t_id="103" sentence="5" number="2">does</token>
<token t_id="104" sentence="5" number="3">seem</token>
<token t_id="105" sentence="5" number="4">odd</token>
<token t_id="106" sentence="5" number="5">that</token>
<token t_id="107" sentence="5" number="6">Hiller</token>
<token t_id="108" sentence="5" number="7">had</token>
<token t_id="109" sentence="5" number="8">a</token>
<token t_id="110" sentence="5" number="9">.</token>
<token t_id="111" sentence="5" number="10">357</token>
<token t_id="112" sentence="5" number="11">Magnum</token>
<token t_id="113" sentence="5" number="12">in</token>
<token t_id="114" sentence="5" number="13">her</token>
<token t_id="115" sentence="5" number="14">car</token>
<token t_id="116" sentence="5" number="15">,</token>
<token t_id="117" sentence="5" number="16">which</token>
<token t_id="118" sentence="5" number="17">is</token>
<token t_id="119" sentence="5" number="18">what</token>
<token t_id="120" sentence="5" number="19">she</token>
<token t_id="121" sentence="5" number="20">used</token>
<token t_id="122" sentence="5" number="21">.</token>
<token t_id="123" sentence="6" number="0">That</token>
<token t_id="124" sentence="6" number="1">’</token>
<token t_id="125" sentence="6" number="2">s</token>
<token t_id="126" sentence="6" number="3">a</token>
<token t_id="127" sentence="6" number="4">pretty</token>
<token t_id="128" sentence="6" number="5">heavy</token>
<token t_id="129" sentence="6" number="6">-</token>
<token t_id="130" sentence="6" number="7">duty</token>
<token t_id="131" sentence="6" number="8">gun</token>
<token t_id="132" sentence="6" number="9">.</token>
<token t_id="133" sentence="7" number="0">NBC</token>
<token t_id="134" sentence="7" number="1">Philadelphia</token>
<token t_id="135" sentence="7" number="2">has</token>
<token t_id="136" sentence="7" number="3">interviewed</token>
<token t_id="137" sentence="7" number="4">another</token>
<token t_id="138" sentence="7" number="5">co</token>
<token t_id="139" sentence="7" number="6">-</token>
<token t_id="140" sentence="7" number="7">worker</token>
<token t_id="141" sentence="7" number="8">of</token>
<token t_id="142" sentence="7" number="9">hers</token>
<token t_id="143" sentence="7" number="10">,</token>
<token t_id="144" sentence="7" number="11">Kenneth</token>
<token t_id="145" sentence="7" number="12">Dorsey</token>
<token t_id="146" sentence="7" number="13">,</token>
<token t_id="147" sentence="7" number="14">and</token>
<token t_id="148" sentence="7" number="15">he</token>
<token t_id="149" sentence="7" number="16">said</token>
<token t_id="150" sentence="7" number="17">he</token>
<token t_id="151" sentence="7" number="18">had</token>
<token t_id="152" sentence="7" number="19">talked</token>
<token t_id="153" sentence="7" number="20">with</token>
<token t_id="154" sentence="7" number="21">her</token>
<token t_id="155" sentence="7" number="22">about</token>
<token t_id="156" sentence="7" number="23">her</token>
<token t_id="157" sentence="7" number="24">Muslim</token>
<token t_id="158" sentence="7" number="25">faith</token>
<token t_id="159" sentence="7" number="26">and</token>
<token t_id="160" sentence="7" number="27">even</token>
<token t_id="161" sentence="7" number="28">wished</token>
<token t_id="162" sentence="7" number="29">her</token>
<token t_id="163" sentence="7" number="30">happy</token>
<token t_id="164" sentence="7" number="31">Ramadan</token>
<token t_id="165" sentence="7" number="32">.</token>
<Markables>
<ACTION_OCCURRENCE m_id="9"  >
  <token_anchor t_id="58"/>
</ACTION_OCCURRENCE>
<ACTION_OCCURRENCE m_id="4"  >
  <token_anchor t_id="21"/>
</ACTION_OCCURRENCE>
<ACTION_OCCURRENCE m_id="5"  >
  <token_anchor t_id="24"/>
</ACTION_OCCURRENCE>
<ACTION_OCCURRENCE m_id="6"  >
  <token_anchor t_id="39"/>
</ACTION_OCCURRENCE>
<ACTION_OCCURRENCE m_id="7"  >
  <token_anchor t_id="41"/>
</ACTION_OCCURRENCE>
<ACTION_OCCURRENCE m_id="8"  >
  <token_anchor t_id="45"/>
</ACTION_OCCURRENCE>
<ACTION_STATE m_id="11"  >
  <token_anchor t_id="66"/>
</ACTION_STATE>
<HUMAN_PART_PER m_id="10"  >
  <token_anchor t_id="62"/>
</HUMAN_PART_PER>
<HUMAN_PART_PER m_id="12"  >
  <token_anchor t_id="28"/>
</HUMAN_PART_PER>
<HUMAN_PART_PER m_id="13"  >
  <token_anchor t_id="48"/>
  <token_anchor t_id="49"/>
  <token_anchor t_id="50"/>
</HUMAN_PART_PER>
<HUMAN_PART_PER m_id="2"  >
  <token_anchor t_id="18"/>
  <token_anchor t_id="19"/>
</HUMAN_PART_PER>
<HUMAN_PART_PER m_id="3"  >
  <token_anchor t_id="33"/>
  <token_anchor t_id="34"/>
</HUMAN_PART_PER>
<LOC_FAC m_id="14"  >
  <token_anchor t_id="51"/>
  <token_anchor t_id="52"/>
  <token_anchor t_id="53"/>
</LOC_FAC>
<TIME_DATE m_id="1"  >
  <token_anchor t_id="29"/>
  <token_anchor t_id="30"/>
  <token_anchor t_id="31"/>
  <token_anchor t_id="32"/>
</TIME_DATE>
<TIME_OF_THE_DAY m_id="15"  >
  <token_anchor t_id="54"/>
  <token_anchor t_id="55"/>
</TIME_OF_THE_DAY>


<HUMAN_PART_PER m_id="18" note="byCROMER" >
  <token_anchor t_id="63"/>
</HUMAN_PART_PER>


<HUMAN_PART_PER m_id="27" RELATED_TO="" TAG_DESCRIPTOR="t22_yvonne_hiller" instance_id="HUM18235680503915426" />
<ACTION_OCCURRENCE m_id="26" RELATED_TO="" TAG_DESCRIPTOR="t22_shooting" instance_id="ACT18235541349528642" />
<ACTION_OCCURRENCE m_id="25" RELATED_TO="" TAG_DESCRIPTOR="t22_charged" instance_id="ACT18235514856328298" />
<ACTION_STATE m_id="24" RELATED_TO="" TAG_DESCRIPTOR="t22_spritual" instance_id="ACT28439283308819319" />
<LOC_FAC m_id="23" RELATED_TO="" TAG_DESCRIPTOR="t22_kraft" instance_id="LOC18235758158505691" />
<ACTION_OCCURRENCE m_id="22" RELATED_TO="" TAG_DESCRIPTOR="t22_accussed" instance_id="ACT18239294642491039" />
<TIME_OF_THE_DAY m_id="19" RELATED_TO="" TAG_DESCRIPTOR="t22_thursday_night" instance_id="TIM18235835120315860" />
<ACTION_OCCURRENCE m_id="21" RELATED_TO="" TAG_DESCRIPTOR="t22_arrested" instance_id="ACT28439156155481499" />
<HUMAN_PART_PER m_id="20" RELATED_TO="" TAG_DESCRIPTOR="t22_victims" instance_id="HUM18238410304544482" />
</Markables>

<Relations>
<CROSS_DOC_COREF r_id="40632" note="TIM18235835120315860" >
  <source m_id="15" />
  <target m_id="19" />
</CROSS_DOC_COREF>
<CROSS_DOC_COREF r_id="40633" note="HUM18238410304544482" >
  <source m_id="13" />
  <target m_id="20" />
</CROSS_DOC_COREF>
<CROSS_DOC_COREF r_id="40634" note="ACT28439156155481499" >
  <source m_id="6" />
  <target m_id="21" />
</CROSS_DOC_COREF>
<CROSS_DOC_COREF r_id="40635" note="ACT18239294642491039" >
  <source m_id="4" />
  <target m_id="22" />
</CROSS_DOC_COREF>
<CROSS_DOC_COREF r_id="40636" note="LOC18235758158505691" >
  <source m_id="14" />
  <target m_id="23" />
</CROSS_DOC_COREF>
<CROSS_DOC_COREF r_id="40637" note="ACT28439283308819319" >
  <source m_id="11" />
  <target m_id="24" />
</CROSS_DOC_COREF>
<CROSS_DOC_COREF r_id="40638" note="ACT18235514856328298" >
  <source m_id="7" />
  <target m_id="25" />
</CROSS_DOC_COREF>
<CROSS_DOC_COREF r_id="40639" note="ACT18235541349528642" >
  <source m_id="8" />
  <source m_id="5" />
  <target m_id="26" />
</CROSS_DOC_COREF>
<CROSS_DOC_COREF r_id="40640" note="HUM18235680503915426" >
  <source m_id="2" />
  <source m_id="3" />
  <source m_id="18" />
  <target m_id="27" />
</CROSS_DOC_COREF>

</Relations>
</Document>
