<Document doc_name="22_6ecb.xml" doc_id="DOC15654623269898058">
<token t_id="1" sentence="0" number="0">Staunton</token>
<token t_id="2" sentence="0" number="1">Police</token>
<token t_id="3" sentence="0" number="2">this</token>
<token t_id="4" sentence="0" number="3">morning</token>
<token t_id="5" sentence="0" number="4">arrested</token>
<token t_id="6" sentence="0" number="5">Sharron</token>
<token t_id="7" sentence="0" number="6">Diane</token>
<token t_id="8" sentence="0" number="7">Crawford</token>
<token t_id="9" sentence="0" number="8">Smith</token>
<token t_id="10" sentence="0" number="9">,</token>
<token t_id="11" sentence="0" number="10">of</token>
<token t_id="12" sentence="0" number="11">Staunton</token>
<token t_id="13" sentence="0" number="12">,</token>
<token t_id="14" sentence="0" number="13">on</token>
<token t_id="15" sentence="0" number="14">first-degree</token>
<token t_id="16" sentence="0" number="15">murder</token>
<token t_id="17" sentence="0" number="16">charges</token>
<token t_id="18" sentence="0" number="17">in</token>
<token t_id="19" sentence="0" number="18">the</token>
<token t_id="20" sentence="0" number="19">1967</token>
<token t_id="21" sentence="0" number="20">slayings</token>
<token t_id="22" sentence="0" number="21">of</token>
<token t_id="23" sentence="0" number="22">two</token>
<token t_id="24" sentence="0" number="23">women</token>
<token t_id="25" sentence="0" number="24">at</token>
<token t_id="26" sentence="0" number="25">High</token>
<token t_id="27" sentence="0" number="26">'s</token>
<token t_id="28" sentence="0" number="27">Ice</token>
<token t_id="29" sentence="0" number="28">Cream</token>
<token t_id="30" sentence="0" number="29">Shop</token>
<token t_id="31" sentence="0" number="30">.</token>
<Markables>
<ACTION_OCCURRENCE m_id="15"  >
  <token_anchor t_id="21"/>
</ACTION_OCCURRENCE>
<ACTION_OCCURRENCE m_id="18"  >
  <token_anchor t_id="5"/>
</ACTION_OCCURRENCE>
<HUMAN_PART_ORG m_id="12"  >
  <token_anchor t_id="1"/>
  <token_anchor t_id="2"/>
</HUMAN_PART_ORG>
<HUMAN_PART_PER m_id="13"  >
  <token_anchor t_id="6"/>
  <token_anchor t_id="7"/>
  <token_anchor t_id="8"/>
  <token_anchor t_id="9"/>
</HUMAN_PART_PER>
<HUMAN_PART_PER m_id="14"  >
  <token_anchor t_id="24"/>
</HUMAN_PART_PER>
<LOC_FAC m_id="20"  >
  <token_anchor t_id="26"/>
  <token_anchor t_id="27"/>
  <token_anchor t_id="28"/>
  <token_anchor t_id="29"/>
  <token_anchor t_id="30"/>
</LOC_FAC>
<LOC_GEO m_id="21"  >
  <token_anchor t_id="12"/>
</LOC_GEO>
<TIME_DATE m_id="19"  >
  <token_anchor t_id="20"/>
</TIME_DATE>
<TIME_OF_THE_DAY m_id="17"  >
  <token_anchor t_id="3"/>
  <token_anchor t_id="4"/>
</TIME_OF_THE_DAY>


<ACTION_OCCURRENCE m_id="22" note="byCROMER" >
  <token_anchor t_id="17"/>
</ACTION_OCCURRENCE>
<ACTION_OCCURRENCE m_id="23" note="byCROMER" >
  <token_anchor t_id="16"/>
</ACTION_OCCURRENCE>


<HUMAN_PART_PER m_id="31" RELATED_TO="" TAG_DESCRIPTOR="t22b_diane" instance_id="HUM18239875620845465" />
<ACTION_OCCURRENCE m_id="30" RELATED_TO="" TAG_DESCRIPTOR="t22b_murder" instance_id="ACT18239862350395745" />
<LOC_FAC m_id="29" RELATED_TO="" TAG_DESCRIPTOR="t22b_ice_cream_store" instance_id="LOC18239943157153337" />
<TIME_DATE m_id="28" RELATED_TO="" TAG_DESCRIPTOR="t22b_1967" instance_id="TIM18239979269974538" />
<HUMAN_PART_PER m_id="27" RELATED_TO="" TAG_DESCRIPTOR="t22b_women" instance_id="HUM18240050471778186" />
<HUMAN_PART_ORG m_id="26" RELATED_TO="" TAG_DESCRIPTOR="t22b_police" instance_id="HUM18239924421685735" />
<ACTION_OCCURRENCE m_id="25" RELATED_TO="" TAG_DESCRIPTOR="t22b_charged" instance_id="ACT18240012652425199" />
<ACTION_OCCURRENCE m_id="24" RELATED_TO="" TAG_DESCRIPTOR="t22b_arrested" instance_id="ACT18239998808999423" />
</Markables>

<Relations>
<CROSS_DOC_COREF r_id="33254" note="ACT18239998808999423" >
  <source m_id="18" />
  <target m_id="24" />
</CROSS_DOC_COREF>
<CROSS_DOC_COREF r_id="33255" note="ACT18240012652425199" >
  <source m_id="22" />
  <target m_id="25" />
</CROSS_DOC_COREF>
<CROSS_DOC_COREF r_id="33256" note="HUM18239924421685735" >
  <source m_id="12" />
  <target m_id="26" />
</CROSS_DOC_COREF>
<CROSS_DOC_COREF r_id="33257" note="HUM18240050471778186" >
  <source m_id="14" />
  <target m_id="27" />
</CROSS_DOC_COREF>
<CROSS_DOC_COREF r_id="33258" note="TIM18239979269974538" >
  <source m_id="19" />
  <target m_id="28" />
</CROSS_DOC_COREF>
<CROSS_DOC_COREF r_id="33259" note="LOC18239943157153337" >
  <source m_id="20" />
  <target m_id="29" />
</CROSS_DOC_COREF>
<CROSS_DOC_COREF r_id="33260" note="ACT18239862350395745" >
  <source m_id="15" />
  <source m_id="23" />
  <target m_id="30" />
</CROSS_DOC_COREF>
<CROSS_DOC_COREF r_id="33261" note="HUM18239875620845465" >
  <source m_id="13" />
  <target m_id="31" />
</CROSS_DOC_COREF>

</Relations>
</Document>
