<Document doc_name="22_9ecb.xml" doc_id="DOC15654623140660481">
<token t_id="1" sentence="0" number="0">This</token>
<token t_id="2" sentence="0" number="1">morning</token>
<token t_id="3" sentence="0" number="2">,</token>
<token t_id="4" sentence="0" number="3">41</token>
<token t_id="5" sentence="0" number="4">years</token>
<token t_id="6" sentence="0" number="5">later</token>
<token t_id="7" sentence="0" number="6">,</token>
<token t_id="8" sentence="0" number="7">Staunton</token>
<token t_id="9" sentence="0" number="8">police</token>
<token t_id="10" sentence="0" number="9">have</token>
<token t_id="11" sentence="0" number="10">arrested</token>
<token t_id="12" sentence="0" number="11">and</token>
<token t_id="13" sentence="0" number="12">charged</token>
<token t_id="14" sentence="0" number="13">Sharron</token>
<token t_id="15" sentence="0" number="14">Diane</token>
<token t_id="16" sentence="0" number="15">Crawford</token>
<token t_id="17" sentence="0" number="16">Smith</token>
<token t_id="18" sentence="0" number="17">,</token>
<token t_id="19" sentence="0" number="18">age</token>
<token t_id="20" sentence="0" number="19">61</token>
<token t_id="21" sentence="0" number="20">,</token>
<token t_id="22" sentence="0" number="21">with</token>
<token t_id="23" sentence="0" number="22">two</token>
<token t_id="24" sentence="0" number="23">counts</token>
<token t_id="25" sentence="0" number="24">of</token>
<token t_id="26" sentence="0" number="25">first-degree</token>
<token t_id="27" sentence="0" number="26">murder</token>
<token t_id="28" sentence="0" number="27">.</token>
<Markables>
<ACTION_OCCURRENCE m_id="10"  >
  <token_anchor t_id="11"/>
</ACTION_OCCURRENCE>
<ACTION_OCCURRENCE m_id="11"  >
  <token_anchor t_id="13"/>
</ACTION_OCCURRENCE>
<ACTION_OCCURRENCE m_id="12"  >
  <token_anchor t_id="27"/>
</ACTION_OCCURRENCE>
<HUMAN_PART_ORG m_id="8"  >
  <token_anchor t_id="8"/>
  <token_anchor t_id="9"/>
</HUMAN_PART_ORG>
<HUMAN_PART_PER m_id="9"  >
  <token_anchor t_id="14"/>
  <token_anchor t_id="15"/>
  <token_anchor t_id="16"/>
  <token_anchor t_id="17"/>
</HUMAN_PART_PER>
<TIME_DATE m_id="13" note="byCROMER" >
  <token_anchor t_id="1"/>
  <token_anchor t_id="2"/>
</TIME_DATE>


<HUMAN_PART_PER m_id="19" RELATED_TO="" TAG_DESCRIPTOR="t22b_diane" instance_id="HUM18239875620845465" />
<ACTION_OCCURRENCE m_id="18" RELATED_TO="" TAG_DESCRIPTOR="t22b_murder" instance_id="ACT18239862350395745" />
<TIME_DATE m_id="17" RELATED_TO="" TAG_DESCRIPTOR="t22b_friday" instance_id="TIM18240024485682494" />
<HUMAN_PART_ORG m_id="16" RELATED_TO="" TAG_DESCRIPTOR="t22b_police" instance_id="HUM18239924421685735" />
<ACTION_OCCURRENCE m_id="15" RELATED_TO="" TAG_DESCRIPTOR="t22b_charged" instance_id="ACT18240012652425199" />
<ACTION_OCCURRENCE m_id="14" RELATED_TO="" TAG_DESCRIPTOR="t22b_arrested" instance_id="ACT18239998808999423" />
</Markables>

<Relations>
<CROSS_DOC_COREF r_id="33279" note="ACT18239998808999423" >
  <source m_id="10" />
  <target m_id="14" />
</CROSS_DOC_COREF>
<CROSS_DOC_COREF r_id="33280" note="ACT18240012652425199" >
  <source m_id="11" />
  <target m_id="15" />
</CROSS_DOC_COREF>
<CROSS_DOC_COREF r_id="33281" note="HUM18239924421685735" >
  <source m_id="8" />
  <target m_id="16" />
</CROSS_DOC_COREF>
<CROSS_DOC_COREF r_id="33282" note="TIM18240024485682494" >
  <source m_id="13" />
  <target m_id="17" />
</CROSS_DOC_COREF>
<CROSS_DOC_COREF r_id="33283" note="ACT18239862350395745" >
  <source m_id="12" />
  <target m_id="18" />
</CROSS_DOC_COREF>
<CROSS_DOC_COREF r_id="33284" note="HUM18239875620845465" >
  <source m_id="9" />
  <target m_id="19" />
</CROSS_DOC_COREF>

</Relations>
</Document>
