<Document doc_name="21_11ecb.xml" doc_id="DOC15654565349802461">
<token t_id="1" sentence="0" number="0">Bloomington</token>
<token t_id="2" sentence="0" number="1">Sam</token>
<token t_id="3" sentence="0" number="2">'s</token>
<token t_id="4" sentence="0" number="3">Club</token>
<token t_id="5" sentence="0" number="4">hit-run</token>
<token t_id="6" sentence="0" number="5">driver</token>
<token t_id="7" sentence="0" number="6">'s</token>
<token t_id="8" sentence="0" number="7">alcohol</token>
<token t_id="9" sentence="0" number="8">level</token>
<token t_id="10" sentence="0" number="9">:</token>
<token t_id="11" sentence="0" number="10">.41</token>
<token t_id="12" sentence="1" number="0">The</token>
<token t_id="13" sentence="1" number="1">suspect</token>
<token t_id="14" sentence="1" number="2">in</token>
<token t_id="15" sentence="1" number="3">the</token>
<token t_id="16" sentence="1" number="4">death</token>
<token t_id="17" sentence="1" number="5">at</token>
<token t_id="18" sentence="1" number="6">a</token>
<token t_id="19" sentence="1" number="7">Sam</token>
<token t_id="20" sentence="1" number="8">'s</token>
<token t_id="21" sentence="1" number="9">Club</token>
<token t_id="22" sentence="1" number="10">had</token>
<token t_id="23" sentence="1" number="11">a</token>
<token t_id="24" sentence="1" number="12">blood-</token>
<token t_id="25" sentence="1" number="13">alcohol</token>
<token t_id="26" sentence="1" number="14">level</token>
<token t_id="27" sentence="1" number="15">more</token>
<token t_id="28" sentence="1" number="16">than</token>
<token t_id="29" sentence="1" number="17">five</token>
<token t_id="30" sentence="1" number="18">times</token>
<token t_id="31" sentence="1" number="19">the</token>
<token t_id="32" sentence="1" number="20">legal</token>
<token t_id="33" sentence="1" number="21">limit</token>
<token t_id="34" sentence="1" number="22">,</token>
<token t_id="35" sentence="1" number="23">according</token>
<token t_id="36" sentence="1" number="24">to</token>
<token t_id="37" sentence="1" number="25">charges</token>
<token t_id="38" sentence="1" number="26">,</token>
<token t_id="39" sentence="1" number="27">and</token>
<token t_id="40" sentence="1" number="28">he</token>
<token t_id="41" sentence="1" number="29">admitted</token>
<token t_id="42" sentence="1" number="30">he</token>
<token t_id="43" sentence="1" number="31">felt</token>
<token t_id="44" sentence="1" number="32">his</token>
<token t_id="45" sentence="1" number="33">car</token>
<token t_id="46" sentence="1" number="34">run</token>
<token t_id="47" sentence="1" number="35">over</token>
<token t_id="48" sentence="1" number="36">someone</token>
<token t_id="49" sentence="1" number="37">.</token>
<token t_id="50" sentence="2" number="0">A</token>
<token t_id="51" sentence="2" number="1">man</token>
<token t_id="52" sentence="2" number="2">accused</token>
<token t_id="53" sentence="2" number="3">of</token>
<token t_id="54" sentence="2" number="4">running</token>
<token t_id="55" sentence="2" number="5">down</token>
<token t_id="56" sentence="2" number="6">and</token>
<token t_id="57" sentence="2" number="7">killing</token>
<token t_id="58" sentence="2" number="8">a</token>
<token t_id="59" sentence="2" number="9">woman</token>
<token t_id="60" sentence="2" number="10">in</token>
<token t_id="61" sentence="2" number="11">front</token>
<token t_id="62" sentence="2" number="12">of</token>
<token t_id="63" sentence="2" number="13">a</token>
<token t_id="64" sentence="2" number="14">Bloomington</token>
<token t_id="65" sentence="2" number="15">store</token>
<token t_id="66" sentence="2" number="16">had</token>
<token t_id="67" sentence="2" number="17">a</token>
<token t_id="68" sentence="2" number="18">blood-alcohol</token>
<token t_id="69" sentence="2" number="19">level</token>
<token t_id="70" sentence="2" number="20">that</token>
<token t_id="71" sentence="2" number="21">was</token>
<token t_id="72" sentence="2" number="22">more</token>
<token t_id="73" sentence="2" number="23">than</token>
<token t_id="74" sentence="2" number="24">five</token>
<token t_id="75" sentence="2" number="25">times</token>
<token t_id="76" sentence="2" number="26">the</token>
<token t_id="77" sentence="2" number="27">legal</token>
<token t_id="78" sentence="2" number="28">limit</token>
<token t_id="79" sentence="2" number="29">,</token>
<token t_id="80" sentence="2" number="30">according</token>
<token t_id="81" sentence="2" number="31">to</token>
<token t_id="82" sentence="2" number="32">charges</token>
<token t_id="83" sentence="2" number="33">filed</token>
<token t_id="84" sentence="2" number="34">Friday</token>
<token t_id="85" sentence="2" number="35">.</token>
<token t_id="86" sentence="3" number="0">Anthony</token>
<token t_id="87" sentence="3" number="1">Phillip</token>
<token t_id="88" sentence="3" number="2">LaSalle</token>
<token t_id="89" sentence="3" number="3">,</token>
<token t_id="90" sentence="3" number="4">36</token>
<token t_id="91" sentence="3" number="5">,</token>
<token t_id="92" sentence="3" number="6">was</token>
<token t_id="93" sentence="3" number="7">charged</token>
<token t_id="94" sentence="3" number="8">with</token>
<token t_id="95" sentence="3" number="9">third-degree</token>
<token t_id="96" sentence="3" number="10">murder</token>
<token t_id="97" sentence="3" number="11">and</token>
<token t_id="98" sentence="3" number="12">three</token>
<token t_id="99" sentence="3" number="13">counts</token>
<token t_id="100" sentence="3" number="14">of</token>
<token t_id="101" sentence="3" number="15">criminal</token>
<token t_id="102" sentence="3" number="16">vehicular</token>
<token t_id="103" sentence="3" number="17">homicide.</token>
<token t_id="104" sentence="3" number="18">His</token>
<token t_id="105" sentence="3" number="19">blood-alcohol</token>
<token t_id="106" sentence="3" number="20">level</token>
<token t_id="107" sentence="3" number="21">was</token>
<token t_id="108" sentence="3" number="22">0.41</token>
<token t_id="109" sentence="3" number="23">percent</token>
<token t_id="110" sentence="3" number="24">,</token>
<token t_id="111" sentence="3" number="25">according</token>
<token t_id="112" sentence="3" number="26">to</token>
<token t_id="113" sentence="3" number="27">the</token>
<token t_id="114" sentence="3" number="28">charges</token>
<token t_id="115" sentence="3" number="29">.</token>
<token t_id="116" sentence="4" number="0">The</token>
<token t_id="117" sentence="4" number="1">legal</token>
<token t_id="118" sentence="4" number="2">limit</token>
<token t_id="119" sentence="4" number="3">in</token>
<token t_id="120" sentence="4" number="4">Minnesota</token>
<token t_id="121" sentence="4" number="5">is</token>
<token t_id="122" sentence="4" number="6">0.08</token>
<token t_id="123" sentence="4" number="7">percent</token>
<token t_id="124" sentence="4" number="8">.</token>
<token t_id="125" sentence="5" number="0">The</token>
<token t_id="126" sentence="5" number="1">charges</token>
<token t_id="127" sentence="5" number="2">say</token>
<token t_id="128" sentence="5" number="3">that</token>
<token t_id="129" sentence="5" number="4">he</token>
<token t_id="130" sentence="5" number="5">admitted</token>
<token t_id="131" sentence="5" number="6">to</token>
<token t_id="132" sentence="5" number="7">drinking</token>
<token t_id="133" sentence="5" number="8">a</token>
<token t_id="134" sentence="5" number="9">half-liter</token>
<token t_id="135" sentence="5" number="10">of</token>
<token t_id="136" sentence="5" number="11">vodka</token>
<token t_id="137" sentence="5" number="12">Wednesday</token>
<token t_id="138" sentence="5" number="13">and</token>
<token t_id="139" sentence="5" number="14">that</token>
<token t_id="140" sentence="5" number="15">he</token>
<token t_id="141" sentence="5" number="16">said</token>
<token t_id="142" sentence="5" number="17">he</token>
<token t_id="143" sentence="5" number="18">fled</token>
<token t_id="144" sentence="5" number="19">because</token>
<token t_id="145" sentence="5" number="20">he</token>
<token t_id="146" sentence="5" number="21">had</token>
<token t_id="147" sentence="5" number="22">been</token>
<token t_id="148" sentence="5" number="23">drinking</token>
<token t_id="149" sentence="5" number="24">.</token>
<token t_id="150" sentence="6" number="0">LuAnn</token>
<token t_id="151" sentence="6" number="1">Marie</token>
<token t_id="152" sentence="6" number="2">Johnson</token>
<token t_id="153" sentence="6" number="3">,</token>
<token t_id="154" sentence="6" number="4">66</token>
<token t_id="155" sentence="6" number="5">,</token>
<token t_id="156" sentence="6" number="6">of</token>
<token t_id="157" sentence="6" number="7">Burnsville</token>
<token t_id="158" sentence="6" number="8">was</token>
<token t_id="159" sentence="6" number="9">struck</token>
<token t_id="160" sentence="6" number="10">as</token>
<token t_id="161" sentence="6" number="11">she</token>
<token t_id="162" sentence="6" number="12">walked</token>
<token t_id="163" sentence="6" number="13">into</token>
<token t_id="164" sentence="6" number="14">Sam</token>
<token t_id="165" sentence="6" number="15">'s</token>
<token t_id="166" sentence="6" number="16">Club</token>
<token t_id="167" sentence="6" number="17">at</token>
<token t_id="168" sentence="6" number="18">200</token>
<token t_id="169" sentence="6" number="19">W.</token>
<token t_id="170" sentence="6" number="20">American</token>
<token t_id="171" sentence="6" number="21">Blvd.</token>
<token t_id="172" sentence="6" number="22">on</token>
<token t_id="173" sentence="6" number="23">Wednesday</token>
<token t_id="174" sentence="6" number="24">night</token>
<token t_id="175" sentence="6" number="25">.</token>
<token t_id="176" sentence="7" number="0">Police</token>
<token t_id="177" sentence="7" number="1">said</token>
<token t_id="178" sentence="7" number="2">she</token>
<token t_id="179" sentence="7" number="3">was</token>
<token t_id="180" sentence="7" number="4">in</token>
<token t_id="181" sentence="7" number="5">a</token>
<token t_id="182" sentence="7" number="6">marked</token>
<token t_id="183" sentence="7" number="7">crosswalk</token>
<token t_id="184" sentence="7" number="8">about</token>
<token t_id="185" sentence="7" number="9">7</token>
<token t_id="186" sentence="7" number="10">p.m.</token>
<token t_id="187" sentence="7" number="11">when</token>
<token t_id="188" sentence="7" number="12">a</token>
<token t_id="189" sentence="7" number="13">vehicle</token>
<token t_id="190" sentence="7" number="14">knocked</token>
<token t_id="191" sentence="7" number="15">her</token>
<token t_id="192" sentence="7" number="16">to</token>
<token t_id="193" sentence="7" number="17">the</token>
<token t_id="194" sentence="7" number="18">pavement</token>
<token t_id="195" sentence="7" number="19">.</token>
<token t_id="196" sentence="8" number="0">The</token>
<token t_id="197" sentence="8" number="1">man</token>
<token t_id="198" sentence="8" number="2">driving</token>
<token t_id="199" sentence="8" number="3">momentarily</token>
<token t_id="200" sentence="8" number="4">stopped</token>
<token t_id="201" sentence="8" number="5">,</token>
<token t_id="202" sentence="8" number="6">and</token>
<token t_id="203" sentence="8" number="7">a</token>
<token t_id="204" sentence="8" number="8">man</token>
<token t_id="205" sentence="8" number="9">believed</token>
<token t_id="206" sentence="8" number="10">to</token>
<token t_id="207" sentence="8" number="11">be</token>
<token t_id="208" sentence="8" number="12">Johnson</token>
<token t_id="209" sentence="8" number="13">'s</token>
<token t_id="210" sentence="8" number="14">husband</token>
<token t_id="211" sentence="8" number="15">screamed</token>
<token t_id="212" sentence="8" number="16">,</token>
<token t_id="213" sentence="8" number="17">``</token>
<token t_id="214" sentence="8" number="18">No</token>
<token t_id="215" sentence="8" number="19">,</token>
<token t_id="216" sentence="8" number="20">no</token>
<token t_id="217" sentence="8" number="21">,</token>
<token t_id="218" sentence="8" number="22">no</token>
<token t_id="219" sentence="8" number="23">!</token>
<token t_id="220" sentence="8" number="24">''</token>
<token t_id="221" sentence="8" number="25">and</token>
<token t_id="222" sentence="8" number="26">tried</token>
<token t_id="223" sentence="8" number="27">to</token>
<token t_id="224" sentence="8" number="28">prevent</token>
<token t_id="225" sentence="8" number="29">the</token>
<token t_id="226" sentence="8" number="30">car</token>
<token t_id="227" sentence="8" number="31">from</token>
<token t_id="228" sentence="8" number="32">driving</token>
<token t_id="229" sentence="8" number="33">off</token>
<token t_id="230" sentence="8" number="34">.</token>
<token t_id="231" sentence="9" number="0">Instead</token>
<token t_id="232" sentence="9" number="1">,</token>
<token t_id="233" sentence="9" number="2">LaSalle</token>
<token t_id="234" sentence="9" number="3">gunned</token>
<token t_id="235" sentence="9" number="4">the</token>
<token t_id="236" sentence="9" number="5">engine</token>
<token t_id="237" sentence="9" number="6">and</token>
<token t_id="238" sentence="9" number="7">drove</token>
<token t_id="239" sentence="9" number="8">over</token>
<token t_id="240" sentence="9" number="9">Johnson</token>
<token t_id="241" sentence="9" number="10">,</token>
<token t_id="242" sentence="9" number="11">hitting</token>
<token t_id="243" sentence="9" number="12">her</token>
<token t_id="244" sentence="9" number="13">and</token>
<token t_id="245" sentence="9" number="14">dragging</token>
<token t_id="246" sentence="9" number="15">her</token>
<token t_id="247" sentence="9" number="16">10</token>
<token t_id="248" sentence="9" number="17">feet</token>
<token t_id="249" sentence="9" number="18">as</token>
<token t_id="250" sentence="9" number="19">he</token>
<token t_id="251" sentence="9" number="20">sped</token>
<token t_id="252" sentence="9" number="21">away</token>
<token t_id="253" sentence="9" number="22">,</token>
<token t_id="254" sentence="9" number="23">a</token>
<token t_id="255" sentence="9" number="24">witness</token>
<token t_id="256" sentence="9" number="25">said</token>
<token t_id="257" sentence="9" number="26">.</token>
<token t_id="258" sentence="10" number="0">Johnson</token>
<token t_id="259" sentence="10" number="1">died</token>
<token t_id="260" sentence="10" number="2">at</token>
<token t_id="261" sentence="10" number="3">Hennepin</token>
<token t_id="262" sentence="10" number="4">County</token>
<token t_id="263" sentence="10" number="5">Medical</token>
<token t_id="264" sentence="10" number="6">Center</token>
<token t_id="265" sentence="10" number="7">in</token>
<token t_id="266" sentence="10" number="8">Minneapolis</token>
<token t_id="267" sentence="10" number="9">.</token>
<token t_id="268" sentence="11" number="0">The</token>
<token t_id="269" sentence="11" number="1">car</token>
<token t_id="270" sentence="11" number="2">then</token>
<token t_id="271" sentence="11" number="3">sideswiped</token>
<token t_id="272" sentence="11" number="4">a</token>
<token t_id="273" sentence="11" number="5">parked</token>
<token t_id="274" sentence="11" number="6">vehicle</token>
<token t_id="275" sentence="11" number="7">before</token>
<token t_id="276" sentence="11" number="8">leaving</token>
<token t_id="277" sentence="11" number="9">the</token>
<token t_id="278" sentence="11" number="10">parking</token>
<token t_id="279" sentence="11" number="11">lot</token>
<token t_id="280" sentence="11" number="12">and</token>
<token t_id="281" sentence="11" number="13">heading</token>
<token t_id="282" sentence="11" number="14">west</token>
<token t_id="283" sentence="11" number="15">on</token>
<token t_id="284" sentence="11" number="16">American</token>
<token t_id="285" sentence="11" number="17">Boulevard</token>
<token t_id="286" sentence="11" number="18">.</token>
<token t_id="287" sentence="12" number="0">Police</token>
<token t_id="288" sentence="12" number="1">stopped</token>
<token t_id="289" sentence="12" number="2">LaSalle</token>
<token t_id="290" sentence="12" number="3">,</token>
<token t_id="291" sentence="12" number="4">of</token>
<token t_id="292" sentence="12" number="5">Bloomington</token>
<token t_id="293" sentence="12" number="6">,</token>
<token t_id="294" sentence="12" number="7">when</token>
<token t_id="295" sentence="12" number="8">he</token>
<token t_id="296" sentence="12" number="9">hit</token>
<token t_id="297" sentence="12" number="10">another</token>
<token t_id="298" sentence="12" number="11">vehicle</token>
<token t_id="299" sentence="12" number="12">two</token>
<token t_id="300" sentence="12" number="13">blocks</token>
<token t_id="301" sentence="12" number="14">away</token>
<token t_id="302" sentence="12" number="15">at</token>
<token t_id="303" sentence="12" number="16">the</token>
<token t_id="304" sentence="12" number="17">intersection</token>
<token t_id="305" sentence="12" number="18">of</token>
<token t_id="306" sentence="12" number="19">American</token>
<token t_id="307" sentence="12" number="20">Boulevard</token>
<token t_id="308" sentence="12" number="21">and</token>
<token t_id="309" sentence="12" number="22">Lyndale</token>
<token t_id="310" sentence="12" number="23">Avenue</token>
<token t_id="311" sentence="12" number="24">.</token>
<token t_id="312" sentence="13" number="0">According</token>
<token t_id="313" sentence="13" number="1">to</token>
<token t_id="314" sentence="13" number="2">the</token>
<token t_id="315" sentence="13" number="3">charges</token>
<token t_id="316" sentence="13" number="4">,</token>
<token t_id="317" sentence="13" number="5">police</token>
<token t_id="318" sentence="13" number="6">stopped</token>
<token t_id="319" sentence="13" number="7">LaSalle</token>
<token t_id="320" sentence="13" number="8">'s</token>
<token t_id="321" sentence="13" number="9">vehicle</token>
<token t_id="322" sentence="13" number="10">and</token>
<token t_id="323" sentence="13" number="11">tried</token>
<token t_id="324" sentence="13" number="12">to</token>
<token t_id="325" sentence="13" number="13">make</token>
<token t_id="326" sentence="13" number="14">contact</token>
<token t_id="327" sentence="13" number="15">,</token>
<token t_id="328" sentence="13" number="16">but</token>
<token t_id="329" sentence="13" number="17">LaSalle</token>
<token t_id="330" sentence="13" number="18">refused</token>
<token t_id="331" sentence="13" number="19">to</token>
<token t_id="332" sentence="13" number="20">comply</token>
<token t_id="333" sentence="13" number="21">,</token>
<token t_id="334" sentence="13" number="22">saying</token>
<token t_id="335" sentence="13" number="23">officers</token>
<token t_id="336" sentence="13" number="24">``</token>
<token t_id="337" sentence="13" number="25">would</token>
<token t_id="338" sentence="13" number="26">need</token>
<token t_id="339" sentence="13" number="27">to</token>
<token t_id="340" sentence="13" number="28">kill</token>
<token t_id="341" sentence="13" number="29">''</token>
<token t_id="342" sentence="13" number="30">him</token>
<token t_id="343" sentence="13" number="31">.</token>
<token t_id="344" sentence="14" number="0">Officers</token>
<token t_id="345" sentence="14" number="1">used</token>
<token t_id="346" sentence="14" number="2">a</token>
<token t_id="347" sentence="14" number="3">Taser</token>
<token t_id="348" sentence="14" number="4">to</token>
<token t_id="349" sentence="14" number="5">subdue</token>
<token t_id="350" sentence="14" number="6">him</token>
<token t_id="351" sentence="14" number="7">,</token>
<token t_id="352" sentence="14" number="8">said</token>
<token t_id="353" sentence="14" number="9">Sgt.</token>
<token t_id="354" sentence="14" number="10">Marty</token>
<token t_id="355" sentence="14" number="11">Earley</token>
<token t_id="356" sentence="14" number="12">.</token>
<token t_id="357" sentence="15" number="0">LaSalle</token>
<token t_id="358" sentence="15" number="1">was</token>
<token t_id="359" sentence="15" number="2">taken</token>
<token t_id="360" sentence="15" number="3">to</token>
<token t_id="361" sentence="15" number="4">Fairview</token>
<token t_id="362" sentence="15" number="5">Southdale</token>
<token t_id="363" sentence="15" number="6">Hospital</token>
<token t_id="364" sentence="15" number="7">in</token>
<token t_id="365" sentence="15" number="8">Edina</token>
<token t_id="366" sentence="15" number="9">to</token>
<token t_id="367" sentence="15" number="10">treat</token>
<token t_id="368" sentence="15" number="11">a</token>
<token t_id="369" sentence="15" number="12">cut</token>
<token t_id="370" sentence="15" number="13">on</token>
<token t_id="371" sentence="15" number="14">his</token>
<token t_id="372" sentence="15" number="15">head</token>
<token t_id="373" sentence="15" number="16">and</token>
<token t_id="374" sentence="15" number="17">to</token>
<token t_id="375" sentence="15" number="18">take</token>
<token t_id="376" sentence="15" number="19">a</token>
<token t_id="377" sentence="15" number="20">blood</token>
<token t_id="378" sentence="15" number="21">sample</token>
<token t_id="379" sentence="15" number="22">to</token>
<token t_id="380" sentence="15" number="23">measure</token>
<token t_id="381" sentence="15" number="24">his</token>
<token t_id="382" sentence="15" number="25">alcohol</token>
<token t_id="383" sentence="15" number="26">content</token>
<token t_id="384" sentence="15" number="27">,</token>
<token t_id="385" sentence="15" number="28">the</token>
<token t_id="386" sentence="15" number="29">charges</token>
<token t_id="387" sentence="15" number="30">said</token>
<token t_id="388" sentence="15" number="31">.</token>
<Markables>
<ACTION_OCCURRENCE m_id="15"  >
  <token_anchor t_id="54"/>
  <token_anchor t_id="55"/>
</ACTION_OCCURRENCE>
<ACTION_OCCURRENCE m_id="16"  >
  <token_anchor t_id="57"/>
</ACTION_OCCURRENCE>
<ACTION_OCCURRENCE m_id="17"  >
  <token_anchor t_id="83"/>
</ACTION_OCCURRENCE>
<HUMAN_PART_PER m_id="13"  >
  <token_anchor t_id="51"/>
</HUMAN_PART_PER>
<HUMAN_PART_PER m_id="14"  >
  <token_anchor t_id="59"/>
</HUMAN_PART_PER>
<LOC_FAC m_id="22"  >
  <token_anchor t_id="60"/>
  <token_anchor t_id="61"/>
  <token_anchor t_id="62"/>
  <token_anchor t_id="63"/>
  <token_anchor t_id="64"/>
  <token_anchor t_id="65"/>
</LOC_FAC>
<NON_HUMAN_PART m_id="21"  >
  <token_anchor t_id="82"/>
</NON_HUMAN_PART>
<NON_HUMAN_PART m_id="19"  >
  <token_anchor t_id="69"/>
</NON_HUMAN_PART>
<NON_HUMAN_PART m_id="20"  >
  <token_anchor t_id="78"/>
</NON_HUMAN_PART>
<TIME_DATE m_id="18"  >
  <token_anchor t_id="84"/>
</TIME_DATE>




<HUMAN_PART_PER m_id="30" RELATED_TO="" TAG_DESCRIPTOR="t21b_woman" instance_id="HUM18234667064501121" />
<NON_HUMAN_PART m_id="29" RELATED_TO="" TAG_DESCRIPTOR="t21b_charges" instance_id="NON18234802386646208" />
<ACTION_OCCURRENCE m_id="28" RELATED_TO="" TAG_DESCRIPTOR="t21b_killed" instance_id="ACT18234615357625221" />
<TIME_DATE m_id="27" RELATED_TO="" TAG_DESCRIPTOR="t21b_friday" instance_id="TIM18235174589184323" />
<LOC_FAC m_id="26" RELATED_TO="" TAG_DESCRIPTOR="t21b_outside_store" instance_id="LOC18234736198347328" />
<HUMAN_PART_PER m_id="25" RELATED_TO="" TAG_DESCRIPTOR="t21b_motorist" instance_id="HUM18234651370409589" />
<ACTION_OCCURRENCE m_id="24" RELATED_TO="" TAG_DESCRIPTOR="t21b_struck" instance_id="ACT18234626597278210" />
<ACTION_OCCURRENCE m_id="23" RELATED_TO="" TAG_DESCRIPTOR="t21b_charged" instance_id="ACT18234752933917524" />
</Markables>

<Relations>
<CROSS_DOC_COREF r_id="33181" note="ACT18234752933917524" >
  <source m_id="17" />
  <target m_id="23" />
</CROSS_DOC_COREF>
<CROSS_DOC_COREF r_id="33182" note="ACT18234626597278210" >
  <source m_id="15" />
  <target m_id="24" />
</CROSS_DOC_COREF>
<CROSS_DOC_COREF r_id="33183" note="HUM18234651370409589" >
  <source m_id="13" />
  <target m_id="25" />
</CROSS_DOC_COREF>
<CROSS_DOC_COREF r_id="33184" note="LOC18234736198347328" >
  <source m_id="22" />
  <target m_id="26" />
</CROSS_DOC_COREF>
<CROSS_DOC_COREF r_id="33185" note="TIM18235174589184323" >
  <source m_id="18" />
  <target m_id="27" />
</CROSS_DOC_COREF>
<CROSS_DOC_COREF r_id="33186" note="ACT18234615357625221" >
  <source m_id="16" />
  <target m_id="28" />
</CROSS_DOC_COREF>
<CROSS_DOC_COREF r_id="33187" note="NON18234802386646208" >
  <source m_id="21" />
  <target m_id="29" />
</CROSS_DOC_COREF>
<CROSS_DOC_COREF r_id="33188" note="HUM18234667064501121" >
  <source m_id="14" />
  <target m_id="30" />
</CROSS_DOC_COREF>

</Relations>
</Document>
