<Document doc_name="21_12ecbplus.xml" doc_id="DOC15646295950408378">
<token t_id="1" sentence="0" number="0">http</token>
<token t_id="2" sentence="0" number="1">:</token>
<token t_id="3" sentence="0" number="2">/</token>
<token t_id="4" sentence="0" number="3">/</token>
<token t_id="5" sentence="0" number="4">theforumnewsgroup</token>
<token t_id="6" sentence="0" number="5">.</token>
<token t_id="7" sentence="0" number="6">com</token>
<token t_id="8" sentence="0" number="7">/</token>
<token t_id="9" sentence="0" number="8">2013</token>
<token t_id="10" sentence="0" number="9">/</token>
<token t_id="11" sentence="0" number="10">09</token>
<token t_id="12" sentence="0" number="11">/</token>
<token t_id="13" sentence="0" number="12">19</token>
<token t_id="14" sentence="0" number="13">/</token>
<token t_id="15" sentence="0" number="14">grandmother</token>
<token t_id="16" sentence="0" number="15">-</token>
<token t_id="17" sentence="0" number="16">killed</token>
<token t_id="18" sentence="0" number="17">-</token>
<token t_id="19" sentence="0" number="18">by</token>
<token t_id="20" sentence="0" number="19">-</token>
<token t_id="21" sentence="0" number="20">drunk</token>
<token t_id="22" sentence="0" number="21">-</token>
<token t_id="23" sentence="0" number="22">driver</token>
<token t_id="24" sentence="0" number="23">-</token>
<token t_id="25" sentence="0" number="24">in</token>
<token t_id="26" sentence="0" number="25">-</token>
<token t_id="27" sentence="0" number="26">hit</token>
<token t_id="28" sentence="0" number="27">-</token>
<token t_id="29" sentence="0" number="28">and</token>
<token t_id="30" sentence="0" number="29">-</token>
<token t_id="31" sentence="0" number="30">run</token>
<token t_id="32" sentence="0" number="31">-</token>
<token t_id="33" sentence="0" number="32">accident</token>
<token t_id="34" sentence="0" number="33">-</token>
<token t_id="35" sentence="0" number="34">in</token>
<token t_id="36" sentence="0" number="35">-</token>
<token t_id="37" sentence="0" number="36">richmond</token>
<token t_id="38" sentence="0" number="37">-</token>
<token t_id="39" sentence="0" number="38">hill</token>
<token t_id="40" sentence="0" number="39">-</token>
<token t_id="41" sentence="0" number="40">queens</token>
<token t_id="42" sentence="0" number="41">-</token>
<token t_id="43" sentence="0" number="42">da</token>
<token t_id="44" sentence="0" number="43">-</token>
<token t_id="45" sentence="0" number="44">says</token>
<token t_id="46" sentence="0" number="45">/</token>
<token t_id="47" sentence="1" number="0">GRANDMOTHER</token>
<token t_id="48" sentence="1" number="1">KILLED</token>
<token t_id="49" sentence="1" number="2">BY</token>
<token t_id="50" sentence="1" number="3">DRUNK</token>
<token t_id="51" sentence="1" number="4">DRIVER</token>
<token t_id="52" sentence="1" number="5">IN</token>
<token t_id="53" sentence="1" number="6">HIT</token>
<token t_id="54" sentence="1" number="7">-</token>
<token t_id="55" sentence="1" number="8">AND</token>
<token t_id="56" sentence="1" number="9">-</token>
<token t_id="57" sentence="1" number="10">RUN</token>
<token t_id="58" sentence="1" number="11">ACCIDENT</token>
<token t_id="59" sentence="1" number="12">IN</token>
<token t_id="60" sentence="1" number="13">RICHMOND</token>
<token t_id="61" sentence="1" number="14">HILL</token>
<token t_id="62" sentence="1" number="15">,</token>
<token t_id="63" sentence="1" number="16">QUEENS</token>
<token t_id="64" sentence="1" number="17">DA</token>
<token t_id="65" sentence="1" number="18">SAYSSEPTEMBER</token>
<token t_id="66" sentence="1" number="19">19</token>
<token t_id="67" sentence="1" number="20">,</token>
<token t_id="68" sentence="1" number="21">2013</token>
<token t_id="69" sentence="2" number="0">A</token>
<token t_id="70" sentence="2" number="1">59</token>
<token t_id="71" sentence="2" number="2">-</token>
<token t_id="72" sentence="2" number="3">year</token>
<token t_id="73" sentence="2" number="4">-</token>
<token t_id="74" sentence="2" number="5">old</token>
<token t_id="75" sentence="2" number="6">grandmother</token>
<token t_id="76" sentence="2" number="7">on</token>
<token t_id="77" sentence="2" number="8">her</token>
<token t_id="78" sentence="2" number="9">way</token>
<token t_id="79" sentence="2" number="10">to</token>
<token t_id="80" sentence="2" number="11">a</token>
<token t_id="81" sentence="2" number="12">religious</token>
<token t_id="82" sentence="2" number="13">service</token>
<token t_id="83" sentence="2" number="14">in</token>
<token t_id="84" sentence="2" number="15">Richmond</token>
<token t_id="85" sentence="2" number="16">Hill</token>
<token t_id="86" sentence="2" number="17">last</token>
<token t_id="87" sentence="2" number="18">Friday</token>
<token t_id="88" sentence="2" number="19">was</token>
<token t_id="89" sentence="2" number="20">hit</token>
<token t_id="90" sentence="2" number="21">and</token>
<token t_id="91" sentence="2" number="22">killed</token>
<token t_id="92" sentence="2" number="23">by</token>
<token t_id="93" sentence="2" number="24">an</token>
<token t_id="94" sentence="2" number="25">allegedly</token>
<token t_id="95" sentence="2" number="26">drunk</token>
<token t_id="96" sentence="2" number="27">driver</token>
<token t_id="97" sentence="2" number="28">who</token>
<token t_id="98" sentence="2" number="29">fled</token>
<token t_id="99" sentence="2" number="30">the</token>
<token t_id="100" sentence="2" number="31">scene</token>
<token t_id="101" sentence="2" number="32">of</token>
<token t_id="102" sentence="2" number="33">the</token>
<token t_id="103" sentence="2" number="34">accident</token>
<token t_id="104" sentence="2" number="35">that</token>
<token t_id="105" sentence="2" number="36">left</token>
<token t_id="106" sentence="2" number="37">her</token>
<token t_id="107" sentence="2" number="38">family</token>
<token t_id="108" sentence="2" number="39">and</token>
<token t_id="109" sentence="2" number="40">friends</token>
<token t_id="110" sentence="2" number="41">devastated</token>
<token t_id="111" sentence="2" number="42">,</token>
<token t_id="112" sentence="2" number="43">Queens</token>
<token t_id="113" sentence="2" number="44">District</token>
<token t_id="114" sentence="2" number="45">Attorney</token>
<token t_id="115" sentence="2" number="46">Richard</token>
<token t_id="116" sentence="2" number="47">Brown</token>
<token t_id="117" sentence="2" number="48">said</token>
<token t_id="118" sentence="2" number="49">.</token>
<token t_id="119" sentence="3" number="0">Raj</token>
<token t_id="120" sentence="3" number="1">Chohan</token>
<token t_id="121" sentence="3" number="2">,</token>
<token t_id="122" sentence="3" number="3">who</token>
<token t_id="123" sentence="3" number="4">lived</token>
<token t_id="124" sentence="3" number="5">in</token>
<token t_id="125" sentence="3" number="6">South</token>
<token t_id="126" sentence="3" number="7">Ozone</token>
<token t_id="127" sentence="3" number="8">Park</token>
<token t_id="128" sentence="3" number="9">,</token>
<token t_id="129" sentence="3" number="10">was</token>
<token t_id="130" sentence="3" number="11">walking</token>
<token t_id="131" sentence="3" number="12">towards</token>
<token t_id="132" sentence="3" number="13">a</token>
<token t_id="133" sentence="3" number="14">Sikh</token>
<token t_id="134" sentence="3" number="15">temple</token>
<token t_id="135" sentence="3" number="16">for</token>
<token t_id="136" sentence="3" number="17">a</token>
<token t_id="137" sentence="3" number="18">Friday</token>
<token t_id="138" sentence="3" number="19">evening</token>
<token t_id="139" sentence="3" number="20">service</token>
<token t_id="140" sentence="3" number="21">when</token>
<token t_id="141" sentence="3" number="22">Vishwanand</token>
<token t_id="142" sentence="3" number="23">Subryan</token>
<token t_id="143" sentence="3" number="24">,</token>
<token t_id="144" sentence="3" number="25">23</token>
<token t_id="145" sentence="3" number="26">,</token>
<token t_id="146" sentence="3" number="27">of</token>
<token t_id="147" sentence="3" number="28">Schenectady</token>
<token t_id="148" sentence="3" number="29">,</token>
<token t_id="149" sentence="3" number="30">N</token>
<token t_id="150" sentence="3" number="31">.</token>
<token t_id="151" sentence="3" number="32">Y</token>
<token t_id="152" sentence="3" number="33">.</token>
<token t_id="153" sentence="3" number="34">,</token>
<token t_id="154" sentence="3" number="35">allegedly</token>
<token t_id="155" sentence="3" number="36">mowed</token>
<token t_id="156" sentence="3" number="37">into</token>
<token t_id="157" sentence="3" number="38">the</token>
<token t_id="158" sentence="3" number="39">older</token>
<token t_id="159" sentence="3" number="40">woman</token>
<token t_id="160" sentence="3" number="41">with</token>
<token t_id="161" sentence="3" number="42">his</token>
<token t_id="162" sentence="3" number="43">gray</token>
<token t_id="163" sentence="3" number="44">2013</token>
<token t_id="164" sentence="3" number="45">Toyota</token>
<token t_id="165" sentence="3" number="46">Camry</token>
<token t_id="166" sentence="3" number="47">around</token>
<token t_id="167" sentence="3" number="48">7</token>
<token t_id="168" sentence="3" number="49">p</token>
<token t_id="169" sentence="3" number="50">.</token>
<token t_id="170" sentence="3" number="51">m</token>
<token t_id="171" sentence="3" number="52">.</token>
<token t_id="172" sentence="3" number="53">,</token>
<token t_id="173" sentence="3" number="54">police</token>
<token t_id="174" sentence="3" number="55">said</token>
<token t_id="175" sentence="3" number="56">.</token>
<token t_id="176" sentence="4" number="0">Emergency</token>
<token t_id="177" sentence="4" number="1">workers</token>
<token t_id="178" sentence="4" number="2">rushed</token>
<token t_id="179" sentence="4" number="3">to</token>
<token t_id="180" sentence="4" number="4">her</token>
<token t_id="181" sentence="4" number="5">side</token>
<token t_id="182" sentence="4" number="6">and</token>
<token t_id="183" sentence="4" number="7">brought</token>
<token t_id="184" sentence="4" number="8">her</token>
<token t_id="185" sentence="4" number="9">to</token>
<token t_id="186" sentence="4" number="10">Jamaica</token>
<token t_id="187" sentence="4" number="11">Hospital</token>
<token t_id="188" sentence="4" number="12">Medical</token>
<token t_id="189" sentence="4" number="13">Center</token>
<token t_id="190" sentence="4" number="14">,</token>
<token t_id="191" sentence="4" number="15">where</token>
<token t_id="192" sentence="4" number="16">Chohan</token>
<token t_id="193" sentence="4" number="17">–</token>
<token t_id="194" sentence="4" number="18">an</token>
<token t_id="195" sentence="4" number="19">immigrant</token>
<token t_id="196" sentence="4" number="20">from</token>
<token t_id="197" sentence="4" number="21">India</token>
<token t_id="198" sentence="4" number="22">who</token>
<token t_id="199" sentence="4" number="23">leaves</token>
<token t_id="200" sentence="4" number="24">behind</token>
<token t_id="201" sentence="4" number="25">a</token>
<token t_id="202" sentence="4" number="26">husband</token>
<token t_id="203" sentence="4" number="27">,</token>
<token t_id="204" sentence="4" number="28">son</token>
<token t_id="205" sentence="4" number="29">and</token>
<token t_id="206" sentence="4" number="30">two</token>
<token t_id="207" sentence="4" number="31">grandchildren</token>
<token t_id="208" sentence="4" number="32">–</token>
<token t_id="209" sentence="4" number="33">died</token>
<token t_id="210" sentence="4" number="34">later</token>
<token t_id="211" sentence="4" number="35">that</token>
<token t_id="212" sentence="4" number="36">night</token>
<token t_id="213" sentence="4" number="37">,</token>
<token t_id="214" sentence="4" number="38">police</token>
<token t_id="215" sentence="4" number="39">said</token>
<token t_id="216" sentence="4" number="40">.</token>
<token t_id="217" sentence="5" number="0">Subryan</token>
<token t_id="218" sentence="5" number="1">has</token>
<token t_id="219" sentence="5" number="2">been</token>
<token t_id="220" sentence="5" number="3">charged</token>
<token t_id="221" sentence="5" number="4">with</token>
<token t_id="222" sentence="5" number="5">vehicular</token>
<token t_id="223" sentence="5" number="6">manslaughter</token>
<token t_id="224" sentence="5" number="7">,</token>
<token t_id="225" sentence="5" number="8">criminally</token>
<token t_id="226" sentence="5" number="9">negligent</token>
<token t_id="227" sentence="5" number="10">homicide</token>
<token t_id="228" sentence="5" number="11">,</token>
<token t_id="229" sentence="5" number="12">driving</token>
<token t_id="230" sentence="5" number="13">while</token>
<token t_id="231" sentence="5" number="14">under</token>
<token t_id="232" sentence="5" number="15">the</token>
<token t_id="233" sentence="5" number="16">influence</token>
<token t_id="234" sentence="5" number="17">of</token>
<token t_id="235" sentence="5" number="18">alcohol</token>
<token t_id="236" sentence="5" number="19">,</token>
<token t_id="237" sentence="5" number="20">and</token>
<token t_id="238" sentence="5" number="21">leaving</token>
<token t_id="239" sentence="5" number="22">the</token>
<token t_id="240" sentence="5" number="23">scene</token>
<token t_id="241" sentence="5" number="24">of</token>
<token t_id="242" sentence="5" number="25">an</token>
<token t_id="243" sentence="5" number="26">accident</token>
<token t_id="244" sentence="5" number="27">without</token>
<token t_id="245" sentence="5" number="28">reporting</token>
<token t_id="246" sentence="5" number="29">it</token>
<token t_id="247" sentence="5" number="30">,</token>
<token t_id="248" sentence="5" number="31">the</token>
<token t_id="249" sentence="5" number="32">DA</token>
<token t_id="250" sentence="5" number="33">said</token>
<token t_id="251" sentence="5" number="34">.</token>
<token t_id="252" sentence="6" number="0">“</token>
<token t_id="253" sentence="6" number="1">Drinking</token>
<token t_id="254" sentence="6" number="2">and</token>
<token t_id="255" sentence="6" number="3">driving</token>
<token t_id="256" sentence="6" number="4">is</token>
<token t_id="257" sentence="6" number="5">a</token>
<token t_id="258" sentence="6" number="6">deadly</token>
<token t_id="259" sentence="6" number="7">combination</token>
<token t_id="260" sentence="6" number="8">–</token>
<token t_id="261" sentence="6" number="9">one</token>
<token t_id="262" sentence="6" number="10">that</token>
<token t_id="263" sentence="6" number="11">has</token>
<token t_id="264" sentence="6" number="12">the</token>
<token t_id="265" sentence="6" number="13">potential</token>
<token t_id="266" sentence="6" number="14">of</token>
<token t_id="267" sentence="6" number="15">turning</token>
<token t_id="268" sentence="6" number="16">a</token>
<token t_id="269" sentence="6" number="17">vehicle</token>
<token t_id="270" sentence="6" number="18">into</token>
<token t_id="271" sentence="6" number="19">a</token>
<token t_id="272" sentence="6" number="20">lethal</token>
<token t_id="273" sentence="6" number="21">weapon</token>
<token t_id="274" sentence="6" number="22">,</token>
<token t_id="275" sentence="6" number="23">”</token>
<token t_id="276" sentence="6" number="24">Brown</token>
<token t_id="277" sentence="6" number="25">said</token>
<token t_id="278" sentence="6" number="26">in</token>
<token t_id="279" sentence="6" number="27">a</token>
<token t_id="280" sentence="6" number="28">prepared</token>
<token t_id="281" sentence="6" number="29">statement</token>
<token t_id="282" sentence="6" number="30">.</token>
<token t_id="283" sentence="7" number="0">“</token>
<token t_id="284" sentence="7" number="1">In</token>
<token t_id="285" sentence="7" number="2">this</token>
<token t_id="286" sentence="7" number="3">case</token>
<token t_id="287" sentence="7" number="4">,</token>
<token t_id="288" sentence="7" number="5">the</token>
<token t_id="289" sentence="7" number="6">defendant</token>
<token t_id="290" sentence="7" number="7">is</token>
<token t_id="291" sentence="7" number="8">accused</token>
<token t_id="292" sentence="7" number="9">of</token>
<token t_id="293" sentence="7" number="10">getting</token>
<token t_id="294" sentence="7" number="11">behind</token>
<token t_id="295" sentence="7" number="12">the</token>
<token t_id="296" sentence="7" number="13">wheel</token>
<token t_id="297" sentence="7" number="14">while</token>
<token t_id="298" sentence="7" number="15">under</token>
<token t_id="299" sentence="7" number="16">the</token>
<token t_id="300" sentence="7" number="17">influence</token>
<token t_id="301" sentence="7" number="18">of</token>
<token t_id="302" sentence="7" number="19">alcohol</token>
<token t_id="303" sentence="7" number="20">,</token>
<token t_id="304" sentence="7" number="21">being</token>
<token t_id="305" sentence="7" number="22">unable</token>
<token t_id="306" sentence="7" number="23">to</token>
<token t_id="307" sentence="7" number="24">maintain</token>
<token t_id="308" sentence="7" number="25">proper</token>
<token t_id="309" sentence="7" number="26">control</token>
<token t_id="310" sentence="7" number="27">of</token>
<token t_id="311" sentence="7" number="28">his</token>
<token t_id="312" sentence="7" number="29">vehicle</token>
<token t_id="313" sentence="7" number="30">,</token>
<token t_id="314" sentence="7" number="31">and</token>
<token t_id="315" sentence="7" number="32">striking</token>
<token t_id="316" sentence="7" number="33">a</token>
<token t_id="317" sentence="7" number="34">pedestrian</token>
<token t_id="318" sentence="7" number="35">before</token>
<token t_id="319" sentence="7" number="36">speeding</token>
<token t_id="320" sentence="7" number="37">away</token>
<token t_id="321" sentence="7" number="38">without</token>
<token t_id="322" sentence="7" number="39">checking</token>
<token t_id="323" sentence="7" number="40">to</token>
<token t_id="324" sentence="7" number="41">see</token>
<token t_id="325" sentence="7" number="42">if</token>
<token t_id="326" sentence="7" number="43">she</token>
<token t_id="327" sentence="7" number="44">needed</token>
<token t_id="328" sentence="7" number="45">medical</token>
<token t_id="329" sentence="7" number="46">assistance</token>
<token t_id="330" sentence="7" number="47">.</token>
<token t_id="331" sentence="7" number="48">”</token>
<token t_id="332" sentence="8" number="0">Arraigned</token>
<token t_id="333" sentence="8" number="1">on</token>
<token t_id="334" sentence="8" number="2">Sept</token>
<token t_id="335" sentence="8" number="3">.</token>
<token t_id="336" sentence="8" number="4">15</token>
<token t_id="337" sentence="8" number="5">,</token>
<token t_id="338" sentence="8" number="6">Subryan</token>
<token t_id="339" sentence="8" number="7">was</token>
<token t_id="340" sentence="8" number="8">ordered</token>
<token t_id="341" sentence="8" number="9">held</token>
<token t_id="342" sentence="8" number="10">on</token>
<token t_id="343" sentence="8" number="11">$200</token>
<token t_id="344" sentence="8" number="12">,</token>
<token t_id="345" sentence="8" number="13">000</token>
<token t_id="346" sentence="8" number="14">bail</token>
<token t_id="347" sentence="8" number="15">and</token>
<token t_id="348" sentence="8" number="16">is</token>
<token t_id="349" sentence="8" number="17">expected</token>
<token t_id="350" sentence="8" number="18">to</token>
<token t_id="351" sentence="8" number="19">return</token>
<token t_id="352" sentence="8" number="20">to</token>
<token t_id="353" sentence="8" number="21">Queens</token>
<token t_id="354" sentence="8" number="22">Supreme</token>
<token t_id="355" sentence="8" number="23">Court</token>
<token t_id="356" sentence="8" number="24">in</token>
<token t_id="357" sentence="8" number="25">Kew</token>
<token t_id="358" sentence="8" number="26">Gardens</token>
<token t_id="359" sentence="8" number="27">on</token>
<token t_id="360" sentence="8" number="28">Oct</token>
<token t_id="361" sentence="8" number="29">.</token>
<token t_id="362" sentence="8" number="30">2</token>
<token t_id="363" sentence="8" number="31">.</token>
<token t_id="364" sentence="9" number="0">According</token>
<token t_id="365" sentence="9" number="1">to</token>
<token t_id="366" sentence="9" number="2">the</token>
<token t_id="367" sentence="9" number="3">criminal</token>
<token t_id="368" sentence="9" number="4">charges</token>
<token t_id="369" sentence="9" number="5">,</token>
<token t_id="370" sentence="9" number="6">two</token>
<token t_id="371" sentence="9" number="7">police</token>
<token t_id="372" sentence="9" number="8">officers</token>
<token t_id="373" sentence="9" number="9">from</token>
<token t_id="374" sentence="9" number="10">the</token>
<token t_id="375" sentence="9" number="11">102nd</token>
<token t_id="376" sentence="9" number="12">Precinct</token>
<token t_id="377" sentence="9" number="13">were</token>
<token t_id="378" sentence="9" number="14">stationed</token>
<token t_id="379" sentence="9" number="15">on</token>
<token t_id="380" sentence="9" number="16">117th</token>
<token t_id="381" sentence="9" number="17">Street</token>
<token t_id="382" sentence="9" number="18">at</token>
<token t_id="383" sentence="9" number="19">approximately</token>
<token t_id="384" sentence="9" number="20">7</token>
<token t_id="385" sentence="9" number="21">p</token>
<token t_id="386" sentence="9" number="22">.</token>
<token t_id="387" sentence="9" number="23">m</token>
<token t_id="388" sentence="9" number="24">.</token>
<token t_id="389" sentence="9" number="25">on</token>
<token t_id="390" sentence="9" number="26">Friday</token>
<token t_id="391" sentence="9" number="27">night</token>
<token t_id="392" sentence="9" number="28">,</token>
<token t_id="393" sentence="9" number="29">when</token>
<token t_id="394" sentence="9" number="30">they</token>
<token t_id="395" sentence="9" number="31">heard</token>
<token t_id="396" sentence="9" number="32">a</token>
<token t_id="397" sentence="9" number="33">loud</token>
<token t_id="398" sentence="9" number="34">bang</token>
<token t_id="399" sentence="9" number="35">behind</token>
<token t_id="400" sentence="9" number="36">them</token>
<token t_id="401" sentence="9" number="37">and</token>
<token t_id="402" sentence="9" number="38">one</token>
<token t_id="403" sentence="9" number="39">of</token>
<token t_id="404" sentence="9" number="40">the</token>
<token t_id="405" sentence="9" number="41">officers</token>
<token t_id="406" sentence="9" number="42">saw</token>
<token t_id="407" sentence="9" number="43">fluorescent</token>
<token t_id="408" sentence="9" number="44">garments</token>
<token t_id="409" sentence="9" number="45">fly</token>
<token t_id="410" sentence="9" number="46">in</token>
<token t_id="411" sentence="9" number="47">the</token>
<token t_id="412" sentence="9" number="48">air</token>
<token t_id="413" sentence="9" number="49">.</token>
<token t_id="414" sentence="10" number="0">When</token>
<token t_id="415" sentence="10" number="1">the</token>
<token t_id="416" sentence="10" number="2">officers</token>
<token t_id="417" sentence="10" number="3">turned</token>
<token t_id="418" sentence="10" number="4">around</token>
<token t_id="419" sentence="10" number="5">,</token>
<token t_id="420" sentence="10" number="6">they</token>
<token t_id="421" sentence="10" number="7">allegedly</token>
<token t_id="422" sentence="10" number="8">saw</token>
<token t_id="423" sentence="10" number="9">Subryan</token>
<token t_id="424" sentence="10" number="10">speed</token>
<token t_id="425" sentence="10" number="11">past</token>
<token t_id="426" sentence="10" number="12">them</token>
<token t_id="427" sentence="10" number="13">.</token>
<token t_id="428" sentence="11" number="0">He</token>
<token t_id="429" sentence="11" number="1">then</token>
<token t_id="430" sentence="11" number="2">allegedly</token>
<token t_id="431" sentence="11" number="3">ran</token>
<token t_id="432" sentence="11" number="4">a</token>
<token t_id="433" sentence="11" number="5">stop</token>
<token t_id="434" sentence="11" number="6">sign</token>
<token t_id="435" sentence="11" number="7">and</token>
<token t_id="436" sentence="11" number="8">red</token>
<token t_id="437" sentence="11" number="9">light</token>
<token t_id="438" sentence="11" number="10">when</token>
<token t_id="439" sentence="11" number="11">police</token>
<token t_id="440" sentence="11" number="12">began</token>
<token t_id="441" sentence="11" number="13">to</token>
<token t_id="442" sentence="11" number="14">pursue</token>
<token t_id="443" sentence="11" number="15">him</token>
<token t_id="444" sentence="11" number="16">,</token>
<token t_id="445" sentence="11" number="17">the</token>
<token t_id="446" sentence="11" number="18">DA</token>
<token t_id="447" sentence="11" number="19">said</token>
<token t_id="448" sentence="11" number="20">.</token>
<token t_id="449" sentence="12" number="0">When</token>
<token t_id="450" sentence="12" number="1">cops</token>
<token t_id="451" sentence="12" number="2">stopped</token>
<token t_id="452" sentence="12" number="3">the</token>
<token t_id="453" sentence="12" number="4">car</token>
<token t_id="454" sentence="12" number="5">,</token>
<token t_id="455" sentence="12" number="6">police</token>
<token t_id="456" sentence="12" number="7">allegedly</token>
<token t_id="457" sentence="12" number="8">observed</token>
<token t_id="458" sentence="12" number="9">Subryan</token>
<token t_id="459" sentence="12" number="10">to</token>
<token t_id="460" sentence="12" number="11">have</token>
<token t_id="461" sentence="12" number="12">bloodshot</token>
<token t_id="462" sentence="12" number="13">watery</token>
<token t_id="463" sentence="12" number="14">eyes</token>
<token t_id="464" sentence="12" number="15">and</token>
<token t_id="465" sentence="12" number="16">slurred</token>
<token t_id="466" sentence="12" number="17">speech</token>
<token t_id="467" sentence="12" number="18">and</token>
<token t_id="468" sentence="12" number="19">smelled</token>
<token t_id="469" sentence="12" number="20">of</token>
<token t_id="470" sentence="12" number="21">alcohol</token>
<token t_id="471" sentence="12" number="22">,</token>
<token t_id="472" sentence="12" number="23">according</token>
<token t_id="473" sentence="12" number="24">to</token>
<token t_id="474" sentence="12" number="25">Brown</token>
<token t_id="475" sentence="12" number="26">.</token>
<token t_id="476" sentence="13" number="0">Additionally</token>
<token t_id="477" sentence="13" number="1">,</token>
<token t_id="478" sentence="13" number="2">he</token>
<token t_id="479" sentence="13" number="3">was</token>
<token t_id="480" sentence="13" number="4">allegedly</token>
<token t_id="481" sentence="13" number="5">swaying</token>
<token t_id="482" sentence="13" number="6">and</token>
<token t_id="483" sentence="13" number="7">unsteady</token>
<token t_id="484" sentence="13" number="8">on</token>
<token t_id="485" sentence="13" number="9">his</token>
<token t_id="486" sentence="13" number="10">feet</token>
<token t_id="487" sentence="13" number="11">when</token>
<token t_id="488" sentence="13" number="12">he</token>
<token t_id="489" sentence="13" number="13">got</token>
<token t_id="490" sentence="13" number="14">out</token>
<token t_id="491" sentence="13" number="15">of</token>
<token t_id="492" sentence="13" number="16">his</token>
<token t_id="493" sentence="13" number="17">car</token>
<token t_id="494" sentence="13" number="18">–</token>
<token t_id="495" sentence="13" number="19">which</token>
<token t_id="496" sentence="13" number="20">police</token>
<token t_id="497" sentence="13" number="21">wrote</token>
<token t_id="498" sentence="13" number="22">had</token>
<token t_id="499" sentence="13" number="23">a</token>
<token t_id="500" sentence="13" number="24">dented</token>
<token t_id="501" sentence="13" number="25">hood</token>
<token t_id="502" sentence="13" number="26">,</token>
<token t_id="503" sentence="13" number="27">a</token>
<token t_id="504" sentence="13" number="28">cracked</token>
<token t_id="505" sentence="13" number="29">bumper</token>
<token t_id="506" sentence="13" number="30">and</token>
<token t_id="507" sentence="13" number="31">front</token>
<token t_id="508" sentence="13" number="32">headlight</token>
<token t_id="509" sentence="13" number="33">,</token>
<token t_id="510" sentence="13" number="34">and</token>
<token t_id="511" sentence="13" number="35">scuff</token>
<token t_id="512" sentence="13" number="36">marks</token>
<token t_id="513" sentence="13" number="37">on</token>
<token t_id="514" sentence="13" number="38">the</token>
<token t_id="515" sentence="13" number="39">hood</token>
<token t_id="516" sentence="13" number="40">,</token>
<token t_id="517" sentence="13" number="41">the</token>
<token t_id="518" sentence="13" number="42">NYPD</token>
<token t_id="519" sentence="13" number="43">said</token>
<token t_id="520" sentence="13" number="44">.</token>
<token t_id="521" sentence="14" number="0">The</token>
<token t_id="522" sentence="14" number="1">driver</token>
<token t_id="523" sentence="14" number="2">was</token>
<token t_id="524" sentence="14" number="3">taken</token>
<token t_id="525" sentence="14" number="4">to</token>
<token t_id="526" sentence="14" number="5">the</token>
<token t_id="527" sentence="14" number="6">112th</token>
<token t_id="528" sentence="14" number="7">Precinct</token>
<token t_id="529" sentence="14" number="8">,</token>
<token t_id="530" sentence="14" number="9">where</token>
<token t_id="531" sentence="14" number="10">police</token>
<token t_id="532" sentence="14" number="11">documented</token>
<token t_id="533" sentence="14" number="12">that</token>
<token t_id="534" sentence="14" number="13">he</token>
<token t_id="535" sentence="14" number="14">allegedly</token>
<token t_id="536" sentence="14" number="15">had</token>
<token t_id="537" sentence="14" number="16">a</token>
<token t_id="538" sentence="14" number="17">blood</token>
<token t_id="539" sentence="14" number="18">alcohol</token>
<token t_id="540" sentence="14" number="19">content</token>
<token t_id="541" sentence="14" number="20">of</token>
<token t_id="542" sentence="14" number="21">.</token>
<token t_id="543" sentence="14" number="22">09</token>
<token t_id="544" sentence="14" number="23">percent</token>
<token t_id="545" sentence="14" number="24">–</token>
<token t_id="546" sentence="14" number="25">above</token>
<token t_id="547" sentence="14" number="26">New</token>
<token t_id="548" sentence="14" number="27">York</token>
<token t_id="549" sentence="14" number="28">’</token>
<token t_id="550" sentence="14" number="29">s</token>
<token t_id="551" sentence="14" number="30">legal</token>
<token t_id="552" sentence="14" number="31">limit</token>
<token t_id="553" sentence="14" number="32">of</token>
<token t_id="554" sentence="14" number="33">.</token>
<token t_id="555" sentence="14" number="34">08</token>
<token t_id="556" sentence="14" number="35">percent</token>
<token t_id="557" sentence="14" number="36">.</token>
<token t_id="558" sentence="15" number="0">A</token>
<token t_id="559" sentence="15" number="1">civilian</token>
<token t_id="560" sentence="15" number="2">witness</token>
<token t_id="561" sentence="15" number="3">at</token>
<token t_id="562" sentence="15" number="4">the</token>
<token t_id="563" sentence="15" number="5">scene</token>
<token t_id="564" sentence="15" number="6">also</token>
<token t_id="565" sentence="15" number="7">told</token>
<token t_id="566" sentence="15" number="8">police</token>
<token t_id="567" sentence="15" number="9">that</token>
<token t_id="568" sentence="15" number="10">they</token>
<token t_id="569" sentence="15" number="11">saw</token>
<token t_id="570" sentence="15" number="12">a</token>
<token t_id="571" sentence="15" number="13">car</token>
<token t_id="572" sentence="15" number="14">speed</token>
<token t_id="573" sentence="15" number="15">by</token>
<token t_id="574" sentence="15" number="16">and</token>
<token t_id="575" sentence="15" number="17">then</token>
<token t_id="576" sentence="15" number="18">saw</token>
<token t_id="577" sentence="15" number="19">Chohan</token>
<token t_id="578" sentence="15" number="20">,</token>
<token t_id="579" sentence="15" number="21">who</token>
<token t_id="580" sentence="15" number="22">was</token>
<token t_id="581" sentence="15" number="23">wearing</token>
<token t_id="582" sentence="15" number="24">bright</token>
<token t_id="583" sentence="15" number="25">yellow</token>
<token t_id="584" sentence="15" number="26">clothing</token>
<token t_id="585" sentence="15" number="27">and</token>
<token t_id="586" sentence="15" number="28">went</token>
<token t_id="587" sentence="15" number="29">into</token>
<token t_id="588" sentence="15" number="30">cardiac</token>
<token t_id="589" sentence="15" number="31">arrest</token>
<token t_id="590" sentence="15" number="32">,</token>
<token t_id="591" sentence="15" number="33">laying</token>
<token t_id="592" sentence="15" number="34">in</token>
<token t_id="593" sentence="15" number="35">the</token>
<token t_id="594" sentence="15" number="36">street</token>
<token t_id="595" sentence="15" number="37">,</token>
<token t_id="596" sentence="15" number="38">the</token>
<token t_id="597" sentence="15" number="39">DA</token>
<token t_id="598" sentence="15" number="40">said</token>
<token t_id="599" sentence="15" number="41">.</token>
<token t_id="600" sentence="16" number="0">Video</token>
<token t_id="601" sentence="16" number="1">surveillance</token>
<token t_id="602" sentence="16" number="2">from</token>
<token t_id="603" sentence="16" number="3">the</token>
<token t_id="604" sentence="16" number="4">area</token>
<token t_id="605" sentence="16" number="5">showed</token>
<token t_id="606" sentence="16" number="6">the</token>
<token t_id="607" sentence="16" number="7">vehicle</token>
<token t_id="608" sentence="16" number="8">striking</token>
<token t_id="609" sentence="16" number="9">Chohan</token>
<token t_id="610" sentence="16" number="10">,</token>
<token t_id="611" sentence="16" number="11">causing</token>
<token t_id="612" sentence="16" number="12">her</token>
<token t_id="613" sentence="16" number="13">to</token>
<token t_id="614" sentence="16" number="14">become</token>
<token t_id="615" sentence="16" number="15">airborne</token>
<token t_id="616" sentence="16" number="16">,</token>
<token t_id="617" sentence="16" number="17">according</token>
<token t_id="618" sentence="16" number="18">to</token>
<token t_id="619" sentence="16" number="19">Brown</token>
<token t_id="620" sentence="16" number="20">.</token>
<token t_id="621" sentence="17" number="0">The</token>
<token t_id="622" sentence="17" number="1">tragic</token>
<token t_id="623" sentence="17" number="2">event</token>
<token t_id="624" sentence="17" number="3">was</token>
<token t_id="625" sentence="17" number="4">one</token>
<token t_id="626" sentence="17" number="5">of</token>
<token t_id="627" sentence="17" number="6">three</token>
<token t_id="628" sentence="17" number="7">accidents</token>
<token t_id="629" sentence="17" number="8">involving</token>
<token t_id="630" sentence="17" number="9">pedestrians</token>
<token t_id="631" sentence="17" number="10">in</token>
<token t_id="632" sentence="17" number="11">the</token>
<token t_id="633" sentence="17" number="12">city</token>
<token t_id="634" sentence="17" number="13">last</token>
<token t_id="635" sentence="17" number="14">weekend</token>
<token t_id="636" sentence="17" number="15">.</token>
<token t_id="637" sentence="18" number="0">A</token>
<token t_id="638" sentence="18" number="1">female</token>
<token t_id="639" sentence="18" number="2">pedestrian</token>
<token t_id="640" sentence="18" number="3">was</token>
<token t_id="641" sentence="18" number="4">struck</token>
<token t_id="642" sentence="18" number="5">and</token>
<token t_id="643" sentence="18" number="6">killed</token>
<token t_id="644" sentence="18" number="7">by</token>
<token t_id="645" sentence="18" number="8">a</token>
<token t_id="646" sentence="18" number="9">motorist</token>
<token t_id="647" sentence="18" number="10">when</token>
<token t_id="648" sentence="18" number="11">she</token>
<token t_id="649" sentence="18" number="12">was</token>
<token t_id="650" sentence="18" number="13">crossing</token>
<token t_id="651" sentence="18" number="14">Queens</token>
<token t_id="652" sentence="18" number="15">Plaza</token>
<token t_id="653" sentence="18" number="16">North</token>
<token t_id="654" sentence="18" number="17">near</token>
<token t_id="655" sentence="18" number="18">27th</token>
<token t_id="656" sentence="18" number="19">Street</token>
<token t_id="657" sentence="18" number="20">a</token>
<token t_id="658" sentence="18" number="21">little</token>
<token t_id="659" sentence="18" number="22">before</token>
<token t_id="660" sentence="18" number="23">10</token>
<token t_id="661" sentence="18" number="24">p</token>
<token t_id="662" sentence="18" number="25">.</token>
<token t_id="663" sentence="18" number="26">m</token>
<token t_id="664" sentence="18" number="27">.</token>
<token t_id="665" sentence="18" number="28">on</token>
<token t_id="666" sentence="18" number="29">Friday</token>
<token t_id="667" sentence="18" number="30">,</token>
<token t_id="668" sentence="18" number="31">according</token>
<token t_id="669" sentence="18" number="32">to</token>
<token t_id="670" sentence="18" number="33">police</token>
<token t_id="671" sentence="18" number="34">.</token>
<token t_id="672" sentence="19" number="0">The</token>
<token t_id="673" sentence="19" number="1">unidentified</token>
<token t_id="674" sentence="19" number="2">woman</token>
<token t_id="675" sentence="19" number="3">was</token>
<token t_id="676" sentence="19" number="4">pronounced</token>
<token t_id="677" sentence="19" number="5">dead</token>
<token t_id="678" sentence="19" number="6">at</token>
<token t_id="679" sentence="19" number="7">Mount</token>
<token t_id="680" sentence="19" number="8">Sinai</token>
<token t_id="681" sentence="19" number="9">Hospital</token>
<token t_id="682" sentence="19" number="10">.</token>
<token t_id="683" sentence="20" number="0">Maria</token>
<token t_id="684" sentence="20" number="1">Dulce</token>
<token t_id="685" sentence="20" number="2">-</token>
<token t_id="686" sentence="20" number="3">Valencia</token>
<token t_id="687" sentence="20" number="4">,</token>
<token t_id="688" sentence="20" number="5">27</token>
<token t_id="689" sentence="20" number="6">,</token>
<token t_id="690" sentence="20" number="7">was</token>
<token t_id="691" sentence="20" number="8">also</token>
<token t_id="692" sentence="20" number="9">killed</token>
<token t_id="693" sentence="20" number="10">in</token>
<token t_id="694" sentence="20" number="11">a</token>
<token t_id="695" sentence="20" number="12">hit</token>
<token t_id="696" sentence="20" number="13">-</token>
<token t_id="697" sentence="20" number="14">and</token>
<token t_id="698" sentence="20" number="15">-</token>
<token t_id="699" sentence="20" number="16">run</token>
<token t_id="700" sentence="20" number="17">accident</token>
<token t_id="701" sentence="20" number="18">,</token>
<token t_id="702" sentence="20" number="19">police</token>
<token t_id="703" sentence="20" number="20">said</token>
<token t_id="704" sentence="20" number="21">.</token>
<token t_id="705" sentence="21" number="0">She</token>
<token t_id="706" sentence="21" number="1">was</token>
<token t_id="707" sentence="21" number="2">hit</token>
<token t_id="708" sentence="21" number="3">around</token>
<token t_id="709" sentence="21" number="4">5</token>
<token t_id="710" sentence="21" number="5">a</token>
<token t_id="711" sentence="21" number="6">.</token>
<token t_id="712" sentence="21" number="7">m</token>
<token t_id="713" sentence="21" number="8">.</token>
<token t_id="714" sentence="21" number="9">Sunday</token>
<token t_id="715" sentence="21" number="10">morning</token>
<token t_id="716" sentence="21" number="11">at</token>
<token t_id="717" sentence="21" number="12">Bruckner</token>
<token t_id="718" sentence="21" number="13">Boulevard</token>
<token t_id="719" sentence="21" number="14">and</token>
<token t_id="720" sentence="21" number="15">Evergreen</token>
<token t_id="721" sentence="21" number="16">Avenue</token>
<token t_id="722" sentence="21" number="17">in</token>
<token t_id="723" sentence="21" number="18">the</token>
<token t_id="724" sentence="21" number="19">Bronx</token>
<token t_id="725" sentence="21" number="20">’</token>
<token t_id="726" sentence="21" number="21">s</token>
<token t_id="727" sentence="21" number="22">Soundview</token>
<token t_id="728" sentence="21" number="23">neighborhood</token>
<token t_id="729" sentence="21" number="24">.</token>
<Markables>
<ACTION_GENERIC m_id="72"  >
  <token_anchor t_id="223"/>
</ACTION_GENERIC>
<ACTION_GENERIC m_id="73"  >
  <token_anchor t_id="227"/>
</ACTION_GENERIC>
<ACTION_GENERIC m_id="74"  >
  <token_anchor t_id="229"/>
</ACTION_GENERIC>
<ACTION_GENERIC m_id="75"  >
  <token_anchor t_id="231"/>
  <token_anchor t_id="233"/>
</ACTION_GENERIC>
<ACTION_GENERIC m_id="76"  >
  <token_anchor t_id="238"/>
</ACTION_GENERIC>
<ACTION_GENERIC m_id="77"  >
  <token_anchor t_id="243"/>
</ACTION_GENERIC>
<ACTION_OCCURRENCE m_id="9"  >
  <token_anchor t_id="89"/>
</ACTION_OCCURRENCE>
<ACTION_OCCURRENCE m_id="10"  >
  <token_anchor t_id="91"/>
</ACTION_OCCURRENCE>
<ACTION_OCCURRENCE m_id="11"  >
  <token_anchor t_id="98"/>
</ACTION_OCCURRENCE>
<ACTION_OCCURRENCE m_id="12"  >
  <token_anchor t_id="103"/>
</ACTION_OCCURRENCE>
<ACTION_OCCURRENCE m_id="13"  >
  <token_anchor t_id="123"/>
</ACTION_OCCURRENCE>
<ACTION_OCCURRENCE m_id="14"  >
  <token_anchor t_id="130"/>
</ACTION_OCCURRENCE>
<ACTION_OCCURRENCE m_id="15"  >
  <token_anchor t_id="139"/>
</ACTION_OCCURRENCE>
<ACTION_OCCURRENCE m_id="47"  >
  <token_anchor t_id="82"/>
</ACTION_OCCURRENCE>
<ACTION_OCCURRENCE m_id="16"  >
  <token_anchor t_id="155"/>
</ACTION_OCCURRENCE>
<ACTION_OCCURRENCE m_id="17"  >
  <token_anchor t_id="220"/>
</ACTION_OCCURRENCE>
<ACTION_OCCURRENCE m_id="18"  >
  <token_anchor t_id="291"/>
</ACTION_OCCURRENCE>
<ACTION_OCCURRENCE m_id="19"  >
  <token_anchor t_id="293"/>
</ACTION_OCCURRENCE>
<ACTION_OCCURRENCE m_id="20"  >
  <token_anchor t_id="298"/>
  <token_anchor t_id="300"/>
</ACTION_OCCURRENCE>
<ACTION_OCCURRENCE m_id="21"  >
  <token_anchor t_id="307"/>
</ACTION_OCCURRENCE>
<ACTION_OCCURRENCE m_id="22"  >
  <token_anchor t_id="315"/>
</ACTION_OCCURRENCE>
<ACTION_OCCURRENCE m_id="23"  >
  <token_anchor t_id="319"/>
</ACTION_OCCURRENCE>
<ACTION_OCCURRENCE m_id="24"  >
  <token_anchor t_id="327"/>
</ACTION_OCCURRENCE>
<ACTION_OCCURRENCE m_id="25"  >
  <token_anchor t_id="329"/>
</ACTION_OCCURRENCE>
<ACTION_OCCURRENCE m_id="58"  >
  <token_anchor t_id="246"/>
</ACTION_OCCURRENCE>
<ACTION_OCCURRENCE m_id="59"  >
  <token_anchor t_id="286"/>
</ACTION_OCCURRENCE>
<ACTION_OCCURRENCE m_id="7"  >
  <token_anchor t_id="48"/>
</ACTION_OCCURRENCE>
<ACTION_OCCURRENCE m_id="8"  >
  <token_anchor t_id="58"/>
</ACTION_OCCURRENCE>
<ACTION_REPORTING m_id="41"  >
  <token_anchor t_id="117"/>
</ACTION_REPORTING>
<ACTION_REPORTING m_id="42"  >
  <token_anchor t_id="174"/>
</ACTION_REPORTING>
<ACTION_REPORTING m_id="43"  >
  <token_anchor t_id="250"/>
</ACTION_REPORTING>
<ACTION_REPORTING m_id="45"  >
  <token_anchor t_id="65"/>
</ACTION_REPORTING>
<ACTION_STATE m_id="51"  >
  <token_anchor t_id="110"/>
</ACTION_STATE>
<ACTION_STATE m_id="63"  >
  <token_anchor t_id="309"/>
</ACTION_STATE>
<HUMAN_PART_ORG m_id="44"  >
  <token_anchor t_id="64"/>
</HUMAN_PART_ORG>
<HUMAN_PART_ORG m_id="33"  >
  <token_anchor t_id="173"/>
</HUMAN_PART_ORG>
<HUMAN_PART_ORG m_id="34"  >
  <token_anchor t_id="249"/>
</HUMAN_PART_ORG>
<HUMAN_PART_PER m_id="48"  >
  <token_anchor t_id="77"/>
</HUMAN_PART_PER>
<HUMAN_PART_PER m_id="26"  >
  <token_anchor t_id="51"/>
</HUMAN_PART_PER>
<HUMAN_PART_PER m_id="27"  >
  <token_anchor t_id="96"/>
</HUMAN_PART_PER>
<HUMAN_PART_PER m_id="28"  >
  <token_anchor t_id="107"/>
</HUMAN_PART_PER>
<HUMAN_PART_PER m_id="29"  >
  <token_anchor t_id="109"/>
</HUMAN_PART_PER>
<HUMAN_PART_PER m_id="30"  >
  <token_anchor t_id="115"/>
  <token_anchor t_id="116"/>
</HUMAN_PART_PER>
<HUMAN_PART_PER m_id="31"  >
  <token_anchor t_id="141"/>
  <token_anchor t_id="142"/>
</HUMAN_PART_PER>
<HUMAN_PART_PER m_id="32"  >
  <token_anchor t_id="159"/>
</HUMAN_PART_PER>
<HUMAN_PART_PER m_id="1"  >
  <token_anchor t_id="47"/>
</HUMAN_PART_PER>
<HUMAN_PART_PER m_id="2"  >
  <token_anchor t_id="75"/>
</HUMAN_PART_PER>
<HUMAN_PART_PER m_id="3"  >
  <token_anchor t_id="119"/>
  <token_anchor t_id="120"/>
</HUMAN_PART_PER>
<HUMAN_PART_PER m_id="35"  >
  <token_anchor t_id="326"/>
</HUMAN_PART_PER>
<HUMAN_PART_PER m_id="4"  >
  <token_anchor t_id="217"/>
</HUMAN_PART_PER>
<HUMAN_PART_PER m_id="5"  >
  <token_anchor t_id="289"/>
</HUMAN_PART_PER>
<HUMAN_PART_PER m_id="6"  >
  <token_anchor t_id="609"/>
</HUMAN_PART_PER>
<HUMAN_PART_PER m_id="40"  >
  <token_anchor t_id="317"/>
</HUMAN_PART_PER>
<LOC_GEO m_id="50"  >
  <token_anchor t_id="99"/>
  <token_anchor t_id="100"/>
</LOC_GEO>
<LOC_GEO m_id="54"  >
  <token_anchor t_id="147"/>
  <token_anchor t_id="148"/>
  <token_anchor t_id="149"/>
  <token_anchor t_id="150"/>
  <token_anchor t_id="151"/>
</LOC_GEO>
<LOC_GEO m_id="37"  >
  <token_anchor t_id="59"/>
  <token_anchor t_id="60"/>
  <token_anchor t_id="61"/>
  <token_anchor t_id="62"/>
  <token_anchor t_id="63"/>
</LOC_GEO>
<LOC_GEO m_id="38"  >
  <token_anchor t_id="83"/>
  <token_anchor t_id="84"/>
  <token_anchor t_id="85"/>
</LOC_GEO>
<LOC_GEO m_id="39"  >
  <token_anchor t_id="124"/>
  <token_anchor t_id="125"/>
  <token_anchor t_id="126"/>
  <token_anchor t_id="127"/>
</LOC_GEO>
<LOC_OTHER m_id="70"  >
  <token_anchor t_id="239"/>
  <token_anchor t_id="240"/>
</LOC_OTHER>
<NEG_ACTION_GENERIC m_id="78"  >
  <token_anchor t_id="245"/>
</NEG_ACTION_GENERIC>
<NEG_ACTION_OCCURRENCE m_id="36"  >
  <token_anchor t_id="322"/>
</NEG_ACTION_OCCURRENCE>
<NON_HUMAN_PART m_id="55"  >
  <token_anchor t_id="164"/>
  <token_anchor t_id="165"/>
</NON_HUMAN_PART>
<NON_HUMAN_PART m_id="57"  >
  <token_anchor t_id="235"/>
</NON_HUMAN_PART>
<NON_HUMAN_PART m_id="60"  >
  <token_anchor t_id="296"/>
</NON_HUMAN_PART>
<NON_HUMAN_PART m_id="61"  >
  <token_anchor t_id="302"/>
</NON_HUMAN_PART>
<NON_HUMAN_PART m_id="62"  >
  <token_anchor t_id="312"/>
</NON_HUMAN_PART>
<TIME_DATE m_id="46"  >
  <token_anchor t_id="66"/>
  <token_anchor t_id="67"/>
  <token_anchor t_id="68"/>
</TIME_DATE>
<TIME_DATE m_id="49"  >
  <token_anchor t_id="86"/>
  <token_anchor t_id="87"/>
</TIME_DATE>
<TIME_DATE m_id="53"  >
  <token_anchor t_id="137"/>
  <token_anchor t_id="138"/>
</TIME_DATE>
<TIME_DATE m_id="79" note="byCROMER" >
  <token_anchor t_id="166"/>
  <token_anchor t_id="167"/>
  <token_anchor t_id="168"/>
  <token_anchor t_id="169"/>
  <token_anchor t_id="170"/>
</TIME_DATE>
<LOC_FAC m_id="80" note="byCROMER" >
  <token_anchor t_id="131"/>
  <token_anchor t_id="132"/>
  <token_anchor t_id="133"/>
  <token_anchor t_id="134"/>
</LOC_FAC>


<HUMAN_PART_PER m_id="81" RELATED_TO="" TAG_DESCRIPTOR="t21_subryan" instance_id="HUM18048451299991743" />
<ACTION_GENERIC m_id="99" RELATED_TO="" TAG_DESCRIPTOR="t21_accident" instance_id="ACT18006496790984999" />
<ACTION_GENERIC m_id="98" RELATED_TO="" TAG_DESCRIPTOR="t21_homicide" instance_id="ACT18006519726581894" />
<ACTION_OCCURRENCE m_id="97" RELATED_TO="" TAG_DESCRIPTOR="t21_killed" instance_id="ACT18006431002286049" />
<HUMAN_PART_PER m_id="96" RELATED_TO="" TAG_DESCRIPTOR="t21_family" instance_id="HUM18049435147865956" />
<LOC_GEO m_id="95" RELATED_TO="" TAG_DESCRIPTOR="t21_crash_scene" instance_id="LOC18048603777329683" />
<ACTION_GENERIC m_id="94" RELATED_TO="" TAG_DESCRIPTOR="t21_manslaughter" instance_id="ACT18007093335618632" />
<ACTION_OCCURRENCE m_id="105" RELATED_TO="" TAG_DESCRIPTOR="t21_walked" instance_id="ACT18006440933768460" />
<LOC_OTHER m_id="93" RELATED_TO="" TAG_DESCRIPTOR="t21_generic_scene" instance_id="LOC18616597438078112" />
<HUMAN_PART_PER m_id="104" RELATED_TO="" TAG_DESCRIPTOR="t21_chohan" instance_id="HUM18048481960258753" />
<LOC_FAC m_id="92" RELATED_TO="" TAG_DESCRIPTOR="t21_to_a_temple" instance_id="LOC28432816437556095" />
<ACTION_OCCURRENCE m_id="103" RELATED_TO="" TAG_DESCRIPTOR="t21_crash" instance_id="ACT18006382662795369" />
<LOC_GEO m_id="91" RELATED_TO="" TAG_DESCRIPTOR="t21_schenectady" instance_id="LOC18049026470716482" />
<ACTION_OCCURRENCE m_id="102" RELATED_TO="" TAG_DESCRIPTOR="t21_charged" instance_id="ACT18006370986223288" />
<ACTION_REPORTING m_id="90" RELATED_TO="" TAG_DESCRIPTOR="t21_police_said" instance_id="ACT18006456740754703" />
<ACTION_GENERIC m_id="101" RELATED_TO="" TAG_DESCRIPTOR="t21_drunk" instance_id="ACT18006853519872681" />
<ACTION_OCCURRENCE m_id="100" RELATED_TO="" TAG_DESCRIPTOR="t21_hit" instance_id="ACT18007234386480781" />
<NON_HUMAN_PART m_id="71" RELATED_TO="" TAG_DESCRIPTOR="alcohol" />
<ACTION_GENERIC m_id="89" RELATED_TO="" TAG_DESCRIPTOR="t21_driving" instance_id="ACT18007060435769386" />
<ACTION_GENERIC m_id="88" RELATED_TO="" TAG_DESCRIPTOR="t21_leaving" instance_id="ACT18006833576304985" />
<ACTION_OCCURRENCE m_id="87" RELATED_TO="" TAG_DESCRIPTOR="t21_fled" instance_id="ACT18006419091410479" />
<NON_HUMAN_PART m_id="86" RELATED_TO="" TAG_DESCRIPTOR="t21_car" instance_id="NON18048571524531961" />
<HUMAN_PART_ORG m_id="85" RELATED_TO="" TAG_DESCRIPTOR="t21_police" instance_id="HUM18048433979655900" />
<TIME_DATE m_id="84" RELATED_TO="" TAG_DESCRIPTOR="t21_friday" instance_id="TIM18048634739556877" />
<LOC_GEO m_id="83" RELATED_TO="" TAG_DESCRIPTOR="t21_queens" instance_id="LOC18048554549072991" />
<ACTION_OCCURRENCE m_id="82" RELATED_TO="" TAG_DESCRIPTOR="t21_services" instance_id="ACT18006590254392973" />
</Markables>

<Relations>
<INTRA_DOC_COREF r_id="41281" >
<source m_id="57" />
<source m_id="61" />
<target m_id="71" />
</INTRA_DOC_COREF>
<CROSS_DOC_COREF r_id="41282" note="HUM18048451299991743" >
  <source m_id="4" />
  <source m_id="5" />
  <source m_id="27" />
  <source m_id="31" />
  <source m_id="26" />
  <target m_id="81" />
</CROSS_DOC_COREF>
<CROSS_DOC_COREF r_id="41283" note="ACT18006590254392973" >
  <source m_id="15" />
  <source m_id="47" />
  <target m_id="82" />
</CROSS_DOC_COREF>
<CROSS_DOC_COREF r_id="41284" note="LOC18048554549072991" >
  <source m_id="38" />
  <source m_id="37" />
  <target m_id="83" />
</CROSS_DOC_COREF>
<CROSS_DOC_COREF r_id="41285" note="TIM18048634739556877" >
  <source m_id="79" />
  <source m_id="49" />
  <source m_id="53" />
  <target m_id="84" />
</CROSS_DOC_COREF>
<CROSS_DOC_COREF r_id="41286" note="HUM18048433979655900" >
  <source m_id="33" />
  <target m_id="85" />
</CROSS_DOC_COREF>
<CROSS_DOC_COREF r_id="41287" note="NON18048571524531961" >
  <source m_id="62" />
  <source m_id="55" />
  <target m_id="86" />
</CROSS_DOC_COREF>
<CROSS_DOC_COREF r_id="41288" note="ACT18006419091410479" >
  <source m_id="11" />
  <target m_id="87" />
</CROSS_DOC_COREF>
<CROSS_DOC_COREF r_id="41289" note="ACT18006833576304985" >
  <source m_id="76" />
  <target m_id="88" />
</CROSS_DOC_COREF>
<CROSS_DOC_COREF r_id="41290" note="ACT18007060435769386" >
  <source m_id="74" />
  <target m_id="89" />
</CROSS_DOC_COREF>
<CROSS_DOC_COREF r_id="41291" note="ACT18006456740754703" >
  <source m_id="42" />
  <target m_id="90" />
</CROSS_DOC_COREF>
<CROSS_DOC_COREF r_id="41292" note="LOC18049026470716482" >
  <source m_id="54" />
  <target m_id="91" />
</CROSS_DOC_COREF>
<CROSS_DOC_COREF r_id="41293" note="LOC28432816437556095" >
  <source m_id="80" />
  <target m_id="92" />
</CROSS_DOC_COREF>
<CROSS_DOC_COREF r_id="41294" note="LOC18616597438078112" >
  <source m_id="70" />
  <target m_id="93" />
</CROSS_DOC_COREF>
<CROSS_DOC_COREF r_id="41295" note="ACT18007093335618632" >
  <source m_id="72" />
  <target m_id="94" />
</CROSS_DOC_COREF>
<CROSS_DOC_COREF r_id="41296" note="LOC18048603777329683" >
  <source m_id="50" />
  <target m_id="95" />
</CROSS_DOC_COREF>
<CROSS_DOC_COREF r_id="41297" note="HUM18049435147865956" >
  <source m_id="28" />
  <target m_id="96" />
</CROSS_DOC_COREF>
<CROSS_DOC_COREF r_id="41298" note="ACT18006431002286049" >
  <source m_id="7" />
  <source m_id="10" />
  <target m_id="97" />
</CROSS_DOC_COREF>
<CROSS_DOC_COREF r_id="41299" note="ACT18006519726581894" >
  <source m_id="73" />
  <target m_id="98" />
</CROSS_DOC_COREF>
<CROSS_DOC_COREF r_id="41300" note="ACT18006496790984999" >
  <source m_id="77" />
  <target m_id="99" />
</CROSS_DOC_COREF>
<CROSS_DOC_COREF r_id="41301" note="ACT18007234386480781" >
  <source m_id="22" />
  <source m_id="9" />
  <target m_id="100" />
</CROSS_DOC_COREF>
<CROSS_DOC_COREF r_id="41302" note="ACT18006853519872681" >
  <source m_id="75" />
  <target m_id="101" />
</CROSS_DOC_COREF>
<CROSS_DOC_COREF r_id="41303" note="ACT18006370986223288" >
  <source m_id="17" />
  <target m_id="102" />
</CROSS_DOC_COREF>
<CROSS_DOC_COREF r_id="41304" note="ACT18006382662795369" >
  <source m_id="8" />
  <source m_id="16" />
  <source m_id="12" />
  <source m_id="58" />
  <target m_id="103" />
</CROSS_DOC_COREF>
<CROSS_DOC_COREF r_id="41305" note="HUM18048481960258753" >
  <source m_id="48" />
  <source m_id="40" />
  <source m_id="32" />
  <source m_id="3" />
  <source m_id="6" />
  <source m_id="1" />
  <source m_id="35" />
  <source m_id="2" />
  <target m_id="104" />
</CROSS_DOC_COREF>
<CROSS_DOC_COREF r_id="41306" note="ACT18006440933768460" >
  <source m_id="14" />
  <target m_id="105" />
</CROSS_DOC_COREF>

</Relations>
</Document>
