<Document doc_name="21_10ecbplus.xml" doc_id="DOC15646295752426946">
<token t_id="1" sentence="0" number="0">http</token>
<token t_id="2" sentence="0" number="1">:</token>
<token t_id="3" sentence="0" number="2">/</token>
<token t_id="4" sentence="0" number="3">/</token>
<token t_id="5" sentence="0" number="4">www</token>
<token t_id="6" sentence="0" number="5">.</token>
<token t_id="7" sentence="0" number="6">injurylawofnewyork</token>
<token t_id="8" sentence="0" number="7">.</token>
<token t_id="9" sentence="0" number="8">com</token>
<token t_id="10" sentence="0" number="9">/</token>
<token t_id="11" sentence="0" number="10">blog</token>
<token t_id="12" sentence="0" number="11">/</token>
<token t_id="13" sentence="0" number="12">2013</token>
<token t_id="14" sentence="0" number="13">/</token>
<token t_id="15" sentence="0" number="14">09</token>
<token t_id="16" sentence="0" number="15">/</token>
<token t_id="17" sentence="0" number="16">new</token>
<token t_id="18" sentence="0" number="17">-</token>
<token t_id="19" sentence="0" number="18">york</token>
<token t_id="20" sentence="0" number="19">-</token>
<token t_id="21" sentence="0" number="20">woman</token>
<token t_id="22" sentence="0" number="21">-</token>
<token t_id="23" sentence="0" number="22">killed</token>
<token t_id="24" sentence="0" number="23">-</token>
<token t_id="25" sentence="0" number="24">in</token>
<token t_id="26" sentence="0" number="25">-</token>
<token t_id="27" sentence="0" number="26">hit</token>
<token t_id="28" sentence="0" number="27">-</token>
<token t_id="29" sentence="0" number="28">and</token>
<token t_id="30" sentence="0" number="29">-</token>
<token t_id="31" sentence="0" number="30">run</token>
<token t_id="32" sentence="0" number="31">-</token>
<token t_id="33" sentence="0" number="32">crash</token>
<token t_id="34" sentence="0" number="33">.</token>
<token t_id="35" sentence="0" number="34">shtml</token>
<token t_id="36" sentence="1" number="0">New</token>
<token t_id="37" sentence="1" number="1">York</token>
<token t_id="38" sentence="1" number="2">woman</token>
<token t_id="39" sentence="1" number="3">killed</token>
<token t_id="40" sentence="1" number="4">in</token>
<token t_id="41" sentence="1" number="5">hit</token>
<token t_id="42" sentence="1" number="6">-</token>
<token t_id="43" sentence="1" number="7">and</token>
<token t_id="44" sentence="1" number="8">-</token>
<token t_id="45" sentence="1" number="9">run</token>
<token t_id="46" sentence="1" number="10">crash</token>
<token t_id="47" sentence="2" number="0">On</token>
<token t_id="48" sentence="2" number="1">behalf</token>
<token t_id="49" sentence="2" number="2">of</token>
<token t_id="50" sentence="2" number="3">Howard</token>
<token t_id="51" sentence="2" number="4">R</token>
<token t_id="52" sentence="2" number="5">.</token>
<token t_id="53" sentence="2" number="6">Sanders</token>
<token t_id="54" sentence="2" number="7">,</token>
<token t_id="55" sentence="2" number="8">Esq</token>
<token t_id="56" sentence="2" number="9">.</token>
<token t_id="57" sentence="2" number="10">posted</token>
<token t_id="58" sentence="2" number="11">in</token>
<token t_id="59" sentence="2" number="12">Pedestrian</token>
<token t_id="60" sentence="2" number="13">Accidents</token>
<token t_id="61" sentence="2" number="14">on</token>
<token t_id="62" sentence="2" number="15">Wednesday</token>
<token t_id="63" sentence="2" number="16">,</token>
<token t_id="64" sentence="2" number="17">September</token>
<token t_id="65" sentence="2" number="18">18</token>
<token t_id="66" sentence="2" number="19">,</token>
<token t_id="67" sentence="2" number="20">2013</token>
<token t_id="68" sentence="2" number="21">.</token>
<token t_id="69" sentence="3" number="0">According</token>
<token t_id="70" sentence="3" number="1">to</token>
<token t_id="71" sentence="3" number="2">investigators</token>
<token t_id="72" sentence="3" number="3">,</token>
<token t_id="73" sentence="3" number="4">a</token>
<token t_id="74" sentence="3" number="5">woman</token>
<token t_id="75" sentence="3" number="6">was</token>
<token t_id="76" sentence="3" number="7">killed</token>
<token t_id="77" sentence="3" number="8">by</token>
<token t_id="78" sentence="3" number="9">a</token>
<token t_id="79" sentence="3" number="10">hit</token>
<token t_id="80" sentence="3" number="11">-</token>
<token t_id="81" sentence="3" number="12">and</token>
<token t_id="82" sentence="3" number="13">-</token>
<token t_id="83" sentence="3" number="14">run</token>
<token t_id="84" sentence="3" number="15">driver</token>
<token t_id="85" sentence="3" number="16">in</token>
<token t_id="86" sentence="3" number="17">Queens</token>
<token t_id="87" sentence="3" number="18">on</token>
<token t_id="88" sentence="3" number="19">the</token>
<token t_id="89" sentence="3" number="20">night</token>
<token t_id="90" sentence="3" number="21">of</token>
<token t_id="91" sentence="3" number="22">Sept</token>
<token t_id="92" sentence="3" number="23">.</token>
<token t_id="93" sentence="3" number="24">13</token>
<token t_id="94" sentence="3" number="25">.</token>
<token t_id="95" sentence="4" number="0">At</token>
<token t_id="96" sentence="4" number="1">approximately</token>
<token t_id="97" sentence="4" number="2">7</token>
<token t_id="98" sentence="4" number="3">p</token>
<token t_id="99" sentence="4" number="4">.</token>
<token t_id="100" sentence="4" number="5">m</token>
<token t_id="101" sentence="4" number="6">.</token>
<token t_id="102" sentence="4" number="7">,</token>
<token t_id="103" sentence="4" number="8">the</token>
<token t_id="104" sentence="4" number="9">woman</token>
<token t_id="105" sentence="4" number="10">was</token>
<token t_id="106" sentence="4" number="11">walking</token>
<token t_id="107" sentence="4" number="12">near</token>
<token t_id="108" sentence="4" number="13">the</token>
<token t_id="109" sentence="4" number="14">intersection</token>
<token t_id="110" sentence="4" number="15">of</token>
<token t_id="111" sentence="4" number="16">117th</token>
<token t_id="112" sentence="4" number="17">Street</token>
<token t_id="113" sentence="4" number="18">and</token>
<token t_id="114" sentence="4" number="19">97th</token>
<token t_id="115" sentence="4" number="20">Avenue</token>
<token t_id="116" sentence="4" number="21">in</token>
<token t_id="117" sentence="4" number="22">Richmond</token>
<token t_id="118" sentence="4" number="23">Hill</token>
<token t_id="119" sentence="4" number="24">.</token>
<token t_id="120" sentence="5" number="0">She</token>
<token t_id="121" sentence="5" number="1">was</token>
<token t_id="122" sentence="5" number="2">walking</token>
<token t_id="123" sentence="5" number="3">among</token>
<token t_id="124" sentence="5" number="4">some</token>
<token t_id="125" sentence="5" number="5">parked</token>
<token t_id="126" sentence="5" number="6">cars</token>
<token t_id="127" sentence="5" number="7">when</token>
<token t_id="128" sentence="5" number="8">she</token>
<token t_id="129" sentence="5" number="9">was</token>
<token t_id="130" sentence="5" number="10">hit</token>
<token t_id="131" sentence="5" number="11">by</token>
<token t_id="132" sentence="5" number="12">a</token>
<token t_id="133" sentence="5" number="13">grey</token>
<token t_id="134" sentence="5" number="14">Toyota</token>
<token t_id="135" sentence="5" number="15">Camry</token>
<token t_id="136" sentence="5" number="16">that</token>
<token t_id="137" sentence="5" number="17">had</token>
<token t_id="138" sentence="5" number="18">been</token>
<token t_id="139" sentence="5" number="19">traveling</token>
<token t_id="140" sentence="5" number="20">north</token>
<token t_id="141" sentence="5" number="21">on</token>
<token t_id="142" sentence="5" number="22">117th</token>
<token t_id="143" sentence="5" number="23">Street</token>
<token t_id="144" sentence="5" number="24">.</token>
<token t_id="145" sentence="6" number="0">The</token>
<token t_id="146" sentence="6" number="1">driver</token>
<token t_id="147" sentence="6" number="2">fled</token>
<token t_id="148" sentence="6" number="3">the</token>
<token t_id="149" sentence="6" number="4">accident</token>
<token t_id="150" sentence="6" number="5">scene</token>
<token t_id="151" sentence="6" number="6">but</token>
<token t_id="152" sentence="6" number="7">was</token>
<token t_id="153" sentence="6" number="8">apprehended</token>
<token t_id="154" sentence="6" number="9">by</token>
<token t_id="155" sentence="6" number="10">police</token>
<token t_id="156" sentence="6" number="11">officers</token>
<token t_id="157" sentence="6" number="12">.</token>
<token t_id="158" sentence="7" number="0">The</token>
<token t_id="159" sentence="7" number="1">driver</token>
<token t_id="160" sentence="7" number="2">was</token>
<token t_id="161" sentence="7" number="3">charged</token>
<token t_id="162" sentence="7" number="4">with</token>
<token t_id="163" sentence="7" number="5">DWI</token>
<token t_id="164" sentence="7" number="6">,</token>
<token t_id="165" sentence="7" number="7">leaving</token>
<token t_id="166" sentence="7" number="8">the</token>
<token t_id="167" sentence="7" number="9">scene</token>
<token t_id="168" sentence="7" number="10">of</token>
<token t_id="169" sentence="7" number="11">an</token>
<token t_id="170" sentence="7" number="12">accident</token>
<token t_id="171" sentence="7" number="13">resulting</token>
<token t_id="172" sentence="7" number="14">in</token>
<token t_id="173" sentence="7" number="15">death</token>
<token t_id="174" sentence="7" number="16">,</token>
<token t_id="175" sentence="7" number="17">criminally</token>
<token t_id="176" sentence="7" number="18">negligent</token>
<token t_id="177" sentence="7" number="19">homicide</token>
<token t_id="178" sentence="7" number="20">and</token>
<token t_id="179" sentence="7" number="21">vehicular</token>
<token t_id="180" sentence="7" number="22">manslaughter</token>
<token t_id="181" sentence="7" number="23">.</token>
<token t_id="182" sentence="8" number="0">A</token>
<token t_id="183" sentence="8" number="1">hit</token>
<token t_id="184" sentence="8" number="2">-</token>
<token t_id="185" sentence="8" number="3">and</token>
<token t_id="186" sentence="8" number="4">-</token>
<token t_id="187" sentence="8" number="5">run</token>
<token t_id="188" sentence="8" number="6">accident</token>
<token t_id="189" sentence="8" number="7">may</token>
<token t_id="190" sentence="8" number="8">be</token>
<token t_id="191" sentence="8" number="9">considered</token>
<token t_id="192" sentence="8" number="10">an</token>
<token t_id="193" sentence="8" number="11">example</token>
<token t_id="194" sentence="8" number="12">of</token>
<token t_id="195" sentence="8" number="13">extreme</token>
<token t_id="196" sentence="8" number="14">recklessness</token>
<token t_id="197" sentence="8" number="15">or</token>
<token t_id="198" sentence="8" number="16">carelessness</token>
<token t_id="199" sentence="8" number="17">on</token>
<token t_id="200" sentence="8" number="18">the</token>
<token t_id="201" sentence="8" number="19">part</token>
<token t_id="202" sentence="8" number="20">of</token>
<token t_id="203" sentence="8" number="21">a</token>
<token t_id="204" sentence="8" number="22">driver</token>
<token t_id="205" sentence="8" number="23">.</token>
<token t_id="206" sentence="9" number="0">A</token>
<token t_id="207" sentence="9" number="1">personal</token>
<token t_id="208" sentence="9" number="2">injury</token>
<token t_id="209" sentence="9" number="3">attorney</token>
<token t_id="210" sentence="9" number="4">might</token>
<token t_id="211" sentence="9" number="5">review</token>
<token t_id="212" sentence="9" number="6">a</token>
<token t_id="213" sentence="9" number="7">hit</token>
<token t_id="214" sentence="9" number="8">-</token>
<token t_id="215" sentence="9" number="9">and</token>
<token t_id="216" sentence="9" number="10">-</token>
<token t_id="217" sentence="9" number="11">run</token>
<token t_id="218" sentence="9" number="12">accident</token>
<token t_id="219" sentence="9" number="13">case</token>
<token t_id="220" sentence="9" number="14">and</token>
<token t_id="221" sentence="9" number="15">suggest</token>
<token t_id="222" sentence="9" number="16">seeking</token>
<token t_id="223" sentence="9" number="17">punitive</token>
<token t_id="224" sentence="9" number="18">damages</token>
<token t_id="225" sentence="9" number="19">.</token>
<token t_id="226" sentence="10" number="0">In</token>
<token t_id="227" sentence="10" number="1">some</token>
<token t_id="228" sentence="10" number="2">instances</token>
<token t_id="229" sentence="10" number="3">,</token>
<token t_id="230" sentence="10" number="4">it</token>
<token t_id="231" sentence="10" number="5">is</token>
<token t_id="232" sentence="10" number="6">possible</token>
<token t_id="233" sentence="10" number="7">to</token>
<token t_id="234" sentence="10" number="8">collect</token>
<token t_id="235" sentence="10" number="9">damages</token>
<token t_id="236" sentence="10" number="10">that</token>
<token t_id="237" sentence="10" number="11">exceed</token>
<token t_id="238" sentence="10" number="12">compensation</token>
<token t_id="239" sentence="10" number="13">for</token>
<token t_id="240" sentence="10" number="14">lost</token>
<token t_id="241" sentence="10" number="15">wages</token>
<token t_id="242" sentence="10" number="16">,</token>
<token t_id="243" sentence="10" number="17">medical</token>
<token t_id="244" sentence="10" number="18">expenses</token>
<token t_id="245" sentence="10" number="19">and</token>
<token t_id="246" sentence="10" number="20">funeral</token>
<token t_id="247" sentence="10" number="21">costs</token>
<token t_id="248" sentence="10" number="22">.</token>
<token t_id="249" sentence="11" number="0">The</token>
<token t_id="250" sentence="11" number="1">intention</token>
<token t_id="251" sentence="11" number="2">is</token>
<token t_id="252" sentence="11" number="3">to</token>
<token t_id="253" sentence="11" number="4">punish</token>
<token t_id="254" sentence="11" number="5">reckless</token>
<token t_id="255" sentence="11" number="6">and</token>
<token t_id="256" sentence="11" number="7">negligent</token>
<token t_id="257" sentence="11" number="8">drivers</token>
<token t_id="258" sentence="11" number="9">and</token>
<token t_id="259" sentence="11" number="10">also</token>
<token t_id="260" sentence="11" number="11">to</token>
<token t_id="261" sentence="11" number="12">send</token>
<token t_id="262" sentence="11" number="13">a</token>
<token t_id="263" sentence="11" number="14">message</token>
<token t_id="264" sentence="11" number="15">to</token>
<token t_id="265" sentence="11" number="16">other</token>
<token t_id="266" sentence="11" number="17">drivers</token>
<token t_id="267" sentence="11" number="18">.</token>
<token t_id="268" sentence="12" number="0">If</token>
<token t_id="269" sentence="12" number="1">the</token>
<token t_id="270" sentence="12" number="2">family</token>
<token t_id="271" sentence="12" number="3">wishes</token>
<token t_id="272" sentence="12" number="4">to</token>
<token t_id="273" sentence="12" number="5">seek</token>
<token t_id="274" sentence="12" number="6">only</token>
<token t_id="275" sentence="12" number="7">compensation</token>
<token t_id="276" sentence="12" number="8">for</token>
<token t_id="277" sentence="12" number="9">accident</token>
<token t_id="278" sentence="12" number="10">-</token>
<token t_id="279" sentence="12" number="11">related</token>
<token t_id="280" sentence="12" number="12">expenses</token>
<token t_id="281" sentence="12" number="13">,</token>
<token t_id="282" sentence="12" number="14">the</token>
<token t_id="283" sentence="12" number="15">attorney</token>
<token t_id="284" sentence="12" number="16">may</token>
<token t_id="285" sentence="12" number="17">negotiate</token>
<token t_id="286" sentence="12" number="18">for</token>
<token t_id="287" sentence="12" number="19">a</token>
<token t_id="288" sentence="12" number="20">settlement</token>
<token t_id="289" sentence="12" number="21">outside</token>
<token t_id="290" sentence="12" number="22">of</token>
<token t_id="291" sentence="12" number="23">court</token>
<token t_id="292" sentence="12" number="24">.</token>
<token t_id="293" sentence="13" number="0">On</token>
<token t_id="294" sentence="13" number="1">the</token>
<token t_id="295" sentence="13" number="2">other</token>
<token t_id="296" sentence="13" number="3">hand</token>
<token t_id="297" sentence="13" number="4">,</token>
<token t_id="298" sentence="13" number="5">if</token>
<token t_id="299" sentence="13" number="6">the</token>
<token t_id="300" sentence="13" number="7">family</token>
<token t_id="301" sentence="13" number="8">decides</token>
<token t_id="302" sentence="13" number="9">to</token>
<token t_id="303" sentence="13" number="10">seek</token>
<token t_id="304" sentence="13" number="11">punitive</token>
<token t_id="305" sentence="13" number="12">damages</token>
<token t_id="306" sentence="13" number="13">,</token>
<token t_id="307" sentence="13" number="14">the</token>
<token t_id="308" sentence="13" number="15">attorney</token>
<token t_id="309" sentence="13" number="16">might</token>
<token t_id="310" sentence="13" number="17">request</token>
<token t_id="311" sentence="13" number="18">a</token>
<token t_id="312" sentence="13" number="19">jury</token>
<token t_id="313" sentence="13" number="20">trial</token>
<token t_id="314" sentence="13" number="21">in</token>
<token t_id="315" sentence="13" number="22">civil</token>
<token t_id="316" sentence="13" number="23">court</token>
<token t_id="317" sentence="13" number="24">.</token>
<token t_id="318" sentence="14" number="0">If</token>
<token t_id="319" sentence="14" number="1">the</token>
<token t_id="320" sentence="14" number="2">at</token>
<token t_id="321" sentence="14" number="3">-</token>
<token t_id="322" sentence="14" number="4">fault</token>
<token t_id="323" sentence="14" number="5">driver</token>
<token t_id="324" sentence="14" number="6">was</token>
<token t_id="325" sentence="14" number="7">charged</token>
<token t_id="326" sentence="14" number="8">or</token>
<token t_id="327" sentence="14" number="9">convicted</token>
<token t_id="328" sentence="14" number="10">in</token>
<token t_id="329" sentence="14" number="11">criminal</token>
<token t_id="330" sentence="14" number="12">court</token>
<token t_id="331" sentence="14" number="13">,</token>
<token t_id="332" sentence="14" number="14">it</token>
<token t_id="333" sentence="14" number="15">may</token>
<token t_id="334" sentence="14" number="16">help</token>
<token t_id="335" sentence="14" number="17">support</token>
<token t_id="336" sentence="14" number="18">the</token>
<token t_id="337" sentence="14" number="19">claim</token>
<token t_id="338" sentence="14" number="20">of</token>
<token t_id="339" sentence="14" number="21">recklessness</token>
<token t_id="340" sentence="14" number="22">.</token>
<token t_id="341" sentence="15" number="0">The</token>
<token t_id="342" sentence="15" number="1">attorney</token>
<token t_id="343" sentence="15" number="2">may</token>
<token t_id="344" sentence="15" number="3">use</token>
<token t_id="345" sentence="15" number="4">police</token>
<token t_id="346" sentence="15" number="5">reports</token>
<token t_id="347" sentence="15" number="6">,</token>
<token t_id="348" sentence="15" number="7">photos</token>
<token t_id="349" sentence="15" number="8">and</token>
<token t_id="350" sentence="15" number="9">evidence</token>
<token t_id="351" sentence="15" number="10">to</token>
<token t_id="352" sentence="15" number="11">build</token>
<token t_id="353" sentence="15" number="12">a</token>
<token t_id="354" sentence="15" number="13">convincing</token>
<token t_id="355" sentence="15" number="14">argument</token>
<token t_id="356" sentence="15" number="15">on</token>
<token t_id="357" sentence="15" number="16">behalf</token>
<token t_id="358" sentence="15" number="17">of</token>
<token t_id="359" sentence="15" number="18">the</token>
<token t_id="360" sentence="15" number="19">family</token>
<token t_id="361" sentence="15" number="20">.</token>
<token t_id="362" sentence="16" number="0">If</token>
<token t_id="363" sentence="16" number="1">the</token>
<token t_id="364" sentence="16" number="2">judge</token>
<token t_id="365" sentence="16" number="3">and</token>
<token t_id="366" sentence="16" number="4">jury</token>
<token t_id="367" sentence="16" number="5">are</token>
<token t_id="368" sentence="16" number="6">persuaded</token>
<token t_id="369" sentence="16" number="7">by</token>
<token t_id="370" sentence="16" number="8">the</token>
<token t_id="371" sentence="16" number="9">argument</token>
<token t_id="372" sentence="16" number="10">and</token>
<token t_id="373" sentence="16" number="11">evidence</token>
<token t_id="374" sentence="16" number="12">presented</token>
<token t_id="375" sentence="16" number="13">,</token>
<token t_id="376" sentence="16" number="14">they</token>
<token t_id="377" sentence="16" number="15">may</token>
<token t_id="378" sentence="16" number="16">find</token>
<token t_id="379" sentence="16" number="17">in</token>
<token t_id="380" sentence="16" number="18">favor</token>
<token t_id="381" sentence="16" number="19">of</token>
<token t_id="382" sentence="16" number="20">the</token>
<token t_id="383" sentence="16" number="21">plaintiffs</token>
<token t_id="384" sentence="16" number="22">and</token>
<token t_id="385" sentence="16" number="23">award</token>
<token t_id="386" sentence="16" number="24">punitive</token>
<token t_id="387" sentence="16" number="25">damages</token>
<token t_id="388" sentence="16" number="26">.</token>
<Markables>
<ACTION_GENERIC m_id="23"  >
  <token_anchor t_id="165"/>
</ACTION_GENERIC>
<ACTION_GENERIC m_id="24"  >
  <token_anchor t_id="163"/>
</ACTION_GENERIC>
<ACTION_GENERIC m_id="25"  >
  <token_anchor t_id="171"/>
</ACTION_GENERIC>
<ACTION_GENERIC m_id="26"  >
  <token_anchor t_id="173"/>
</ACTION_GENERIC>
<ACTION_GENERIC m_id="27"  >
  <token_anchor t_id="177"/>
</ACTION_GENERIC>
<ACTION_GENERIC m_id="28"  >
  <token_anchor t_id="180"/>
</ACTION_GENERIC>
<ACTION_OCCURRENCE m_id="9"  >
  <token_anchor t_id="153"/>
</ACTION_OCCURRENCE>
<ACTION_OCCURRENCE m_id="10"  >
  <token_anchor t_id="161"/>
</ACTION_OCCURRENCE>
<ACTION_OCCURRENCE m_id="5"  >
  <token_anchor t_id="39"/>
</ACTION_OCCURRENCE>
<ACTION_OCCURRENCE m_id="6"  >
  <token_anchor t_id="46"/>
</ACTION_OCCURRENCE>
<ACTION_OCCURRENCE m_id="7"  >
  <token_anchor t_id="76"/>
</ACTION_OCCURRENCE>
<ACTION_OCCURRENCE m_id="8"  >
  <token_anchor t_id="147"/>
</ACTION_OCCURRENCE>
<HUMAN_PART_PER m_id="11"  >
  <token_anchor t_id="71"/>
</HUMAN_PART_PER>
<HUMAN_PART_PER m_id="12"  >
  <token_anchor t_id="84"/>
</HUMAN_PART_PER>
<HUMAN_PART_PER m_id="13"  >
  <token_anchor t_id="156"/>
</HUMAN_PART_PER>
<HUMAN_PART_PER m_id="1"  >
  <token_anchor t_id="38"/>
</HUMAN_PART_PER>
<HUMAN_PART_PER m_id="2"  >
  <token_anchor t_id="74"/>
</HUMAN_PART_PER>
<HUMAN_PART_PER m_id="3"  >
  <token_anchor t_id="146"/>
</HUMAN_PART_PER>
<HUMAN_PART_PER m_id="4"  >
  <token_anchor t_id="159"/>
</HUMAN_PART_PER>
<LOC_GEO m_id="14"  >
  <token_anchor t_id="85"/>
  <token_anchor t_id="86"/>
</LOC_GEO>
<LOC_GEO m_id="16"  >
  <token_anchor t_id="166"/>
  <token_anchor t_id="167"/>
  <token_anchor t_id="168"/>
  <token_anchor t_id="169"/>
  <token_anchor t_id="170"/>
</LOC_GEO>
<TIME_DATE m_id="18"  >
  <token_anchor t_id="61"/>
  <token_anchor t_id="62"/>
  <token_anchor t_id="63"/>
  <token_anchor t_id="64"/>
  <token_anchor t_id="65"/>
  <token_anchor t_id="66"/>
  <token_anchor t_id="67"/>
</TIME_DATE>
<ACTION_OCCURRENCE m_id="29" note="byCROMER" >
  <token_anchor t_id="149"/>
</ACTION_OCCURRENCE>
<TIME_DATE m_id="30" note="byCROMER" >
  <token_anchor t_id="87"/>
  <token_anchor t_id="88"/>
  <token_anchor t_id="89"/>
  <token_anchor t_id="90"/>
  <token_anchor t_id="91"/>
  <token_anchor t_id="92"/>
  <token_anchor t_id="93"/>
</TIME_DATE>
<LOC_GEO m_id="31" note="byCROMER" >
  <token_anchor t_id="150"/>
</LOC_GEO>


<TIME_DATE m_id="39" RELATED_TO="" TAG_DESCRIPTOR="t21_friday" instance_id="TIM18048634739556877" />
<ACTION_GENERIC m_id="38" RELATED_TO="" TAG_DESCRIPTOR="t21_death" instance_id="ACT18006711790458027" />
<ACTION_GENERIC m_id="37" RELATED_TO="" TAG_DESCRIPTOR="t21_homicide" instance_id="ACT18006519726581894" />
<ACTION_OCCURRENCE m_id="36" RELATED_TO="" TAG_DESCRIPTOR="t21_killed" instance_id="ACT18006431002286049" />
<LOC_GEO m_id="35" RELATED_TO="" TAG_DESCRIPTOR="t21_queens" instance_id="LOC18048554549072991" />
<ACTION_OCCURRENCE m_id="34" RELATED_TO="" TAG_DESCRIPTOR="t21_arrested" instance_id="ACT18006406730977660" />
<HUMAN_PART_PER m_id="33" RELATED_TO="" TAG_DESCRIPTOR="t21_subryan" instance_id="HUM18048451299991743" />
<ACTION_GENERIC m_id="32" RELATED_TO="" TAG_DESCRIPTOR="t21_dwi" instance_id="ACT18006667347625610" />
<LOC_GEO m_id="47" RELATED_TO="" TAG_DESCRIPTOR="t21_crash_scene" instance_id="LOC18048603777329683" />
<ACTION_GENERIC m_id="46" RELATED_TO="" TAG_DESCRIPTOR="t21_resulting" instance_id="ACT18008407407675237" />
<HUMAN_PART_PER m_id="45" RELATED_TO="" TAG_DESCRIPTOR="t21_chohan" instance_id="HUM18048481960258753" />
<ACTION_GENERIC m_id="44" RELATED_TO="" TAG_DESCRIPTOR="t21_manslaughter" instance_id="ACT18007093335618632" />
<ACTION_OCCURRENCE m_id="43" RELATED_TO="" TAG_DESCRIPTOR="t21_crash" instance_id="ACT18006382662795369" />
<ACTION_OCCURRENCE m_id="42" RELATED_TO="" TAG_DESCRIPTOR="t21_charged" instance_id="ACT18006370986223288" />
<ACTION_GENERIC m_id="41" RELATED_TO="" TAG_DESCRIPTOR="t21_leaving" instance_id="ACT18006833576304985" />
<ACTION_OCCURRENCE m_id="40" RELATED_TO="" TAG_DESCRIPTOR="t21_fled" instance_id="ACT18006419091410479" />
</Markables>

<Relations>
<CROSS_DOC_COREF r_id="40548" note="ACT18006667347625610" >
  <source m_id="24" />
  <target m_id="32" />
</CROSS_DOC_COREF>
<CROSS_DOC_COREF r_id="40549" note="HUM18048451299991743" >
  <source m_id="3" />
  <source m_id="4" />
  <source m_id="12" />
  <target m_id="33" />
</CROSS_DOC_COREF>
<CROSS_DOC_COREF r_id="40550" note="ACT18006406730977660" >
  <source m_id="9" />
  <target m_id="34" />
</CROSS_DOC_COREF>
<CROSS_DOC_COREF r_id="40551" note="LOC18048554549072991" >
  <source m_id="14" />
  <target m_id="35" />
</CROSS_DOC_COREF>
<CROSS_DOC_COREF r_id="40552" note="ACT18006431002286049" >
  <source m_id="5" />
  <source m_id="7" />
  <target m_id="36" />
</CROSS_DOC_COREF>
<CROSS_DOC_COREF r_id="40553" note="ACT18006519726581894" >
  <source m_id="27" />
  <target m_id="37" />
</CROSS_DOC_COREF>
<CROSS_DOC_COREF r_id="40554" note="ACT18006711790458027" >
  <source m_id="26" />
  <target m_id="38" />
</CROSS_DOC_COREF>
<CROSS_DOC_COREF r_id="40555" note="TIM18048634739556877" >
  <source m_id="30" />
  <target m_id="39" />
</CROSS_DOC_COREF>
<CROSS_DOC_COREF r_id="40556" note="ACT18006419091410479" >
  <source m_id="8" />
  <target m_id="40" />
</CROSS_DOC_COREF>
<CROSS_DOC_COREF r_id="40557" note="ACT18006833576304985" >
  <source m_id="23" />
  <target m_id="41" />
</CROSS_DOC_COREF>
<CROSS_DOC_COREF r_id="40558" note="ACT18006370986223288" >
  <source m_id="10" />
  <target m_id="42" />
</CROSS_DOC_COREF>
<CROSS_DOC_COREF r_id="40559" note="ACT18006382662795369" >
  <source m_id="29" />
  <source m_id="6" />
  <target m_id="43" />
</CROSS_DOC_COREF>
<CROSS_DOC_COREF r_id="40560" note="ACT18007093335618632" >
  <source m_id="28" />
  <target m_id="44" />
</CROSS_DOC_COREF>
<CROSS_DOC_COREF r_id="40561" note="HUM18048481960258753" >
  <source m_id="1" />
  <source m_id="2" />
  <target m_id="45" />
</CROSS_DOC_COREF>
<CROSS_DOC_COREF r_id="40562" note="ACT18008407407675237" >
  <source m_id="25" />
  <target m_id="46" />
</CROSS_DOC_COREF>
<CROSS_DOC_COREF r_id="40563" note="LOC18048603777329683" >
  <source m_id="16" />
  <source m_id="31" />
  <target m_id="47" />
</CROSS_DOC_COREF>

</Relations>
</Document>
