<Document doc_name="21_10ecb.xml" doc_id="DOC15654565055405667">
<token t_id="1" sentence="0" number="0">Man</token>
<token t_id="2" sentence="0" number="1">with</token>
<token t_id="3" sentence="0" number="2">murder</token>
<token t_id="4" sentence="0" number="3">in</token>
<token t_id="5" sentence="0" number="4">death</token>
<token t_id="6" sentence="0" number="5">at</token>
<token t_id="7" sentence="0" number="6">Bloomington</token>
<token t_id="8" sentence="0" number="7">store</token>
<token t_id="9" sentence="1" number="0">A</token>
<token t_id="10" sentence="1" number="1">Bloomington</token>
<token t_id="11" sentence="1" number="2">man</token>
<token t_id="12" sentence="1" number="3">has</token>
<token t_id="13" sentence="1" number="4">been</token>
<token t_id="14" sentence="1" number="5">charged</token>
<token t_id="15" sentence="1" number="6">with</token>
<token t_id="16" sentence="1" number="7">third-degree</token>
<token t_id="17" sentence="1" number="8">murder</token>
<token t_id="18" sentence="1" number="9">in</token>
<token t_id="19" sentence="1" number="10">a</token>
<token t_id="20" sentence="1" number="11">hit</token>
<token t_id="21" sentence="1" number="12">and</token>
<token t_id="22" sentence="1" number="13">run</token>
<token t_id="23" sentence="1" number="14">that</token>
<token t_id="24" sentence="1" number="15">killed</token>
<token t_id="25" sentence="1" number="16">a</token>
<token t_id="26" sentence="1" number="17">woman</token>
<token t_id="27" sentence="1" number="18">at</token>
<token t_id="28" sentence="1" number="19">the</token>
<token t_id="29" sentence="1" number="20">Bloomington</token>
<token t_id="30" sentence="1" number="21">Sam</token>
<token t_id="31" sentence="1" number="22">'s</token>
<token t_id="32" sentence="1" number="23">Club</token>
<token t_id="33" sentence="1" number="24">store</token>
<token t_id="34" sentence="1" number="25">.</token>
<token t_id="35" sentence="2" number="0">Anthony</token>
<token t_id="36" sentence="2" number="1">Phillip</token>
<token t_id="37" sentence="2" number="2">LaSalle</token>
<token t_id="38" sentence="2" number="3">was</token>
<token t_id="39" sentence="2" number="4">also</token>
<token t_id="40" sentence="2" number="5">charged</token>
<token t_id="41" sentence="2" number="6">Friday</token>
<token t_id="42" sentence="2" number="7">with</token>
<token t_id="43" sentence="2" number="8">three</token>
<token t_id="44" sentence="2" number="9">counts</token>
<token t_id="45" sentence="2" number="10">of</token>
<token t_id="46" sentence="2" number="11">criminal</token>
<token t_id="47" sentence="2" number="12">vehicular</token>
<token t_id="48" sentence="2" number="13">homicide</token>
<token t_id="49" sentence="2" number="14">.</token>
<token t_id="50" sentence="3" number="0">LaSalle</token>
<token t_id="51" sentence="3" number="1">is</token>
<token t_id="52" sentence="3" number="2">expected</token>
<token t_id="53" sentence="3" number="3">to</token>
<token t_id="54" sentence="3" number="4">appear</token>
<token t_id="55" sentence="3" number="5">in</token>
<token t_id="56" sentence="3" number="6">court</token>
<token t_id="57" sentence="3" number="7">next</token>
<token t_id="58" sentence="3" number="8">Monday</token>
<token t_id="59" sentence="3" number="9">.</token>
<token t_id="60" sentence="4" number="0">Police</token>
<token t_id="61" sentence="4" number="1">say</token>
<token t_id="62" sentence="4" number="2">66-year-old</token>
<token t_id="63" sentence="4" number="3">LuAnn</token>
<token t_id="64" sentence="4" number="4">Marie</token>
<token t_id="65" sentence="4" number="5">Johnson</token>
<token t_id="66" sentence="4" number="6">,</token>
<token t_id="67" sentence="4" number="7">of</token>
<token t_id="68" sentence="4" number="8">Burnsville</token>
<token t_id="69" sentence="4" number="9">,</token>
<token t_id="70" sentence="4" number="10">was</token>
<token t_id="71" sentence="4" number="11">killed</token>
<token t_id="72" sentence="4" number="12">Wednesday</token>
<token t_id="73" sentence="4" number="13">night</token>
<token t_id="74" sentence="4" number="14">when</token>
<token t_id="75" sentence="4" number="15">she</token>
<token t_id="76" sentence="4" number="16">was</token>
<token t_id="77" sentence="4" number="17">struck</token>
<token t_id="78" sentence="4" number="18">twice</token>
<token t_id="79" sentence="4" number="19">by</token>
<token t_id="80" sentence="4" number="20">LaSalle</token>
<token t_id="81" sentence="4" number="21">'s</token>
<token t_id="82" sentence="4" number="22">car</token>
<token t_id="83" sentence="4" number="23">outside</token>
<token t_id="84" sentence="4" number="24">the</token>
<token t_id="85" sentence="4" number="25">store</token>
<token t_id="86" sentence="4" number="26">.</token>
<token t_id="87" sentence="5" number="0">Authorities</token>
<token t_id="88" sentence="5" number="1">say</token>
<token t_id="89" sentence="5" number="2">the</token>
<token t_id="90" sentence="5" number="3">36-year-old</token>
<token t_id="91" sentence="5" number="4">LaSalle</token>
<token t_id="92" sentence="5" number="5">had</token>
<token t_id="93" sentence="5" number="6">a</token>
<token t_id="94" sentence="5" number="7">blood</token>
<token t_id="95" sentence="5" number="8">alcohol</token>
<token t_id="96" sentence="5" number="9">level</token>
<token t_id="97" sentence="5" number="10">of</token>
<token t_id="98" sentence="5" number="11">0.41</token>
<token t_id="99" sentence="5" number="12">%</token>
<token t_id="100" sentence="5" number="13">.</token>
<token t_id="101" sentence="6" number="0">That</token>
<token t_id="102" sentence="6" number="1">'s</token>
<token t_id="103" sentence="6" number="2">more</token>
<token t_id="104" sentence="6" number="3">than</token>
<token t_id="105" sentence="6" number="4">five</token>
<token t_id="106" sentence="6" number="5">times</token>
<token t_id="107" sentence="6" number="6">the</token>
<token t_id="108" sentence="6" number="7">legal</token>
<token t_id="109" sentence="6" number="8">limit</token>
<token t_id="110" sentence="6" number="9">.</token>
<token t_id="111" sentence="7" number="0">Police</token>
<token t_id="112" sentence="7" number="1">say</token>
<token t_id="113" sentence="7" number="2">they</token>
<token t_id="114" sentence="7" number="3">had</token>
<token t_id="115" sentence="7" number="4">to</token>
<token t_id="116" sentence="7" number="5">Taser</token>
<token t_id="117" sentence="7" number="6">him</token>
<token t_id="118" sentence="7" number="7">to</token>
<token t_id="119" sentence="7" number="8">get</token>
<token t_id="120" sentence="7" number="9">him</token>
<token t_id="121" sentence="7" number="10">out</token>
<token t_id="122" sentence="7" number="11">of</token>
<token t_id="123" sentence="7" number="12">his</token>
<token t_id="124" sentence="7" number="13">car</token>
<token t_id="125" sentence="7" number="14">,</token>
<token t_id="126" sentence="7" number="15">and</token>
<token t_id="127" sentence="7" number="16">that</token>
<token t_id="128" sentence="7" number="17">he</token>
<token t_id="129" sentence="7" number="18">told</token>
<token t_id="130" sentence="7" number="19">them</token>
<token t_id="131" sentence="7" number="20">he</token>
<token t_id="132" sentence="7" number="21">fled</token>
<token t_id="133" sentence="7" number="22">because</token>
<token t_id="134" sentence="7" number="23">he</token>
<token t_id="135" sentence="7" number="24">had</token>
<token t_id="136" sentence="7" number="25">drank</token>
<token t_id="137" sentence="7" number="26">a</token>
<token t_id="138" sentence="7" number="27">half-liter</token>
<token t_id="139" sentence="7" number="28">of</token>
<token t_id="140" sentence="7" number="29">vodka</token>
<token t_id="141" sentence="7" number="30">before</token>
<token t_id="142" sentence="7" number="31">driving</token>
<token t_id="143" sentence="7" number="32">to</token>
<token t_id="144" sentence="7" number="33">the</token>
<token t_id="145" sentence="7" number="34">store</token>
<token t_id="146" sentence="7" number="35">.</token>
<Markables>
<ACTION_OCCURRENCE m_id="10"  >
  <token_anchor t_id="14"/>
</ACTION_OCCURRENCE>
<ACTION_OCCURRENCE m_id="11"  >
  <token_anchor t_id="20"/>
</ACTION_OCCURRENCE>
<ACTION_OCCURRENCE m_id="12"  >
  <token_anchor t_id="24"/>
</ACTION_OCCURRENCE>
<ACTION_OCCURRENCE m_id="13"  >
  <token_anchor t_id="17"/>
</ACTION_OCCURRENCE>
<HUMAN_PART_PER m_id="9"  >
  <token_anchor t_id="11"/>
</HUMAN_PART_PER>
<HUMAN_PART_PER m_id="15"  >
  <token_anchor t_id="26"/>
</HUMAN_PART_PER>
<LOC_FAC m_id="16"  >
  <token_anchor t_id="27"/>
  <token_anchor t_id="28"/>
  <token_anchor t_id="29"/>
  <token_anchor t_id="30"/>
  <token_anchor t_id="31"/>
  <token_anchor t_id="32"/>
  <token_anchor t_id="33"/>
</LOC_FAC>




<HUMAN_PART_PER m_id="23" RELATED_TO="" TAG_DESCRIPTOR="t21b_woman" instance_id="HUM18234667064501121" />
<ACTION_OCCURRENCE m_id="22" RELATED_TO="" TAG_DESCRIPTOR="t21b_killed" instance_id="ACT18234615357625221" />
<LOC_FAC m_id="21" RELATED_TO="" TAG_DESCRIPTOR="t21b_outside_store" instance_id="LOC18234736198347328" />
<ACTION_OCCURRENCE m_id="19" RELATED_TO="" TAG_DESCRIPTOR="t21b_struck" instance_id="ACT18234626597278210" />
<HUMAN_PART_PER m_id="20" RELATED_TO="" TAG_DESCRIPTOR="t21b_motorist" instance_id="HUM18234651370409589" />
<ACTION_OCCURRENCE m_id="18" RELATED_TO="" TAG_DESCRIPTOR="t21b_first_degree_murder_charge" instance_id="ACT27329909134033054" />
<ACTION_OCCURRENCE m_id="17" RELATED_TO="" TAG_DESCRIPTOR="t21b_charged" instance_id="ACT18234752933917524" />
</Markables>

<Relations>
<CROSS_DOC_COREF r_id="33170" note="ACT18234752933917524" >
  <source m_id="10" />
  <target m_id="17" />
</CROSS_DOC_COREF>
<CROSS_DOC_COREF r_id="33171" note="ACT27329909134033054" >
  <source m_id="13" />
  <target m_id="18" />
</CROSS_DOC_COREF>
<CROSS_DOC_COREF r_id="33172" note="ACT18234626597278210" >
  <source m_id="11" />
  <target m_id="19" />
</CROSS_DOC_COREF>
<CROSS_DOC_COREF r_id="33173" note="HUM18234651370409589" >
  <source m_id="9" />
  <target m_id="20" />
</CROSS_DOC_COREF>
<CROSS_DOC_COREF r_id="33174" note="LOC18234736198347328" >
  <source m_id="16" />
  <target m_id="21" />
</CROSS_DOC_COREF>
<CROSS_DOC_COREF r_id="33175" note="ACT18234615357625221" >
  <source m_id="12" />
  <target m_id="22" />
</CROSS_DOC_COREF>
<CROSS_DOC_COREF r_id="33176" note="HUM18234667064501121" >
  <source m_id="15" />
  <target m_id="23" />
</CROSS_DOC_COREF>

</Relations>
</Document>
