<Document doc_name="21_12ecb.xml" doc_id="DOC15654564591856770">
<token t_id="1" sentence="0" number="0">Woman</token>
<token t_id="2" sentence="0" number="1">struck</token>
<token t_id="3" sentence="0" number="2">,</token>
<token t_id="4" sentence="0" number="3">killed</token>
<token t_id="5" sentence="0" number="4">in</token>
<token t_id="6" sentence="0" number="5">Bloomington</token>
<token t_id="7" sentence="1" number="0">Authorities</token>
<token t_id="8" sentence="1" number="1">have</token>
<token t_id="9" sentence="1" number="2">released</token>
<token t_id="10" sentence="1" number="3">the</token>
<token t_id="11" sentence="1" number="4">name</token>
<token t_id="12" sentence="1" number="5">of</token>
<token t_id="13" sentence="1" number="6">a</token>
<token t_id="14" sentence="1" number="7">66-year-old</token>
<token t_id="15" sentence="1" number="8">woman</token>
<token t_id="16" sentence="1" number="9">who</token>
<token t_id="17" sentence="1" number="10">was</token>
<token t_id="18" sentence="1" number="11">walking</token>
<token t_id="19" sentence="1" number="12">outside</token>
<token t_id="20" sentence="1" number="13">the</token>
<token t_id="21" sentence="1" number="14">Sam</token>
<token t_id="22" sentence="1" number="15">'s</token>
<token t_id="23" sentence="1" number="16">Club</token>
<token t_id="24" sentence="1" number="17">in</token>
<token t_id="25" sentence="1" number="18">Bloomington</token>
<token t_id="26" sentence="1" number="19">when</token>
<token t_id="27" sentence="1" number="20">she</token>
<token t_id="28" sentence="1" number="21">was</token>
<token t_id="29" sentence="1" number="22">struck</token>
<token t_id="30" sentence="1" number="23">and</token>
<token t_id="31" sentence="1" number="24">killed</token>
<token t_id="32" sentence="1" number="25">by</token>
<token t_id="33" sentence="1" number="26">a</token>
<token t_id="34" sentence="1" number="27">motorist</token>
<token t_id="35" sentence="1" number="28">.</token>
<token t_id="36" sentence="2" number="0">Police</token>
<token t_id="37" sentence="2" number="1">identified</token>
<token t_id="38" sentence="2" number="2">the</token>
<token t_id="39" sentence="2" number="3">victim</token>
<token t_id="40" sentence="2" number="4">on</token>
<token t_id="41" sentence="2" number="5">Thursday</token>
<token t_id="42" sentence="2" number="6">as</token>
<token t_id="43" sentence="2" number="7">LuAnn</token>
<token t_id="44" sentence="2" number="8">Marie</token>
<token t_id="45" sentence="2" number="9">Johnson</token>
<token t_id="46" sentence="2" number="10">of</token>
<token t_id="47" sentence="2" number="11">Burnsville</token>
<token t_id="48" sentence="2" number="12">.</token>
<token t_id="49" sentence="3" number="0">Johnson</token>
<token t_id="50" sentence="3" number="1">was</token>
<token t_id="51" sentence="3" number="2">walking</token>
<token t_id="52" sentence="3" number="3">in</token>
<token t_id="53" sentence="3" number="4">a</token>
<token t_id="54" sentence="3" number="5">crosswalk</token>
<token t_id="55" sentence="3" number="6">outside</token>
<token t_id="56" sentence="3" number="7">the</token>
<token t_id="57" sentence="3" number="8">store</token>
<token t_id="58" sentence="3" number="9">when</token>
<token t_id="59" sentence="3" number="10">she</token>
<token t_id="60" sentence="3" number="11">was</token>
<token t_id="61" sentence="3" number="12">struck</token>
<token t_id="62" sentence="3" number="13">around</token>
<token t_id="63" sentence="3" number="14">7</token>
<token t_id="64" sentence="3" number="15">p.m.</token>
<token t_id="65" sentence="3" number="16">Wednesday</token>
<token t_id="66" sentence="3" number="17">.</token>
<token t_id="67" sentence="4" number="0">Police</token>
<token t_id="68" sentence="4" number="1">say</token>
<token t_id="69" sentence="4" number="2">a</token>
<token t_id="70" sentence="4" number="3">man</token>
<token t_id="71" sentence="4" number="4">outside</token>
<token t_id="72" sentence="4" number="5">the</token>
<token t_id="73" sentence="4" number="6">Sam</token>
<token t_id="74" sentence="4" number="7">'s</token>
<token t_id="75" sentence="4" number="8">Club</token>
<token t_id="76" sentence="4" number="9">told</token>
<token t_id="77" sentence="4" number="10">the</token>
<token t_id="78" sentence="4" number="11">36-year-old</token>
<token t_id="79" sentence="4" number="12">driver</token>
<token t_id="80" sentence="4" number="13">to</token>
<token t_id="81" sentence="4" number="14">stop</token>
<token t_id="82" sentence="4" number="15">but</token>
<token t_id="83" sentence="4" number="16">he</token>
<token t_id="84" sentence="4" number="17">kept</token>
<token t_id="85" sentence="4" number="18">going</token>
<token t_id="86" sentence="4" number="19">.</token>
<token t_id="87" sentence="5" number="0">Police</token>
<token t_id="88" sentence="5" number="1">pulled</token>
<token t_id="89" sentence="5" number="2">him</token>
<token t_id="90" sentence="5" number="3">over</token>
<token t_id="91" sentence="5" number="4">a</token>
<token t_id="92" sentence="5" number="5">few</token>
<token t_id="93" sentence="5" number="6">blocks</token>
<token t_id="94" sentence="5" number="7">away</token>
<token t_id="95" sentence="5" number="8">and</token>
<token t_id="96" sentence="5" number="9">say</token>
<token t_id="97" sentence="5" number="10">they</token>
<token t_id="98" sentence="5" number="11">had</token>
<token t_id="99" sentence="5" number="12">to</token>
<token t_id="100" sentence="5" number="13">Taser</token>
<token t_id="101" sentence="5" number="14">him</token>
<token t_id="102" sentence="5" number="15">to</token>
<token t_id="103" sentence="5" number="16">get</token>
<token t_id="104" sentence="5" number="17">him</token>
<token t_id="105" sentence="5" number="18">out</token>
<token t_id="106" sentence="5" number="19">of</token>
<token t_id="107" sentence="5" number="20">the</token>
<token t_id="108" sentence="5" number="21">car</token>
<token t_id="109" sentence="5" number="22">.</token>
<token t_id="110" sentence="6" number="0">The</token>
<token t_id="111" sentence="6" number="1">woman</token>
<token t_id="112" sentence="6" number="2">was</token>
<token t_id="113" sentence="6" number="3">pronounced</token>
<token t_id="114" sentence="6" number="4">dead</token>
<token t_id="115" sentence="6" number="5">at</token>
<token t_id="116" sentence="6" number="6">HCMC</token>
<token t_id="117" sentence="6" number="7">.</token>
<Markables>
<ACTION_OCCURRENCE m_id="17"  >
  <token_anchor t_id="18"/>
</ACTION_OCCURRENCE>
<ACTION_OCCURRENCE m_id="18"  >
  <token_anchor t_id="29"/>
</ACTION_OCCURRENCE>
<ACTION_OCCURRENCE m_id="19"  >
  <token_anchor t_id="31"/>
</ACTION_OCCURRENCE>
<HUMAN_PART_PER m_id="21"  >
  <token_anchor t_id="27"/>
</HUMAN_PART_PER>
<HUMAN_PART_PER m_id="22"  >
  <token_anchor t_id="34"/>
</HUMAN_PART_PER>
<HUMAN_PART_PER m_id="13"  >
  <token_anchor t_id="7"/>
</HUMAN_PART_PER>
<HUMAN_PART_PER m_id="14"  >
  <token_anchor t_id="15"/>
</HUMAN_PART_PER>
<LOC_FAC m_id="20"  >
  <token_anchor t_id="19"/>
  <token_anchor t_id="20"/>
  <token_anchor t_id="21"/>
  <token_anchor t_id="22"/>
  <token_anchor t_id="23"/>
  <token_anchor t_id="24"/>
  <token_anchor t_id="25"/>
</LOC_FAC>
<NON_HUMAN_PART m_id="15"  >
  <token_anchor t_id="11"/>
</NON_HUMAN_PART>


<ACTION_REPORTING m_id="23" note="byCROMER" >
  <token_anchor t_id="9"/>
</ACTION_REPORTING>
<HUMAN_PART_PER m_id="24" note="byCROMER" >
  <token_anchor t_id="16"/>
</HUMAN_PART_PER>


<HUMAN_PART_PER m_id="32" RELATED_TO="" TAG_DESCRIPTOR="t21b_woman" instance_id="HUM18234667064501121" />
<ACTION_OCCURRENCE m_id="31" RELATED_TO="" TAG_DESCRIPTOR="t21b_killed" instance_id="ACT18234615357625221" />
<ACTION_REPORTING m_id="30" RELATED_TO="" TAG_DESCRIPTOR="t21b_released_name" instance_id="ACT27330899647398167" />
<ACTION_OCCURRENCE m_id="29" RELATED_TO="" TAG_DESCRIPTOR="t21b_walking" instance_id="ACT18234686617430263" />
<LOC_FAC m_id="28" RELATED_TO="" TAG_DESCRIPTOR="t21b_outside_store" instance_id="LOC18234736198347328" />
<HUMAN_PART_PER m_id="27" RELATED_TO="" TAG_DESCRIPTOR="t21b_police" instance_id="HUM18234782348743377" />
<HUMAN_PART_PER m_id="26" RELATED_TO="" TAG_DESCRIPTOR="t21b_motorist" instance_id="HUM18234651370409589" />
<ACTION_OCCURRENCE m_id="25" RELATED_TO="" TAG_DESCRIPTOR="t21b_struck" instance_id="ACT18234626597278210" />
</Markables>

<Relations>
<CROSS_DOC_COREF r_id="33191" note="ACT18234626597278210" >
  <source m_id="18" />
  <target m_id="25" />
</CROSS_DOC_COREF>
<CROSS_DOC_COREF r_id="33192" note="HUM18234651370409589" >
  <source m_id="22" />
  <target m_id="26" />
</CROSS_DOC_COREF>
<CROSS_DOC_COREF r_id="33193" note="HUM18234782348743377" >
  <source m_id="13" />
  <target m_id="27" />
</CROSS_DOC_COREF>
<CROSS_DOC_COREF r_id="33194" note="LOC18234736198347328" >
  <source m_id="20" />
  <target m_id="28" />
</CROSS_DOC_COREF>
<CROSS_DOC_COREF r_id="33195" note="ACT18234686617430263" >
  <source m_id="17" />
  <target m_id="29" />
</CROSS_DOC_COREF>
<CROSS_DOC_COREF r_id="33196" note="ACT27330899647398167" >
  <source m_id="23" />
  <target m_id="30" />
</CROSS_DOC_COREF>
<CROSS_DOC_COREF r_id="33197" note="ACT18234615357625221" >
  <source m_id="19" />
  <target m_id="31" />
</CROSS_DOC_COREF>
<CROSS_DOC_COREF r_id="33198" note="HUM18234667064501121" >
  <source m_id="14" />
  <source m_id="24" />
  <source m_id="21" />
  <target m_id="32" />
</CROSS_DOC_COREF>

</Relations>
</Document>
