<Document doc_name="21_7ecb.xml" doc_id="DOC15654565442154053">
<token t_id="1" sentence="0" number="0">Police</token>
<token t_id="2" sentence="0" number="1">Release</token>
<token t_id="3" sentence="0" number="2">ID</token>
<token t_id="4" sentence="0" number="3">Of</token>
<token t_id="5" sentence="0" number="4">Woman</token>
<token t_id="6" sentence="0" number="5">Killed</token>
<token t_id="7" sentence="0" number="6">In</token>
<token t_id="8" sentence="0" number="7">Parking</token>
<token t_id="9" sentence="0" number="8">Lot</token>
<token t_id="10" sentence="1" number="0">According</token>
<token t_id="11" sentence="1" number="1">to</token>
<token t_id="12" sentence="1" number="2">police</token>
<token t_id="13" sentence="1" number="3">,</token>
<token t_id="14" sentence="1" number="4">Anthony</token>
<token t_id="15" sentence="1" number="5">LaSalle</token>
<token t_id="16" sentence="1" number="6">,</token>
<token t_id="17" sentence="1" number="7">36</token>
<token t_id="18" sentence="1" number="8">,</token>
<token t_id="19" sentence="1" number="9">of</token>
<token t_id="20" sentence="1" number="10">Minneapolis</token>
<token t_id="21" sentence="1" number="11">,</token>
<token t_id="22" sentence="1" number="12">hit</token>
<token t_id="23" sentence="1" number="13">and</token>
<token t_id="24" sentence="1" number="14">killed</token>
<token t_id="25" sentence="1" number="15">a</token>
<token t_id="26" sentence="1" number="16">66-year-old</token>
<token t_id="27" sentence="1" number="17">LuAnn</token>
<token t_id="28" sentence="1" number="18">Marie</token>
<token t_id="29" sentence="1" number="19">Johnson</token>
<token t_id="30" sentence="1" number="20">in</token>
<token t_id="31" sentence="1" number="21">the</token>
<token t_id="32" sentence="1" number="22">parking</token>
<token t_id="33" sentence="1" number="23">lot</token>
<token t_id="34" sentence="1" number="24">of</token>
<token t_id="35" sentence="1" number="25">the</token>
<token t_id="36" sentence="1" number="26">Bloomington</token>
<token t_id="37" sentence="1" number="27">Sam</token>
<token t_id="38" sentence="1" number="28">'s</token>
<token t_id="39" sentence="1" number="29">Club</token>
<token t_id="40" sentence="1" number="30">Wednesday</token>
<token t_id="41" sentence="1" number="31">night</token>
<token t_id="42" sentence="1" number="32">.</token>
<token t_id="43" sentence="2" number="0">Holiday</token>
<token t_id="44" sentence="2" number="1">shopping</token>
<token t_id="45" sentence="2" number="2">turned</token>
<token t_id="46" sentence="2" number="3">traumatic</token>
<token t_id="47" sentence="2" number="4">for</token>
<token t_id="48" sentence="2" number="5">dozens</token>
<token t_id="49" sentence="2" number="6">of</token>
<token t_id="50" sentence="2" number="7">people</token>
<token t_id="51" sentence="2" number="8">in</token>
<token t_id="52" sentence="2" number="9">Bloomington</token>
<token t_id="53" sentence="2" number="10">Wednesday</token>
<token t_id="54" sentence="2" number="11">night</token>
<token t_id="55" sentence="2" number="12">after</token>
<token t_id="56" sentence="2" number="13">a</token>
<token t_id="57" sentence="2" number="14">woman</token>
<token t_id="58" sentence="2" number="15">was</token>
<token t_id="59" sentence="2" number="16">killed</token>
<token t_id="60" sentence="2" number="17">right</token>
<token t_id="61" sentence="2" number="18">in</token>
<token t_id="62" sentence="2" number="19">front</token>
<token t_id="63" sentence="2" number="20">of</token>
<token t_id="64" sentence="2" number="21">them</token>
<token t_id="65" sentence="2" number="22">,</token>
<token t_id="66" sentence="2" number="23">while</token>
<token t_id="67" sentence="2" number="24">her</token>
<token t_id="68" sentence="2" number="25">husband</token>
<token t_id="69" sentence="2" number="26">struggled</token>
<token t_id="70" sentence="2" number="27">to</token>
<token t_id="71" sentence="2" number="28">keep</token>
<token t_id="72" sentence="2" number="29">her</token>
<token t_id="73" sentence="2" number="30">alive</token>
<token t_id="74" sentence="2" number="31">.</token>
<token t_id="75" sentence="3" number="0">Police</token>
<token t_id="76" sentence="3" number="1">said</token>
<token t_id="77" sentence="3" number="2">Johnsonwas</token>
<token t_id="78" sentence="3" number="3">in</token>
<token t_id="79" sentence="3" number="4">the</token>
<token t_id="80" sentence="3" number="5">crosswalk</token>
<token t_id="81" sentence="3" number="6">around</token>
<token t_id="82" sentence="3" number="7">7</token>
<token t_id="83" sentence="3" number="8">p.m.</token>
<token t_id="84" sentence="3" number="9">when</token>
<token t_id="85" sentence="3" number="10">the</token>
<token t_id="86" sentence="3" number="11">car</token>
<token t_id="87" sentence="3" number="12">first</token>
<token t_id="88" sentence="3" number="13">hit</token>
<token t_id="89" sentence="3" number="14">her</token>
<token t_id="90" sentence="3" number="15">.</token>
<token t_id="91" sentence="4" number="0">The</token>
<token t_id="92" sentence="4" number="1">driver</token>
<token t_id="93" sentence="4" number="2">,</token>
<token t_id="94" sentence="4" number="3">LaSalle</token>
<token t_id="95" sentence="4" number="4">,</token>
<token t_id="96" sentence="4" number="5">then</token>
<token t_id="97" sentence="4" number="6">paused</token>
<token t_id="98" sentence="4" number="7">as</token>
<token t_id="99" sentence="4" number="8">Johnson</token>
<token t_id="100" sentence="4" number="9">'s</token>
<token t_id="101" sentence="4" number="10">husband</token>
<token t_id="102" sentence="4" number="11">tried</token>
<token t_id="103" sentence="4" number="12">to</token>
<token t_id="104" sentence="4" number="13">stop</token>
<token t_id="105" sentence="4" number="14">him</token>
<token t_id="106" sentence="4" number="15">.</token>
<token t_id="107" sentence="5" number="0">Then</token>
<token t_id="108" sentence="5" number="1">LaSalle</token>
<token t_id="109" sentence="5" number="2">hit</token>
<token t_id="110" sentence="5" number="3">the</token>
<token t_id="111" sentence="5" number="4">gas</token>
<token t_id="112" sentence="5" number="5">,</token>
<token t_id="113" sentence="5" number="6">running</token>
<token t_id="114" sentence="5" number="7">her</token>
<token t_id="115" sentence="5" number="8">over</token>
<token t_id="116" sentence="5" number="9">and</token>
<token t_id="117" sentence="5" number="10">dragging</token>
<token t_id="118" sentence="5" number="11">her</token>
<token t_id="119" sentence="5" number="12">as</token>
<token t_id="120" sentence="5" number="13">he</token>
<token t_id="121" sentence="5" number="14">tried</token>
<token t_id="122" sentence="5" number="15">to</token>
<token t_id="123" sentence="5" number="16">get</token>
<token t_id="124" sentence="5" number="17">away</token>
<token t_id="125" sentence="5" number="18">.</token>
<token t_id="126" sentence="6" number="0">``</token>
<token t_id="127" sentence="6" number="1">The</token>
<token t_id="128" sentence="6" number="2">moment</token>
<token t_id="129" sentence="6" number="3">he</token>
<token t_id="130" sentence="6" number="4">hit</token>
<token t_id="131" sentence="6" number="5">that</token>
<token t_id="132" sentence="6" number="6">gas</token>
<token t_id="133" sentence="6" number="7">,</token>
<token t_id="134" sentence="6" number="8">I</token>
<token t_id="135" sentence="6" number="9">went</token>
<token t_id="136" sentence="6" number="10">,</token>
<token t_id="137" sentence="6" number="11">that</token>
<token t_id="138" sentence="6" number="12">woman</token>
<token t_id="139" sentence="6" number="13">just</token>
<token t_id="140" sentence="6" number="14">died</token>
<token t_id="141" sentence="6" number="15">,</token>
<token t_id="142" sentence="6" number="16">''</token>
<token t_id="143" sentence="6" number="17">said</token>
<token t_id="144" sentence="6" number="18">WCCO</token>
<token t_id="145" sentence="6" number="19">TV</token>
<token t_id="146" sentence="6" number="20">Managing</token>
<token t_id="147" sentence="6" number="21">Editor</token>
<token t_id="148" sentence="6" number="22">Angela</token>
<token t_id="149" sentence="6" number="23">Benson</token>
<token t_id="150" sentence="6" number="24">.</token>
<token t_id="151" sentence="7" number="0">Just</token>
<token t_id="152" sentence="7" number="1">seconds</token>
<token t_id="153" sentence="7" number="2">before</token>
<token t_id="154" sentence="7" number="3">,</token>
<token t_id="155" sentence="7" number="4">Benson</token>
<token t_id="156" sentence="7" number="5">and</token>
<token t_id="157" sentence="7" number="6">her</token>
<token t_id="158" sentence="7" number="7">two</token>
<token t_id="159" sentence="7" number="8">young</token>
<token t_id="160" sentence="7" number="9">sons</token>
<token t_id="161" sentence="7" number="10">were</token>
<token t_id="162" sentence="7" number="11">walking</token>
<token t_id="163" sentence="7" number="12">in</token>
<token t_id="164" sentence="7" number="13">the</token>
<token t_id="165" sentence="7" number="14">same</token>
<token t_id="166" sentence="7" number="15">crosswalk</token>
<token t_id="167" sentence="7" number="16">.</token>
<token t_id="168" sentence="8" number="0">``</token>
<token t_id="169" sentence="8" number="1">I</token>
<token t_id="170" sentence="8" number="2">turned</token>
<token t_id="171" sentence="8" number="3">around</token>
<token t_id="172" sentence="8" number="4">and</token>
<token t_id="173" sentence="8" number="5">there</token>
<token t_id="174" sentence="8" number="6">'s</token>
<token t_id="175" sentence="8" number="7">a</token>
<token t_id="176" sentence="8" number="8">man</token>
<token t_id="177" sentence="8" number="9">telling</token>
<token t_id="178" sentence="8" number="10">a</token>
<token t_id="179" sentence="8" number="11">car</token>
<token t_id="180" sentence="8" number="12">'No</token>
<token t_id="181" sentence="8" number="13">,</token>
<token t_id="182" sentence="8" number="14">no</token>
<token t_id="183" sentence="8" number="15">,</token>
<token t_id="184" sentence="8" number="16">no</token>
<token t_id="185" sentence="8" number="17">,</token>
<token t_id="186" sentence="8" number="18">stop</token>
<token t_id="187" sentence="8" number="19">,</token>
<token t_id="188" sentence="8" number="20">wait</token>
<token t_id="189" sentence="8" number="21">a</token>
<token t_id="190" sentence="8" number="22">second</token>
<token t_id="191" sentence="8" number="23">.</token>
<token t_id="192" sentence="8" number="24">'</token>
<token t_id="193" sentence="9" number="0">And</token>
<token t_id="194" sentence="9" number="1">there</token>
<token t_id="195" sentence="9" number="2">'s</token>
<token t_id="196" sentence="9" number="3">a</token>
<token t_id="197" sentence="9" number="4">woman</token>
<token t_id="198" sentence="9" number="5">laying</token>
<token t_id="199" sentence="9" number="6">on</token>
<token t_id="200" sentence="9" number="7">the</token>
<token t_id="201" sentence="9" number="8">ground</token>
<token t_id="202" sentence="9" number="9">in</token>
<token t_id="203" sentence="9" number="10">front</token>
<token t_id="204" sentence="9" number="11">of</token>
<token t_id="205" sentence="9" number="12">the</token>
<token t_id="206" sentence="9" number="13">tire</token>
<token t_id="207" sentence="9" number="14">,</token>
<token t_id="208" sentence="9" number="15">''</token>
<token t_id="209" sentence="9" number="16">recalled</token>
<token t_id="210" sentence="9" number="17">Benson</token>
<token t_id="211" sentence="9" number="18">.</token>
<token t_id="212" sentence="10" number="0">She</token>
<token t_id="213" sentence="10" number="1">said</token>
<token t_id="214" sentence="10" number="2">the</token>
<token t_id="215" sentence="10" number="3">driver</token>
<token t_id="216" sentence="10" number="4">then</token>
<token t_id="217" sentence="10" number="5">gunned</token>
<token t_id="218" sentence="10" number="6">the</token>
<token t_id="219" sentence="10" number="7">car</token>
<token t_id="220" sentence="10" number="8">and</token>
<token t_id="221" sentence="10" number="9">took</token>
<token t_id="222" sentence="10" number="10">off</token>
<token t_id="223" sentence="10" number="11">,</token>
<token t_id="224" sentence="10" number="12">hitting</token>
<token t_id="225" sentence="10" number="13">several</token>
<token t_id="226" sentence="10" number="14">cars</token>
<token t_id="227" sentence="10" number="15">in</token>
<token t_id="228" sentence="10" number="16">the</token>
<token t_id="229" sentence="10" number="17">parking</token>
<token t_id="230" sentence="10" number="18">lot</token>
<token t_id="231" sentence="10" number="19">along</token>
<token t_id="232" sentence="10" number="20">the</token>
<token t_id="233" sentence="10" number="21">way</token>
<token t_id="234" sentence="10" number="22">.</token>
<token t_id="235" sentence="11" number="0">``</token>
<token t_id="236" sentence="11" number="1">He</token>
<token t_id="237" sentence="11" number="2">hit</token>
<token t_id="238" sentence="11" number="3">her</token>
<token t_id="239" sentence="11" number="4">and</token>
<token t_id="240" sentence="11" number="5">rolled</token>
<token t_id="241" sentence="11" number="6">over</token>
<token t_id="242" sentence="11" number="7">her</token>
<token t_id="243" sentence="11" number="8">,</token>
<token t_id="244" sentence="11" number="9">and</token>
<token t_id="245" sentence="11" number="10">she</token>
<token t_id="246" sentence="11" number="11">rolled</token>
<token t_id="247" sentence="11" number="12">under</token>
<token t_id="248" sentence="11" number="13">his</token>
<token t_id="249" sentence="11" number="14">car</token>
<token t_id="250" sentence="11" number="15">a</token>
<token t_id="251" sentence="11" number="16">good</token>
<token t_id="252" sentence="11" number="17">10</token>
<token t_id="253" sentence="11" number="18">feet</token>
<token t_id="254" sentence="11" number="19">,</token>
<token t_id="255" sentence="11" number="20">''</token>
<token t_id="256" sentence="11" number="21">Benson</token>
<token t_id="257" sentence="11" number="22">said</token>
<token t_id="258" sentence="11" number="23">.</token>
<token t_id="259" sentence="12" number="0">Police</token>
<token t_id="260" sentence="12" number="1">caught</token>
<token t_id="261" sentence="12" number="2">up</token>
<token t_id="262" sentence="12" number="3">to</token>
<token t_id="263" sentence="12" number="4">him</token>
<token t_id="264" sentence="12" number="5">after</token>
<token t_id="265" sentence="12" number="6">he</token>
<token t_id="266" sentence="12" number="7">rear-ended</token>
<token t_id="267" sentence="12" number="8">a</token>
<token t_id="268" sentence="12" number="9">parked</token>
<token t_id="269" sentence="12" number="10">car</token>
<token t_id="270" sentence="12" number="11">at</token>
<token t_id="271" sentence="12" number="12">a</token>
<token t_id="272" sentence="12" number="13">stop</token>
<token t_id="273" sentence="12" number="14">light</token>
<token t_id="274" sentence="12" number="15">on</token>
<token t_id="275" sentence="12" number="16">Lyndale</token>
<token t_id="276" sentence="12" number="17">Avenue</token>
<token t_id="277" sentence="12" number="18">.</token>
<token t_id="278" sentence="13" number="0">``</token>
<token t_id="279" sentence="13" number="1">The</token>
<token t_id="280" sentence="13" number="2">driver</token>
<token t_id="281" sentence="13" number="3">was</token>
<token t_id="282" sentence="13" number="4">uncooperative</token>
<token t_id="283" sentence="13" number="5">,</token>
<token t_id="284" sentence="13" number="6">made</token>
<token t_id="285" sentence="13" number="7">some</token>
<token t_id="286" sentence="13" number="8">veiled</token>
<token t_id="287" sentence="13" number="9">threats</token>
<token t_id="288" sentence="13" number="10">that</token>
<token t_id="289" sentence="13" number="11">they</token>
<token t_id="290" sentence="13" number="12">'d</token>
<token t_id="291" sentence="13" number="13">have</token>
<token t_id="292" sentence="13" number="14">to</token>
<token t_id="293" sentence="13" number="15">shoot</token>
<token t_id="294" sentence="13" number="16">him</token>
<token t_id="295" sentence="13" number="17">to</token>
<token t_id="296" sentence="13" number="18">get</token>
<token t_id="297" sentence="13" number="19">him</token>
<token t_id="298" sentence="13" number="20">out</token>
<token t_id="299" sentence="13" number="21">.</token>
<token t_id="300" sentence="14" number="0">He</token>
<token t_id="301" sentence="14" number="1">was</token>
<token t_id="302" sentence="14" number="2">subsequently</token>
<token t_id="303" sentence="14" number="3">tased</token>
<token t_id="304" sentence="14" number="4">by</token>
<token t_id="305" sentence="14" number="5">police</token>
<token t_id="306" sentence="14" number="6">,</token>
<token t_id="307" sentence="14" number="7">''</token>
<token t_id="308" sentence="14" number="8">said</token>
<token t_id="309" sentence="14" number="9">Bloomington</token>
<token t_id="310" sentence="14" number="10">Police</token>
<token t_id="311" sentence="14" number="11">Sgt.</token>
<token t_id="312" sentence="14" number="12">Marty</token>
<token t_id="313" sentence="14" number="13">Earley</token>
<token t_id="314" sentence="14" number="14">.</token>
<token t_id="315" sentence="15" number="0">Meantime</token>
<token t_id="316" sentence="15" number="1">,</token>
<token t_id="317" sentence="15" number="2">Salvation</token>
<token t_id="318" sentence="15" number="3">Army</token>
<token t_id="319" sentence="15" number="4">bell</token>
<token t_id="320" sentence="15" number="5">ringer</token>
<token t_id="321" sentence="15" number="6">Michael</token>
<token t_id="322" sentence="15" number="7">Gallagher</token>
<token t_id="323" sentence="15" number="8">ran</token>
<token t_id="324" sentence="15" number="9">to</token>
<token t_id="325" sentence="15" number="10">help</token>
<token t_id="326" sentence="15" number="11">Johnson</token>
<token t_id="327" sentence="15" number="12">and</token>
<token t_id="328" sentence="15" number="13">her</token>
<token t_id="329" sentence="15" number="14">hysterical</token>
<token t_id="330" sentence="15" number="15">husband</token>
<token t_id="331" sentence="15" number="16">.</token>
<token t_id="332" sentence="16" number="0">``</token>
<token t_id="333" sentence="16" number="1">He</token>
<token t_id="334" sentence="16" number="2">was</token>
<token t_id="335" sentence="16" number="3">pretty</token>
<token t_id="336" sentence="16" number="4">shook</token>
<token t_id="337" sentence="16" number="5">up</token>
<token t_id="338" sentence="16" number="6">.</token>
<token t_id="339" sentence="17" number="0">He</token>
<token t_id="340" sentence="17" number="1">tried</token>
<token t_id="341" sentence="17" number="2">to</token>
<token t_id="342" sentence="17" number="3">provide</token>
<token t_id="343" sentence="17" number="4">first</token>
<token t_id="344" sentence="17" number="5">aid</token>
<token t_id="345" sentence="17" number="6">for</token>
<token t_id="346" sentence="17" number="7">her</token>
<token t_id="347" sentence="17" number="8">,</token>
<token t_id="348" sentence="17" number="9">and</token>
<token t_id="349" sentence="17" number="10">tried</token>
<token t_id="350" sentence="17" number="11">to</token>
<token t_id="351" sentence="17" number="12">provide</token>
<token t_id="352" sentence="17" number="13">comfort</token>
<token t_id="353" sentence="17" number="14">for</token>
<token t_id="354" sentence="17" number="15">her</token>
<token t_id="355" sentence="17" number="16">,</token>
<token t_id="356" sentence="17" number="17">''</token>
<token t_id="357" sentence="17" number="18">said</token>
<token t_id="358" sentence="17" number="19">Earley</token>
<token t_id="359" sentence="17" number="20">.</token>
<token t_id="360" sentence="18" number="0">Gallagher</token>
<token t_id="361" sentence="18" number="1">was</token>
<token t_id="362" sentence="18" number="2">back</token>
<token t_id="363" sentence="18" number="3">on</token>
<token t_id="364" sentence="18" number="4">the</token>
<token t_id="365" sentence="18" number="5">job</token>
<token t_id="366" sentence="18" number="6">the</token>
<token t_id="367" sentence="18" number="7">next</token>
<token t_id="368" sentence="18" number="8">day</token>
<token t_id="369" sentence="18" number="9">.</token>
<token t_id="370" sentence="19" number="0">He</token>
<token t_id="371" sentence="19" number="1">had</token>
<token t_id="372" sentence="19" number="2">only</token>
<token t_id="373" sentence="19" number="3">one</token>
<token t_id="374" sentence="19" number="4">thing</token>
<token t_id="375" sentence="19" number="5">to</token>
<token t_id="376" sentence="19" number="6">say</token>
<token t_id="377" sentence="19" number="7">about</token>
<token t_id="378" sentence="19" number="8">the</token>
<token t_id="379" sentence="19" number="9">horrible</token>
<token t_id="380" sentence="19" number="10">thing</token>
<token t_id="381" sentence="19" number="11">he</token>
<token t_id="382" sentence="19" number="12">saw</token>
<token t_id="383" sentence="19" number="13">the</token>
<token t_id="384" sentence="19" number="14">night</token>
<token t_id="385" sentence="19" number="15">before</token>
<token t_id="386" sentence="19" number="16">.</token>
<token t_id="387" sentence="20" number="0">``</token>
<token t_id="388" sentence="20" number="1">Our</token>
<token t_id="389" sentence="20" number="2">hearts</token>
<token t_id="390" sentence="20" number="3">and</token>
<token t_id="391" sentence="20" number="4">prayers</token>
<token t_id="392" sentence="20" number="5">go</token>
<token t_id="393" sentence="20" number="6">out</token>
<token t_id="394" sentence="20" number="7">to</token>
<token t_id="395" sentence="20" number="8">the</token>
<token t_id="396" sentence="20" number="9">man</token>
<token t_id="397" sentence="20" number="10">and</token>
<token t_id="398" sentence="20" number="11">his</token>
<token t_id="399" sentence="20" number="12">wife</token>
<token t_id="400" sentence="20" number="13">who</token>
<token t_id="401" sentence="20" number="14">died</token>
<token t_id="402" sentence="20" number="15">,</token>
<token t_id="403" sentence="20" number="16">''</token>
<token t_id="404" sentence="20" number="17">he</token>
<token t_id="405" sentence="20" number="18">said</token>
<token t_id="406" sentence="20" number="19">.</token>
<token t_id="407" sentence="21" number="0">That</token>
<token t_id="408" sentence="21" number="1">'s</token>
<token t_id="409" sentence="21" number="2">something</token>
<token t_id="410" sentence="21" number="3">that</token>
<token t_id="411" sentence="21" number="4">Benson</token>
<token t_id="412" sentence="21" number="5">echoes</token>
<token t_id="413" sentence="21" number="6">.</token>
<token t_id="414" sentence="22" number="0">``</token>
<token t_id="415" sentence="22" number="1">I</token>
<token t_id="416" sentence="22" number="2">just</token>
<token t_id="417" sentence="22" number="3">feel</token>
<token t_id="418" sentence="22" number="4">sad</token>
<token t_id="419" sentence="22" number="5">,</token>
<token t_id="420" sentence="22" number="6">I</token>
<token t_id="421" sentence="22" number="7">feel</token>
<token t_id="422" sentence="22" number="8">really</token>
<token t_id="423" sentence="22" number="9">sad</token>
<token t_id="424" sentence="22" number="10">for</token>
<token t_id="425" sentence="22" number="11">that</token>
<token t_id="426" sentence="22" number="12">man</token>
<token t_id="427" sentence="22" number="13">crying</token>
<token t_id="428" sentence="22" number="14">over</token>
<token t_id="429" sentence="22" number="15">his</token>
<token t_id="430" sentence="22" number="16">wife</token>
<token t_id="431" sentence="22" number="17">,</token>
<token t_id="432" sentence="22" number="18">''</token>
<token t_id="433" sentence="22" number="19">she</token>
<token t_id="434" sentence="22" number="20">said</token>
<token t_id="435" sentence="22" number="21">.</token>
<token t_id="436" sentence="23" number="0">Police</token>
<token t_id="437" sentence="23" number="1">arrested</token>
<token t_id="438" sentence="23" number="2">LaSalle</token>
<token t_id="439" sentence="23" number="3">for</token>
<token t_id="440" sentence="23" number="4">drunk</token>
<token t_id="441" sentence="23" number="5">driving</token>
<token t_id="442" sentence="23" number="6">.</token>
<token t_id="443" sentence="24" number="0">According</token>
<token t_id="444" sentence="24" number="1">to</token>
<token t_id="445" sentence="24" number="2">his</token>
<token t_id="446" sentence="24" number="3">police</token>
<token t_id="447" sentence="24" number="4">record</token>
<token t_id="448" sentence="24" number="5">,</token>
<token t_id="449" sentence="24" number="6">this</token>
<token t_id="450" sentence="24" number="7">is</token>
<token t_id="451" sentence="24" number="8">his</token>
<token t_id="452" sentence="24" number="9">second</token>
<token t_id="453" sentence="24" number="10">DWI</token>
<token t_id="454" sentence="24" number="11">and</token>
<token t_id="455" sentence="24" number="12">he</token>
<token t_id="456" sentence="24" number="13">uses</token>
<token t_id="457" sentence="24" number="14">the</token>
<token t_id="458" sentence="24" number="15">alias</token>
<token t_id="459" sentence="24" number="16">``</token>
<token t_id="460" sentence="24" number="17">Crazy</token>
<token t_id="461" sentence="24" number="18">T</token>
<token t_id="462" sentence="24" number="19">''</token>
<token t_id="463" sentence="24" number="20">.</token>
<token t_id="464" sentence="25" number="0">He</token>
<token t_id="465" sentence="25" number="1">'s</token>
<token t_id="466" sentence="25" number="2">expected</token>
<token t_id="467" sentence="25" number="3">to</token>
<token t_id="468" sentence="25" number="4">be</token>
<token t_id="469" sentence="25" number="5">charged</token>
<token t_id="470" sentence="25" number="6">with</token>
<token t_id="471" sentence="25" number="7">the</token>
<token t_id="472" sentence="25" number="8">hit-and-run</token>
<token t_id="473" sentence="25" number="9">by</token>
<token t_id="474" sentence="25" number="10">noon</token>
<token t_id="475" sentence="25" number="11">on</token>
<token t_id="476" sentence="25" number="12">Friday</token>
<token t_id="477" sentence="25" number="13">.</token>
<token t_id="478" sentence="26" number="0">Investigators</token>
<token t_id="479" sentence="26" number="1">say</token>
<token t_id="480" sentence="26" number="2">Sam</token>
<token t_id="481" sentence="26" number="3">'s</token>
<token t_id="482" sentence="26" number="4">Club</token>
<token t_id="483" sentence="26" number="5">is</token>
<token t_id="484" sentence="26" number="6">looking</token>
<token t_id="485" sentence="26" number="7">over</token>
<token t_id="486" sentence="26" number="8">its</token>
<token t_id="487" sentence="26" number="9">surveillance</token>
<token t_id="488" sentence="26" number="10">tape</token>
<token t_id="489" sentence="26" number="11">and</token>
<token t_id="490" sentence="26" number="12">will</token>
<token t_id="491" sentence="26" number="13">hand</token>
<token t_id="492" sentence="26" number="14">it</token>
<token t_id="493" sentence="26" number="15">over</token>
<token t_id="494" sentence="26" number="16">to</token>
<token t_id="495" sentence="26" number="17">police</token>
<token t_id="496" sentence="26" number="18">to</token>
<token t_id="497" sentence="26" number="19">check</token>
<token t_id="498" sentence="26" number="20">out</token>
<token t_id="499" sentence="26" number="21">.</token>
<token t_id="500" sentence="27" number="0">A</token>
<token t_id="501" sentence="27" number="1">Sam</token>
<token t_id="502" sentence="27" number="2">'s</token>
<token t_id="503" sentence="27" number="3">Club</token>
<token t_id="504" sentence="27" number="4">spokesperson</token>
<token t_id="505" sentence="27" number="5">said</token>
<token t_id="506" sentence="27" number="6">this</token>
<token t_id="507" sentence="27" number="7">is</token>
<token t_id="508" sentence="27" number="8">a</token>
<token t_id="509" sentence="27" number="9">terrible</token>
<token t_id="510" sentence="27" number="10">tragedy</token>
<token t_id="511" sentence="27" number="11">and</token>
<token t_id="512" sentence="27" number="12">their</token>
<token t_id="513" sentence="27" number="13">hearts</token>
<token t_id="514" sentence="27" number="14">and</token>
<token t_id="515" sentence="27" number="15">thoughts</token>
<token t_id="516" sentence="27" number="16">are</token>
<token t_id="517" sentence="27" number="17">with</token>
<token t_id="518" sentence="27" number="18">the</token>
<token t_id="519" sentence="27" number="19">woman</token>
<token t_id="520" sentence="27" number="20">'s</token>
<token t_id="521" sentence="27" number="21">family</token>
<token t_id="522" sentence="27" number="22">.</token>
<Markables>
<ACTION_OCCURRENCE m_id="16"  >
  <token_anchor t_id="22"/>
</ACTION_OCCURRENCE>
<ACTION_OCCURRENCE m_id="17"  >
  <token_anchor t_id="24"/>
</ACTION_OCCURRENCE>
<HUMAN_PART_PER m_id="13"  >
  <token_anchor t_id="12"/>
</HUMAN_PART_PER>
<HUMAN_PART_PER m_id="14"  >
  <token_anchor t_id="14"/>
  <token_anchor t_id="15"/>
</HUMAN_PART_PER>
<HUMAN_PART_PER m_id="15"  >
  <token_anchor t_id="27"/>
  <token_anchor t_id="28"/>
  <token_anchor t_id="29"/>
</HUMAN_PART_PER>
<LOC_FAC m_id="19"  >
  <token_anchor t_id="30"/>
  <token_anchor t_id="31"/>
  <token_anchor t_id="32"/>
  <token_anchor t_id="33"/>
  <token_anchor t_id="34"/>
  <token_anchor t_id="35"/>
  <token_anchor t_id="36"/>
  <token_anchor t_id="37"/>
  <token_anchor t_id="38"/>
  <token_anchor t_id="39"/>
</LOC_FAC>
<LOC_GEO m_id="20"  >
  <token_anchor t_id="20"/>
</LOC_GEO>
<TIME_OF_THE_DAY m_id="18"  >
  <token_anchor t_id="40"/>
  <token_anchor t_id="41"/>
</TIME_OF_THE_DAY>




<HUMAN_PART_PER m_id="27" RELATED_TO="" TAG_DESCRIPTOR="t21b_woman" instance_id="HUM18234667064501121" />
<ACTION_OCCURRENCE m_id="26" RELATED_TO="" TAG_DESCRIPTOR="t21b_killed" instance_id="ACT18234615357625221" />
<TIME_OF_THE_DAY m_id="25" RELATED_TO="" TAG_DESCRIPTOR="t21b_wednesday_night" instance_id="TIM18234701766858346" />
<LOC_FAC m_id="24" RELATED_TO="" TAG_DESCRIPTOR="t21b_outside_store" instance_id="LOC18234736198347328" />
<HUMAN_PART_PER m_id="23" RELATED_TO="" TAG_DESCRIPTOR="t21b_motorist" instance_id="HUM18234651370409589" />
<HUMAN_PART_PER m_id="22" RELATED_TO="" TAG_DESCRIPTOR="t21b_police" instance_id="HUM18234782348743377" />
<ACTION_OCCURRENCE m_id="21" RELATED_TO="" TAG_DESCRIPTOR="t21b_struck" instance_id="ACT18234626597278210" />
</Markables>

<Relations>
<CROSS_DOC_COREF r_id="33142" note="ACT18234626597278210" >
  <source m_id="16" />
  <target m_id="21" />
</CROSS_DOC_COREF>
<CROSS_DOC_COREF r_id="33143" note="HUM18234782348743377" >
  <source m_id="13" />
  <target m_id="22" />
</CROSS_DOC_COREF>
<CROSS_DOC_COREF r_id="33144" note="HUM18234651370409589" >
  <source m_id="14" />
  <target m_id="23" />
</CROSS_DOC_COREF>
<CROSS_DOC_COREF r_id="33145" note="LOC18234736198347328" >
  <source m_id="19" />
  <target m_id="24" />
</CROSS_DOC_COREF>
<CROSS_DOC_COREF r_id="33146" note="TIM18234701766858346" >
  <source m_id="18" />
  <target m_id="25" />
</CROSS_DOC_COREF>
<CROSS_DOC_COREF r_id="33147" note="ACT18234615357625221" >
  <source m_id="17" />
  <target m_id="26" />
</CROSS_DOC_COREF>
<CROSS_DOC_COREF r_id="33148" note="HUM18234667064501121" >
  <source m_id="15" />
  <target m_id="27" />
</CROSS_DOC_COREF>

</Relations>
</Document>
