<Document doc_name="21_9ecb.xml" doc_id="DOC15654565214364802">
<token t_id="1" sentence="0" number="0">Arrest</token>
<token t_id="2" sentence="0" number="1">made</token>
<token t_id="3" sentence="0" number="2">in</token>
<token t_id="4" sentence="0" number="3">Bloomington</token>
<token t_id="5" sentence="0" number="4">hit</token>
<token t_id="6" sentence="0" number="5">and</token>
<token t_id="7" sentence="0" number="6">run</token>
<token t_id="8" sentence="1" number="0">Police</token>
<token t_id="9" sentence="1" number="1">arrested</token>
<token t_id="10" sentence="1" number="2">a</token>
<token t_id="11" sentence="1" number="3">man</token>
<token t_id="12" sentence="1" number="4">they</token>
<token t_id="13" sentence="1" number="5">believe</token>
<token t_id="14" sentence="1" number="6">to</token>
<token t_id="15" sentence="1" number="7">be</token>
<token t_id="16" sentence="1" number="8">the</token>
<token t_id="17" sentence="1" number="9">hit</token>
<token t_id="18" sentence="1" number="10">and</token>
<token t_id="19" sentence="1" number="11">run</token>
<token t_id="20" sentence="1" number="12">driver</token>
<token t_id="21" sentence="1" number="13">who</token>
<token t_id="22" sentence="1" number="14">killed</token>
<token t_id="23" sentence="1" number="15">a</token>
<token t_id="24" sentence="1" number="16">66-year-old</token>
<token t_id="25" sentence="1" number="17">woman</token>
<token t_id="26" sentence="1" number="18">outside</token>
<token t_id="27" sentence="1" number="19">the</token>
<token t_id="28" sentence="1" number="20">Sam</token>
<token t_id="29" sentence="1" number="21">'s</token>
<token t_id="30" sentence="1" number="22">Club</token>
<token t_id="31" sentence="1" number="23">in</token>
<token t_id="32" sentence="1" number="24">Bloomington</token>
<token t_id="33" sentence="1" number="25">.</token>
<token t_id="34" sentence="2" number="0">Bloomington</token>
<token t_id="35" sentence="2" number="1">officers</token>
<token t_id="36" sentence="2" number="2">said</token>
<token t_id="37" sentence="2" number="3">LuAnn</token>
<token t_id="38" sentence="2" number="4">Marie</token>
<token t_id="39" sentence="2" number="5">Johnson</token>
<token t_id="40" sentence="2" number="6">,</token>
<token t_id="41" sentence="2" number="7">of</token>
<token t_id="42" sentence="2" number="8">Burnsville</token>
<token t_id="43" sentence="2" number="9">,</token>
<token t_id="44" sentence="2" number="10">was</token>
<token t_id="45" sentence="2" number="11">walking</token>
<token t_id="46" sentence="2" number="12">with</token>
<token t_id="47" sentence="2" number="13">her</token>
<token t_id="48" sentence="2" number="14">husband</token>
<token t_id="49" sentence="2" number="15">was</token>
<token t_id="50" sentence="2" number="16">hit</token>
<token t_id="51" sentence="2" number="17">in</token>
<token t_id="52" sentence="2" number="18">the</token>
<token t_id="53" sentence="2" number="19">crosswalk</token>
<token t_id="54" sentence="2" number="20">of</token>
<token t_id="55" sentence="2" number="21">the</token>
<token t_id="56" sentence="2" number="22">parking</token>
<token t_id="57" sentence="2" number="23">lot</token>
<token t_id="58" sentence="2" number="24">of</token>
<token t_id="59" sentence="2" number="25">the</token>
<token t_id="60" sentence="2" number="26">store</token>
<token t_id="61" sentence="2" number="27">,</token>
<token t_id="62" sentence="2" number="28">located</token>
<token t_id="63" sentence="2" number="29">off</token>
<token t_id="64" sentence="2" number="30">American</token>
<token t_id="65" sentence="2" number="31">Boulevard</token>
<token t_id="66" sentence="2" number="32">,</token>
<token t_id="67" sentence="2" number="33">around</token>
<token t_id="68" sentence="2" number="34">7</token>
<token t_id="69" sentence="2" number="35">p.m.</token>
<token t_id="70" sentence="2" number="36">Wednesday</token>
<token t_id="71" sentence="2" number="37">.</token>
<token t_id="72" sentence="3" number="0">Paramedics</token>
<token t_id="73" sentence="3" number="1">rushed</token>
<token t_id="74" sentence="3" number="2">Johnson</token>
<token t_id="75" sentence="3" number="3">to</token>
<token t_id="76" sentence="3" number="4">Hennepin</token>
<token t_id="77" sentence="3" number="5">County</token>
<token t_id="78" sentence="3" number="6">Medical</token>
<token t_id="79" sentence="3" number="7">Center</token>
<token t_id="80" sentence="3" number="8">where</token>
<token t_id="81" sentence="3" number="9">she</token>
<token t_id="82" sentence="3" number="10">died</token>
<token t_id="83" sentence="3" number="11">.</token>
<token t_id="84" sentence="4" number="0">Police</token>
<token t_id="85" sentence="4" number="1">said</token>
<token t_id="86" sentence="4" number="2">they</token>
<token t_id="87" sentence="4" number="3">pulled</token>
<token t_id="88" sentence="4" number="4">over</token>
<token t_id="89" sentence="4" number="5">the</token>
<token t_id="90" sentence="4" number="6">driver</token>
<token t_id="91" sentence="4" number="7">,</token>
<token t_id="92" sentence="4" number="8">Anthony</token>
<token t_id="93" sentence="4" number="9">LaSalle</token>
<token t_id="94" sentence="4" number="10">,</token>
<token t_id="95" sentence="4" number="11">a</token>
<token t_id="96" sentence="4" number="12">few</token>
<token t_id="97" sentence="4" number="13">blocks</token>
<token t_id="98" sentence="4" number="14">away</token>
<token t_id="99" sentence="4" number="15">after</token>
<token t_id="100" sentence="4" number="16">he</token>
<token t_id="101" sentence="4" number="17">had</token>
<token t_id="102" sentence="4" number="18">struck</token>
<token t_id="103" sentence="4" number="19">two</token>
<token t_id="104" sentence="4" number="20">other</token>
<token t_id="105" sentence="4" number="21">vehicles</token>
<token t_id="106" sentence="4" number="22">while</token>
<token t_id="107" sentence="4" number="23">fleeing</token>
<token t_id="108" sentence="4" number="24">the</token>
<token t_id="109" sentence="4" number="25">scene</token>
<token t_id="110" sentence="4" number="26">.</token>
<token t_id="111" sentence="5" number="0">Officials</token>
<token t_id="112" sentence="5" number="1">had</token>
<token t_id="113" sentence="5" number="2">to</token>
<token t_id="114" sentence="5" number="3">use</token>
<token t_id="115" sentence="5" number="4">a</token>
<token t_id="116" sentence="5" number="5">Taser</token>
<token t_id="117" sentence="5" number="6">on</token>
<token t_id="118" sentence="5" number="7">LaSalle</token>
<token t_id="119" sentence="5" number="8">to</token>
<token t_id="120" sentence="5" number="9">get</token>
<token t_id="121" sentence="5" number="10">him</token>
<token t_id="122" sentence="5" number="11">out</token>
<token t_id="123" sentence="5" number="12">of</token>
<token t_id="124" sentence="5" number="13">his</token>
<token t_id="125" sentence="5" number="14">car</token>
<token t_id="126" sentence="5" number="15">.</token>
<token t_id="127" sentence="6" number="0">According</token>
<token t_id="128" sentence="6" number="1">to</token>
<token t_id="129" sentence="6" number="2">court</token>
<token t_id="130" sentence="6" number="3">records</token>
<token t_id="131" sentence="6" number="4">,</token>
<token t_id="132" sentence="6" number="5">LaSalle</token>
<token t_id="133" sentence="6" number="6">has</token>
<token t_id="134" sentence="6" number="7">three</token>
<token t_id="135" sentence="6" number="8">prior</token>
<token t_id="136" sentence="6" number="9">DUI</token>
<token t_id="137" sentence="6" number="10">conviction</token>
<token t_id="138" sentence="6" number="11">spanning</token>
<token t_id="139" sentence="6" number="12">from</token>
<token t_id="140" sentence="6" number="13">1990</token>
<token t_id="141" sentence="6" number="14">to</token>
<token t_id="142" sentence="6" number="15">1991</token>
<token t_id="143" sentence="6" number="16">.</token>
<token t_id="144" sentence="7" number="0">He</token>
<token t_id="145" sentence="7" number="1">also</token>
<token t_id="146" sentence="7" number="2">has</token>
<token t_id="147" sentence="7" number="3">two</token>
<token t_id="148" sentence="7" number="4">motor</token>
<token t_id="149" sentence="7" number="5">vehicle</token>
<token t_id="150" sentence="7" number="6">theft</token>
<token t_id="151" sentence="7" number="7">convictions</token>
<token t_id="152" sentence="7" number="8">.</token>
<token t_id="153" sentence="8" number="0">LaSalle</token>
<token t_id="154" sentence="8" number="1">is</token>
<token t_id="155" sentence="8" number="2">in</token>
<token t_id="156" sentence="8" number="3">custody</token>
<token t_id="157" sentence="8" number="4">,</token>
<token t_id="158" sentence="8" number="5">pending</token>
<token t_id="159" sentence="8" number="6">formal</token>
<token t_id="160" sentence="8" number="7">charges</token>
<token t_id="161" sentence="8" number="8">that</token>
<token t_id="162" sentence="8" number="9">are</token>
<token t_id="163" sentence="8" number="10">expected</token>
<token t_id="164" sentence="8" number="11">Friday</token>
<token t_id="165" sentence="8" number="12">.</token>
<token t_id="166" sentence="9" number="0">The</token>
<token t_id="167" sentence="9" number="1">crash</token>
<token t_id="168" sentence="9" number="2">is</token>
<token t_id="169" sentence="9" number="3">still</token>
<token t_id="170" sentence="9" number="4">under</token>
<token t_id="171" sentence="9" number="5">investigation</token>
<token t_id="172" sentence="9" number="6">.</token>
<Markables>
<ACTION_OCCURRENCE m_id="16"  >
  <token_anchor t_id="9"/>
</ACTION_OCCURRENCE>
<ACTION_OCCURRENCE m_id="17"  >
  <token_anchor t_id="13"/>
</ACTION_OCCURRENCE>
<ACTION_OCCURRENCE m_id="18"  >
  <token_anchor t_id="22"/>
</ACTION_OCCURRENCE>
<HUMAN_PART_PER m_id="11"  >
  <token_anchor t_id="8"/>
</HUMAN_PART_PER>
<HUMAN_PART_PER m_id="12"  >
  <token_anchor t_id="11"/>
</HUMAN_PART_PER>
<HUMAN_PART_PER m_id="13"  >
  <token_anchor t_id="20"/>
</HUMAN_PART_PER>
<HUMAN_PART_PER m_id="14"  >
  <token_anchor t_id="25"/>
</HUMAN_PART_PER>
<HUMAN_PART_PER m_id="15"  >
  <token_anchor t_id="12"/>
</HUMAN_PART_PER>
<LOC_FAC m_id="19"  >
  <token_anchor t_id="26"/>
  <token_anchor t_id="27"/>
  <token_anchor t_id="28"/>
  <token_anchor t_id="29"/>
  <token_anchor t_id="30"/>
  <token_anchor t_id="31"/>
  <token_anchor t_id="32"/>
</LOC_FAC>




<HUMAN_PART_PER m_id="25" RELATED_TO="" TAG_DESCRIPTOR="t21b_woman" instance_id="HUM18234667064501121" />
<ACTION_OCCURRENCE m_id="24" RELATED_TO="" TAG_DESCRIPTOR="t21b_killed" instance_id="ACT18234615357625221" />
<LOC_FAC m_id="23" RELATED_TO="" TAG_DESCRIPTOR="t21b_outside_store" instance_id="LOC18234736198347328" />
<HUMAN_PART_PER m_id="22" RELATED_TO="" TAG_DESCRIPTOR="t21b_motorist" instance_id="HUM18234651370409589" />
<ACTION_OCCURRENCE m_id="21" RELATED_TO="" TAG_DESCRIPTOR="t21b_arrested" instance_id="ACT18234769836853223" />
<HUMAN_PART_PER m_id="20" RELATED_TO="" TAG_DESCRIPTOR="t21b_police" instance_id="HUM18234782348743377" />
</Markables>

<Relations>
<CROSS_DOC_COREF r_id="33161" note="HUM18234782348743377" >
  <source m_id="11" />
  <source m_id="15" />
  <target m_id="20" />
</CROSS_DOC_COREF>
<CROSS_DOC_COREF r_id="33162" note="ACT18234769836853223" >
  <source m_id="16" />
  <target m_id="21" />
</CROSS_DOC_COREF>
<CROSS_DOC_COREF r_id="33163" note="HUM18234651370409589" >
  <source m_id="13" />
  <source m_id="12" />
  <target m_id="22" />
</CROSS_DOC_COREF>
<CROSS_DOC_COREF r_id="33164" note="LOC18234736198347328" >
  <source m_id="19" />
  <target m_id="23" />
</CROSS_DOC_COREF>
<CROSS_DOC_COREF r_id="33165" note="ACT18234615357625221" >
  <source m_id="18" />
  <target m_id="24" />
</CROSS_DOC_COREF>
<CROSS_DOC_COREF r_id="33166" note="HUM18234667064501121" >
  <source m_id="14" />
  <target m_id="25" />
</CROSS_DOC_COREF>

</Relations>
</Document>
