<Document doc_name="25_15ecb.xml" doc_id="DOC15654788446713074">
<token t_id="1" sentence="0" number="0">Saints</token>
<token t_id="2" sentence="0" number="1">could</token>
<token t_id="3" sentence="0" number="2">shut</token>
<token t_id="4" sentence="0" number="3">down</token>
<token t_id="5" sentence="0" number="4">Reggie</token>
<token t_id="6" sentence="0" number="5">Bush</token>
<token t_id="7" sentence="0" number="6">?</token>
<token t_id="8" sentence="1" number="0">The</token>
<token t_id="9" sentence="1" number="1">Biloxi</token>
<token t_id="10" sentence="1" number="2">Sun</token>
<token t_id="11" sentence="1" number="3">Herald</token>
<token t_id="12" sentence="1" number="4">suggests</token>
<token t_id="13" sentence="1" number="5">that</token>
<token t_id="14" sentence="1" number="6">Reggie</token>
<token t_id="15" sentence="1" number="7">Bush</token>
<token t_id="16" sentence="1" number="8">(</token>
<token t_id="17" sentence="1" number="9">knee</token>
<token t_id="18" sentence="1" number="10">)</token>
<token t_id="19" sentence="1" number="11">could</token>
<token t_id="20" sentence="1" number="12">be</token>
<token t_id="21" sentence="1" number="13">shut</token>
<token t_id="22" sentence="1" number="14">down</token>
<token t_id="23" sentence="1" number="15">for</token>
<token t_id="24" sentence="1" number="16">the</token>
<token t_id="25" sentence="1" number="17">remainder</token>
<token t_id="26" sentence="1" number="18">of</token>
<token t_id="27" sentence="1" number="19">the</token>
<token t_id="28" sentence="1" number="20">Saints</token>
<token t_id="29" sentence="1" number="21">'</token>
<token t_id="30" sentence="1" number="22">season</token>
<token t_id="31" sentence="1" number="23">.</token>
<token t_id="32" sentence="2" number="0">Beat</token>
<token t_id="33" sentence="2" number="1">writer</token>
<token t_id="34" sentence="2" number="2">Larry</token>
<token t_id="35" sentence="2" number="3">Holder</token>
<token t_id="36" sentence="2" number="4">puts</token>
<token t_id="37" sentence="2" number="5">this</token>
<token t_id="38" sentence="2" number="6">in</token>
<token t_id="39" sentence="2" number="7">a</token>
<token t_id="40" sentence="2" number="8">one</token>
<token t_id="41" sentence="2" number="9">liner</token>
<token t_id="42" sentence="2" number="10">,</token>
<token t_id="43" sentence="2" number="11">saying</token>
<token t_id="44" sentence="2" number="12">Bush</token>
<token t_id="45" sentence="2" number="13">``</token>
<token t_id="46" sentence="2" number="14">could</token>
<token t_id="47" sentence="2" number="15">sit</token>
<token t_id="48" sentence="2" number="16">out</token>
<token t_id="49" sentence="2" number="17">the</token>
<token t_id="50" sentence="2" number="18">final</token>
<token t_id="51" sentence="2" number="19">two</token>
<token t_id="52" sentence="2" number="20">games</token>
<token t_id="53" sentence="2" number="21">.</token>
<token t_id="54" sentence="2" number="22">''</token>
<token t_id="55" sentence="3" number="0">It</token>
<token t_id="56" sentence="3" number="1">may</token>
<token t_id="57" sentence="3" number="2">be</token>
<token t_id="58" sentence="3" number="3">speculative</token>
<token t_id="59" sentence="3" number="4">,</token>
<token t_id="60" sentence="3" number="5">or</token>
<token t_id="61" sentence="3" number="6">Holder</token>
<token t_id="62" sentence="3" number="7">has</token>
<token t_id="63" sentence="3" number="8">reasoning</token>
<token t_id="64" sentence="3" number="9">behind</token>
<token t_id="65" sentence="3" number="10">it</token>
<token t_id="66" sentence="3" number="11">that</token>
<token t_id="67" sentence="3" number="12">he</token>
<token t_id="68" sentence="3" number="13">does</token>
<token t_id="69" sentence="3" number="14">n't</token>
<token t_id="70" sentence="3" number="15">give</token>
<token t_id="71" sentence="3" number="16">.</token>
<token t_id="72" sentence="4" number="0">We</token>
<token t_id="73" sentence="4" number="1">'ll</token>
<token t_id="74" sentence="4" number="2">know</token>
<token t_id="75" sentence="4" number="3">more</token>
<token t_id="76" sentence="4" number="4">about</token>
<token t_id="77" sentence="4" number="5">Bush</token>
<token t_id="78" sentence="4" number="6">Wednesday</token>
<token t_id="79" sentence="4" number="7">,</token>
<token t_id="80" sentence="4" number="8">when</token>
<token t_id="81" sentence="4" number="9">the</token>
<token t_id="82" sentence="4" number="10">Saints</token>
<token t_id="83" sentence="4" number="11">practice</token>
<token t_id="84" sentence="4" number="12">and</token>
<token t_id="85" sentence="4" number="13">hopefully</token>
<token t_id="86" sentence="4" number="14">reveal</token>
<token t_id="87" sentence="4" number="15">the</token>
<token t_id="88" sentence="4" number="16">results</token>
<token t_id="89" sentence="4" number="17">of</token>
<token t_id="90" sentence="4" number="18">his</token>
<token t_id="91" sentence="4" number="19">MRI</token>
<token t_id="92" sentence="4" number="20">.</token>
<Markables>
<ACTION_OCCURRENCE m_id="11"  >
  <token_anchor t_id="12"/>
</ACTION_OCCURRENCE>
<HUMAN_PART_ORG m_id="9"  >
  <token_anchor t_id="8"/>
  <token_anchor t_id="9"/>
  <token_anchor t_id="10"/>
  <token_anchor t_id="11"/>
</HUMAN_PART_ORG>
<HUMAN_PART_ORG m_id="13"  >
  <token_anchor t_id="27"/>
  <token_anchor t_id="28"/>
</HUMAN_PART_ORG>
<HUMAN_PART_PER m_id="10"  >
  <token_anchor t_id="14"/>
  <token_anchor t_id="15"/>
</HUMAN_PART_PER>
<TIME_DURATION m_id="14"  >
  <token_anchor t_id="30"/>
</TIME_DURATION>


<ACTION_ASPECTUAL m_id="15" note="byCROMER" >
  <token_anchor t_id="21"/>
  <token_anchor t_id="22"/>
</ACTION_ASPECTUAL>


<HUMAN_PART_PER m_id="19" RELATED_TO="" TAG_DESCRIPTOR="t25b_reggie_bush" instance_id="HUM18424257748764087" />
<TIME_DURATION m_id="18" RELATED_TO="" TAG_DESCRIPTOR="t25b_season" instance_id="TIM18424740461641641" />
<ACTION_ASPECTUAL m_id="17" RELATED_TO="" TAG_DESCRIPTOR="t25b_ending" instance_id="ACT18425119237522860" />
<HUMAN_PART_ORG m_id="16" RELATED_TO="" TAG_DESCRIPTOR="t25_saints" instance_id="HUM18421383201372865" />
</Markables>

<Relations>
<CROSS_DOC_COREF r_id="33009" note="HUM18421383201372865" >
  <source m_id="13" />
  <target m_id="16" />
</CROSS_DOC_COREF>
<CROSS_DOC_COREF r_id="33010" note="ACT18425119237522860" >
  <source m_id="15" />
  <target m_id="17" />
</CROSS_DOC_COREF>
<CROSS_DOC_COREF r_id="33011" note="TIM18424740461641641" >
  <source m_id="14" />
  <target m_id="18" />
</CROSS_DOC_COREF>
<CROSS_DOC_COREF r_id="33012" note="HUM18424257748764087" >
  <source m_id="10" />
  <target m_id="19" />
</CROSS_DOC_COREF>

</Relations>
</Document>
