<Document doc_name="25_15ecbplus.xml" doc_id="DOC15646379210591438">
<token t_id="1" sentence="0" number="0">http</token>
<token t_id="2" sentence="0" number="1">:</token>
<token t_id="3" sentence="0" number="2">/</token>
<token t_id="4" sentence="0" number="3">/</token>
<token t_id="5" sentence="0" number="4">www</token>
<token t_id="6" sentence="0" number="5">.</token>
<token t_id="7" sentence="0" number="6">wwltv</token>
<token t_id="8" sentence="0" number="7">.</token>
<token t_id="9" sentence="0" number="8">com</token>
<token t_id="10" sentence="0" number="9">/</token>
<token t_id="11" sentence="0" number="10">sports</token>
<token t_id="12" sentence="0" number="11">/</token>
<token t_id="13" sentence="0" number="12">black</token>
<token t_id="14" sentence="0" number="13">-</token>
<token t_id="15" sentence="0" number="14">and</token>
<token t_id="16" sentence="0" number="15">-</token>
<token t_id="17" sentence="0" number="16">gold</token>
<token t_id="18" sentence="0" number="17">/</token>
<token t_id="19" sentence="0" number="18">Saints</token>
<token t_id="20" sentence="0" number="19">-</token>
<token t_id="21" sentence="0" number="20">sign</token>
<token t_id="22" sentence="0" number="21">-</token>
<token t_id="23" sentence="0" number="22">RB</token>
<token t_id="24" sentence="0" number="23">-</token>
<token t_id="25" sentence="0" number="24">Joique</token>
<token t_id="26" sentence="0" number="25">-</token>
<token t_id="27" sentence="0" number="26">Bell</token>
<token t_id="28" sentence="0" number="27">-</token>
<token t_id="29" sentence="0" number="28">112954389</token>
<token t_id="30" sentence="0" number="29">.</token>
<token t_id="31" sentence="0" number="30">html</token>
<token t_id="32" sentence="1" number="0">Pierre</token>
<token t_id="33" sentence="1" number="1">Thomas</token>
<token t_id="34" sentence="1" number="2">out</token>
<token t_id="35" sentence="1" number="3">for</token>
<token t_id="36" sentence="1" number="4">playoffs</token>
<token t_id="37" sentence="1" number="5">after</token>
<token t_id="38" sentence="1" number="6">Saints</token>
<token t_id="39" sentence="1" number="7">place</token>
<token t_id="40" sentence="1" number="8">him</token>
<token t_id="41" sentence="1" number="9">on</token>
<token t_id="42" sentence="1" number="10">IR</token>
<token t_id="43" sentence="2" number="0">Posted</token>
<token t_id="44" sentence="2" number="1">on</token>
<token t_id="45" sentence="2" number="2">January</token>
<token t_id="46" sentence="2" number="3">5</token>
<token t_id="47" sentence="2" number="4">,</token>
<token t_id="48" sentence="2" number="5">2011</token>
<token t_id="49" sentence="2" number="6">at</token>
<token t_id="50" sentence="2" number="7">3</token>
<token t_id="51" sentence="2" number="8">:</token>
<token t_id="52" sentence="2" number="9">39</token>
<token t_id="53" sentence="2" number="10">PM</token>
<token t_id="54" sentence="3" number="0">Updated</token>
<token t_id="55" sentence="3" number="1">Wednesday</token>
<token t_id="56" sentence="3" number="2">,</token>
<token t_id="57" sentence="3" number="3">Jan</token>
<token t_id="58" sentence="3" number="4">5</token>
<token t_id="59" sentence="3" number="5">at</token>
<token t_id="60" sentence="3" number="6">5</token>
<token t_id="61" sentence="3" number="7">:</token>
<token t_id="62" sentence="3" number="8">53</token>
<token t_id="63" sentence="3" number="9">PM</token>
<token t_id="64" sentence="4" number="0">The</token>
<token t_id="65" sentence="4" number="1">Saints</token>
<token t_id="66" sentence="4" number="2">placed</token>
<token t_id="67" sentence="4" number="3">running</token>
<token t_id="68" sentence="4" number="4">back</token>
<token t_id="69" sentence="4" number="5">Pierre</token>
<token t_id="70" sentence="4" number="6">Thomas</token>
<token t_id="71" sentence="4" number="7">on</token>
<token t_id="72" sentence="4" number="8">IR</token>
<token t_id="73" sentence="4" number="9">Wednesday</token>
<token t_id="74" sentence="4" number="10">,</token>
<token t_id="75" sentence="4" number="11">the</token>
<token t_id="76" sentence="4" number="12">second</token>
<token t_id="77" sentence="4" number="13">time</token>
<token t_id="78" sentence="4" number="14">in</token>
<token t_id="79" sentence="4" number="15">as</token>
<token t_id="80" sentence="4" number="16">many</token>
<token t_id="81" sentence="4" number="17">days</token>
<token t_id="82" sentence="4" number="18">the</token>
<token t_id="83" sentence="4" number="19">team</token>
<token t_id="84" sentence="4" number="20">has</token>
<token t_id="85" sentence="4" number="21">placed</token>
<token t_id="86" sentence="4" number="22">one</token>
<token t_id="87" sentence="4" number="23">of</token>
<token t_id="88" sentence="4" number="24">its</token>
<token t_id="89" sentence="4" number="25">primary</token>
<token t_id="90" sentence="4" number="26">running</token>
<token t_id="91" sentence="4" number="27">backs</token>
<token t_id="92" sentence="4" number="28">on</token>
<token t_id="93" sentence="4" number="29">the</token>
<token t_id="94" sentence="4" number="30">list</token>
<token t_id="95" sentence="4" number="31">.</token>
<token t_id="96" sentence="5" number="0">New</token>
<token t_id="97" sentence="5" number="1">Orleans</token>
<token t_id="98" sentence="5" number="2">picked</token>
<token t_id="99" sentence="5" number="3">up</token>
<token t_id="100" sentence="5" number="4">DeShawn</token>
<token t_id="101" sentence="5" number="5">Wynn</token>
<token t_id="102" sentence="5" number="6">on</token>
<token t_id="103" sentence="5" number="7">Monday</token>
<token t_id="104" sentence="5" number="8">after</token>
<token t_id="105" sentence="5" number="9">putting</token>
<token t_id="106" sentence="5" number="10">Chris</token>
<token t_id="107" sentence="5" number="11">Ivory</token>
<token t_id="108" sentence="5" number="12">on</token>
<token t_id="109" sentence="5" number="13">Injured</token>
<token t_id="110" sentence="5" number="14">Reserve</token>
<token t_id="111" sentence="5" number="15">and</token>
<token t_id="112" sentence="5" number="16">on</token>
<token t_id="113" sentence="5" number="17">Wednesday</token>
<token t_id="114" sentence="5" number="18">,</token>
<token t_id="115" sentence="5" number="19">signed</token>
<token t_id="116" sentence="5" number="20">Joique</token>
<token t_id="117" sentence="5" number="21">Bell</token>
<token t_id="118" sentence="5" number="22">to</token>
<token t_id="119" sentence="5" number="23">replace</token>
<token t_id="120" sentence="5" number="24">Thomas</token>
<token t_id="121" sentence="6" number="0">“</token>
<token t_id="122" sentence="6" number="1">With</token>
<token t_id="123" sentence="6" number="2">Pierre</token>
<token t_id="124" sentence="6" number="3">,</token>
<token t_id="125" sentence="6" number="4">last</token>
<token t_id="126" sentence="6" number="5">week</token>
<token t_id="127" sentence="6" number="6">during</token>
<token t_id="128" sentence="6" number="7">practice</token>
<token t_id="129" sentence="6" number="8">he</token>
<token t_id="130" sentence="6" number="9">had</token>
<token t_id="131" sentence="6" number="10">a</token>
<token t_id="132" sentence="6" number="11">setback</token>
<token t_id="133" sentence="6" number="12">,</token>
<token t_id="134" sentence="6" number="13">”</token>
<token t_id="135" sentence="6" number="14">head</token>
<token t_id="136" sentence="6" number="15">coach</token>
<token t_id="137" sentence="6" number="16">Sean</token>
<token t_id="138" sentence="6" number="17">Payton</token>
<token t_id="139" sentence="6" number="18">said</token>
<token t_id="140" sentence="6" number="19">.</token>
<token t_id="141" sentence="7" number="0">“</token>
<token t_id="142" sentence="7" number="1">We</token>
<token t_id="143" sentence="7" number="2">got</token>
<token t_id="144" sentence="7" number="3">to</token>
<token t_id="145" sentence="7" number="4">that</token>
<token t_id="146" sentence="7" number="5">point</token>
<token t_id="147" sentence="7" number="6">in</token>
<token t_id="148" sentence="7" number="7">discussing</token>
<token t_id="149" sentence="7" number="8">it</token>
<token t_id="150" sentence="7" number="9">with</token>
<token t_id="151" sentence="7" number="10">him</token>
<token t_id="152" sentence="7" number="11">where</token>
<token t_id="153" sentence="7" number="12">it</token>
<token t_id="154" sentence="7" number="13">was</token>
<token t_id="155" sentence="7" number="14">at</token>
<token t_id="156" sentence="7" number="15">.</token>
<token t_id="157" sentence="8" number="0">He</token>
<token t_id="158" sentence="8" number="1">came</token>
<token t_id="159" sentence="8" number="2">back</token>
<token t_id="160" sentence="8" number="3">and</token>
<token t_id="161" sentence="8" number="4">was</token>
<token t_id="162" sentence="8" number="5">very</token>
<token t_id="163" sentence="8" number="6">effective</token>
<token t_id="164" sentence="8" number="7">for</token>
<token t_id="165" sentence="8" number="8">a</token>
<token t_id="166" sentence="8" number="9">couple</token>
<token t_id="167" sentence="8" number="10">of</token>
<token t_id="168" sentence="8" number="11">games</token>
<token t_id="169" sentence="8" number="12">,</token>
<token t_id="170" sentence="8" number="13">particular</token>
<token t_id="171" sentence="8" number="14">the</token>
<token t_id="172" sentence="8" number="15">ATL</token>
<token t_id="173" sentence="8" number="16">game</token>
<token t_id="174" sentence="8" number="17">.</token>
<token t_id="175" sentence="9" number="0">But</token>
<token t_id="176" sentence="9" number="1">the</token>
<token t_id="177" sentence="9" number="2">setback</token>
<token t_id="178" sentence="9" number="3">was</token>
<token t_id="179" sentence="9" number="4">substantial</token>
<token t_id="180" sentence="9" number="5">.</token>
<token t_id="181" sentence="10" number="0">“</token>
<token t_id="182" sentence="10" number="1">We</token>
<token t_id="183" sentence="10" number="2">’</token>
<token t_id="184" sentence="10" number="3">re</token>
<token t_id="185" sentence="10" number="4">at</token>
<token t_id="186" sentence="10" number="5">the</token>
<token t_id="187" sentence="10" number="6">time</token>
<token t_id="188" sentence="10" number="7">of</token>
<token t_id="189" sentence="10" number="8">year</token>
<token t_id="190" sentence="10" number="9">where</token>
<token t_id="191" sentence="10" number="10">you</token>
<token t_id="192" sentence="10" number="11">want</token>
<token t_id="193" sentence="10" number="12">to</token>
<token t_id="194" sentence="10" number="13">do</token>
<token t_id="195" sentence="10" number="14">what</token>
<token t_id="196" sentence="10" number="15">’</token>
<token t_id="197" sentence="10" number="16">s</token>
<token t_id="198" sentence="10" number="17">best</token>
<token t_id="199" sentence="10" number="18">.</token>
<token t_id="200" sentence="11" number="0">The</token>
<token t_id="201" sentence="11" number="1">doctors</token>
<token t_id="202" sentence="11" number="2">,</token>
<token t_id="203" sentence="11" number="3">trainers</token>
<token t_id="204" sentence="11" number="4">and</token>
<token t_id="205" sentence="11" number="5">ourselves</token>
<token t_id="206" sentence="11" number="6">,</token>
<token t_id="207" sentence="11" number="7">we</token>
<token t_id="208" sentence="11" number="8">thought</token>
<token t_id="209" sentence="11" number="9">it</token>
<token t_id="210" sentence="11" number="10">was</token>
<token t_id="211" sentence="11" number="11">the</token>
<token t_id="212" sentence="11" number="12">best</token>
<token t_id="213" sentence="11" number="13">move</token>
<token t_id="214" sentence="11" number="14">.</token>
<token t_id="215" sentence="11" number="15">”</token>
<token t_id="216" sentence="12" number="0">New</token>
<token t_id="217" sentence="12" number="1">Orleans</token>
<token t_id="218" sentence="12" number="2">plays</token>
<token t_id="219" sentence="12" number="3">at</token>
<token t_id="220" sentence="12" number="4">Seattle</token>
<token t_id="221" sentence="12" number="5">on</token>
<token t_id="222" sentence="12" number="6">Saturday</token>
<token t_id="223" sentence="12" number="7">at</token>
<token t_id="224" sentence="12" number="8">3</token>
<token t_id="225" sentence="12" number="9">:</token>
<token t_id="226" sentence="12" number="10">30</token>
<token t_id="227" sentence="12" number="11">p</token>
<token t_id="228" sentence="12" number="12">.</token>
<token t_id="229" sentence="12" number="13">m</token>
<token t_id="230" sentence="12" number="14">.</token>
<token t_id="231" sentence="12" number="15">in</token>
<token t_id="232" sentence="12" number="16">the</token>
<token t_id="233" sentence="12" number="17">Wild</token>
<token t_id="234" sentence="12" number="18">Card</token>
<token t_id="235" sentence="12" number="19">round</token>
<token t_id="236" sentence="12" number="20">of</token>
<token t_id="237" sentence="12" number="21">the</token>
<token t_id="238" sentence="12" number="22">NFC</token>
<token t_id="239" sentence="12" number="23">playoffs</token>
<token t_id="240" sentence="12" number="24">.</token>
<token t_id="241" sentence="13" number="0">While</token>
<token t_id="242" sentence="13" number="1">Thomas</token>
<token t_id="243" sentence="13" number="2">went</token>
<token t_id="244" sentence="13" number="3">on</token>
<token t_id="245" sentence="13" number="4">IR</token>
<token t_id="246" sentence="13" number="5">,</token>
<token t_id="247" sentence="13" number="6">four</token>
<token t_id="248" sentence="13" number="7">others</token>
<token t_id="249" sentence="13" number="8">did</token>
<token t_id="250" sentence="13" number="9">not</token>
<token t_id="251" sentence="13" number="10">practice</token>
<token t_id="252" sentence="13" number="11">.</token>
<token t_id="253" sentence="14" number="0">Defensive</token>
<token t_id="254" sentence="14" number="1">tackle</token>
<token t_id="255" sentence="14" number="2">Anthony</token>
<token t_id="256" sentence="14" number="3">Hargrove</token>
<token t_id="257" sentence="14" number="4">(</token>
<token t_id="258" sentence="14" number="5">knee</token>
<token t_id="259" sentence="14" number="6">)</token>
<token t_id="260" sentence="14" number="7">,</token>
<token t_id="261" sentence="14" number="8">tight</token>
<token t_id="262" sentence="14" number="9">end</token>
<token t_id="263" sentence="14" number="10">Jimmy</token>
<token t_id="264" sentence="14" number="11">Graham</token>
<token t_id="265" sentence="14" number="12">(</token>
<token t_id="266" sentence="14" number="13">ankle</token>
<token t_id="267" sentence="14" number="14">)</token>
<token t_id="268" sentence="14" number="15">,</token>
<token t_id="269" sentence="14" number="16">linebacker</token>
<token t_id="270" sentence="14" number="17">Danny</token>
<token t_id="271" sentence="14" number="18">Clark</token>
<token t_id="272" sentence="14" number="19">(</token>
<token t_id="273" sentence="14" number="20">hamstring</token>
<token t_id="274" sentence="14" number="21">)</token>
<token t_id="275" sentence="14" number="22">and</token>
<token t_id="276" sentence="14" number="23">defensive</token>
<token t_id="277" sentence="14" number="24">back</token>
<token t_id="278" sentence="14" number="25">Malcolm</token>
<token t_id="279" sentence="14" number="26">Jenkins</token>
<token t_id="280" sentence="14" number="27">(</token>
<token t_id="281" sentence="14" number="28">knee</token>
<token t_id="282" sentence="14" number="29">)</token>
<token t_id="283" sentence="14" number="30">all</token>
<token t_id="284" sentence="14" number="31">sat</token>
<token t_id="285" sentence="14" number="32">out</token>
<token t_id="286" sentence="14" number="33">.</token>
<token t_id="287" sentence="15" number="0">Tight</token>
<token t_id="288" sentence="15" number="1">ends</token>
<token t_id="289" sentence="15" number="2">Jeremy</token>
<token t_id="290" sentence="15" number="3">Shockey</token>
<token t_id="291" sentence="15" number="4">(</token>
<token t_id="292" sentence="15" number="5">groin</token>
<token t_id="293" sentence="15" number="6">)</token>
<token t_id="294" sentence="15" number="7">and</token>
<token t_id="295" sentence="15" number="8">David</token>
<token t_id="296" sentence="15" number="9">Thomas</token>
<token t_id="297" sentence="15" number="10">(</token>
<token t_id="298" sentence="15" number="11">knee</token>
<token t_id="299" sentence="15" number="12">)</token>
<token t_id="300" sentence="15" number="13">both</token>
<token t_id="301" sentence="15" number="14">were</token>
<token t_id="302" sentence="15" number="15">limited</token>
<token t_id="303" sentence="15" number="16">while</token>
<token t_id="304" sentence="15" number="17">receiver</token>
<token t_id="305" sentence="15" number="18">Marques</token>
<token t_id="306" sentence="15" number="19">Colston</token>
<token t_id="307" sentence="15" number="20">(</token>
<token t_id="308" sentence="15" number="21">knee</token>
<token t_id="309" sentence="15" number="22">)</token>
<token t_id="310" sentence="15" number="23">and</token>
<token t_id="311" sentence="15" number="24">defensive</token>
<token t_id="312" sentence="15" number="25">end</token>
<token t_id="313" sentence="15" number="26">Alex</token>
<token t_id="314" sentence="15" number="27">Brown</token>
<token t_id="315" sentence="15" number="28">(</token>
<token t_id="316" sentence="15" number="29">shoulder</token>
<token t_id="317" sentence="15" number="30">)</token>
<token t_id="318" sentence="15" number="31">both</token>
<token t_id="319" sentence="15" number="32">were</token>
<token t_id="320" sentence="15" number="33">full</token>
<token t_id="321" sentence="15" number="34">.</token>
<token t_id="322" sentence="16" number="0">Thomas</token>
<token t_id="323" sentence="16" number="1">came</token>
<token t_id="324" sentence="16" number="2">into</token>
<token t_id="325" sentence="16" number="3">2010</token>
<token t_id="326" sentence="16" number="4">as</token>
<token t_id="327" sentence="16" number="5">the</token>
<token t_id="328" sentence="16" number="6">team</token>
<token t_id="329" sentence="16" number="7">’</token>
<token t_id="330" sentence="16" number="8">s</token>
<token t_id="331" sentence="16" number="9">leading</token>
<token t_id="332" sentence="16" number="10">returning</token>
<token t_id="333" sentence="16" number="11">rusher</token>
<token t_id="334" sentence="16" number="12">from</token>
<token t_id="335" sentence="16" number="13">the</token>
<token t_id="336" sentence="16" number="14">Saints</token>
<token t_id="337" sentence="16" number="15">’</token>
<token t_id="338" sentence="16" number="16">Super</token>
<token t_id="339" sentence="16" number="17">Bowl</token>
<token t_id="340" sentence="16" number="18">winning</token>
<token t_id="341" sentence="16" number="19">season</token>
<token t_id="342" sentence="16" number="20">.</token>
<token t_id="343" sentence="17" number="0">He</token>
<token t_id="344" sentence="17" number="1">had</token>
<token t_id="345" sentence="17" number="2">793</token>
<token t_id="346" sentence="17" number="3">yards</token>
<token t_id="347" sentence="17" number="4">and</token>
<token t_id="348" sentence="17" number="5">six</token>
<token t_id="349" sentence="17" number="6">touchdowns</token>
<token t_id="350" sentence="17" number="7">on</token>
<token t_id="351" sentence="17" number="8">147</token>
<token t_id="352" sentence="17" number="9">carries</token>
<token t_id="353" sentence="17" number="10">and</token>
<token t_id="354" sentence="17" number="11">caught</token>
<token t_id="355" sentence="17" number="12">39</token>
<token t_id="356" sentence="17" number="13">passes</token>
<token t_id="357" sentence="17" number="14">for</token>
<token t_id="358" sentence="17" number="15">302</token>
<token t_id="359" sentence="17" number="16">yards</token>
<token t_id="360" sentence="17" number="17">and</token>
<token t_id="361" sentence="17" number="18">another</token>
<token t_id="362" sentence="17" number="19">two</token>
<token t_id="363" sentence="17" number="20">touchdowns</token>
<token t_id="364" sentence="17" number="21">.</token>
<token t_id="365" sentence="18" number="0">But</token>
<token t_id="366" sentence="18" number="1">he</token>
<token t_id="367" sentence="18" number="2">missed</token>
<token t_id="368" sentence="18" number="3">10</token>
<token t_id="369" sentence="18" number="4">total</token>
<token t_id="370" sentence="18" number="5">games</token>
<token t_id="371" sentence="18" number="6">this</token>
<token t_id="372" sentence="18" number="7">season</token>
<token t_id="373" sentence="18" number="8">and</token>
<token t_id="374" sentence="18" number="9">had</token>
<token t_id="375" sentence="18" number="10">only</token>
<token t_id="376" sentence="18" number="11">269</token>
<token t_id="377" sentence="18" number="12">yards</token>
<token t_id="378" sentence="18" number="13">and</token>
<token t_id="379" sentence="18" number="14">two</token>
<token t_id="380" sentence="18" number="15">touchdowns</token>
<token t_id="381" sentence="18" number="16">on</token>
<token t_id="382" sentence="18" number="17">83</token>
<token t_id="383" sentence="18" number="18">carries</token>
<token t_id="384" sentence="18" number="19">and</token>
<token t_id="385" sentence="18" number="20">another</token>
<token t_id="386" sentence="18" number="21">201</token>
<token t_id="387" sentence="18" number="22">yards</token>
<token t_id="388" sentence="18" number="23">on</token>
<token t_id="389" sentence="18" number="24">29</token>
<token t_id="390" sentence="18" number="25">catches</token>
<token t_id="391" sentence="18" number="26">.</token>
<token t_id="392" sentence="19" number="0">The</token>
<token t_id="393" sentence="19" number="1">Saints</token>
<token t_id="394" sentence="19" number="2">have</token>
<token t_id="395" sentence="19" number="3">had</token>
<token t_id="396" sentence="19" number="4">a</token>
<token t_id="397" sentence="19" number="5">season</token>
<token t_id="398" sentence="19" number="6">-</token>
<token t_id="399" sentence="19" number="7">long</token>
<token t_id="400" sentence="19" number="8">struggle</token>
<token t_id="401" sentence="19" number="9">with</token>
<token t_id="402" sentence="19" number="10">the</token>
<token t_id="403" sentence="19" number="11">running</token>
<token t_id="404" sentence="19" number="12">back</token>
<token t_id="405" sentence="19" number="13">corps</token>
<token t_id="406" sentence="19" number="14">,</token>
<token t_id="407" sentence="19" number="15">dating</token>
<token t_id="408" sentence="19" number="16">back</token>
<token t_id="409" sentence="19" number="17">to</token>
<token t_id="410" sentence="19" number="18">training</token>
<token t_id="411" sentence="19" number="19">camp</token>
<token t_id="412" sentence="19" number="20">when</token>
<token t_id="413" sentence="19" number="21">Lynell</token>
<token t_id="414" sentence="19" number="22">Hamilton</token>
<token t_id="415" sentence="19" number="23">was</token>
<token t_id="416" sentence="19" number="24">lost</token>
<token t_id="417" sentence="19" number="25">for</token>
<token t_id="418" sentence="19" number="26">the</token>
<token t_id="419" sentence="19" number="27">season</token>
<token t_id="420" sentence="19" number="28">when</token>
<token t_id="421" sentence="19" number="29">he</token>
<token t_id="422" sentence="19" number="30">tore</token>
<token t_id="423" sentence="19" number="31">up</token>
<token t_id="424" sentence="19" number="32">his</token>
<token t_id="425" sentence="19" number="33">knee</token>
<token t_id="426" sentence="19" number="34">in</token>
<token t_id="427" sentence="19" number="35">practices</token>
<token t_id="428" sentence="19" number="36">with</token>
<token t_id="429" sentence="19" number="37">New</token>
<token t_id="430" sentence="19" number="38">England</token>
<token t_id="431" sentence="19" number="39">.</token>
<token t_id="432" sentence="20" number="0">Less</token>
<token t_id="433" sentence="20" number="1">than</token>
<token t_id="434" sentence="20" number="2">three</token>
<token t_id="435" sentence="20" number="3">weeks</token>
<token t_id="436" sentence="20" number="4">later</token>
<token t_id="437" sentence="20" number="5">,</token>
<token t_id="438" sentence="20" number="6">P</token>
<token t_id="439" sentence="20" number="7">.</token>
<token t_id="440" sentence="20" number="8">J</token>
<token t_id="441" sentence="20" number="9">.</token>
<token t_id="442" sentence="20" number="10">Hill</token>
<token t_id="443" sentence="20" number="11">was</token>
<token t_id="444" sentence="20" number="12">placed</token>
<token t_id="445" sentence="20" number="13">on</token>
<token t_id="446" sentence="20" number="14">IR</token>
<token t_id="447" sentence="20" number="15">with</token>
<token t_id="448" sentence="20" number="16">a</token>
<token t_id="449" sentence="20" number="17">torn</token>
<token t_id="450" sentence="20" number="18">triceps</token>
<token t_id="451" sentence="20" number="19">that</token>
<token t_id="452" sentence="20" number="20">he</token>
<token t_id="453" sentence="20" number="21">injured</token>
<token t_id="454" sentence="20" number="22">in</token>
<token t_id="455" sentence="20" number="23">a</token>
<token t_id="456" sentence="20" number="24">preseason</token>
<token t_id="457" sentence="20" number="25">game</token>
<token t_id="458" sentence="20" number="26">against</token>
<token t_id="459" sentence="20" number="27">Houston</token>
<token t_id="460" sentence="20" number="28">.</token>
<token t_id="461" sentence="21" number="0">Reggie</token>
<token t_id="462" sentence="21" number="1">Bush</token>
<token t_id="463" sentence="21" number="2">was</token>
<token t_id="464" sentence="21" number="3">lost</token>
<token t_id="465" sentence="21" number="4">for</token>
<token t_id="466" sentence="21" number="5">half</token>
<token t_id="467" sentence="21" number="6">the</token>
<token t_id="468" sentence="21" number="7">season</token>
<token t_id="469" sentence="21" number="8">after</token>
<token t_id="470" sentence="21" number="9">breaking</token>
<token t_id="471" sentence="21" number="10">his</token>
<token t_id="472" sentence="21" number="11">right</token>
<token t_id="473" sentence="21" number="12">fibula</token>
<token t_id="474" sentence="21" number="13">in</token>
<token t_id="475" sentence="21" number="14">New</token>
<token t_id="476" sentence="21" number="15">Orleans</token>
<token t_id="477" sentence="21" number="16">’</token>
<token t_id="478" sentence="21" number="17">Sept</token>
<token t_id="479" sentence="21" number="18">.</token>
<token t_id="480" sentence="21" number="19">20</token>
<token t_id="481" sentence="21" number="20">win</token>
<token t_id="482" sentence="21" number="21">over</token>
<token t_id="483" sentence="21" number="22">San</token>
<token t_id="484" sentence="21" number="23">Francisco</token>
<token t_id="485" sentence="21" number="24">.</token>
<token t_id="486" sentence="22" number="0">A</token>
<token t_id="487" sentence="22" number="1">week</token>
<token t_id="488" sentence="22" number="2">later</token>
<token t_id="489" sentence="22" number="3">,</token>
<token t_id="490" sentence="22" number="4">Pierre</token>
<token t_id="491" sentence="22" number="5">Thomas</token>
<token t_id="492" sentence="22" number="6">went</token>
<token t_id="493" sentence="22" number="7">out</token>
<token t_id="494" sentence="22" number="8">for</token>
<token t_id="495" sentence="22" number="9">nearly</token>
<token t_id="496" sentence="22" number="10">nine</token>
<token t_id="497" sentence="22" number="11">weeks</token>
<token t_id="498" sentence="22" number="12">when</token>
<token t_id="499" sentence="22" number="13">he</token>
<token t_id="500" sentence="22" number="14">severely</token>
<token t_id="501" sentence="22" number="15">sprained</token>
<token t_id="502" sentence="22" number="16">his</token>
<token t_id="503" sentence="22" number="17">ankle</token>
<token t_id="504" sentence="22" number="18">late</token>
<token t_id="505" sentence="22" number="19">in</token>
<token t_id="506" sentence="22" number="20">New</token>
<token t_id="507" sentence="22" number="21">Orleans</token>
<token t_id="508" sentence="22" number="22">’</token>
<token t_id="509" sentence="22" number="23">loss</token>
<token t_id="510" sentence="22" number="24">to</token>
<token t_id="511" sentence="22" number="25">Atlanta</token>
<token t_id="512" sentence="22" number="26">.</token>
<token t_id="513" sentence="23" number="0">But</token>
<token t_id="514" sentence="23" number="1">while</token>
<token t_id="515" sentence="23" number="2">Bush</token>
<token t_id="516" sentence="23" number="3">has</token>
<token t_id="517" sentence="23" number="4">returned</token>
<token t_id="518" sentence="23" number="5">and</token>
<token t_id="519" sentence="23" number="6">played</token>
<token t_id="520" sentence="23" number="7">in</token>
<token t_id="521" sentence="23" number="8">the</token>
<token t_id="522" sentence="23" number="9">past</token>
<token t_id="523" sentence="23" number="10">six</token>
<token t_id="524" sentence="23" number="11">games</token>
<token t_id="525" sentence="23" number="12">,</token>
<token t_id="526" sentence="23" number="13">Thomas</token>
<token t_id="527" sentence="23" number="14">was</token>
<token t_id="528" sentence="23" number="15">back</token>
<token t_id="529" sentence="23" number="16">for</token>
<token t_id="530" sentence="23" number="17">only</token>
<token t_id="531" sentence="23" number="18">three</token>
<token t_id="532" sentence="23" number="19">games</token>
<token t_id="533" sentence="23" number="20">before</token>
<token t_id="534" sentence="23" number="21">being</token>
<token t_id="535" sentence="23" number="22">listed</token>
<token t_id="536" sentence="23" number="23">on</token>
<token t_id="537" sentence="23" number="24">the</token>
<token t_id="538" sentence="23" number="25">inactive</token>
<token t_id="539" sentence="23" number="26">list</token>
<token t_id="540" sentence="23" number="27">for</token>
<token t_id="541" sentence="23" number="28">the</token>
<token t_id="542" sentence="23" number="29">regular</token>
<token t_id="543" sentence="23" number="30">season</token>
<token t_id="544" sentence="23" number="31">ender</token>
<token t_id="545" sentence="23" number="32">against</token>
<token t_id="546" sentence="23" number="33">Tampa</token>
<token t_id="547" sentence="23" number="34">Bay</token>
<token t_id="548" sentence="23" number="35">.</token>
<token t_id="549" sentence="24" number="0">He</token>
<token t_id="550" sentence="24" number="1">tweaked</token>
<token t_id="551" sentence="24" number="2">the</token>
<token t_id="552" sentence="24" number="3">same</token>
<token t_id="553" sentence="24" number="4">left</token>
<token t_id="554" sentence="24" number="5">ankle</token>
<token t_id="555" sentence="24" number="6">that</token>
<token t_id="556" sentence="24" number="7">bothered</token>
<token t_id="557" sentence="24" number="8">him</token>
<token t_id="558" sentence="24" number="9">originally</token>
<token t_id="559" sentence="24" number="10">the</token>
<token t_id="560" sentence="24" number="11">Friday</token>
<token t_id="561" sentence="24" number="12">before</token>
<token t_id="562" sentence="24" number="13">the</token>
<token t_id="563" sentence="24" number="14">game</token>
<token t_id="564" sentence="24" number="15">against</token>
<token t_id="565" sentence="24" number="16">the</token>
<token t_id="566" sentence="24" number="17">Bucs</token>
<token t_id="567" sentence="24" number="18">.</token>
<token t_id="568" sentence="25" number="0">Bell</token>
<token t_id="569" sentence="25" number="1">(</token>
<token t_id="570" sentence="25" number="2">5</token>
<token t_id="571" sentence="25" number="3">-</token>
<token t_id="572" sentence="25" number="4">foot</token>
<token t_id="573" sentence="25" number="5">-</token>
<token t_id="574" sentence="25" number="6">11</token>
<token t_id="575" sentence="25" number="7">,</token>
<token t_id="576" sentence="25" number="8">220</token>
<token t_id="577" sentence="25" number="9">pounds</token>
<token t_id="578" sentence="25" number="10">)</token>
<token t_id="579" sentence="25" number="11">has</token>
<token t_id="580" sentence="25" number="12">spent</token>
<token t_id="581" sentence="25" number="13">time</token>
<token t_id="582" sentence="25" number="14">with</token>
<token t_id="583" sentence="25" number="15">the</token>
<token t_id="584" sentence="25" number="16">Indianapolis</token>
<token t_id="585" sentence="25" number="17">Colts</token>
<token t_id="586" sentence="25" number="18">,</token>
<token t_id="587" sentence="25" number="19">Philadelphia</token>
<token t_id="588" sentence="25" number="20">and</token>
<token t_id="589" sentence="25" number="21">Buffalo</token>
<token t_id="590" sentence="25" number="22">this</token>
<token t_id="591" sentence="25" number="23">season</token>
<token t_id="592" sentence="25" number="24">,</token>
<token t_id="593" sentence="25" number="25">but</token>
<token t_id="594" sentence="25" number="26">has</token>
<token t_id="595" sentence="25" number="27">no</token>
<token t_id="596" sentence="25" number="28">carries</token>
<token t_id="597" sentence="25" number="29">.</token>
<token t_id="598" sentence="26" number="0">He</token>
<token t_id="599" sentence="26" number="1">played</token>
<token t_id="600" sentence="26" number="2">at</token>
<token t_id="601" sentence="26" number="3">Wayne</token>
<token t_id="602" sentence="26" number="4">State</token>
<token t_id="603" sentence="26" number="5">,</token>
<token t_id="604" sentence="26" number="6">where</token>
<token t_id="605" sentence="26" number="7">he</token>
<token t_id="606" sentence="26" number="8">finished</token>
<token t_id="607" sentence="26" number="9">with</token>
<token t_id="608" sentence="26" number="10">6</token>
<token t_id="609" sentence="26" number="11">,</token>
<token t_id="610" sentence="26" number="12">728</token>
<token t_id="611" sentence="26" number="13">yards</token>
<token t_id="612" sentence="26" number="14">rushing</token>
<token t_id="613" sentence="26" number="15">with</token>
<token t_id="614" sentence="26" number="16">96</token>
<token t_id="615" sentence="26" number="17">touchdowns</token>
<token t_id="616" sentence="26" number="18">in</token>
<token t_id="617" sentence="26" number="19">addition</token>
<token t_id="618" sentence="26" number="20">to</token>
<token t_id="619" sentence="26" number="21">918</token>
<token t_id="620" sentence="26" number="22">yards</token>
<token t_id="621" sentence="26" number="23">and</token>
<token t_id="622" sentence="26" number="24">four</token>
<token t_id="623" sentence="26" number="25">scores</token>
<token t_id="624" sentence="26" number="26">receiving</token>
<token t_id="625" sentence="26" number="27">.</token>
<Markables>
<ACTION_OCCURRENCE m_id="17"  >
  <token_anchor t_id="36"/>
</ACTION_OCCURRENCE>
<ACTION_OCCURRENCE m_id="18"  >
  <token_anchor t_id="66"/>
</ACTION_OCCURRENCE>
<ACTION_OCCURRENCE m_id="19"  >
  <token_anchor t_id="85"/>
</ACTION_OCCURRENCE>
<ACTION_OCCURRENCE m_id="20"  >
  <token_anchor t_id="98"/>
  <token_anchor t_id="99"/>
</ACTION_OCCURRENCE>
<ACTION_OCCURRENCE m_id="21"  >
  <token_anchor t_id="105"/>
</ACTION_OCCURRENCE>
<ACTION_OCCURRENCE m_id="22"  >
  <token_anchor t_id="115"/>
</ACTION_OCCURRENCE>
<ACTION_OCCURRENCE m_id="23"  >
  <token_anchor t_id="119"/>
</ACTION_OCCURRENCE>
<ACTION_OCCURRENCE m_id="33"  >
  <token_anchor t_id="243"/>
</ACTION_OCCURRENCE>
<ACTION_OCCURRENCE m_id="39"  >
  <token_anchor t_id="39"/>
</ACTION_OCCURRENCE>
<ACTION_STATE m_id="14"  >
  <token_anchor t_id="42"/>
</ACTION_STATE>
<ACTION_STATE m_id="15"  >
  <token_anchor t_id="72"/>
</ACTION_STATE>
<ACTION_STATE m_id="16"  >
  <token_anchor t_id="109"/>
  <token_anchor t_id="110"/>
</ACTION_STATE>
<ACTION_STATE m_id="32"  >
  <token_anchor t_id="245"/>
</ACTION_STATE>
<HUMAN_PART_ORG m_id="11"  >
  <token_anchor t_id="38"/>
</HUMAN_PART_ORG>
<HUMAN_PART_ORG m_id="12"  >
  <token_anchor t_id="65"/>
</HUMAN_PART_ORG>
<HUMAN_PART_ORG m_id="13"  >
  <token_anchor t_id="96"/>
  <token_anchor t_id="97"/>
</HUMAN_PART_ORG>
<HUMAN_PART_ORG m_id="29"  >
  <token_anchor t_id="83"/>
</HUMAN_PART_ORG>
<HUMAN_PART_PER m_id="9"  >
  <token_anchor t_id="120"/>
</HUMAN_PART_PER>
<HUMAN_PART_PER m_id="10"  >
  <token_anchor t_id="100"/>
  <token_anchor t_id="101"/>
</HUMAN_PART_PER>
<HUMAN_PART_PER m_id="30"  >
  <token_anchor t_id="242"/>
</HUMAN_PART_PER>
<HUMAN_PART_PER m_id="31"  >
  <token_anchor t_id="248"/>
</HUMAN_PART_PER>
<HUMAN_PART_PER m_id="3"  >
  <token_anchor t_id="32"/>
  <token_anchor t_id="33"/>
</HUMAN_PART_PER>
<HUMAN_PART_PER m_id="4"  >
  <token_anchor t_id="40"/>
</HUMAN_PART_PER>
<HUMAN_PART_PER m_id="5"  >
  <token_anchor t_id="69"/>
  <token_anchor t_id="70"/>
</HUMAN_PART_PER>
<HUMAN_PART_PER m_id="7"  >
  <token_anchor t_id="106"/>
  <token_anchor t_id="107"/>
</HUMAN_PART_PER>
<HUMAN_PART_PER m_id="8"  >
  <token_anchor t_id="116"/>
  <token_anchor t_id="117"/>
</HUMAN_PART_PER>
<NEG_ACTION_OCCURRENCE m_id="34"  >
  <token_anchor t_id="251"/>
</NEG_ACTION_OCCURRENCE>
<TIME_DATE m_id="24"  >
  <token_anchor t_id="73"/>
</TIME_DATE>
<TIME_DATE m_id="25"  >
  <token_anchor t_id="102"/>
  <token_anchor t_id="103"/>
</TIME_DATE>
<TIME_DATE m_id="26"  >
  <token_anchor t_id="112"/>
  <token_anchor t_id="113"/>
</TIME_DATE>
<TIME_DURATION m_id="27"  >
  <token_anchor t_id="80"/>
  <token_anchor t_id="81"/>
</TIME_DURATION>
<TIME_OF_THE_DAY m_id="1"  >
  <token_anchor t_id="45"/>
  <token_anchor t_id="46"/>
  <token_anchor t_id="47"/>
  <token_anchor t_id="48"/>
  <token_anchor t_id="49"/>
  <token_anchor t_id="50"/>
  <token_anchor t_id="51"/>
  <token_anchor t_id="52"/>
  <token_anchor t_id="53"/>
</TIME_OF_THE_DAY>
<TIME_OF_THE_DAY m_id="2"  >
  <token_anchor t_id="55"/>
  <token_anchor t_id="56"/>
  <token_anchor t_id="57"/>
  <token_anchor t_id="58"/>
  <token_anchor t_id="59"/>
  <token_anchor t_id="60"/>
  <token_anchor t_id="61"/>
  <token_anchor t_id="62"/>
  <token_anchor t_id="63"/>
</TIME_OF_THE_DAY>


<ACTION_STATE m_id="40" note="byCROMER" >
  <token_anchor t_id="94"/>
</ACTION_STATE>
<HUMAN_PART_PER m_id="41" note="byCROMER" >
  <token_anchor t_id="86"/>
  <token_anchor t_id="87"/>
  <token_anchor t_id="88"/>
  <token_anchor t_id="89"/>
  <token_anchor t_id="90"/>
  <token_anchor t_id="91"/>
</HUMAN_PART_PER>


<ACTION_OCCURRENCE m_id="50" RELATED_TO="" TAG_DESCRIPTOR="t25_place_ivory_on_ir" instance_id="ACT18423121407773140" />
<ACTION_STATE m_id="49" RELATED_TO="" TAG_DESCRIPTOR="t25_ir" instance_id="ACT18421355928785200" />
<ACTION_OCCURRENCE m_id="48" RELATED_TO="" TAG_DESCRIPTOR="t25_place_on_ir" instance_id="ACT18421264233178659" />
<HUMAN_PART_PER m_id="47" RELATED_TO="" TAG_DESCRIPTOR="t25_thomas" instance_id="HUM18421454142328012" />
<HUMAN_PART_ORG m_id="46" RELATED_TO="" TAG_DESCRIPTOR="t25_saints" instance_id="HUM18421383201372865" />
<TIME_DURATION m_id="45" RELATED_TO="" TAG_DESCRIPTOR="t25_two_days" instance_id="TIM18421625212650055" />
<ACTION_OCCURRENCE m_id="44" RELATED_TO="" TAG_DESCRIPTOR="t25_sign_bell" instance_id="ACT18421579876418082" />
<HUMAN_PART_PER m_id="43" RELATED_TO="" TAG_DESCRIPTOR="t25_wynn" instance_id="HUM18421419369629068" />
<TIME_DATE m_id="42" RELATED_TO="" TAG_DESCRIPTOR="t25_wednesday" instance_id="TIM18421477265853869" />
<ACTION_OCCURRENCE m_id="55" RELATED_TO="" TAG_DESCRIPTOR="t25_playoffs" instance_id="ACT18421310137864788" />
<ACTION_STATE m_id="54" RELATED_TO="" TAG_DESCRIPTOR="t25_ir_ivory" instance_id="ACT18423422310493515" />
<TIME_DATE m_id="53" RELATED_TO="" TAG_DESCRIPTOR="t25_monday" instance_id="TIM18421493633462637" />
<HUMAN_PART_PER m_id="52" RELATED_TO="" TAG_DESCRIPTOR="t25_ivory" instance_id="HUM18421400570576106" />
<HUMAN_PART_PER m_id="51" RELATED_TO="" TAG_DESCRIPTOR="t25_bell" instance_id="HUM18422039215343694" />
</Markables>

<Relations>
<CROSS_DOC_COREF r_id="41472" note="TIM18421477265853869" >
  <source m_id="26" />
  <source m_id="24" />
  <target m_id="42" />
</CROSS_DOC_COREF>
<CROSS_DOC_COREF r_id="41473" note="HUM18421419369629068" >
  <source m_id="10" />
  <target m_id="43" />
</CROSS_DOC_COREF>
<CROSS_DOC_COREF r_id="41474" note="ACT18421579876418082" >
  <source m_id="22" />
  <target m_id="44" />
</CROSS_DOC_COREF>
<CROSS_DOC_COREF r_id="41475" note="TIM18421625212650055" >
  <source m_id="27" />
  <target m_id="45" />
</CROSS_DOC_COREF>
<CROSS_DOC_COREF r_id="41476" note="HUM18421383201372865" >
  <source m_id="11" />
  <source m_id="13" />
  <source m_id="12" />
  <source m_id="29" />
  <target m_id="46" />
</CROSS_DOC_COREF>
<CROSS_DOC_COREF r_id="41477" note="HUM18421454142328012" >
  <source m_id="5" />
  <source m_id="4" />
  <source m_id="30" />
  <source m_id="41" />
  <source m_id="3" />
  <source m_id="9" />
  <target m_id="47" />
</CROSS_DOC_COREF>
<CROSS_DOC_COREF r_id="41478" note="ACT18421264233178659" >
  <source m_id="39" />
  <source m_id="19" />
  <source m_id="18" />
  <target m_id="48" />
</CROSS_DOC_COREF>
<CROSS_DOC_COREF r_id="41479" note="ACT18421355928785200" >
  <source m_id="14" />
  <source m_id="32" />
  <source m_id="40" />
  <source m_id="15" />
  <target m_id="49" />
</CROSS_DOC_COREF>
<CROSS_DOC_COREF r_id="41480" note="ACT18423121407773140" >
  <source m_id="21" />
  <target m_id="50" />
</CROSS_DOC_COREF>
<CROSS_DOC_COREF r_id="41481" note="HUM18422039215343694" >
  <source m_id="8" />
  <target m_id="51" />
</CROSS_DOC_COREF>
<CROSS_DOC_COREF r_id="41482" note="HUM18421400570576106" >
  <source m_id="7" />
  <target m_id="52" />
</CROSS_DOC_COREF>
<CROSS_DOC_COREF r_id="41483" note="TIM18421493633462637" >
  <source m_id="25" />
  <target m_id="53" />
</CROSS_DOC_COREF>
<CROSS_DOC_COREF r_id="41484" note="ACT18423422310493515" >
  <source m_id="16" />
  <target m_id="54" />
</CROSS_DOC_COREF>
<CROSS_DOC_COREF r_id="41485" note="ACT18421310137864788" >
  <source m_id="17" />
  <target m_id="55" />
</CROSS_DOC_COREF>

</Relations>
</Document>
