<Document doc_name="25_10ecb.xml" doc_id="DOC15654789338483688">
<token t_id="1" sentence="0" number="0">New</token>
<token t_id="2" sentence="0" number="1">Orleans</token>
<token t_id="3" sentence="0" number="2">Saints</token>
<token t_id="4" sentence="0" number="3">RB</token>
<token t_id="5" sentence="0" number="4">Reggie</token>
<token t_id="6" sentence="0" number="5">Bush</token>
<token t_id="7" sentence="0" number="6">'s</token>
<token t_id="8" sentence="0" number="7">season</token>
<token t_id="9" sentence="0" number="8">over</token>
<token t_id="10" sentence="1" number="0">The</token>
<token t_id="11" sentence="1" number="1">Associated</token>
<token t_id="12" sentence="1" number="2">Press</token>
<token t_id="13" sentence="1" number="3">reports</token>
<token t_id="14" sentence="1" number="4">New</token>
<token t_id="15" sentence="1" number="5">Orleans</token>
<token t_id="16" sentence="1" number="6">Saints</token>
<token t_id="17" sentence="1" number="7">running</token>
<token t_id="18" sentence="1" number="8">back</token>
<token t_id="19" sentence="1" number="9">Reggie</token>
<token t_id="20" sentence="1" number="10">Bush</token>
<token t_id="21" sentence="1" number="11">(</token>
<token t_id="22" sentence="1" number="12">knee</token>
<token t_id="23" sentence="1" number="13">)</token>
<token t_id="24" sentence="1" number="14">will</token>
<token t_id="25" sentence="1" number="15">miss</token>
<token t_id="26" sentence="1" number="16">the</token>
<token t_id="27" sentence="1" number="17">rest</token>
<token t_id="28" sentence="1" number="18">of</token>
<token t_id="29" sentence="1" number="19">the</token>
<token t_id="30" sentence="1" number="20">season</token>
<token t_id="31" sentence="1" number="21">.</token>
<token t_id="32" sentence="2" number="0">Bush</token>
<token t_id="33" sentence="2" number="1">underwent</token>
<token t_id="34" sentence="2" number="2">an</token>
<token t_id="35" sentence="2" number="3">MRI</token>
<token t_id="36" sentence="2" number="4">earlier</token>
<token t_id="37" sentence="2" number="5">this</token>
<token t_id="38" sentence="2" number="6">week</token>
<token t_id="39" sentence="2" number="7">,</token>
<token t_id="40" sentence="2" number="8">and</token>
<token t_id="41" sentence="2" number="9">head</token>
<token t_id="42" sentence="2" number="10">coach</token>
<token t_id="43" sentence="2" number="11">Sean</token>
<token t_id="44" sentence="2" number="12">Payton</token>
<token t_id="45" sentence="2" number="13">decided</token>
<token t_id="46" sentence="2" number="14">the</token>
<token t_id="47" sentence="2" number="15">team</token>
<token t_id="48" sentence="2" number="16">would</token>
<token t_id="49" sentence="2" number="17">place</token>
<token t_id="50" sentence="2" number="18">Bush</token>
<token t_id="51" sentence="2" number="19">on</token>
<token t_id="52" sentence="2" number="20">Injured</token>
<token t_id="53" sentence="2" number="21">Reserve</token>
<token t_id="54" sentence="2" number="22">.</token>
<token t_id="55" sentence="3" number="0">It</token>
<token t_id="56" sentence="3" number="1">has</token>
<token t_id="57" sentence="3" number="2">been</token>
<token t_id="58" sentence="3" number="3">a</token>
<token t_id="59" sentence="3" number="4">disappointing</token>
<token t_id="60" sentence="3" number="5">campaign</token>
<token t_id="61" sentence="3" number="6">for</token>
<token t_id="62" sentence="3" number="7">Bush</token>
<token t_id="63" sentence="3" number="8">;</token>
<token t_id="64" sentence="4" number="0">the</token>
<token t_id="65" sentence="4" number="1">2006</token>
<token t_id="66" sentence="4" number="2">second-overall</token>
<token t_id="67" sentence="4" number="3">pick</token>
<token t_id="68" sentence="4" number="4">played</token>
<token t_id="69" sentence="4" number="5">in</token>
<token t_id="70" sentence="4" number="6">just</token>
<token t_id="71" sentence="4" number="7">10</token>
<token t_id="72" sentence="4" number="8">games</token>
<token t_id="73" sentence="4" number="9">this</token>
<token t_id="74" sentence="4" number="10">year</token>
<token t_id="75" sentence="4" number="11">,</token>
<token t_id="76" sentence="4" number="12">rushing</token>
<token t_id="77" sentence="4" number="13">for</token>
<token t_id="78" sentence="4" number="14">404</token>
<token t_id="79" sentence="4" number="15">yards</token>
<token t_id="80" sentence="4" number="16">and</token>
<token t_id="81" sentence="4" number="17">two</token>
<token t_id="82" sentence="4" number="18">touchdowns</token>
<token t_id="83" sentence="4" number="19">while</token>
<token t_id="84" sentence="4" number="20">catching</token>
<token t_id="85" sentence="4" number="21">52</token>
<token t_id="86" sentence="4" number="22">passes</token>
<token t_id="87" sentence="4" number="23">for</token>
<token t_id="88" sentence="4" number="24">440</token>
<token t_id="89" sentence="4" number="25">yards</token>
<token t_id="90" sentence="4" number="26">and</token>
<token t_id="91" sentence="4" number="27">four</token>
<token t_id="92" sentence="4" number="28">scores</token>
<token t_id="93" sentence="4" number="29">.</token>
<token t_id="94" sentence="5" number="0">However</token>
<token t_id="95" sentence="5" number="1">,</token>
<token t_id="96" sentence="5" number="2">he</token>
<token t_id="97" sentence="5" number="3">missed</token>
<token t_id="98" sentence="5" number="4">time</token>
<token t_id="99" sentence="5" number="5">because</token>
<token t_id="100" sentence="5" number="6">of</token>
<token t_id="101" sentence="5" number="7">arthroscopic</token>
<token t_id="102" sentence="5" number="8">knee</token>
<token t_id="103" sentence="5" number="9">surgery</token>
<token t_id="104" sentence="5" number="10">earlier</token>
<token t_id="105" sentence="5" number="11">this</token>
<token t_id="106" sentence="5" number="12">year</token>
<token t_id="107" sentence="5" number="13">and</token>
<token t_id="108" sentence="5" number="14">apparently</token>
<token t_id="109" sentence="5" number="15">a</token>
<token t_id="110" sentence="5" number="16">knee</token>
<token t_id="111" sentence="5" number="17">sprain</token>
<token t_id="112" sentence="5" number="18">will</token>
<token t_id="113" sentence="5" number="19">halt</token>
<token t_id="114" sentence="5" number="20">his</token>
<token t_id="115" sentence="5" number="21">season</token>
<token t_id="116" sentence="5" number="22">.</token>
<token t_id="117" sentence="6" number="0">In</token>
<token t_id="118" sentence="6" number="1">Bush</token>
<token t_id="119" sentence="6" number="2">'s</token>
<token t_id="120" sentence="6" number="3">absence</token>
<token t_id="121" sentence="6" number="4">this</token>
<token t_id="122" sentence="6" number="5">year</token>
<token t_id="123" sentence="6" number="6">,</token>
<token t_id="124" sentence="6" number="7">running</token>
<token t_id="125" sentence="6" number="8">back</token>
<token t_id="126" sentence="6" number="9">Pierre</token>
<token t_id="127" sentence="6" number="10">Thomas</token>
<token t_id="128" sentence="6" number="11">has</token>
<token t_id="129" sentence="6" number="12">established</token>
<token t_id="130" sentence="6" number="13">himself</token>
<token t_id="131" sentence="6" number="14">as</token>
<token t_id="132" sentence="6" number="15">a</token>
<token t_id="133" sentence="6" number="16">legitimate</token>
<token t_id="134" sentence="6" number="17">No.</token>
<token t_id="135" sentence="6" number="18">1</token>
<token t_id="136" sentence="6" number="19">back</token>
<token t_id="137" sentence="6" number="20">.</token>
<token t_id="138" sentence="7" number="0">He</token>
<token t_id="139" sentence="7" number="1">has</token>
<token t_id="140" sentence="7" number="2">189</token>
<token t_id="141" sentence="7" number="3">rushing</token>
<token t_id="142" sentence="7" number="4">yards</token>
<token t_id="143" sentence="7" number="5">and</token>
<token t_id="144" sentence="7" number="6">two</token>
<token t_id="145" sentence="7" number="7">touchdowns</token>
<token t_id="146" sentence="7" number="8">in</token>
<token t_id="147" sentence="7" number="9">his</token>
<token t_id="148" sentence="7" number="10">last</token>
<token t_id="149" sentence="7" number="11">two</token>
<token t_id="150" sentence="7" number="12">games</token>
<token t_id="151" sentence="7" number="13">.</token>
<token t_id="152" sentence="8" number="0">He</token>
<token t_id="153" sentence="8" number="1">has</token>
<token t_id="154" sentence="8" number="2">also</token>
<token t_id="155" sentence="8" number="3">caught</token>
<token t_id="156" sentence="8" number="4">eight</token>
<token t_id="157" sentence="8" number="5">passes</token>
<token t_id="158" sentence="8" number="6">for</token>
<token t_id="159" sentence="8" number="7">66</token>
<token t_id="160" sentence="8" number="8">yards</token>
<token t_id="161" sentence="8" number="9">and</token>
<token t_id="162" sentence="8" number="10">two</token>
<token t_id="163" sentence="8" number="11">touchdowns</token>
<token t_id="164" sentence="8" number="12">.</token>
<token t_id="165" sentence="9" number="0">Of</token>
<token t_id="166" sentence="9" number="1">his</token>
<token t_id="167" sentence="9" number="2">11</token>
<token t_id="168" sentence="9" number="3">touchdowns</token>
<token t_id="169" sentence="9" number="4">this</token>
<token t_id="170" sentence="9" number="5">year</token>
<token t_id="171" sentence="9" number="6">,</token>
<token t_id="172" sentence="9" number="7">eight</token>
<token t_id="173" sentence="9" number="8">have</token>
<token t_id="174" sentence="9" number="9">come</token>
<token t_id="175" sentence="9" number="10">since</token>
<token t_id="176" sentence="9" number="11">the</token>
<token t_id="177" sentence="9" number="12">start</token>
<token t_id="178" sentence="9" number="13">of</token>
<token t_id="179" sentence="9" number="14">Week</token>
<token t_id="180" sentence="9" number="15">11</token>
<token t_id="181" sentence="9" number="16">.</token>
<token t_id="182" sentence="10" number="0">He</token>
<token t_id="183" sentence="10" number="1">has</token>
<token t_id="184" sentence="10" number="2">548</token>
<token t_id="185" sentence="10" number="3">rushing</token>
<token t_id="186" sentence="10" number="4">yards</token>
<token t_id="187" sentence="10" number="5">,</token>
<token t_id="188" sentence="10" number="6">28</token>
<token t_id="189" sentence="10" number="7">receptions</token>
<token t_id="190" sentence="10" number="8">and</token>
<token t_id="191" sentence="10" number="9">258</token>
<token t_id="192" sentence="10" number="10">receiving</token>
<token t_id="193" sentence="10" number="11">yards</token>
<token t_id="194" sentence="10" number="12">this</token>
<token t_id="195" sentence="10" number="13">season</token>
<token t_id="196" sentence="10" number="14">.</token>
<token t_id="197" sentence="11" number="0">Running</token>
<token t_id="198" sentence="11" number="1">back</token>
<token t_id="199" sentence="11" number="2">Deuce</token>
<token t_id="200" sentence="11" number="3">McAllister</token>
<token t_id="201" sentence="11" number="4">could</token>
<token t_id="202" sentence="11" number="5">see</token>
<token t_id="203" sentence="11" number="6">a</token>
<token t_id="204" sentence="11" number="7">few</token>
<token t_id="205" sentence="11" number="8">more</token>
<token t_id="206" sentence="11" number="9">touches</token>
<token t_id="207" sentence="11" number="10">with</token>
<token t_id="208" sentence="11" number="11">Bush</token>
<token t_id="209" sentence="11" number="12">out</token>
<token t_id="210" sentence="11" number="13">,</token>
<token t_id="211" sentence="11" number="14">yet</token>
<token t_id="212" sentence="11" number="15">even</token>
<token t_id="213" sentence="11" number="16">when</token>
<token t_id="214" sentence="11" number="17">Bush</token>
<token t_id="215" sentence="11" number="18">was</token>
<token t_id="216" sentence="11" number="19">out</token>
<token t_id="217" sentence="11" number="20">earlier</token>
<token t_id="218" sentence="11" number="21">this</token>
<token t_id="219" sentence="11" number="22">year</token>
<token t_id="220" sentence="11" number="23">,</token>
<token t_id="221" sentence="11" number="24">McAllister</token>
<token t_id="222" sentence="11" number="25">only</token>
<token t_id="223" sentence="11" number="26">once</token>
<token t_id="224" sentence="11" number="27">received</token>
<token t_id="225" sentence="11" number="28">more</token>
<token t_id="226" sentence="11" number="29">than</token>
<token t_id="227" sentence="11" number="30">eight</token>
<token t_id="228" sentence="11" number="31">utilizations</token>
<token t_id="229" sentence="11" number="32">in</token>
<token t_id="230" sentence="11" number="33">a</token>
<token t_id="231" sentence="11" number="34">game</token>
<token t_id="232" sentence="11" number="35">;</token>
<token t_id="233" sentence="11" number="36">the</token>
<token t_id="234" sentence="11" number="37">team</token>
<token t_id="235" sentence="11" number="38">used</token>
<token t_id="236" sentence="11" number="39">him</token>
<token t_id="237" sentence="11" number="40">22</token>
<token t_id="238" sentence="11" number="41">times</token>
<token t_id="239" sentence="11" number="42">in</token>
<token t_id="240" sentence="11" number="43">Week</token>
<token t_id="241" sentence="11" number="44">8.</token>
<token t_id="242" sentence="11" number="45">McAllister</token>
<token t_id="243" sentence="11" number="46">has</token>
<token t_id="244" sentence="11" number="47">just</token>
<token t_id="245" sentence="11" number="48">317</token>
<token t_id="246" sentence="11" number="49">rushing</token>
<token t_id="247" sentence="11" number="50">yards</token>
<token t_id="248" sentence="11" number="51">on</token>
<token t_id="249" sentence="11" number="52">the</token>
<token t_id="250" sentence="11" number="53">season</token>
<token t_id="251" sentence="11" number="54">and</token>
<token t_id="252" sentence="11" number="55">only</token>
<token t_id="253" sentence="11" number="56">54</token>
<token t_id="254" sentence="11" number="57">since</token>
<token t_id="255" sentence="11" number="58">the</token>
<token t_id="256" sentence="11" number="59">team</token>
<token t_id="257" sentence="11" number="60">'s</token>
<token t_id="258" sentence="11" number="61">Week</token>
<token t_id="259" sentence="11" number="62">9</token>
<token t_id="260" sentence="11" number="63">bye</token>
<token t_id="261" sentence="11" number="64">.</token>
<token t_id="262" sentence="12" number="0">However</token>
<token t_id="263" sentence="12" number="1">,</token>
<token t_id="264" sentence="12" number="2">he</token>
<token t_id="265" sentence="12" number="3">does</token>
<token t_id="266" sentence="12" number="4">have</token>
<token t_id="267" sentence="12" number="5">three</token>
<token t_id="268" sentence="12" number="6">of</token>
<token t_id="269" sentence="12" number="7">his</token>
<token t_id="270" sentence="12" number="8">four</token>
<token t_id="271" sentence="12" number="9">touchdowns</token>
<token t_id="272" sentence="12" number="10">in</token>
<token t_id="273" sentence="12" number="11">that</token>
<token t_id="274" sentence="12" number="12">stretch</token>
<token t_id="275" sentence="12" number="13">.</token>
<token t_id="276" sentence="13" number="0">Fullback</token>
<token t_id="277" sentence="13" number="1">Mike</token>
<token t_id="278" sentence="13" number="2">Karney</token>
<token t_id="279" sentence="13" number="3">has</token>
<token t_id="280" sentence="13" number="4">received</token>
<token t_id="281" sentence="13" number="5">five</token>
<token t_id="282" sentence="13" number="6">utilizations</token>
<token t_id="283" sentence="13" number="7">in</token>
<token t_id="284" sentence="13" number="8">the</token>
<token t_id="285" sentence="13" number="9">last</token>
<token t_id="286" sentence="13" number="10">two</token>
<token t_id="287" sentence="13" number="11">weeks</token>
<token t_id="288" sentence="13" number="12">,</token>
<token t_id="289" sentence="13" number="13">though</token>
<token t_id="290" sentence="13" number="14">most</token>
<token t_id="291" sentence="13" number="15">are</token>
<token t_id="292" sentence="13" number="16">on</token>
<token t_id="293" sentence="13" number="17">short-yardage</token>
<token t_id="294" sentence="13" number="18">situations</token>
<token t_id="295" sentence="13" number="19">.</token>
<token t_id="296" sentence="14" number="0">Fantasy</token>
<token t_id="297" sentence="14" number="1">owners</token>
<token t_id="298" sentence="14" number="2">carrying</token>
<token t_id="299" sentence="14" number="3">Bush</token>
<token t_id="300" sentence="14" number="4">have</token>
<token t_id="301" sentence="14" number="5">almost</token>
<token t_id="302" sentence="14" number="6">certainly</token>
<token t_id="303" sentence="14" number="7">missed</token>
<token t_id="304" sentence="14" number="8">out</token>
<token t_id="305" sentence="14" number="9">on</token>
<token t_id="306" sentence="14" number="10">Thomas</token>
<token t_id="307" sentence="14" number="11">;</token>
<token t_id="308" sentence="15" number="0">if</token>
<token t_id="309" sentence="15" number="1">for</token>
<token t_id="310" sentence="15" number="2">some</token>
<token t_id="311" sentence="15" number="3">reason</token>
<token t_id="312" sentence="15" number="4">he</token>
<token t_id="313" sentence="15" number="5">is</token>
<token t_id="314" sentence="15" number="6">available</token>
<token t_id="315" sentence="15" number="7">,</token>
<token t_id="316" sentence="15" number="8">pick</token>
<token t_id="317" sentence="15" number="9">him</token>
<token t_id="318" sentence="15" number="10">up</token>
<token t_id="319" sentence="15" number="11">immediately</token>
<token t_id="320" sentence="15" number="12">.</token>
<token t_id="321" sentence="16" number="0">McAllister</token>
<token t_id="322" sentence="16" number="1">is</token>
<token t_id="323" sentence="16" number="2">a</token>
<token t_id="324" sentence="16" number="3">last-ditch</token>
<token t_id="325" sentence="16" number="4">flex</token>
<token t_id="326" sentence="16" number="5">option</token>
<token t_id="327" sentence="16" number="6">as</token>
<token t_id="328" sentence="16" number="7">the</token>
<token t_id="329" sentence="16" number="8">Saints</token>
<token t_id="330" sentence="16" number="9">face</token>
<token t_id="331" sentence="16" number="10">the</token>
<token t_id="332" sentence="16" number="11">Detroit</token>
<token t_id="333" sentence="16" number="12">Lions</token>
<token t_id="334" sentence="16" number="13">in</token>
<token t_id="335" sentence="16" number="14">Week</token>
<token t_id="336" sentence="16" number="15">16</token>
<token t_id="337" sentence="16" number="16">,</token>
<token t_id="338" sentence="16" number="17">but</token>
<token t_id="339" sentence="16" number="18">playing</token>
<token t_id="340" sentence="16" number="19">him</token>
<token t_id="341" sentence="16" number="20">is</token>
<token t_id="342" sentence="16" number="21">a</token>
<token t_id="343" sentence="16" number="22">risk</token>
<token t_id="344" sentence="16" number="23">given</token>
<token t_id="345" sentence="16" number="24">Thomas</token>
<token t_id="346" sentence="16" number="25">'</token>
<token t_id="347" sentence="16" number="26">versatility</token>
<token t_id="348" sentence="16" number="27">.</token>
<token t_id="349" sentence="17" number="0">Karney</token>
<token t_id="350" sentence="17" number="1">is</token>
<token t_id="351" sentence="17" number="2">not</token>
<token t_id="352" sentence="17" number="3">a</token>
<token t_id="353" sentence="17" number="4">viable</token>
<token t_id="354" sentence="17" number="5">fantasy</token>
<token t_id="355" sentence="17" number="6">back</token>
<token t_id="356" sentence="17" number="7">.</token>
<Markables>
<ACTION_OCCURRENCE m_id="27"  >
  <token_anchor t_id="33"/>
</ACTION_OCCURRENCE>
<ACTION_OCCURRENCE m_id="28"  >
  <token_anchor t_id="45"/>
</ACTION_OCCURRENCE>
<ACTION_OCCURRENCE m_id="23"  >
  <token_anchor t_id="25"/>
</ACTION_OCCURRENCE>
<ACTION_REPORTING m_id="22"  >
  <token_anchor t_id="13"/>
</ACTION_REPORTING>
<HUMAN_PART_ORG m_id="33"  >
  <token_anchor t_id="47"/>
</HUMAN_PART_ORG>
<HUMAN_PART_ORG m_id="19"  >
  <token_anchor t_id="10"/>
  <token_anchor t_id="11"/>
  <token_anchor t_id="12"/>
</HUMAN_PART_ORG>
<HUMAN_PART_ORG m_id="20"  >
  <token_anchor t_id="14"/>
  <token_anchor t_id="15"/>
  <token_anchor t_id="16"/>
</HUMAN_PART_ORG>
<HUMAN_PART_PER m_id="32"  >
  <token_anchor t_id="43"/>
  <token_anchor t_id="44"/>
</HUMAN_PART_PER>
<HUMAN_PART_PER m_id="21"  >
  <token_anchor t_id="19"/>
  <token_anchor t_id="20"/>
</HUMAN_PART_PER>
<HUMAN_PART_PER m_id="25"  >
  <token_anchor t_id="32"/>
</HUMAN_PART_PER>
<HUMAN_PART_PER m_id="26"  >
  <token_anchor t_id="50"/>
</HUMAN_PART_PER>
<NON_HUMAN_PART m_id="31"  >
  <token_anchor t_id="35"/>
</NON_HUMAN_PART>
<TIME_DATE m_id="30"  >
  <token_anchor t_id="36"/>
  <token_anchor t_id="37"/>
  <token_anchor t_id="38"/>
</TIME_DATE>
<TIME_DURATION m_id="24"  >
  <token_anchor t_id="30"/>
</TIME_DURATION>


<ACTION_OCCURRENCE m_id="34" note="byCROMER" >
  <token_anchor t_id="49"/>
</ACTION_OCCURRENCE>
<ACTION_STATE m_id="35" note="byCROMER" >
  <token_anchor t_id="52"/>
  <token_anchor t_id="53"/>
</ACTION_STATE>


<TIME_DURATION m_id="39" RELATED_TO="" TAG_DESCRIPTOR="t25b_season" instance_id="TIM18424740461641641" />
<ACTION_OCCURRENCE m_id="38" RELATED_TO="" TAG_DESCRIPTOR="t25b_miss" instance_id="ACT18424962614215197" />
<HUMAN_PART_PER m_id="37" RELATED_TO="" TAG_DESCRIPTOR="t25b_coach_payton" instance_id="HUM27335373970096064" />
<HUMAN_PART_ORG m_id="36" RELATED_TO="" TAG_DESCRIPTOR="t25_saints" instance_id="HUM18421383201372865" />
<ACTION_OCCURRENCE m_id="43" RELATED_TO="" TAG_DESCRIPTOR="t25b_payton_decided" instance_id="ACT27335341792810383" />
<HUMAN_PART_PER m_id="42" RELATED_TO="" TAG_DESCRIPTOR="t25b_reggie_bush" instance_id="HUM18424257748764087" />
<ACTION_STATE m_id="41" RELATED_TO="" TAG_DESCRIPTOR="t25b_ir" instance_id="ACT18424320161764683" />
<ACTION_OCCURRENCE m_id="40" RELATED_TO="" TAG_DESCRIPTOR="t25b_placed" instance_id="ACT18424433020607960" />
</Markables>

<Relations>
<CROSS_DOC_COREF r_id="32973" note="HUM18421383201372865" >
  <source m_id="20" />
  <source m_id="33" />
  <target m_id="36" />
</CROSS_DOC_COREF>
<CROSS_DOC_COREF r_id="32974" note="HUM27335373970096064" >
  <source m_id="32" />
  <target m_id="37" />
</CROSS_DOC_COREF>
<CROSS_DOC_COREF r_id="32975" note="ACT18424962614215197" >
  <source m_id="23" />
  <target m_id="38" />
</CROSS_DOC_COREF>
<CROSS_DOC_COREF r_id="32976" note="TIM18424740461641641" >
  <source m_id="24" />
  <target m_id="39" />
</CROSS_DOC_COREF>
<CROSS_DOC_COREF r_id="32977" note="ACT18424433020607960" >
  <source m_id="34" />
  <target m_id="40" />
</CROSS_DOC_COREF>
<CROSS_DOC_COREF r_id="32978" note="ACT18424320161764683" >
  <source m_id="35" />
  <target m_id="41" />
</CROSS_DOC_COREF>
<CROSS_DOC_COREF r_id="32979" note="HUM18424257748764087" >
  <source m_id="25" />
  <source m_id="21" />
  <source m_id="26" />
  <target m_id="42" />
</CROSS_DOC_COREF>
<CROSS_DOC_COREF r_id="32980" note="ACT27335341792810383" >
  <source m_id="28" />
  <target m_id="43" />
</CROSS_DOC_COREF>

</Relations>
</Document>
