<Document doc_name="25_1ecb.xml" doc_id="DOC15654788515296635">
<token t_id="1" sentence="0" number="0">Saints</token>
<token t_id="2" sentence="0" number="1">place</token>
<token t_id="3" sentence="0" number="2">Bush</token>
<token t_id="4" sentence="0" number="3">on</token>
<token t_id="5" sentence="0" number="4">IR</token>
<token t_id="6" sentence="1" number="0">The</token>
<token t_id="7" sentence="1" number="1">New</token>
<token t_id="8" sentence="1" number="2">Orleans</token>
<token t_id="9" sentence="1" number="3">Saints</token>
<token t_id="10" sentence="1" number="4">have</token>
<token t_id="11" sentence="1" number="5">placed</token>
<token t_id="12" sentence="1" number="6">running</token>
<token t_id="13" sentence="1" number="7">back</token>
<token t_id="14" sentence="1" number="8">Reggie</token>
<token t_id="15" sentence="1" number="9">Bush</token>
<token t_id="16" sentence="1" number="10">on</token>
<token t_id="17" sentence="1" number="11">injured</token>
<token t_id="18" sentence="1" number="12">reserve</token>
<token t_id="19" sentence="1" number="13">because</token>
<token t_id="20" sentence="1" number="14">of</token>
<token t_id="21" sentence="1" number="15">a</token>
<token t_id="22" sentence="1" number="16">sprained</token>
<token t_id="23" sentence="1" number="17">knee</token>
<token t_id="24" sentence="1" number="18">.</token>
<token t_id="25" sentence="2" number="0">Bush</token>
<token t_id="26" sentence="2" number="1">was</token>
<token t_id="27" sentence="2" number="2">hurt</token>
<token t_id="28" sentence="2" number="3">last</token>
<token t_id="29" sentence="2" number="4">Thursday</token>
<token t_id="30" sentence="2" number="5">in</token>
<token t_id="31" sentence="2" number="6">a</token>
<token t_id="32" sentence="2" number="7">27-24</token>
<token t_id="33" sentence="2" number="8">loss</token>
<token t_id="34" sentence="2" number="9">to</token>
<token t_id="35" sentence="2" number="10">Chicago</token>
<token t_id="36" sentence="2" number="11">.</token>
<token t_id="37" sentence="3" number="0">The</token>
<token t_id="38" sentence="3" number="1">Saints</token>
<token t_id="39" sentence="3" number="2">are</token>
<token t_id="40" sentence="3" number="3">7-7</token>
<token t_id="41" sentence="3" number="4">and</token>
<token t_id="42" sentence="3" number="5">were</token>
<token t_id="43" sentence="3" number="6">eliminated</token>
<token t_id="44" sentence="3" number="7">from</token>
<token t_id="45" sentence="3" number="8">playoff</token>
<token t_id="46" sentence="3" number="9">contention</token>
<token t_id="47" sentence="3" number="10">over</token>
<token t_id="48" sentence="3" number="11">the</token>
<token t_id="49" sentence="3" number="12">weekend</token>
<token t_id="50" sentence="3" number="13">.</token>
<token t_id="51" sentence="4" number="0">The</token>
<token t_id="52" sentence="4" number="1">third-year</token>
<token t_id="53" sentence="4" number="2">star</token>
<token t_id="54" sentence="4" number="3">from</token>
<token t_id="55" sentence="4" number="4">Southern</token>
<token t_id="56" sentence="4" number="5">California</token>
<token t_id="57" sentence="4" number="6">was</token>
<token t_id="58" sentence="4" number="7">the</token>
<token t_id="59" sentence="4" number="8">team</token>
<token t_id="60" sentence="4" number="9">'s</token>
<token t_id="61" sentence="4" number="10">second-leading</token>
<token t_id="62" sentence="4" number="11">rusher</token>
<token t_id="63" sentence="4" number="12">and</token>
<token t_id="64" sentence="4" number="13">receiver</token>
<token t_id="65" sentence="4" number="14">this</token>
<token t_id="66" sentence="4" number="15">season</token>
<token t_id="67" sentence="4" number="16">,</token>
<token t_id="68" sentence="4" number="17">despite</token>
<token t_id="69" sentence="4" number="18">missing</token>
<token t_id="70" sentence="4" number="19">four</token>
<token t_id="71" sentence="4" number="20">games</token>
<token t_id="72" sentence="4" number="21">to</token>
<token t_id="73" sentence="4" number="22">recover</token>
<token t_id="74" sentence="4" number="23">from</token>
<token t_id="75" sentence="4" number="24">arthroscopic</token>
<token t_id="76" sentence="4" number="25">surgery</token>
<token t_id="77" sentence="4" number="26">for</token>
<token t_id="78" sentence="4" number="27">a</token>
<token t_id="79" sentence="4" number="28">knee</token>
<token t_id="80" sentence="4" number="29">injury</token>
<token t_id="81" sentence="4" number="30">suffered</token>
<token t_id="82" sentence="4" number="31">in</token>
<token t_id="83" sentence="4" number="32">an</token>
<token t_id="84" sentence="4" number="33">October</token>
<token t_id="85" sentence="4" number="34">19</token>
<token t_id="86" sentence="4" number="35">game</token>
<token t_id="87" sentence="4" number="36">against</token>
<token t_id="88" sentence="4" number="37">Carolina</token>
<token t_id="89" sentence="4" number="38">.</token>
<token t_id="90" sentence="5" number="0">Bush</token>
<token t_id="91" sentence="5" number="1">will</token>
<token t_id="92" sentence="5" number="2">finish</token>
<token t_id="93" sentence="5" number="3">the</token>
<token t_id="94" sentence="5" number="4">year</token>
<token t_id="95" sentence="5" number="5">with</token>
<token t_id="96" sentence="5" number="6">404</token>
<token t_id="97" sentence="5" number="7">yards</token>
<token t_id="98" sentence="5" number="8">rushing</token>
<token t_id="99" sentence="5" number="9">and</token>
<token t_id="100" sentence="5" number="10">a</token>
<token t_id="101" sentence="5" number="11">pair</token>
<token t_id="102" sentence="5" number="12">of</token>
<token t_id="103" sentence="5" number="13">touchdowns</token>
<token t_id="104" sentence="5" number="14">,</token>
<token t_id="105" sentence="5" number="15">as</token>
<token t_id="106" sentence="5" number="16">well</token>
<token t_id="107" sentence="5" number="17">as</token>
<token t_id="108" sentence="5" number="18">52</token>
<token t_id="109" sentence="5" number="19">catches</token>
<token t_id="110" sentence="5" number="20">for</token>
<token t_id="111" sentence="5" number="21">440</token>
<token t_id="112" sentence="5" number="22">yards</token>
<token t_id="113" sentence="5" number="23">and</token>
<token t_id="114" sentence="5" number="24">four</token>
<token t_id="115" sentence="5" number="25">scores</token>
<token t_id="116" sentence="5" number="26">.</token>
<token t_id="117" sentence="6" number="0">He</token>
<token t_id="118" sentence="6" number="1">also</token>
<token t_id="119" sentence="6" number="2">returned</token>
<token t_id="120" sentence="6" number="3">three</token>
<token t_id="121" sentence="6" number="4">punts</token>
<token t_id="122" sentence="6" number="5">for</token>
<token t_id="123" sentence="6" number="6">touchdowns</token>
<token t_id="124" sentence="6" number="7">.</token>
<token t_id="125" sentence="7" number="0">The</token>
<token t_id="126" sentence="7" number="1">Saints</token>
<token t_id="127" sentence="7" number="2">signed</token>
<token t_id="128" sentence="7" number="3">cornerback</token>
<token t_id="129" sentence="7" number="4">Michael</token>
<token t_id="130" sentence="7" number="5">Lehan</token>
<token t_id="131" sentence="7" number="6">to</token>
<token t_id="132" sentence="7" number="7">fill</token>
<token t_id="133" sentence="7" number="8">the</token>
<token t_id="134" sentence="7" number="9">vacant</token>
<token t_id="135" sentence="7" number="10">roster</token>
<token t_id="136" sentence="7" number="11">spot</token>
<token t_id="137" sentence="7" number="12">.</token>
<Markables>
<ACTION_OCCURRENCE m_id="8"  >
  <token_anchor t_id="11"/>
</ACTION_OCCURRENCE>
<ACTION_STATE m_id="9"  >
  <token_anchor t_id="17"/>
  <token_anchor t_id="18"/>
</ACTION_STATE>
<HUMAN_PART_ORG m_id="6"  >
  <token_anchor t_id="6"/>
  <token_anchor t_id="7"/>
  <token_anchor t_id="8"/>
  <token_anchor t_id="9"/>
</HUMAN_PART_ORG>
<HUMAN_PART_PER m_id="7"  >
  <token_anchor t_id="14"/>
  <token_anchor t_id="15"/>
</HUMAN_PART_PER>
<NON_HUMAN_PART m_id="10"  >
  <token_anchor t_id="23"/>
</NON_HUMAN_PART>


<ACTION_OCCURRENCE m_id="11" note="byCROMER" >
  <token_anchor t_id="22"/>
</ACTION_OCCURRENCE>


<HUMAN_PART_PER m_id="17" RELATED_TO="" TAG_DESCRIPTOR="t25b_reggie_bush" instance_id="HUM18424257748764087" />
<ACTION_STATE m_id="16" RELATED_TO="" TAG_DESCRIPTOR="t25b_ir" instance_id="ACT18424320161764683" />
<ACTION_OCCURRENCE m_id="15" RELATED_TO="" TAG_DESCRIPTOR="t25b_placed" instance_id="ACT18424433020607960" />
<ACTION_OCCURRENCE m_id="14" RELATED_TO="" TAG_DESCRIPTOR="t25b_twisted_knie" instance_id="ACT27336762490609809" />
<HUMAN_PART_ORG m_id="13" RELATED_TO="" TAG_DESCRIPTOR="t25_saints" instance_id="HUM18421383201372865" />
<NON_HUMAN_PART m_id="12" RELATED_TO="" TAG_DESCRIPTOR="t25b_knee" instance_id="NON18424585860042730" />
</Markables>

<Relations>
<CROSS_DOC_COREF r_id="32910" note="NON18424585860042730" >
  <source m_id="10" />
  <target m_id="12" />
</CROSS_DOC_COREF>
<CROSS_DOC_COREF r_id="32911" note="HUM18421383201372865" >
  <source m_id="6" />
  <target m_id="13" />
</CROSS_DOC_COREF>
<CROSS_DOC_COREF r_id="32912" note="ACT27336762490609809" >
  <source m_id="11" />
  <target m_id="14" />
</CROSS_DOC_COREF>
<CROSS_DOC_COREF r_id="32913" note="ACT18424433020607960" >
  <source m_id="8" />
  <target m_id="15" />
</CROSS_DOC_COREF>
<CROSS_DOC_COREF r_id="32914" note="ACT18424320161764683" >
  <source m_id="9" />
  <target m_id="16" />
</CROSS_DOC_COREF>
<CROSS_DOC_COREF r_id="32915" note="HUM18424257748764087" >
  <source m_id="7" />
  <target m_id="17" />
</CROSS_DOC_COREF>

</Relations>
</Document>
