<Document doc_name="25_14ecb.xml" doc_id="DOC15654789416745118">
<token t_id="1" sentence="0" number="0">Bush</token>
<token t_id="2" sentence="0" number="1">placed</token>
<token t_id="3" sentence="0" number="2">on</token>
<token t_id="4" sentence="0" number="3">injured</token>
<token t_id="5" sentence="0" number="4">reserve</token>
<token t_id="6" sentence="1" number="0">The</token>
<token t_id="7" sentence="1" number="1">Saints</token>
<token t_id="8" sentence="1" number="2">placed</token>
<token t_id="9" sentence="1" number="3">running</token>
<token t_id="10" sentence="1" number="4">back</token>
<token t_id="11" sentence="1" number="5">Reggie</token>
<token t_id="12" sentence="1" number="6">Bush</token>
<token t_id="13" sentence="1" number="7">on</token>
<token t_id="14" sentence="1" number="8">injured</token>
<token t_id="15" sentence="1" number="9">reserve</token>
<token t_id="16" sentence="1" number="10">ending</token>
<token t_id="17" sentence="1" number="11">his</token>
<token t_id="18" sentence="1" number="12">season</token>
<token t_id="19" sentence="1" number="13">.</token>
<token t_id="20" sentence="2" number="0">The</token>
<token t_id="21" sentence="2" number="1">decision</token>
<token t_id="22" sentence="2" number="2">was</token>
<token t_id="23" sentence="2" number="3">made</token>
<token t_id="24" sentence="2" number="4">after</token>
<token t_id="25" sentence="2" number="5">Bush</token>
<token t_id="26" sentence="2" number="6">met</token>
<token t_id="27" sentence="2" number="7">with</token>
<token t_id="28" sentence="2" number="8">Dr.</token>
<token t_id="29" sentence="2" number="9">James</token>
<token t_id="30" sentence="2" number="10">Andrews</token>
<token t_id="31" sentence="2" number="11">this</token>
<token t_id="32" sentence="2" number="12">past</token>
<token t_id="33" sentence="2" number="13">week</token>
<token t_id="34" sentence="2" number="14">.</token>
<token t_id="35" sentence="3" number="0">Bush</token>
<token t_id="36" sentence="3" number="1">injured</token>
<token t_id="37" sentence="3" number="2">his</token>
<token t_id="38" sentence="3" number="3">left</token>
<token t_id="39" sentence="3" number="4">knee</token>
<token t_id="40" sentence="3" number="5">on</token>
<token t_id="41" sentence="3" number="6">Oct.</token>
<token t_id="42" sentence="3" number="7">19</token>
<token t_id="43" sentence="3" number="8">and</token>
<token t_id="44" sentence="3" number="9">had</token>
<token t_id="45" sentence="3" number="10">arthroscopic</token>
<token t_id="46" sentence="3" number="11">surgery</token>
<token t_id="47" sentence="3" number="12">to</token>
<token t_id="48" sentence="3" number="13">fix</token>
<token t_id="49" sentence="3" number="14">a</token>
<token t_id="50" sentence="3" number="15">torn</token>
<token t_id="51" sentence="3" number="16">meniscus</token>
<token t_id="52" sentence="3" number="17">and</token>
<token t_id="53" sentence="3" number="18">missed</token>
<token t_id="54" sentence="3" number="19">four</token>
<token t_id="55" sentence="3" number="20">games</token>
<token t_id="56" sentence="3" number="21">.</token>
<token t_id="57" sentence="4" number="0">He</token>
<token t_id="58" sentence="4" number="1">was</token>
<token t_id="59" sentence="4" number="2">bothered</token>
<token t_id="60" sentence="4" number="3">by</token>
<token t_id="61" sentence="4" number="4">the</token>
<token t_id="62" sentence="4" number="5">knee</token>
<token t_id="63" sentence="4" number="6">last</token>
<token t_id="64" sentence="4" number="7">week</token>
<token t_id="65" sentence="4" number="8">against</token>
<token t_id="66" sentence="4" number="9">the</token>
<token t_id="67" sentence="4" number="10">Bears</token>
<token t_id="68" sentence="4" number="11">and</token>
<token t_id="69" sentence="4" number="12">did</token>
<token t_id="70" sentence="4" number="13">n't</token>
<token t_id="71" sentence="4" number="14">play</token>
<token t_id="72" sentence="4" number="15">in</token>
<token t_id="73" sentence="4" number="16">the</token>
<token t_id="74" sentence="4" number="17">second</token>
<token t_id="75" sentence="4" number="18">half</token>
<token t_id="76" sentence="4" number="19">.</token>
<token t_id="77" sentence="5" number="0">Pierre</token>
<token t_id="78" sentence="5" number="1">Thomas</token>
<token t_id="79" sentence="5" number="2">will</token>
<token t_id="80" sentence="5" number="3">get</token>
<token t_id="81" sentence="5" number="4">most</token>
<token t_id="82" sentence="5" number="5">of</token>
<token t_id="83" sentence="5" number="6">the</token>
<token t_id="84" sentence="5" number="7">carries</token>
<token t_id="85" sentence="5" number="8">and</token>
<token t_id="86" sentence="5" number="9">is</token>
<token t_id="87" sentence="5" number="10">an</token>
<token t_id="88" sentence="5" number="11">excellent</token>
<token t_id="89" sentence="5" number="12">play</token>
<token t_id="90" sentence="5" number="13">against</token>
<token t_id="91" sentence="5" number="14">the</token>
<token t_id="92" sentence="5" number="15">Lions</token>
<token t_id="93" sentence="5" number="16">this</token>
<token t_id="94" sentence="5" number="17">week</token>
<token t_id="95" sentence="5" number="18">.</token>
<Markables>
<ACTION_ASPECTUAL m_id="11"  >
  <token_anchor t_id="16"/>
</ACTION_ASPECTUAL>
<ACTION_OCCURRENCE m_id="8"  >
  <token_anchor t_id="8"/>
</ACTION_OCCURRENCE>
<ACTION_STATE m_id="12"  >
  <token_anchor t_id="14"/>
  <token_anchor t_id="15"/>
</ACTION_STATE>
<HUMAN_PART_ORG m_id="7"  >
  <token_anchor t_id="6"/>
  <token_anchor t_id="7"/>
</HUMAN_PART_ORG>
<HUMAN_PART_PER m_id="9"  >
  <token_anchor t_id="11"/>
  <token_anchor t_id="12"/>
</HUMAN_PART_PER>
<TIME_DURATION m_id="10"  >
  <token_anchor t_id="18"/>
</TIME_DURATION>


<HUMAN_PART_PER m_id="14" note="byCROMER" >
  <token_anchor t_id="17"/>
</HUMAN_PART_PER>


<ACTION_STATE m_id="19" RELATED_TO="" TAG_DESCRIPTOR="t25b_ir" instance_id="ACT18424320161764683" />
<HUMAN_PART_PER m_id="20" RELATED_TO="" TAG_DESCRIPTOR="t25b_reggie_bush" instance_id="HUM18424257748764087" />
<TIME_DURATION m_id="18" RELATED_TO="" TAG_DESCRIPTOR="t25b_season" instance_id="TIM18424740461641641" />
<ACTION_OCCURRENCE m_id="17" RELATED_TO="" TAG_DESCRIPTOR="t25b_placed" instance_id="ACT18424433020607960" />
<ACTION_ASPECTUAL m_id="16" RELATED_TO="" TAG_DESCRIPTOR="t25b_ending" instance_id="ACT18425119237522860" />
<HUMAN_PART_ORG m_id="15" RELATED_TO="" TAG_DESCRIPTOR="t25_saints" instance_id="HUM18421383201372865" />
</Markables>

<Relations>
<CROSS_DOC_COREF r_id="33002" note="HUM18421383201372865" >
  <source m_id="7" />
  <target m_id="15" />
</CROSS_DOC_COREF>
<CROSS_DOC_COREF r_id="33003" note="ACT18425119237522860" >
  <source m_id="11" />
  <target m_id="16" />
</CROSS_DOC_COREF>
<CROSS_DOC_COREF r_id="33004" note="ACT18424433020607960" >
  <source m_id="8" />
  <target m_id="17" />
</CROSS_DOC_COREF>
<CROSS_DOC_COREF r_id="33005" note="TIM18424740461641641" >
  <source m_id="10" />
  <target m_id="18" />
</CROSS_DOC_COREF>
<CROSS_DOC_COREF r_id="33006" note="ACT18424320161764683" >
  <source m_id="12" />
  <target m_id="19" />
</CROSS_DOC_COREF>
<CROSS_DOC_COREF r_id="33007" note="HUM18424257748764087" >
  <source m_id="9" />
  <source m_id="14" />
  <target m_id="20" />
</CROSS_DOC_COREF>

</Relations>
</Document>
