<Document doc_name="25_2ecb.xml" doc_id="DOC15654788633754675">
<token t_id="1" sentence="0" number="0">Injured</token>
<token t_id="2" sentence="0" number="1">Saints</token>
<token t_id="3" sentence="0" number="2">RB</token>
<token t_id="4" sentence="0" number="3">Reggie</token>
<token t_id="5" sentence="0" number="4">Bush</token>
<token t_id="6" sentence="0" number="5">to</token>
<token t_id="7" sentence="0" number="6">miss</token>
<token t_id="8" sentence="0" number="7">last</token>
<token t_id="9" sentence="0" number="8">2</token>
<token t_id="10" sentence="0" number="9">games</token>
<token t_id="11" sentence="1" number="0">Running</token>
<token t_id="12" sentence="1" number="1">back</token>
<token t_id="13" sentence="1" number="2">Reggie</token>
<token t_id="14" sentence="1" number="3">Bush</token>
<token t_id="15" sentence="1" number="4">will</token>
<token t_id="16" sentence="1" number="5">miss</token>
<token t_id="17" sentence="1" number="6">the</token>
<token t_id="18" sentence="1" number="7">final</token>
<token t_id="19" sentence="1" number="8">two</token>
<token t_id="20" sentence="1" number="9">games</token>
<token t_id="21" sentence="1" number="10">of</token>
<token t_id="22" sentence="1" number="11">the</token>
<token t_id="23" sentence="1" number="12">New</token>
<token t_id="24" sentence="1" number="13">Orleans</token>
<token t_id="25" sentence="1" number="14">Saints</token>
<token t_id="26" sentence="1" number="15">'</token>
<token t_id="27" sentence="1" number="16">season</token>
<token t_id="28" sentence="1" number="17">.</token>
<token t_id="29" sentence="2" number="0">The</token>
<token t_id="30" sentence="2" number="1">knee</token>
<token t_id="31" sentence="2" number="2">was</token>
<token t_id="32" sentence="2" number="3">examined</token>
<token t_id="33" sentence="2" number="4">over</token>
<token t_id="34" sentence="2" number="5">the</token>
<token t_id="35" sentence="2" number="6">weekend</token>
<token t_id="36" sentence="2" number="7">and</token>
<token t_id="37" sentence="2" number="8">coach</token>
<token t_id="38" sentence="2" number="9">Sean</token>
<token t_id="39" sentence="2" number="10">Payton</token>
<token t_id="40" sentence="2" number="11">said</token>
<token t_id="41" sentence="2" number="12">at</token>
<token t_id="42" sentence="2" number="13">practice</token>
<token t_id="43" sentence="2" number="14">on</token>
<token t_id="44" sentence="2" number="15">Wednesday</token>
<token t_id="45" sentence="2" number="16">that</token>
<token t_id="46" sentence="2" number="17">the</token>
<token t_id="47" sentence="2" number="18">team</token>
<token t_id="48" sentence="2" number="19">decided</token>
<token t_id="49" sentence="2" number="20">to</token>
<token t_id="50" sentence="2" number="21">put</token>
<token t_id="51" sentence="2" number="22">Bush</token>
<token t_id="52" sentence="2" number="23">on</token>
<token t_id="53" sentence="2" number="24">injured</token>
<token t_id="54" sentence="2" number="25">reserve</token>
<token t_id="55" sentence="2" number="26">.</token>
<token t_id="56" sentence="3" number="0">Payton</token>
<token t_id="57" sentence="3" number="1">said</token>
<token t_id="58" sentence="3" number="2">the</token>
<token t_id="59" sentence="3" number="3">Saints</token>
<token t_id="60" sentence="3" number="4">,</token>
<token t_id="61" sentence="3" number="5">who</token>
<token t_id="62" sentence="3" number="6">were</token>
<token t_id="63" sentence="3" number="7">eliminated</token>
<token t_id="64" sentence="3" number="8">from</token>
<token t_id="65" sentence="3" number="9">playoff</token>
<token t_id="66" sentence="3" number="10">contention</token>
<token t_id="67" sentence="3" number="11">over</token>
<token t_id="68" sentence="3" number="12">the</token>
<token t_id="69" sentence="3" number="13">weekend</token>
<token t_id="70" sentence="3" number="14">,</token>
<token t_id="71" sentence="3" number="15">would</token>
<token t_id="72" sentence="3" number="16">not</token>
<token t_id="73" sentence="3" number="17">have</token>
<token t_id="74" sentence="3" number="18">placed</token>
<token t_id="75" sentence="3" number="19">Bush</token>
<token t_id="76" sentence="3" number="20">on</token>
<token t_id="77" sentence="3" number="21">injured</token>
<token t_id="78" sentence="3" number="22">reserve</token>
<token t_id="79" sentence="3" number="23">if</token>
<token t_id="80" sentence="3" number="24">they</token>
<token t_id="81" sentence="3" number="25">were</token>
<token t_id="82" sentence="3" number="26">still</token>
<token t_id="83" sentence="3" number="27">fighting</token>
<token t_id="84" sentence="3" number="28">to</token>
<token t_id="85" sentence="3" number="29">reach</token>
<token t_id="86" sentence="3" number="30">the</token>
<token t_id="87" sentence="3" number="31">postseason</token>
<token t_id="88" sentence="3" number="32">.</token>
<token t_id="89" sentence="4" number="0">He</token>
<token t_id="90" sentence="4" number="1">said</token>
<token t_id="91" sentence="4" number="2">Bush</token>
<token t_id="92" sentence="4" number="3">'s</token>
<token t_id="93" sentence="4" number="4">injury</token>
<token t_id="94" sentence="4" number="5">does</token>
<token t_id="95" sentence="4" number="6">not</token>
<token t_id="96" sentence="4" number="7">require</token>
<token t_id="97" sentence="4" number="8">surgery</token>
<token t_id="98" sentence="4" number="9">,</token>
<token t_id="99" sentence="4" number="10">just</token>
<token t_id="100" sentence="4" number="11">rest</token>
<token t_id="101" sentence="4" number="12">and</token>
<token t_id="102" sentence="4" number="13">rehabilitation</token>
<token t_id="103" sentence="4" number="14">.</token>
<token t_id="104" sentence="5" number="0">Bush</token>
<token t_id="105" sentence="5" number="1">rushed</token>
<token t_id="106" sentence="5" number="2">for</token>
<token t_id="107" sentence="5" number="3">404</token>
<token t_id="108" sentence="5" number="4">yards</token>
<token t_id="109" sentence="5" number="5">and</token>
<token t_id="110" sentence="5" number="6">two</token>
<token t_id="111" sentence="5" number="7">touchdowns</token>
<token t_id="112" sentence="5" number="8">,</token>
<token t_id="113" sentence="5" number="9">caught</token>
<token t_id="114" sentence="5" number="10">52</token>
<token t_id="115" sentence="5" number="11">passes</token>
<token t_id="116" sentence="5" number="12">for</token>
<token t_id="117" sentence="5" number="13">440</token>
<token t_id="118" sentence="5" number="14">yards</token>
<token t_id="119" sentence="5" number="15">and</token>
<token t_id="120" sentence="5" number="16">four</token>
<token t_id="121" sentence="5" number="17">TDs</token>
<token t_id="122" sentence="5" number="18">,</token>
<token t_id="123" sentence="5" number="19">and</token>
<token t_id="124" sentence="5" number="20">scored</token>
<token t_id="125" sentence="5" number="21">three</token>
<token t_id="126" sentence="5" number="22">touchdowns</token>
<token t_id="127" sentence="5" number="23">on</token>
<token t_id="128" sentence="5" number="24">punt</token>
<token t_id="129" sentence="5" number="25">runbacks</token>
<token t_id="130" sentence="5" number="26">this</token>
<token t_id="131" sentence="5" number="27">season</token>
<token t_id="132" sentence="5" number="28">.</token>
<Markables>
<ACTION_OCCURRENCE m_id="36"  >
  <token_anchor t_id="83"/>
</ACTION_OCCURRENCE>
<ACTION_OCCURRENCE m_id="37"  >
  <token_anchor t_id="85"/>
</ACTION_OCCURRENCE>
<ACTION_OCCURRENCE m_id="39"  >
  <token_anchor t_id="42"/>
</ACTION_OCCURRENCE>
<ACTION_OCCURRENCE m_id="53"  >
  <token_anchor t_id="63"/>
</ACTION_OCCURRENCE>
<ACTION_OCCURRENCE m_id="56"  >
  <token_anchor t_id="65"/>
</ACTION_OCCURRENCE>
<ACTION_OCCURRENCE m_id="31"  >
  <token_anchor t_id="16"/>
</ACTION_OCCURRENCE>
<ACTION_OCCURRENCE m_id="32"  >
  <token_anchor t_id="32"/>
</ACTION_OCCURRENCE>
<ACTION_OCCURRENCE m_id="33"  >
  <token_anchor t_id="48"/>
</ACTION_OCCURRENCE>
<ACTION_OCCURRENCE m_id="34"  >
  <token_anchor t_id="50"/>
</ACTION_OCCURRENCE>
<ACTION_OCCURRENCE m_id="35"  >
  <token_anchor t_id="74"/>
</ACTION_OCCURRENCE>
<ACTION_REPORTING m_id="54"  >
  <token_anchor t_id="57"/>
</ACTION_REPORTING>
<ACTION_REPORTING m_id="55"  >
  <token_anchor t_id="40"/>
</ACTION_REPORTING>
<ACTION_STATE m_id="40"  >
  <token_anchor t_id="53"/>
  <token_anchor t_id="54"/>
</ACTION_STATE>
<ACTION_STATE m_id="41"  >
  <token_anchor t_id="77"/>
  <token_anchor t_id="78"/>
</ACTION_STATE>
<HUMAN_PART_ORG m_id="43"  >
  <token_anchor t_id="22"/>
  <token_anchor t_id="23"/>
  <token_anchor t_id="24"/>
  <token_anchor t_id="25"/>
</HUMAN_PART_ORG>
<HUMAN_PART_ORG m_id="47"  >
  <token_anchor t_id="58"/>
  <token_anchor t_id="59"/>
</HUMAN_PART_ORG>
<HUMAN_PART_ORG m_id="50"  >
  <token_anchor t_id="47"/>
</HUMAN_PART_ORG>
<HUMAN_PART_ORG m_id="51"  >
  <token_anchor t_id="80"/>
</HUMAN_PART_ORG>
<HUMAN_PART_PER m_id="48"  >
  <token_anchor t_id="38"/>
  <token_anchor t_id="39"/>
</HUMAN_PART_PER>
<HUMAN_PART_PER m_id="49"  >
  <token_anchor t_id="56"/>
</HUMAN_PART_PER>
<HUMAN_PART_PER m_id="28"  >
  <token_anchor t_id="13"/>
  <token_anchor t_id="14"/>
</HUMAN_PART_PER>
<HUMAN_PART_PER m_id="29"  >
  <token_anchor t_id="51"/>
</HUMAN_PART_PER>
<HUMAN_PART_PER m_id="30"  >
  <token_anchor t_id="75"/>
</HUMAN_PART_PER>
<NON_HUMAN_PART m_id="52"  >
  <token_anchor t_id="30"/>
</NON_HUMAN_PART>
<TIME_DATE m_id="45"  >
  <token_anchor t_id="34"/>
  <token_anchor t_id="35"/>
</TIME_DATE>
<TIME_DATE m_id="46"  >
  <token_anchor t_id="68"/>
  <token_anchor t_id="69"/>
</TIME_DATE>
<TIME_DATE m_id="58"  >
  <token_anchor t_id="87"/>
</TIME_DATE>
<TIME_DATE m_id="59"  >
  <token_anchor t_id="44"/>
</TIME_DATE>
<TIME_DURATION m_id="44"  >
  <token_anchor t_id="27"/>
</TIME_DURATION>


<ACTION_OCCURRENCE m_id="60" note="byCROMER" >
  <token_anchor t_id="20"/>
</ACTION_OCCURRENCE>
<HUMAN_PART_ORG m_id="61" note="byCROMER" >
  <token_anchor t_id="61"/>
</HUMAN_PART_ORG>


<UNKNOWN_INSTANCE_TAG m_id="24" RELATED_TO="" TAG_DESCRIPTOR="" />
<ACTION_OCCURRENCE m_id="72" RELATED_TO="" TAG_DESCRIPTOR="t25b_payton_decided" instance_id="ACT27335341792810383" />
<HUMAN_PART_PER m_id="71" RELATED_TO="" TAG_DESCRIPTOR="t25b_reggie_bush" instance_id="HUM18424257748764087" />
<ACTION_STATE m_id="70" RELATED_TO="" TAG_DESCRIPTOR="t25b_ir" instance_id="ACT18424320161764683" />
<ACTION_OCCURRENCE m_id="69" RELATED_TO="" TAG_DESCRIPTOR="t25b_games" instance_id="ACT18424951976294963" />
<TIME_DURATION m_id="68" RELATED_TO="" TAG_DESCRIPTOR="t25b_season" instance_id="TIM18424740461641641" />
<ACTION_OCCURRENCE m_id="67" RELATED_TO="" TAG_DESCRIPTOR="t25b_placed" instance_id="ACT18424433020607960" />
<ACTION_OCCURRENCE m_id="66" RELATED_TO="" TAG_DESCRIPTOR="t25b_miss" instance_id="ACT18424962614215197" />
<HUMAN_PART_PER m_id="65" RELATED_TO="" TAG_DESCRIPTOR="t25b_coach_payton" instance_id="HUM27335373970096064" />
<TIME_DATE m_id="64" RELATED_TO="" TAG_DESCRIPTOR="t25b_wednesday" instance_id="TIM18424896693504135" />
<HUMAN_PART_ORG m_id="63" RELATED_TO="" TAG_DESCRIPTOR="t25_saints" instance_id="HUM18421383201372865" />
<NON_HUMAN_PART m_id="62" RELATED_TO="" TAG_DESCRIPTOR="t25b_knee" instance_id="NON18424585860042730" />
</Markables>

<Relations>
<INTRA_DOC_COREF r_id="32927" >
<source m_id="45" />
<source m_id="46" />
<target m_id="24" />
</INTRA_DOC_COREF>
<CROSS_DOC_COREF r_id="32931" note="NON18424585860042730" >
  <source m_id="52" />
  <target m_id="62" />
</CROSS_DOC_COREF>
<CROSS_DOC_COREF r_id="32932" note="HUM18421383201372865" >
  <source m_id="50" />
  <source m_id="47" />
  <source m_id="43" />
  <source m_id="51" />
  <source m_id="61" />
  <target m_id="63" />
</CROSS_DOC_COREF>
<CROSS_DOC_COREF r_id="32933" note="TIM18424896693504135" >
  <source m_id="59" />
  <target m_id="64" />
</CROSS_DOC_COREF>
<CROSS_DOC_COREF r_id="32934" note="HUM27335373970096064" >
  <source m_id="49" />
  <source m_id="48" />
  <target m_id="65" />
</CROSS_DOC_COREF>
<CROSS_DOC_COREF r_id="32935" note="ACT18424962614215197" >
  <source m_id="31" />
  <target m_id="66" />
</CROSS_DOC_COREF>
<CROSS_DOC_COREF r_id="32936" note="ACT18424433020607960" >
  <source m_id="35" />
  <source m_id="34" />
  <target m_id="67" />
</CROSS_DOC_COREF>
<CROSS_DOC_COREF r_id="32937" note="TIM18424740461641641" >
  <source m_id="44" />
  <target m_id="68" />
</CROSS_DOC_COREF>
<CROSS_DOC_COREF r_id="32938" note="ACT18424951976294963" >
  <source m_id="60" />
  <target m_id="69" />
</CROSS_DOC_COREF>
<CROSS_DOC_COREF r_id="32939" note="ACT18424320161764683" >
  <source m_id="41" />
  <source m_id="40" />
  <target m_id="70" />
</CROSS_DOC_COREF>
<CROSS_DOC_COREF r_id="32940" note="HUM18424257748764087" >
  <source m_id="28" />
  <source m_id="29" />
  <source m_id="30" />
  <target m_id="71" />
</CROSS_DOC_COREF>
<CROSS_DOC_COREF r_id="32941" note="ACT27335341792810383" >
  <source m_id="33" />
  <target m_id="72" />
</CROSS_DOC_COREF>

</Relations>
</Document>
