<Document doc_name="25_4ecb.xml" doc_id="DOC15654788987245595">
<token t_id="1" sentence="0" number="0">Saints</token>
<token t_id="2" sentence="0" number="1">place</token>
<token t_id="3" sentence="0" number="2">RB</token>
<token t_id="4" sentence="0" number="3">Bush</token>
<token t_id="5" sentence="0" number="4">on</token>
<token t_id="6" sentence="0" number="5">injured</token>
<token t_id="7" sentence="0" number="6">reserve</token>
<token t_id="8" sentence="1" number="0">The</token>
<token t_id="9" sentence="1" number="1">injury-plagued</token>
<token t_id="10" sentence="1" number="2">season</token>
<token t_id="11" sentence="1" number="3">of</token>
<token t_id="12" sentence="1" number="4">New</token>
<token t_id="13" sentence="1" number="5">Orleans</token>
<token t_id="14" sentence="1" number="6">Saints</token>
<token t_id="15" sentence="1" number="7">running</token>
<token t_id="16" sentence="1" number="8">back</token>
<token t_id="17" sentence="1" number="9">Reggie</token>
<token t_id="18" sentence="1" number="10">Bush</token>
<token t_id="19" sentence="1" number="11">is</token>
<token t_id="20" sentence="1" number="12">over</token>
<token t_id="21" sentence="1" number="13">.</token>
<token t_id="22" sentence="2" number="0">The</token>
<token t_id="23" sentence="2" number="1">Saints</token>
<token t_id="24" sentence="2" number="2">placed</token>
<token t_id="25" sentence="2" number="3">Bush</token>
<token t_id="26" sentence="2" number="4">on</token>
<token t_id="27" sentence="2" number="5">the</token>
<token t_id="28" sentence="2" number="6">injured</token>
<token t_id="29" sentence="2" number="7">reserve</token>
<token t_id="30" sentence="2" number="8">list</token>
<token t_id="31" sentence="2" number="9">Wednesday</token>
<token t_id="32" sentence="2" number="10">with</token>
<token t_id="33" sentence="2" number="11">a</token>
<token t_id="34" sentence="2" number="12">sprained</token>
<token t_id="35" sentence="2" number="13">left</token>
<token t_id="36" sentence="2" number="14">knee</token>
<token t_id="37" sentence="2" number="15">,</token>
<token t_id="38" sentence="2" number="16">meaning</token>
<token t_id="39" sentence="2" number="17">he</token>
<token t_id="40" sentence="2" number="18">will</token>
<token t_id="41" sentence="2" number="19">miss</token>
<token t_id="42" sentence="2" number="20">the</token>
<token t_id="43" sentence="2" number="21">team</token>
<token t_id="44" sentence="2" number="22">'s</token>
<token t_id="45" sentence="2" number="23">final</token>
<token t_id="46" sentence="2" number="24">two</token>
<token t_id="47" sentence="2" number="25">games</token>
<token t_id="48" sentence="2" number="26">against</token>
<token t_id="49" sentence="2" number="27">Detroit</token>
<token t_id="50" sentence="2" number="28">and</token>
<token t_id="51" sentence="2" number="29">Carolina</token>
<token t_id="52" sentence="2" number="30">.</token>
<token t_id="53" sentence="3" number="0">However</token>
<token t_id="54" sentence="3" number="1">,</token>
<token t_id="55" sentence="3" number="2">given</token>
<token t_id="56" sentence="3" number="3">his</token>
<token t_id="57" sentence="3" number="4">limited</token>
<token t_id="58" sentence="3" number="5">effectiveness</token>
<token t_id="59" sentence="3" number="6">last</token>
<token t_id="60" sentence="3" number="7">week</token>
<token t_id="61" sentence="3" number="8">,</token>
<token t_id="62" sentence="3" number="9">the</token>
<token t_id="63" sentence="3" number="10">Saints</token>
<token t_id="64" sentence="3" number="11">decided</token>
<token t_id="65" sentence="3" number="12">to</token>
<token t_id="66" sentence="3" number="13">shut</token>
<token t_id="67" sentence="3" number="14">him</token>
<token t_id="68" sentence="3" number="15">down</token>
<token t_id="69" sentence="3" number="16">for</token>
<token t_id="70" sentence="3" number="17">the</token>
<token t_id="71" sentence="3" number="18">remainder</token>
<token t_id="72" sentence="3" number="19">of</token>
<token t_id="73" sentence="3" number="20">the</token>
<token t_id="74" sentence="3" number="21">season</token>
<token t_id="75" sentence="3" number="22">.</token>
<token t_id="76" sentence="4" number="0">The</token>
<token t_id="77" sentence="4" number="1">former</token>
<token t_id="78" sentence="4" number="2">Southern</token>
<token t_id="79" sentence="4" number="3">California</token>
<token t_id="80" sentence="4" number="4">star</token>
<token t_id="81" sentence="4" number="5">finished</token>
<token t_id="82" sentence="4" number="6">his</token>
<token t_id="83" sentence="4" number="7">third</token>
<token t_id="84" sentence="4" number="8">season</token>
<token t_id="85" sentence="4" number="9">in</token>
<token t_id="86" sentence="4" number="10">New</token>
<token t_id="87" sentence="4" number="11">Orleans</token>
<token t_id="88" sentence="4" number="12">with</token>
<token t_id="89" sentence="4" number="13">just</token>
<token t_id="90" sentence="4" number="14">404</token>
<token t_id="91" sentence="4" number="15">yards</token>
<token t_id="92" sentence="4" number="16">and</token>
<token t_id="93" sentence="4" number="17">two</token>
<token t_id="94" sentence="4" number="18">touchdowns</token>
<token t_id="95" sentence="4" number="19">on</token>
<token t_id="96" sentence="4" number="20">106</token>
<token t_id="97" sentence="4" number="21">carries</token>
<token t_id="98" sentence="4" number="22">.</token>
<token t_id="99" sentence="5" number="0">Bush</token>
<token t_id="100" sentence="5" number="1">suffered</token>
<token t_id="101" sentence="5" number="2">a</token>
<token t_id="102" sentence="5" number="3">left</token>
<token t_id="103" sentence="5" number="4">knee</token>
<token t_id="104" sentence="5" number="5">injury</token>
<token t_id="105" sentence="5" number="6">against</token>
<token t_id="106" sentence="5" number="7">Carolina</token>
<token t_id="107" sentence="5" number="8">on</token>
<token t_id="108" sentence="5" number="9">October</token>
<token t_id="109" sentence="5" number="10">19</token>
<token t_id="110" sentence="5" number="11">and</token>
<token t_id="111" sentence="5" number="12">missed</token>
<token t_id="112" sentence="5" number="13">the</token>
<token t_id="113" sentence="5" number="14">next</token>
<token t_id="114" sentence="5" number="15">four</token>
<token t_id="115" sentence="5" number="16">games</token>
<token t_id="116" sentence="5" number="17">following</token>
<token t_id="117" sentence="5" number="18">arthroscopic</token>
<token t_id="118" sentence="5" number="19">surgery</token>
<token t_id="119" sentence="5" number="20">.</token>
<token t_id="120" sentence="6" number="0">He</token>
<token t_id="121" sentence="6" number="1">returned</token>
<token t_id="122" sentence="6" number="2">to</token>
<token t_id="123" sentence="6" number="3">action</token>
<token t_id="124" sentence="6" number="4">against</token>
<token t_id="125" sentence="6" number="5">Tampa</token>
<token t_id="126" sentence="6" number="6">Bay</token>
<token t_id="127" sentence="6" number="7">on</token>
<token t_id="128" sentence="6" number="8">October</token>
<token t_id="129" sentence="6" number="9">30</token>
<token t_id="130" sentence="6" number="10">and</token>
<token t_id="131" sentence="6" number="11">scored</token>
<token t_id="132" sentence="6" number="12">a</token>
<token t_id="133" sentence="6" number="13">touchdown</token>
<token t_id="134" sentence="6" number="14">the</token>
<token t_id="135" sentence="6" number="15">following</token>
<token t_id="136" sentence="6" number="16">week</token>
<token t_id="137" sentence="6" number="17">against</token>
<token t_id="138" sentence="6" number="18">Atlanta</token>
<token t_id="139" sentence="6" number="19">.</token>
<token t_id="140" sentence="7" number="0">Bush</token>
<token t_id="141" sentence="7" number="1">appeared</token>
<token t_id="142" sentence="7" number="2">to</token>
<token t_id="143" sentence="7" number="3">be</token>
<token t_id="144" sentence="7" number="4">on</token>
<token t_id="145" sentence="7" number="5">the</token>
<token t_id="146" sentence="7" number="6">mend</token>
<token t_id="147" sentence="7" number="7">,</token>
<token t_id="148" sentence="7" number="8">but</token>
<token t_id="149" sentence="7" number="9">he</token>
<token t_id="150" sentence="7" number="10">sprained</token>
<token t_id="151" sentence="7" number="11">the</token>
<token t_id="152" sentence="7" number="12">knee</token>
<token t_id="153" sentence="7" number="13">in</token>
<token t_id="154" sentence="7" number="14">last</token>
<token t_id="155" sentence="7" number="15">Thursday</token>
<token t_id="156" sentence="7" number="16">'s</token>
<token t_id="157" sentence="7" number="17">27-24</token>
<token t_id="158" sentence="7" number="18">overtime</token>
<token t_id="159" sentence="7" number="19">loss</token>
<token t_id="160" sentence="7" number="20">at</token>
<token t_id="161" sentence="7" number="21">Chicago</token>
<token t_id="162" sentence="7" number="22">and</token>
<token t_id="163" sentence="7" number="23">was</token>
<token t_id="164" sentence="7" number="24">limited</token>
<token t_id="165" sentence="7" number="25">to</token>
<token t_id="166" sentence="7" number="26">only</token>
<token t_id="167" sentence="7" number="27">30</token>
<token t_id="168" sentence="7" number="28">yards</token>
<token t_id="169" sentence="7" number="29">on</token>
<token t_id="170" sentence="7" number="30">six</token>
<token t_id="171" sentence="7" number="31">carries</token>
<token t_id="172" sentence="7" number="32">.</token>
<token t_id="173" sentence="8" number="0">On</token>
<token t_id="174" sentence="8" number="1">Saturday</token>
<token t_id="175" sentence="8" number="2">,</token>
<token t_id="176" sentence="8" number="3">New</token>
<token t_id="177" sentence="8" number="4">Orleans</token>
<token t_id="178" sentence="8" number="5">coach</token>
<token t_id="179" sentence="8" number="6">Sean</token>
<token t_id="180" sentence="8" number="7">Payton</token>
<token t_id="181" sentence="8" number="8">indicated</token>
<token t_id="182" sentence="8" number="9">that</token>
<token t_id="183" sentence="8" number="10">Bush</token>
<token t_id="184" sentence="8" number="11">would</token>
<token t_id="185" sentence="8" number="12">not</token>
<token t_id="186" sentence="8" number="13">return</token>
<token t_id="187" sentence="8" number="14">to</token>
<token t_id="188" sentence="8" number="15">the</token>
<token t_id="189" sentence="8" number="16">lineup</token>
<token t_id="190" sentence="8" number="17">until</token>
<token t_id="191" sentence="8" number="18">further</token>
<token t_id="192" sentence="8" number="19">undergoing</token>
<token t_id="193" sentence="8" number="20">a</token>
<token t_id="194" sentence="8" number="21">further</token>
<token t_id="195" sentence="8" number="22">evaluation</token>
<token t_id="196" sentence="8" number="23">.</token>
<token t_id="197" sentence="9" number="0">However</token>
<token t_id="198" sentence="9" number="1">,</token>
<token t_id="199" sentence="9" number="2">given</token>
<token t_id="200" sentence="9" number="3">his</token>
<token t_id="201" sentence="9" number="4">limited</token>
<token t_id="202" sentence="9" number="5">effectiveness</token>
<token t_id="203" sentence="9" number="6">last</token>
<token t_id="204" sentence="9" number="7">week</token>
<token t_id="205" sentence="9" number="8">,</token>
<token t_id="206" sentence="9" number="9">the</token>
<token t_id="207" sentence="9" number="10">Saints</token>
<token t_id="208" sentence="9" number="11">decided</token>
<token t_id="209" sentence="9" number="12">to</token>
<token t_id="210" sentence="9" number="13">shut</token>
<token t_id="211" sentence="9" number="14">him</token>
<token t_id="212" sentence="9" number="15">down</token>
<token t_id="213" sentence="9" number="16">for</token>
<token t_id="214" sentence="9" number="17">the</token>
<token t_id="215" sentence="9" number="18">remainder</token>
<token t_id="216" sentence="9" number="19">of</token>
<token t_id="217" sentence="9" number="20">the</token>
<token t_id="218" sentence="9" number="21">season</token>
<token t_id="219" sentence="9" number="22">.</token>
<token t_id="220" sentence="10" number="0">Bush</token>
<token t_id="221" sentence="10" number="1">'s</token>
<token t_id="222" sentence="10" number="2">absence</token>
<token t_id="223" sentence="10" number="3">leaves</token>
<token t_id="224" sentence="10" number="4">the</token>
<token t_id="225" sentence="10" number="5">Saints</token>
<token t_id="226" sentence="10" number="6">furthered</token>
<token t_id="227" sentence="10" number="7">shorthanded</token>
<token t_id="228" sentence="10" number="8">in</token>
<token t_id="229" sentence="10" number="9">the</token>
<token t_id="230" sentence="10" number="10">backfield</token>
<token t_id="231" sentence="10" number="11">as</token>
<token t_id="232" sentence="10" number="12">they</token>
<token t_id="233" sentence="10" number="13">are</token>
<token t_id="234" sentence="10" number="14">now</token>
<token t_id="235" sentence="10" number="15">down</token>
<token t_id="236" sentence="10" number="16">to</token>
<token t_id="237" sentence="10" number="17">Pierre</token>
<token t_id="238" sentence="10" number="18">Thomas</token>
<token t_id="239" sentence="10" number="19">and</token>
<token t_id="240" sentence="10" number="20">Mike</token>
<token t_id="241" sentence="10" number="21">Bell</token>
<token t_id="242" sentence="10" number="22">,</token>
<token t_id="243" sentence="10" number="23">who</token>
<token t_id="244" sentence="10" number="24">has</token>
<token t_id="245" sentence="10" number="25">had</token>
<token t_id="246" sentence="10" number="26">only</token>
<token t_id="247" sentence="10" number="27">six</token>
<token t_id="248" sentence="10" number="28">carries</token>
<token t_id="249" sentence="10" number="29">this</token>
<token t_id="250" sentence="10" number="30">season</token>
<token t_id="251" sentence="10" number="31">after</token>
<token t_id="252" sentence="10" number="32">signing</token>
<token t_id="253" sentence="10" number="33">with</token>
<token t_id="254" sentence="10" number="34">New</token>
<token t_id="255" sentence="10" number="35">Orleans</token>
<token t_id="256" sentence="10" number="36">in</token>
<token t_id="257" sentence="10" number="37">Week</token>
<token t_id="258" sentence="10" number="38">12</token>
<token t_id="259" sentence="10" number="39">.</token>
<token t_id="260" sentence="11" number="0">To</token>
<token t_id="261" sentence="11" number="1">take</token>
<token t_id="262" sentence="11" number="2">Bush</token>
<token t_id="263" sentence="11" number="3">'s</token>
<token t_id="264" sentence="11" number="4">roster</token>
<token t_id="265" sentence="11" number="5">spot</token>
<token t_id="266" sentence="11" number="6">,</token>
<token t_id="267" sentence="11" number="7">the</token>
<token t_id="268" sentence="11" number="8">Saints</token>
<token t_id="269" sentence="11" number="9">signed</token>
<token t_id="270" sentence="11" number="10">cornerback</token>
<token t_id="271" sentence="11" number="11">Michael</token>
<token t_id="272" sentence="11" number="12">Lehan</token>
<token t_id="273" sentence="11" number="13">,</token>
<token t_id="274" sentence="11" number="14">who</token>
<token t_id="275" sentence="11" number="15">had</token>
<token t_id="276" sentence="11" number="16">been</token>
<token t_id="277" sentence="11" number="17">with</token>
<token t_id="278" sentence="11" number="18">the</token>
<token t_id="279" sentence="11" number="19">Miami</token>
<token t_id="280" sentence="11" number="20">Dolphins</token>
<token t_id="281" sentence="11" number="21">.</token>
<Markables>
<ACTION_OCCURRENCE m_id="32"  >
  <token_anchor t_id="41"/>
</ACTION_OCCURRENCE>
<ACTION_OCCURRENCE m_id="33"  >
  <token_anchor t_id="64"/>
</ACTION_OCCURRENCE>
<ACTION_OCCURRENCE m_id="34"  >
  <token_anchor t_id="47"/>
</ACTION_OCCURRENCE>
<ACTION_OCCURRENCE m_id="39"  >
  <token_anchor t_id="24"/>
</ACTION_OCCURRENCE>
<HUMAN_PART_PER m_id="1"  >
  <token_anchor t_id="56"/>
</HUMAN_PART_PER>
<ACTION_STATE m_id="55" >
  <token_anchor t_id="58"/>
</ACTION_STATE>
<HUMAN_PART_ORG m_id="35"  >
  <token_anchor t_id="49"/>
</HUMAN_PART_ORG>
<HUMAN_PART_ORG m_id="36"  >
  <token_anchor t_id="51"/>
</HUMAN_PART_ORG>
<HUMAN_PART_ORG m_id="24"  >
  <token_anchor t_id="23"/>
</HUMAN_PART_ORG>
<HUMAN_PART_ORG m_id="25"  >
  <token_anchor t_id="63"/>
</HUMAN_PART_ORG>
<HUMAN_PART_PER m_id="26"  >
  <token_anchor t_id="25"/>
</HUMAN_PART_PER>
<HUMAN_PART_PER m_id="27"  >
  <token_anchor t_id="39"/>
</HUMAN_PART_PER>
<HUMAN_PART_PER m_id="28"  >
  <token_anchor t_id="67"/>
</HUMAN_PART_PER>
<NON_HUMAN_PART m_id="31"  >
  <token_anchor t_id="36"/>
</NON_HUMAN_PART>
<TIME_DATE m_id="38"  >
  <token_anchor t_id="59"/>
  <token_anchor t_id="60"/>
</TIME_DATE>
<TIME_DATE m_id="30"  >
  <token_anchor t_id="31"/>
</TIME_DATE>
<TIME_DURATION m_id="37"  >
  <token_anchor t_id="74"/>
</TIME_DURATION>


<ACTION_ASPECTUAL m_id="40" note="byCROMER" >
  <token_anchor t_id="66"/>
  <token_anchor t_id="68"/>
</ACTION_ASPECTUAL>
<ACTION_OCCURRENCE m_id="41" note="byCROMER" >
  <token_anchor t_id="34"/>
</ACTION_OCCURRENCE>
<ACTION_STATE m_id="42" note="byCROMER" >
  <token_anchor t_id="30"/>
</ACTION_STATE>


<ACTION_OCCURRENCE m_id="50" RELATED_TO="" TAG_DESCRIPTOR="t25b_placed" instance_id="ACT18424433020607960" />
<TIME_DURATION m_id="49" RELATED_TO="" TAG_DESCRIPTOR="t25b_season" instance_id="TIM18424740461641641" />
<ACTION_ASPECTUAL m_id="48" RELATED_TO="" TAG_DESCRIPTOR="t25b_ending" instance_id="ACT18425119237522860" />
<ACTION_OCCURRENCE m_id="47" RELATED_TO="" TAG_DESCRIPTOR="t25b_miss" instance_id="ACT18424962614215197" />
<ACTION_OCCURRENCE m_id="46" RELATED_TO="" TAG_DESCRIPTOR="t25b_twisted_knie" instance_id="ACT27336762490609809" />
<TIME_DATE m_id="45" RELATED_TO="" TAG_DESCRIPTOR="t25b_wednesday" instance_id="TIM18424896693504135" />
<HUMAN_PART_ORG m_id="44" RELATED_TO="" TAG_DESCRIPTOR="t25_saints" instance_id="HUM18421383201372865" />
<NON_HUMAN_PART m_id="43" RELATED_TO="" TAG_DESCRIPTOR="t25b_knee" instance_id="NON18424585860042730" />
<ACTION_OCCURRENCE m_id="54" RELATED_TO="" TAG_DESCRIPTOR="t25b_payton_decided" instance_id="ACT27335341792810383" />
<HUMAN_PART_PER m_id="53" RELATED_TO="" TAG_DESCRIPTOR="t25b_reggie_bush" instance_id="HUM18424257748764087" />
<ACTION_OCCURRENCE m_id="52" RELATED_TO="" TAG_DESCRIPTOR="t25b_games" instance_id="ACT18424951976294963" />
<ACTION_STATE m_id="51" RELATED_TO="" TAG_DESCRIPTOR="t25b_ir" instance_id="ACT18424320161764683" />
</Markables>

<Relations>
<CROSS_DOC_COREF r_id="32958" note="NON18424585860042730" >
  <source m_id="31" />
  <target m_id="43" />
</CROSS_DOC_COREF>
<CROSS_DOC_COREF r_id="32959" note="HUM18421383201372865" >
  <source m_id="24" />
  <source m_id="25" />
  <target m_id="44" />
</CROSS_DOC_COREF>
<CROSS_DOC_COREF r_id="32960" note="TIM18424896693504135" >
  <source m_id="30" />
  <target m_id="45" />
</CROSS_DOC_COREF>
<CROSS_DOC_COREF r_id="32961" note="ACT27336762490609809" >
  <source m_id="41" />
  <target m_id="46" />
</CROSS_DOC_COREF>
<CROSS_DOC_COREF r_id="32962" note="ACT18424962614215197" >
  <source m_id="32" />
  <target m_id="47" />
</CROSS_DOC_COREF>
<CROSS_DOC_COREF r_id="32963" note="ACT18425119237522860" >
  <source m_id="40" />
  <target m_id="48" />
</CROSS_DOC_COREF>
<CROSS_DOC_COREF r_id="32964" note="TIM18424740461641641" >
  <source m_id="37" />
  <target m_id="49" />
</CROSS_DOC_COREF>
<CROSS_DOC_COREF r_id="32965" note="ACT18424433020607960" >
  <source m_id="39" />
  <target m_id="50" />
</CROSS_DOC_COREF>
<CROSS_DOC_COREF r_id="32966" note="ACT18424320161764683" >
  <source m_id="42" />
  <target m_id="51" />
</CROSS_DOC_COREF>
<CROSS_DOC_COREF r_id="32967" note="ACT18424951976294963" >
  <source m_id="34" />
  <target m_id="52" />
</CROSS_DOC_COREF>
<CROSS_DOC_COREF r_id="32968" note="HUM18424257748764087" >
  <source m_id="28" />
  <source m_id="26" />
  <source m_id="27" />
  <target m_id="53" />
</CROSS_DOC_COREF>
<CROSS_DOC_COREF r_id="32969" note="ACT27335341792810383" >
  <source m_id="33" />
  <target m_id="54" />
</CROSS_DOC_COREF>

</Relations>
</Document>
