<Document doc_name="25_5ecbplus.xml" doc_id="DOC15646379904183106">
<token t_id="1" sentence="0" number="0">http</token>
<token t_id="2" sentence="0" number="1">:</token>
<token t_id="3" sentence="0" number="2">/</token>
<token t_id="4" sentence="0" number="3">/</token>
<token t_id="5" sentence="0" number="4">voices</token>
<token t_id="6" sentence="0" number="5">.</token>
<token t_id="7" sentence="0" number="6">yahoo</token>
<token t_id="8" sentence="0" number="7">.</token>
<token t_id="9" sentence="0" number="8">com</token>
<token t_id="10" sentence="0" number="9">/</token>
<token t_id="11" sentence="0" number="10">pierre</token>
<token t_id="12" sentence="0" number="11">-</token>
<token t_id="13" sentence="0" number="12">thomas</token>
<token t_id="14" sentence="0" number="13">-</token>
<token t_id="15" sentence="0" number="14">placed</token>
<token t_id="16" sentence="0" number="15">-</token>
<token t_id="17" sentence="0" number="16">injured</token>
<token t_id="18" sentence="0" number="17">-</token>
<token t_id="19" sentence="0" number="18">reserve</token>
<token t_id="20" sentence="0" number="19">-</token>
<token t_id="21" sentence="0" number="20">orleans</token>
<token t_id="22" sentence="0" number="21">-</token>
<token t_id="23" sentence="0" number="22">7538718</token>
<token t_id="24" sentence="0" number="23">.</token>
<token t_id="25" sentence="0" number="24">html</token>
<token t_id="26" sentence="0" number="25">?</token>
<token t_id="27" sentence="0" number="26">cat=14</token>
<token t_id="28" sentence="1" number="0">Pierre</token>
<token t_id="29" sentence="1" number="1">Thomas</token>
<token t_id="30" sentence="1" number="2">Placed</token>
<token t_id="31" sentence="1" number="3">on</token>
<token t_id="32" sentence="1" number="4">Injured</token>
<token t_id="33" sentence="1" number="5">Reserve</token>
<token t_id="34" sentence="1" number="6">by</token>
<token t_id="35" sentence="1" number="7">New</token>
<token t_id="36" sentence="1" number="8">Orleans</token>
<token t_id="37" sentence="1" number="9">Saints</token>
<token t_id="38" sentence="2" number="0">Jan</token>
<token t_id="39" sentence="2" number="1">5</token>
<token t_id="40" sentence="2" number="2">,</token>
<token t_id="41" sentence="2" number="3">2011</token>
<token t_id="42" sentence="3" number="0">Pierre</token>
<token t_id="43" sentence="3" number="1">Thomas</token>
<token t_id="44" sentence="3" number="2">was</token>
<token t_id="45" sentence="3" number="3">placed</token>
<token t_id="46" sentence="3" number="4">on</token>
<token t_id="47" sentence="3" number="5">injured</token>
<token t_id="48" sentence="3" number="6">reserve</token>
<token t_id="49" sentence="3" number="7">by</token>
<token t_id="50" sentence="3" number="8">the</token>
<token t_id="51" sentence="3" number="9">New</token>
<token t_id="52" sentence="3" number="10">Orleans</token>
<token t_id="53" sentence="3" number="11">Saints</token>
<token t_id="54" sentence="3" number="12">on</token>
<token t_id="55" sentence="3" number="13">Wednesday</token>
<token t_id="56" sentence="3" number="14">,</token>
<token t_id="57" sentence="3" number="15">meaning</token>
<token t_id="58" sentence="3" number="16">he</token>
<token t_id="59" sentence="3" number="17">won't</token>
<token t_id="60" sentence="3" number="18">play</token>
<token t_id="61" sentence="3" number="19">in</token>
<token t_id="62" sentence="3" number="20">the</token>
<token t_id="63" sentence="3" number="21">2011</token>
<token t_id="64" sentence="3" number="22">NFL</token>
<token t_id="65" sentence="3" number="23">playoffs</token>
<token t_id="66" sentence="3" number="24">.</token>
<token t_id="67" sentence="4" number="0">Losing</token>
<token t_id="68" sentence="4" number="1">Thomas</token>
<token t_id="69" sentence="4" number="2">is</token>
<token t_id="70" sentence="4" number="3">bad</token>
<token t_id="71" sentence="4" number="4">enough</token>
<token t_id="72" sentence="4" number="5">,</token>
<token t_id="73" sentence="4" number="6">but</token>
<token t_id="74" sentence="4" number="7">it</token>
<token t_id="75" sentence="4" number="8">is</token>
<token t_id="76" sentence="4" number="9">compiled</token>
<token t_id="77" sentence="4" number="10">with</token>
<token t_id="78" sentence="4" number="11">the</token>
<token t_id="79" sentence="4" number="12">fact</token>
<token t_id="80" sentence="4" number="13">that</token>
<token t_id="81" sentence="4" number="14">they</token>
<token t_id="82" sentence="4" number="15">just</token>
<token t_id="83" sentence="4" number="16">lost</token>
<token t_id="84" sentence="4" number="17">Chris</token>
<token t_id="85" sentence="4" number="18">Ivory</token>
<token t_id="86" sentence="4" number="19">on</token>
<token t_id="87" sentence="4" number="20">Tuesday</token>
<token t_id="88" sentence="4" number="21">.</token>
<token t_id="89" sentence="5" number="0">This</token>
<token t_id="90" sentence="5" number="1">means</token>
<token t_id="91" sentence="5" number="2">they</token>
<token t_id="92" sentence="5" number="3">will</token>
<token t_id="93" sentence="5" number="4">be</token>
<token t_id="94" sentence="5" number="5">missing</token>
<token t_id="95" sentence="5" number="6">two</token>
<token t_id="96" sentence="5" number="7">of</token>
<token t_id="97" sentence="5" number="8">their</token>
<token t_id="98" sentence="5" number="9">best</token>
<token t_id="99" sentence="5" number="10">players</token>
<token t_id="100" sentence="5" number="11">in</token>
<token t_id="101" sentence="5" number="12">the</token>
<token t_id="102" sentence="5" number="13">rushing</token>
<token t_id="103" sentence="5" number="14">game</token>
<token t_id="104" sentence="5" number="15">,</token>
<token t_id="105" sentence="5" number="16">and</token>
<token t_id="106" sentence="5" number="17">it</token>
<token t_id="107" sentence="5" number="18">could</token>
<token t_id="108" sentence="5" number="19">weaken</token>
<token t_id="109" sentence="5" number="20">the</token>
<token t_id="110" sentence="5" number="21">attack</token>
<token t_id="111" sentence="5" number="22">that</token>
<token t_id="112" sentence="5" number="23">the</token>
<token t_id="113" sentence="5" number="24">Saints</token>
<token t_id="114" sentence="5" number="25">have</token>
<token t_id="115" sentence="5" number="26">on</token>
<token t_id="116" sentence="5" number="27">offense</token>
<token t_id="117" sentence="5" number="28">even</token>
<token t_id="118" sentence="5" number="29">further</token>
<token t_id="119" sentence="5" number="30">.</token>
<token t_id="120" sentence="6" number="0">Coach</token>
<token t_id="121" sentence="6" number="1">Sean</token>
<token t_id="122" sentence="6" number="2">Payton</token>
<token t_id="123" sentence="6" number="3">announced</token>
<token t_id="124" sentence="6" number="4">it</token>
<token t_id="125" sentence="6" number="5">himself</token>
<token t_id="126" sentence="6" number="6">on</token>
<token t_id="127" sentence="6" number="7">Wednesday</token>
<token t_id="128" sentence="6" number="8">,</token>
<token t_id="129" sentence="6" number="9">revealing</token>
<token t_id="130" sentence="6" number="10">through</token>
<token t_id="131" sentence="6" number="11">the</token>
<token t_id="132" sentence="6" number="12">New</token>
<token t_id="133" sentence="6" number="13">Orleans</token>
<token t_id="134" sentence="6" number="14">Saints</token>
<token t_id="135" sentence="6" number="15">Twitter</token>
<token t_id="136" sentence="6" number="16">account</token>
<token t_id="137" sentence="6" number="17">that</token>
<token t_id="138" sentence="6" number="18">Thomas</token>
<token t_id="139" sentence="6" number="19">had</token>
<token t_id="140" sentence="6" number="20">been</token>
<token t_id="141" sentence="6" number="21">placed</token>
<token t_id="142" sentence="6" number="22">on</token>
<token t_id="143" sentence="6" number="23">IR</token>
<token t_id="144" sentence="6" number="24">.</token>
<token t_id="145" sentence="7" number="0">It</token>
<token t_id="146" sentence="7" number="1">was</token>
<token t_id="147" sentence="7" number="2">a</token>
<token t_id="148" sentence="7" number="3">very</token>
<token t_id="149" sentence="7" number="4">shocking</token>
<token t_id="150" sentence="7" number="5">revelation</token>
<token t_id="151" sentence="7" number="6">in</token>
<token t_id="152" sentence="7" number="7">the</token>
<token t_id="153" sentence="7" number="8">roster</token>
<token t_id="154" sentence="7" number="9">moves</token>
<token t_id="155" sentence="7" number="10">the</token>
<token t_id="156" sentence="7" number="11">Saints</token>
<token t_id="157" sentence="7" number="12">have</token>
<token t_id="158" sentence="7" number="13">been</token>
<token t_id="159" sentence="7" number="14">making</token>
<token t_id="160" sentence="7" number="15">and</token>
<token t_id="161" sentence="7" number="16">any</token>
<token t_id="162" sentence="7" number="17">Saints</token>
<token t_id="163" sentence="7" number="18">fan</token>
<token t_id="164" sentence="7" number="19">that</token>
<token t_id="165" sentence="7" number="20">came</token>
<token t_id="166" sentence="7" number="21">into</token>
<token t_id="167" sentence="7" number="22">the</token>
<token t_id="168" sentence="7" number="23">postseason</token>
<token t_id="169" sentence="7" number="24">extremely</token>
<token t_id="170" sentence="7" number="25">confident</token>
<token t_id="171" sentence="7" number="26">about</token>
<token t_id="172" sentence="7" number="27">their</token>
<token t_id="173" sentence="7" number="28">team</token>
<token t_id="174" sentence="7" number="29">should</token>
<token t_id="175" sentence="7" number="30">be</token>
<token t_id="176" sentence="7" number="31">a</token>
<token t_id="177" sentence="7" number="32">tad</token>
<token t_id="178" sentence="7" number="33">worried</token>
<token t_id="179" sentence="7" number="34">about</token>
<token t_id="180" sentence="7" number="35">what</token>
<token t_id="181" sentence="7" number="36">the</token>
<token t_id="182" sentence="7" number="37">Saints</token>
<token t_id="183" sentence="7" number="38">can</token>
<token t_id="184" sentence="7" number="39">do</token>
<token t_id="185" sentence="7" number="40">now</token>
<token t_id="186" sentence="7" number="41">.</token>
<token t_id="187" sentence="8" number="0">They</token>
<token t_id="188" sentence="8" number="1">still</token>
<token t_id="189" sentence="8" number="2">have</token>
<token t_id="190" sentence="8" number="3">Reggie</token>
<token t_id="191" sentence="8" number="4">Bush</token>
<token t_id="192" sentence="8" number="5">and</token>
<token t_id="193" sentence="8" number="6">Julius</token>
<token t_id="194" sentence="8" number="7">Jones</token>
<token t_id="195" sentence="8" number="8">to</token>
<token t_id="196" sentence="8" number="9">head</token>
<token t_id="197" sentence="8" number="10">the</token>
<token t_id="198" sentence="8" number="11">running</token>
<token t_id="199" sentence="8" number="12">game</token>
<token t_id="200" sentence="8" number="13">,</token>
<token t_id="201" sentence="8" number="14">so</token>
<token t_id="202" sentence="8" number="15">at</token>
<token t_id="203" sentence="8" number="16">least</token>
<token t_id="204" sentence="8" number="17">the</token>
<token t_id="205" sentence="8" number="18">Saints</token>
<token t_id="206" sentence="8" number="19">weren't</token>
<token t_id="207" sentence="8" number="20">left</token>
<token t_id="208" sentence="8" number="21">empty</token>
<token t_id="209" sentence="8" number="22">handed</token>
<token t_id="210" sentence="8" number="23">.</token>
<token t_id="211" sentence="9" number="0">Last</token>
<token t_id="212" sentence="9" number="1">season</token>
<token t_id="213" sentence="9" number="2">it</token>
<token t_id="214" sentence="9" number="3">was</token>
<token t_id="215" sentence="9" number="4">Thomas</token>
<token t_id="216" sentence="9" number="5">that</token>
<token t_id="217" sentence="9" number="6">led</token>
<token t_id="218" sentence="9" number="7">the</token>
<token t_id="219" sentence="9" number="8">Saints</token>
<token t_id="220" sentence="9" number="9">in</token>
<token t_id="221" sentence="9" number="10">rushing</token>
<token t_id="222" sentence="9" number="11">,</token>
<token t_id="223" sentence="9" number="12">posting</token>
<token t_id="224" sentence="9" number="13">793</token>
<token t_id="225" sentence="9" number="14">total</token>
<token t_id="226" sentence="9" number="15">yards</token>
<token t_id="227" sentence="9" number="16">in</token>
<token t_id="228" sentence="9" number="17">14</token>
<token t_id="229" sentence="9" number="18">games</token>
<token t_id="230" sentence="9" number="19">.</token>
<token t_id="231" sentence="10" number="0">He</token>
<token t_id="232" sentence="10" number="1">had</token>
<token t_id="233" sentence="10" number="2">been</token>
<token t_id="234" sentence="10" number="3">hobbled</token>
<token t_id="235" sentence="10" number="4">this</token>
<token t_id="236" sentence="10" number="5">year</token>
<token t_id="237" sentence="10" number="6">,</token>
<token t_id="238" sentence="10" number="7">and</token>
<token t_id="239" sentence="10" number="8">that</token>
<token t_id="240" sentence="10" number="9">was</token>
<token t_id="241" sentence="10" number="10">the</token>
<token t_id="242" sentence="10" number="11">main</token>
<token t_id="243" sentence="10" number="12">reason</token>
<token t_id="244" sentence="10" number="13">that</token>
<token t_id="245" sentence="10" number="14">Ivory</token>
<token t_id="246" sentence="10" number="15">ended</token>
<token t_id="247" sentence="10" number="16">up</token>
<token t_id="248" sentence="10" number="17">seeing</token>
<token t_id="249" sentence="10" number="18">so</token>
<token t_id="250" sentence="10" number="19">much</token>
<token t_id="251" sentence="10" number="20">playing</token>
<token t_id="252" sentence="10" number="21">time</token>
<token t_id="253" sentence="10" number="22">.</token>
<token t_id="254" sentence="11" number="0">Ivory</token>
<token t_id="255" sentence="11" number="1">rushed</token>
<token t_id="256" sentence="11" number="2">for</token>
<token t_id="257" sentence="11" number="3">716</token>
<token t_id="258" sentence="11" number="4">yards</token>
<token t_id="259" sentence="11" number="5">this</token>
<token t_id="260" sentence="11" number="6">year</token>
<token t_id="261" sentence="11" number="7">,</token>
<token t_id="262" sentence="11" number="8">leading</token>
<token t_id="263" sentence="11" number="9">the</token>
<token t_id="264" sentence="11" number="10">Saints</token>
<token t_id="265" sentence="11" number="11">in</token>
<token t_id="266" sentence="11" number="12">rushing</token>
<token t_id="267" sentence="11" number="13">,</token>
<token t_id="268" sentence="11" number="14">and</token>
<token t_id="269" sentence="11" number="15">giving</token>
<token t_id="270" sentence="11" number="16">them</token>
<token t_id="271" sentence="11" number="17">a</token>
<token t_id="272" sentence="11" number="18">great</token>
<token t_id="273" sentence="11" number="19">option</token>
<token t_id="274" sentence="11" number="20">as</token>
<token t_id="275" sentence="11" number="21">they</token>
<token t_id="276" sentence="11" number="22">tried</token>
<token t_id="277" sentence="11" number="23">to</token>
<token t_id="278" sentence="11" number="24">survive</token>
<token t_id="279" sentence="11" number="25">without</token>
<token t_id="280" sentence="11" number="26">Thomas</token>
<token t_id="281" sentence="11" number="27">and</token>
<token t_id="282" sentence="11" number="28">Bush</token>
<token t_id="283" sentence="11" number="29">behind</token>
<token t_id="284" sentence="11" number="30">quarterback</token>
<token t_id="285" sentence="11" number="31">Drew</token>
<token t_id="286" sentence="11" number="32">Brees</token>
<token t_id="287" sentence="11" number="33">on</token>
<token t_id="288" sentence="11" number="34">offense</token>
<token t_id="289" sentence="11" number="35">.</token>
<token t_id="290" sentence="12" number="0">We</token>
<token t_id="291" sentence="12" number="1">reported</token>
<token t_id="292" sentence="12" number="2">Tuesday</token>
<token t_id="293" sentence="12" number="3">how</token>
<token t_id="294" sentence="12" number="4">Ivory</token>
<token t_id="295" sentence="12" number="5">is</token>
<token t_id="296" sentence="12" number="6">done</token>
<token t_id="297" sentence="12" number="7">for</token>
<token t_id="298" sentence="12" number="8">the</token>
<token t_id="299" sentence="12" number="9">year</token>
<token t_id="300" sentence="12" number="10">,</token>
<token t_id="301" sentence="12" number="11">and</token>
<token t_id="302" sentence="12" number="12">it</token>
<token t_id="303" sentence="12" number="13">raises</token>
<token t_id="304" sentence="12" number="14">the</token>
<token t_id="305" sentence="12" number="15">chances</token>
<token t_id="306" sentence="12" number="16">of</token>
<token t_id="307" sentence="12" number="17">Seattle</token>
<token t_id="308" sentence="12" number="18">pulling</token>
<token t_id="309" sentence="12" number="19">off</token>
<token t_id="310" sentence="12" number="20">an</token>
<token t_id="311" sentence="12" number="21">upset</token>
<token t_id="312" sentence="12" number="22">on</token>
<token t_id="313" sentence="12" number="23">Saturday</token>
<token t_id="314" sentence="12" number="24">.</token>
<token t_id="315" sentence="13" number="0">The</token>
<token t_id="316" sentence="13" number="1">Seattle</token>
<token t_id="317" sentence="13" number="2">vs</token>
<token t_id="318" sentence="13" number="3">.</token>
<token t_id="319" sentence="13" number="4">New</token>
<token t_id="320" sentence="13" number="5">Orleans</token>
<token t_id="321" sentence="13" number="6">game</token>
<token t_id="322" sentence="13" number="7">will</token>
<token t_id="323" sentence="13" number="8">be</token>
<token t_id="324" sentence="13" number="9">the</token>
<token t_id="325" sentence="13" number="10">first</token>
<token t_id="326" sentence="13" number="11">one</token>
<token t_id="327" sentence="13" number="12">on</token>
<token t_id="328" sentence="13" number="13">wild</token>
<token t_id="329" sentence="13" number="14">card</token>
<token t_id="330" sentence="13" number="15">weekend</token>
<token t_id="331" sentence="13" number="16">,</token>
<token t_id="332" sentence="13" number="17">with</token>
<token t_id="333" sentence="13" number="18">kickoff</token>
<token t_id="334" sentence="13" number="19">scheduled</token>
<token t_id="335" sentence="13" number="20">for</token>
<token t_id="336" sentence="13" number="21">1</token>
<token t_id="337" sentence="13" number="22">:</token>
<token t_id="338" sentence="13" number="23">30</token>
<token t_id="339" sentence="13" number="24">p</token>
<token t_id="340" sentence="13" number="25">.</token>
<token t_id="341" sentence="13" number="26">m</token>
<token t_id="342" sentence="13" number="27">.</token>
<token t_id="343" sentence="13" number="28">PST</token>
<token t_id="344" sentence="13" number="29">.</token>
<token t_id="345" sentence="14" number="0">Seattle</token>
<token t_id="346" sentence="14" number="1">is</token>
<token t_id="347" sentence="14" number="2">the</token>
<token t_id="348" sentence="14" number="3">big</token>
<token t_id="349" sentence="14" number="4">underdog</token>
<token t_id="350" sentence="14" number="5">in</token>
<token t_id="351" sentence="14" number="6">this</token>
<token t_id="352" sentence="14" number="7">game</token>
<token t_id="353" sentence="14" number="8">,</token>
<token t_id="354" sentence="14" number="9">even</token>
<token t_id="355" sentence="14" number="10">though</token>
<token t_id="356" sentence="14" number="11">it</token>
<token t_id="357" sentence="14" number="12">is</token>
<token t_id="358" sentence="14" number="13">the</token>
<token t_id="359" sentence="14" number="14">team</token>
<token t_id="360" sentence="14" number="15">hosting</token>
<token t_id="361" sentence="14" number="16">the</token>
<token t_id="362" sentence="14" number="17">game</token>
<token t_id="363" sentence="14" number="18">.</token>
<token t_id="364" sentence="15" number="0">Getting</token>
<token t_id="365" sentence="15" number="1">to</token>
<token t_id="366" sentence="15" number="2">play</token>
<token t_id="367" sentence="15" number="3">in</token>
<token t_id="368" sentence="15" number="4">front</token>
<token t_id="369" sentence="15" number="5">of</token>
<token t_id="370" sentence="15" number="6">the</token>
<token t_id="371" sentence="15" number="7">home</token>
<token t_id="372" sentence="15" number="8">crowd</token>
<token t_id="373" sentence="15" number="9">and</token>
<token t_id="374" sentence="15" number="10">going</token>
<token t_id="375" sentence="15" number="11">up</token>
<token t_id="376" sentence="15" number="12">against</token>
<token t_id="377" sentence="15" number="13">a</token>
<token t_id="378" sentence="15" number="14">banged</token>
<token t_id="379" sentence="15" number="15">-</token>
<token t_id="380" sentence="15" number="16">up</token>
<token t_id="381" sentence="15" number="17">Saints</token>
<token t_id="382" sentence="15" number="18">team</token>
<token t_id="383" sentence="15" number="19">could</token>
<token t_id="384" sentence="15" number="20">be</token>
<token t_id="385" sentence="15" number="21">exactly</token>
<token t_id="386" sentence="15" number="22">what</token>
<token t_id="387" sentence="15" number="23">the</token>
<token t_id="388" sentence="15" number="24">Seahawks</token>
<token t_id="389" sentence="15" number="25">need</token>
<token t_id="390" sentence="15" number="26">to</token>
<token t_id="391" sentence="15" number="27">pull</token>
<token t_id="392" sentence="15" number="28">an</token>
<token t_id="393" sentence="15" number="29">upset</token>
<token t_id="394" sentence="15" number="30">,</token>
<token t_id="395" sentence="15" number="31">but</token>
<token t_id="396" sentence="15" number="32">they</token>
<token t_id="397" sentence="15" number="33">will</token>
<token t_id="398" sentence="15" number="34">need</token>
<token t_id="399" sentence="15" number="35">quarterback</token>
<token t_id="400" sentence="15" number="36">Matt</token>
<token t_id="401" sentence="15" number="37">Hasselbeck</token>
<token t_id="402" sentence="15" number="38">to</token>
<token t_id="403" sentence="15" number="39">come</token>
<token t_id="404" sentence="15" number="40">up</token>
<token t_id="405" sentence="15" number="41">huge</token>
<token t_id="406" sentence="15" number="42">as</token>
<token t_id="407" sentence="15" number="43">well</token>
<token t_id="408" sentence="15" number="44">.</token>
<token t_id="409" sentence="16" number="0">Hasselbeck</token>
<token t_id="410" sentence="16" number="1">had</token>
<token t_id="411" sentence="16" number="2">more</token>
<token t_id="412" sentence="16" number="3">than</token>
<token t_id="413" sentence="16" number="4">300</token>
<token t_id="414" sentence="16" number="5">passing</token>
<token t_id="415" sentence="16" number="6">yards</token>
<token t_id="416" sentence="16" number="7">against</token>
<token t_id="417" sentence="16" number="8">the</token>
<token t_id="418" sentence="16" number="9">Saints</token>
<token t_id="419" sentence="16" number="10">back</token>
<token t_id="420" sentence="16" number="11">in</token>
<token t_id="421" sentence="16" number="12">Week</token>
<token t_id="422" sentence="16" number="13">11</token>
<token t_id="423" sentence="16" number="14">,</token>
<token t_id="424" sentence="16" number="15">so</token>
<token t_id="425" sentence="16" number="16">maybe</token>
<token t_id="426" sentence="16" number="17">Seattle</token>
<token t_id="427" sentence="16" number="18">has</token>
<token t_id="428" sentence="16" number="19">a</token>
<token t_id="429" sentence="16" number="20">chance</token>
<token t_id="430" sentence="16" number="21">after</token>
<token t_id="431" sentence="16" number="22">all</token>
<token t_id="432" sentence="16" number="23">.</token>
<token t_id="433" sentence="17" number="0">As</token>
<token t_id="434" sentence="17" number="1">for</token>
<token t_id="435" sentence="17" number="2">the</token>
<token t_id="436" sentence="17" number="3">Saints</token>
<token t_id="437" sentence="17" number="4">on</token>
<token t_id="438" sentence="17" number="5">offense</token>
<token t_id="439" sentence="17" number="6">,</token>
<token t_id="440" sentence="17" number="7">they</token>
<token t_id="441" sentence="17" number="8">still</token>
<token t_id="442" sentence="17" number="9">have</token>
<token t_id="443" sentence="17" number="10">Super</token>
<token t_id="444" sentence="17" number="11">Bowl</token>
<token t_id="445" sentence="17" number="12">MVP</token>
<token t_id="446" sentence="17" number="13">Drew</token>
<token t_id="447" sentence="17" number="14">Brees</token>
<token t_id="448" sentence="17" number="15">taking</token>
<token t_id="449" sentence="17" number="16">the</token>
<token t_id="450" sentence="17" number="17">snaps</token>
<token t_id="451" sentence="17" number="18">.</token>
<token t_id="452" sentence="18" number="0">He</token>
<token t_id="453" sentence="18" number="1">is</token>
<token t_id="454" sentence="18" number="2">having</token>
<token t_id="455" sentence="18" number="3">a</token>
<token t_id="456" sentence="18" number="4">bit</token>
<token t_id="457" sentence="18" number="5">of</token>
<token t_id="458" sentence="18" number="6">a</token>
<token t_id="459" sentence="18" number="7">down</token>
<token t_id="460" sentence="18" number="8">year</token>
<token t_id="461" sentence="18" number="9">by</token>
<token t_id="462" sentence="18" number="10">his</token>
<token t_id="463" sentence="18" number="11">standards</token>
<token t_id="464" sentence="18" number="12">,</token>
<token t_id="465" sentence="18" number="13">especially</token>
<token t_id="466" sentence="18" number="14">in</token>
<token t_id="467" sentence="18" number="15">the</token>
<token t_id="468" sentence="18" number="16">category</token>
<token t_id="469" sentence="18" number="17">of</token>
<token t_id="470" sentence="18" number="18">interceptions</token>
<token t_id="471" sentence="18" number="19">,</token>
<token t_id="472" sentence="18" number="20">but</token>
<token t_id="473" sentence="18" number="21">this</token>
<token t_id="474" sentence="18" number="22">is</token>
<token t_id="475" sentence="18" number="23">still</token>
<token t_id="476" sentence="18" number="24">a</token>
<token t_id="477" sentence="18" number="25">guy</token>
<token t_id="478" sentence="18" number="26">who</token>
<token t_id="479" sentence="18" number="27">could</token>
<token t_id="480" sentence="18" number="28">throw</token>
<token t_id="481" sentence="18" number="29">for</token>
<token t_id="482" sentence="18" number="30">400</token>
<token t_id="483" sentence="18" number="31">yards</token>
<token t_id="484" sentence="18" number="32">on</token>
<token t_id="485" sentence="18" number="33">any</token>
<token t_id="486" sentence="18" number="34">given</token>
<token t_id="487" sentence="18" number="35">night</token>
<token t_id="488" sentence="18" number="36">.</token>
<token t_id="489" sentence="19" number="0">A</token>
<token t_id="490" sentence="19" number="1">lot</token>
<token t_id="491" sentence="19" number="2">will</token>
<token t_id="492" sentence="19" number="3">be</token>
<token t_id="493" sentence="19" number="4">asked</token>
<token t_id="494" sentence="19" number="5">of</token>
<token t_id="495" sentence="19" number="6">him</token>
<token t_id="496" sentence="19" number="7">on</token>
<token t_id="497" sentence="19" number="8">Saturday</token>
<token t_id="498" sentence="19" number="9">,</token>
<token t_id="499" sentence="19" number="10">but</token>
<token t_id="500" sentence="19" number="11">he</token>
<token t_id="501" sentence="19" number="12">has</token>
<token t_id="502" sentence="19" number="13">been</token>
<token t_id="503" sentence="19" number="14">in</token>
<token t_id="504" sentence="19" number="15">pressure</token>
<token t_id="505" sentence="19" number="16">-</token>
<token t_id="506" sentence="19" number="17">packed</token>
<token t_id="507" sentence="19" number="18">games</token>
<token t_id="508" sentence="19" number="19">quite</token>
<token t_id="509" sentence="19" number="20">a</token>
<token t_id="510" sentence="19" number="21">few</token>
<token t_id="511" sentence="19" number="22">times</token>
<token t_id="512" sentence="19" number="23">at</token>
<token t_id="513" sentence="19" number="24">this</token>
<token t_id="514" sentence="19" number="25">point</token>
<token t_id="515" sentence="19" number="26">in</token>
<token t_id="516" sentence="19" number="27">his</token>
<token t_id="517" sentence="19" number="28">career</token>
<token t_id="518" sentence="19" number="29">.</token>
<Markables>
<ACTION_OCCURRENCE m_id="9"  >
  <token_anchor t_id="30"/>
</ACTION_OCCURRENCE>
<ACTION_OCCURRENCE m_id="10"  >
  <token_anchor t_id="45"/>
</ACTION_OCCURRENCE>
<ACTION_OCCURRENCE m_id="11"  >
  <token_anchor t_id="60"/>
</ACTION_OCCURRENCE>
<ACTION_OCCURRENCE m_id="12"  >
  <token_anchor t_id="94"/>
</ACTION_OCCURRENCE>
<ACTION_OCCURRENCE m_id="13"  >
  <token_anchor t_id="103"/>
</ACTION_OCCURRENCE>
<ACTION_OCCURRENCE m_id="14"  >
  <token_anchor t_id="108"/>
</ACTION_OCCURRENCE>
<ACTION_OCCURRENCE m_id="15"  >
  <token_anchor t_id="110"/>
</ACTION_OCCURRENCE>
<ACTION_OCCURRENCE m_id="16"  >
  <token_anchor t_id="116"/>
</ACTION_OCCURRENCE>
<ACTION_OCCURRENCE m_id="17"  >
  <token_anchor t_id="65"/>
</ACTION_OCCURRENCE>
<ACTION_OCCURRENCE m_id="26"  >
  <token_anchor t_id="64"/>
</ACTION_OCCURRENCE>
<ACTION_OCCURRENCE m_id="27"  >
  <token_anchor t_id="106"/>
</ACTION_OCCURRENCE>
<ACTION_STATE m_id="18"  >
  <token_anchor t_id="32"/>
  <token_anchor t_id="33"/>
</ACTION_STATE>
<ACTION_STATE m_id="19"  >
  <token_anchor t_id="47"/>
  <token_anchor t_id="48"/>
</ACTION_STATE>
<ACTION_STATE m_id="20"  >
  <token_anchor t_id="57"/>
</ACTION_STATE>
<ACTION_STATE m_id="21"  >
  <token_anchor t_id="90"/>
</ACTION_STATE>
<HUMAN_PART_ORG m_id="22"  >
  <token_anchor t_id="91"/>
</HUMAN_PART_ORG>
<HUMAN_PART_ORG m_id="23"  >
  <token_anchor t_id="97"/>
</HUMAN_PART_ORG>
<HUMAN_PART_ORG m_id="6"  >
  <token_anchor t_id="113"/>
</HUMAN_PART_ORG>
<HUMAN_PART_ORG m_id="7"  >
  <token_anchor t_id="35"/>
  <token_anchor t_id="36"/>
  <token_anchor t_id="37"/>
</HUMAN_PART_ORG>
<HUMAN_PART_ORG m_id="8"  >
  <token_anchor t_id="51"/>
  <token_anchor t_id="52"/>
  <token_anchor t_id="53"/>
</HUMAN_PART_ORG>
<HUMAN_PART_PER m_id="2"  >
  <token_anchor t_id="28"/>
  <token_anchor t_id="29"/>
</HUMAN_PART_PER>
<HUMAN_PART_PER m_id="3"  >
  <token_anchor t_id="42"/>
  <token_anchor t_id="43"/>
</HUMAN_PART_PER>
<HUMAN_PART_PER m_id="4"  >
  <token_anchor t_id="58"/>
</HUMAN_PART_PER>
<HUMAN_PART_PER m_id="5"  >
  <token_anchor t_id="99"/>
</HUMAN_PART_PER>
<TIME_DATE m_id="24"  >
  <token_anchor t_id="63"/>
</TIME_DATE>
<TIME_DATE m_id="25"  >
  <token_anchor t_id="54"/>
  <token_anchor t_id="55"/>
</TIME_DATE>
<TIME_DATE m_id="1"  >
  <token_anchor t_id="38"/>
  <token_anchor t_id="39"/>
  <token_anchor t_id="40"/>
  <token_anchor t_id="41"/>
</TIME_DATE>




<HUMAN_PART_PER m_id="33" RELATED_TO="" TAG_DESCRIPTOR="t25_thomas" instance_id="HUM18421454142328012" />
<HUMAN_PART_ORG m_id="32" RELATED_TO="" TAG_DESCRIPTOR="t25_saints" instance_id="HUM18421383201372865" />
<ACTION_OCCURRENCE m_id="37" RELATED_TO="" TAG_DESCRIPTOR="t25_playoffs" instance_id="ACT18421310137864788" />
<ACTION_OCCURRENCE m_id="36" RELATED_TO="" TAG_DESCRIPTOR="t25_place_on_ir" instance_id="ACT18421264233178659" />
<ACTION_STATE m_id="35" RELATED_TO="" TAG_DESCRIPTOR="t25_ir" instance_id="ACT18421355928785200" />
<TIME_DATE m_id="34" RELATED_TO="" TAG_DESCRIPTOR="t25_wednesday" instance_id="TIM18421477265853869" />
</Markables>

<Relations>
<CROSS_DOC_COREF r_id="41060" note="HUM18421383201372865" >
  <source m_id="23" />
  <source m_id="6" />
  <source m_id="22" />
  <source m_id="7" />
  <source m_id="8" />
  <target m_id="32" />
</CROSS_DOC_COREF>
<CROSS_DOC_COREF r_id="41061" note="HUM18421454142328012" >
  <source m_id="4" />
  <source m_id="2" />
  <source m_id="3" />
  <source m_id="5" />
  <target m_id="33" />
</CROSS_DOC_COREF>
<CROSS_DOC_COREF r_id="41062" note="TIM18421477265853869" >
  <source m_id="25" />
  <target m_id="34" />
</CROSS_DOC_COREF>
<CROSS_DOC_COREF r_id="41063" note="ACT18421355928785200" >
  <source m_id="18" />
  <source m_id="19" />
  <target m_id="35" />
</CROSS_DOC_COREF>
<CROSS_DOC_COREF r_id="41064" note="ACT18421264233178659" >
  <source m_id="10" />
  <source m_id="9" />
  <source m_id="27" />
  <target m_id="36" />
</CROSS_DOC_COREF>
<CROSS_DOC_COREF r_id="41065" note="ACT18421310137864788" >
  <source m_id="17" />
  <target m_id="37" />
</CROSS_DOC_COREF>

</Relations>
</Document>
