<Document doc_name="25_8ecbplus.xml" doc_id="DOC15646379635416578">
<token t_id="1" sentence="0" number="0">http</token>
<token t_id="2" sentence="0" number="1">:</token>
<token t_id="3" sentence="0" number="2">/</token>
<token t_id="4" sentence="0" number="3">/</token>
<token t_id="5" sentence="0" number="4">voices</token>
<token t_id="6" sentence="0" number="5">.</token>
<token t_id="7" sentence="0" number="6">washingtonpost</token>
<token t_id="8" sentence="0" number="7">.</token>
<token t_id="9" sentence="0" number="8">com</token>
<token t_id="10" sentence="0" number="9">/</token>
<token t_id="11" sentence="0" number="10">early</token>
<token t_id="12" sentence="0" number="11">-</token>
<token t_id="13" sentence="0" number="12">lead</token>
<token t_id="14" sentence="0" number="13">/</token>
<token t_id="15" sentence="0" number="14">2011</token>
<token t_id="16" sentence="0" number="15">/</token>
<token t_id="17" sentence="0" number="16">01</token>
<token t_id="18" sentence="0" number="17">/</token>
<token t_id="19" sentence="0" number="18">new</token>
<token t_id="20" sentence="0" number="19">_</token>
<token t_id="21" sentence="0" number="20">orleans</token>
<token t_id="22" sentence="0" number="21">_</token>
<token t_id="23" sentence="0" number="22">saints</token>
<token t_id="24" sentence="0" number="23">_</token>
<token t_id="25" sentence="0" number="24">place</token>
<token t_id="26" sentence="0" number="25">_</token>
<token t_id="27" sentence="0" number="26">pierr</token>
<token t_id="28" sentence="0" number="27">.</token>
<token t_id="29" sentence="0" number="28">html</token>
<token t_id="30" sentence="1" number="0">Posted</token>
<token t_id="31" sentence="1" number="1">at</token>
<token t_id="32" sentence="1" number="2">3</token>
<token t_id="33" sentence="1" number="3">:</token>
<token t_id="34" sentence="1" number="4">21</token>
<token t_id="35" sentence="1" number="5">PM</token>
<token t_id="36" sentence="1" number="6">ET</token>
<token t_id="37" sentence="1" number="7">,</token>
<token t_id="38" sentence="1" number="8">01</token>
<token t_id="39" sentence="1" number="9">/</token>
<token t_id="40" sentence="1" number="10">5</token>
<token t_id="41" sentence="1" number="11">/</token>
<token t_id="42" sentence="1" number="12">2011</token>
<token t_id="43" sentence="2" number="0">New</token>
<token t_id="44" sentence="2" number="1">Orleans</token>
<token t_id="45" sentence="2" number="2">Saints</token>
<token t_id="46" sentence="2" number="3">place</token>
<token t_id="47" sentence="2" number="4">Pierre</token>
<token t_id="48" sentence="2" number="5">Thomas</token>
<token t_id="49" sentence="2" number="6">on</token>
<token t_id="50" sentence="2" number="7">injured</token>
<token t_id="51" sentence="2" number="8">reserve</token>
<token t_id="52" sentence="2" number="9">list</token>
<token t_id="53" sentence="3" number="0">The</token>
<token t_id="54" sentence="3" number="1">New</token>
<token t_id="55" sentence="3" number="2">Orleans</token>
<token t_id="56" sentence="3" number="3">Saints</token>
<token t_id="57" sentence="3" number="4">have</token>
<token t_id="58" sentence="3" number="5">placed</token>
<token t_id="59" sentence="3" number="6">running</token>
<token t_id="60" sentence="3" number="7">back</token>
<token t_id="61" sentence="3" number="8">Pierre</token>
<token t_id="62" sentence="3" number="9">Thomas</token>
<token t_id="63" sentence="3" number="10">on</token>
<token t_id="64" sentence="3" number="11">the</token>
<token t_id="65" sentence="3" number="12">injured</token>
<token t_id="66" sentence="3" number="13">reserve</token>
<token t_id="67" sentence="3" number="14">list</token>
<token t_id="68" sentence="3" number="15">a</token>
<token t_id="69" sentence="3" number="16">day</token>
<token t_id="70" sentence="3" number="17">after</token>
<token t_id="71" sentence="3" number="18">their</token>
<token t_id="72" sentence="3" number="19">leading</token>
<token t_id="73" sentence="3" number="20">rusher</token>
<token t_id="74" sentence="3" number="21">,</token>
<token t_id="75" sentence="3" number="22">Chris</token>
<token t_id="76" sentence="3" number="23">Ivory</token>
<token t_id="77" sentence="3" number="24">,</token>
<token t_id="78" sentence="3" number="25">was</token>
<token t_id="79" sentence="3" number="26">shut</token>
<token t_id="80" sentence="3" number="27">down</token>
<token t_id="81" sentence="3" number="28">for</token>
<token t_id="82" sentence="3" number="29">the</token>
<token t_id="83" sentence="3" number="30">season</token>
<token t_id="84" sentence="3" number="31">.</token>
<token t_id="85" sentence="4" number="0">With</token>
<token t_id="86" sentence="4" number="1">a</token>
<token t_id="87" sentence="4" number="2">playoff</token>
<token t_id="88" sentence="4" number="3">game</token>
<token t_id="89" sentence="4" number="4">looming</token>
<token t_id="90" sentence="4" number="5">Saturday</token>
<token t_id="91" sentence="4" number="6">on</token>
<token t_id="92" sentence="4" number="7">what</token>
<token t_id="93" sentence="4" number="8">probably</token>
<token t_id="94" sentence="4" number="9">will</token>
<token t_id="95" sentence="4" number="10">be</token>
<token t_id="96" sentence="4" number="11">a</token>
<token t_id="97" sentence="4" number="12">wet</token>
<token t_id="98" sentence="4" number="13">field</token>
<token t_id="99" sentence="4" number="14">in</token>
<token t_id="100" sentence="4" number="15">a</token>
<token t_id="101" sentence="4" number="16">tough</token>
<token t_id="102" sentence="4" number="17">stadium</token>
<token t_id="103" sentence="4" number="18">in</token>
<token t_id="104" sentence="4" number="19">Seattle</token>
<token t_id="105" sentence="4" number="20">,</token>
<token t_id="106" sentence="4" number="21">Reggie</token>
<token t_id="107" sentence="4" number="22">Bush</token>
<token t_id="108" sentence="4" number="23">and</token>
<token t_id="109" sentence="4" number="24">Julius</token>
<token t_id="110" sentence="4" number="25">Jones</token>
<token t_id="111" sentence="4" number="26">will</token>
<token t_id="112" sentence="4" number="27">step</token>
<token t_id="113" sentence="4" number="28">up</token>
<token t_id="114" sentence="4" number="29">to</token>
<token t_id="115" sentence="4" number="30">replace</token>
<token t_id="116" sentence="4" number="31">the</token>
<token t_id="117" sentence="4" number="32">Saints'</token>
<token t_id="118" sentence="4" number="33">top</token>
<token t_id="119" sentence="4" number="34">two</token>
<token t_id="120" sentence="4" number="35">running</token>
<token t_id="121" sentence="4" number="36">backs</token>
<token t_id="122" sentence="4" number="37">.</token>
<token t_id="123" sentence="5" number="0">"I</token>
<token t_id="124" sentence="5" number="1">don't</token>
<token t_id="125" sentence="5" number="2">know</token>
<token t_id="126" sentence="5" number="3">that</token>
<token t_id="127" sentence="5" number="4">this</token>
<token t_id="128" sentence="5" number="5">is</token>
<token t_id="129" sentence="5" number="6">a</token>
<token t_id="130" sentence="5" number="7">rallying</token>
<token t_id="131" sentence="5" number="8">cry</token>
<token t_id="132" sentence="5" number="9">,</token>
<token t_id="133" sentence="5" number="10">"</token>
<token t_id="134" sentence="5" number="11">Coach</token>
<token t_id="135" sentence="5" number="12">Sean</token>
<token t_id="136" sentence="5" number="13">Payton</token>
<token t_id="137" sentence="5" number="14">said</token>
<token t_id="138" sentence="5" number="15">of</token>
<token t_id="139" sentence="5" number="16">the</token>
<token t_id="140" sentence="5" number="17">injuries</token>
<token t_id="141" sentence="5" number="18">(</token>
<token t_id="142" sentence="5" number="19">via</token>
<token t_id="143" sentence="5" number="20">Jeff</token>
<token t_id="144" sentence="5" number="21">Duncan</token>
<token t_id="145" sentence="5" number="22">of</token>
<token t_id="146" sentence="5" number="23">the</token>
<token t_id="147" sentence="5" number="24">Times</token>
<token t_id="148" sentence="5" number="25">-</token>
<token t_id="149" sentence="5" number="26">Picayune</token>
<token t_id="150" sentence="5" number="27">)</token>
<token t_id="151" sentence="5" number="28">.</token>
<token t_id="152" sentence="6" number="0">"We've</token>
<token t_id="153" sentence="6" number="1">gone</token>
<token t_id="154" sentence="6" number="2">through</token>
<token t_id="155" sentence="6" number="3">this</token>
<token t_id="156" sentence="6" number="4">before</token>
<token t_id="157" sentence="6" number="5">.</token>
<token t_id="158" sentence="7" number="0">It's</token>
<token t_id="159" sentence="7" number="1">not</token>
<token t_id="160" sentence="7" number="2">uncommon</token>
<token t_id="161" sentence="7" number="3">.</token>
<token t_id="162" sentence="8" number="0">It's</token>
<token t_id="163" sentence="8" number="1">more</token>
<token t_id="164" sentence="8" number="2">the</token>
<token t_id="165" sentence="8" number="3">norm</token>
<token t_id="166" sentence="8" number="4">.</token>
<token t_id="167" sentence="8" number="5">"</token>
<token t_id="168" sentence="9" number="0">Thomas</token>
<token t_id="169" sentence="9" number="1">had</token>
<token t_id="170" sentence="9" number="2">a</token>
<token t_id="171" sentence="9" number="3">setback</token>
<token t_id="172" sentence="9" number="4">with</token>
<token t_id="173" sentence="9" number="5">an</token>
<token t_id="174" sentence="9" number="6">ankle</token>
<token t_id="175" sentence="9" number="7">injury</token>
<token t_id="176" sentence="9" number="8">in</token>
<token t_id="177" sentence="9" number="9">practice</token>
<token t_id="178" sentence="9" number="10">last</token>
<token t_id="179" sentence="9" number="11">week</token>
<token t_id="180" sentence="9" number="12">and</token>
<token t_id="181" sentence="9" number="13">,</token>
<token t_id="182" sentence="9" number="14">Payton</token>
<token t_id="183" sentence="9" number="15">said</token>
<token t_id="184" sentence="9" number="16">,</token>
<token t_id="185" sentence="9" number="17">everyone</token>
<token t_id="186" sentence="9" number="18">"felt</token>
<token t_id="187" sentence="9" number="19">this</token>
<token t_id="188" sentence="9" number="20">was</token>
<token t_id="189" sentence="9" number="21">the</token>
<token t_id="190" sentence="9" number="22">best</token>
<token t_id="191" sentence="9" number="23">move</token>
<token t_id="192" sentence="9" number="24">.</token>
<token t_id="193" sentence="9" number="25">"</token>
<token t_id="194" sentence="10" number="0">The</token>
<token t_id="195" sentence="10" number="1">Saints</token>
<token t_id="196" sentence="10" number="2">signed</token>
<token t_id="197" sentence="10" number="3">DeShawn</token>
<token t_id="198" sentence="10" number="4">Wynn</token>
<token t_id="199" sentence="10" number="5">on</token>
<token t_id="200" sentence="10" number="6">Tuesday</token>
<token t_id="201" sentence="10" number="7">and</token>
<token t_id="202" sentence="10" number="8">Joique</token>
<token t_id="203" sentence="10" number="9">Bell</token>
<token t_id="204" sentence="10" number="10">today</token>
<token t_id="205" sentence="10" number="11">off</token>
<token t_id="206" sentence="10" number="12">the</token>
<token t_id="207" sentence="10" number="13">Philadelphia</token>
<token t_id="208" sentence="10" number="14">Eagles'</token>
<token t_id="209" sentence="10" number="15">practice</token>
<token t_id="210" sentence="10" number="16">squad</token>
<token t_id="211" sentence="10" number="17">.</token>
<Markables>
<ACTION_OCCURRENCE m_id="9"  >
  <token_anchor t_id="79"/>
  <token_anchor t_id="80"/>
</ACTION_OCCURRENCE>
<ACTION_OCCURRENCE m_id="10"  >
  <token_anchor t_id="83"/>
</ACTION_OCCURRENCE>
<ACTION_OCCURRENCE m_id="7"  >
  <token_anchor t_id="58"/>
</ACTION_OCCURRENCE>
<ACTION_OCCURRENCE m_id="8"  >
  <token_anchor t_id="46"/>
</ACTION_OCCURRENCE>
<ACTION_STATE m_id="18"  >
  <token_anchor t_id="50"/>
  <token_anchor t_id="51"/>
</ACTION_STATE>
<ACTION_STATE m_id="19"  >
  <token_anchor t_id="65"/>
  <token_anchor t_id="66"/>
</ACTION_STATE>
<HUMAN_PART_ORG m_id="4"  >
  <token_anchor t_id="43"/>
  <token_anchor t_id="44"/>
  <token_anchor t_id="45"/>
</HUMAN_PART_ORG>
<HUMAN_PART_ORG m_id="5"  >
  <token_anchor t_id="54"/>
  <token_anchor t_id="55"/>
  <token_anchor t_id="56"/>
</HUMAN_PART_ORG>
<HUMAN_PART_PER m_id="2"  >
  <token_anchor t_id="47"/>
  <token_anchor t_id="48"/>
</HUMAN_PART_PER>
<HUMAN_PART_PER m_id="3"  >
  <token_anchor t_id="61"/>
  <token_anchor t_id="62"/>
</HUMAN_PART_PER>
<HUMAN_PART_PER m_id="6"  >
  <token_anchor t_id="75"/>
  <token_anchor t_id="76"/>
</HUMAN_PART_PER>
<NON_HUMAN_PART m_id="11"  >
  <token_anchor t_id="52"/>
</NON_HUMAN_PART>
<NON_HUMAN_PART m_id="12"  >
  <token_anchor t_id="67"/>
</NON_HUMAN_PART>
<TIME_OF_THE_DAY m_id="1"  >
  <token_anchor t_id="32"/>
  <token_anchor t_id="33"/>
  <token_anchor t_id="34"/>
  <token_anchor t_id="35"/>
  <token_anchor t_id="36"/>
  <token_anchor t_id="37"/>
  <token_anchor t_id="38"/>
  <token_anchor t_id="39"/>
  <token_anchor t_id="40"/>
  <token_anchor t_id="41"/>
  <token_anchor t_id="42"/>
</TIME_OF_THE_DAY>


<TIME_DATE m_id="20" note="byCROMER" >
  <token_anchor t_id="68"/>
  <token_anchor t_id="69"/>
  <token_anchor t_id="70"/>
</TIME_DATE>


<HUMAN_PART_PER m_id="29" RELATED_TO="" TAG_DESCRIPTOR="t25_ivory" instance_id="HUM18421400570576106" />
<ACTION_OCCURRENCE m_id="28" RELATED_TO="" TAG_DESCRIPTOR="t25_season" instance_id="ACT18421556573077593" />
<NON_HUMAN_PART m_id="27" RELATED_TO="" TAG_DESCRIPTOR="t25_ir_list" instance_id="NON28449329563506002" />
<ACTION_OCCURRENCE m_id="26" RELATED_TO="" TAG_DESCRIPTOR="t25_place_on_ir" instance_id="ACT18421264233178659" />
<ACTION_OCCURRENCE m_id="25" RELATED_TO="" TAG_DESCRIPTOR="t25_place_ivory_on_ir" instance_id="ACT18423121407773140" />
<ACTION_STATE m_id="24" RELATED_TO="" TAG_DESCRIPTOR="t25_ir" instance_id="ACT18421355928785200" />
<TIME_DATE m_id="23" RELATED_TO="" TAG_DESCRIPTOR="t25_wednesday" instance_id="TIM18421477265853869" />
<HUMAN_PART_PER m_id="22" RELATED_TO="" TAG_DESCRIPTOR="t25_thomas" instance_id="HUM18421454142328012" />
<HUMAN_PART_ORG m_id="21" RELATED_TO="" TAG_DESCRIPTOR="t25_saints" instance_id="HUM18421383201372865" />
</Markables>

<Relations>
<CROSS_DOC_COREF r_id="41071" note="HUM18421383201372865" >
  <source m_id="4" />
  <source m_id="5" />
  <target m_id="21" />
</CROSS_DOC_COREF>
<CROSS_DOC_COREF r_id="41072" note="HUM18421454142328012" >
  <source m_id="3" />
  <source m_id="2" />
  <target m_id="22" />
</CROSS_DOC_COREF>
<CROSS_DOC_COREF r_id="41073" note="TIM18421477265853869" >
  <source m_id="20" />
  <target m_id="23" />
</CROSS_DOC_COREF>
<CROSS_DOC_COREF r_id="41074" note="ACT18421355928785200" >
  <source m_id="19" />
  <source m_id="18" />
  <target m_id="24" />
</CROSS_DOC_COREF>
<CROSS_DOC_COREF r_id="41075" note="ACT18423121407773140" >
  <source m_id="9" />
  <target m_id="25" />
</CROSS_DOC_COREF>
<CROSS_DOC_COREF r_id="41076" note="ACT18421264233178659" >
  <source m_id="7" />
  <source m_id="8" />
  <target m_id="26" />
</CROSS_DOC_COREF>
<CROSS_DOC_COREF r_id="41077" note="NON28449329563506002" >
  <source m_id="12" />
  <source m_id="11" />
  <target m_id="27" />
</CROSS_DOC_COREF>
<CROSS_DOC_COREF r_id="41078" note="ACT18421556573077593" >
  <source m_id="10" />
  <target m_id="28" />
</CROSS_DOC_COREF>
<CROSS_DOC_COREF r_id="41079" note="HUM18421400570576106" >
  <source m_id="6" />
  <target m_id="29" />
</CROSS_DOC_COREF>

</Relations>
</Document>
