<Document doc_name="25_9ecbplus.xml" doc_id="DOC15646379820182057">
<token t_id="1" sentence="0" number="0">http</token>
<token t_id="2" sentence="0" number="1">:</token>
<token t_id="3" sentence="0" number="2">/</token>
<token t_id="4" sentence="0" number="3">/</token>
<token t_id="5" sentence="0" number="4">www</token>
<token t_id="6" sentence="0" number="5">.</token>
<token t_id="7" sentence="0" number="6">aolnews</token>
<token t_id="8" sentence="0" number="7">.</token>
<token t_id="9" sentence="0" number="8">com</token>
<token t_id="10" sentence="0" number="9">/</token>
<token t_id="11" sentence="0" number="10">2011</token>
<token t_id="12" sentence="0" number="11">/</token>
<token t_id="13" sentence="0" number="12">01</token>
<token t_id="14" sentence="0" number="13">/</token>
<token t_id="15" sentence="0" number="14">05</token>
<token t_id="16" sentence="0" number="15">/</token>
<token t_id="17" sentence="0" number="16">pierre</token>
<token t_id="18" sentence="0" number="17">-</token>
<token t_id="19" sentence="0" number="18">thomas</token>
<token t_id="20" sentence="0" number="19">-</token>
<token t_id="21" sentence="0" number="20">placed</token>
<token t_id="22" sentence="0" number="21">-</token>
<token t_id="23" sentence="0" number="22">on</token>
<token t_id="24" sentence="0" number="23">-</token>
<token t_id="25" sentence="0" number="24">injured</token>
<token t_id="26" sentence="0" number="25">-</token>
<token t_id="27" sentence="0" number="26">reserve</token>
<token t_id="28" sentence="0" number="27">/</token>
<token t_id="29" sentence="1" number="0">Pierre</token>
<token t_id="30" sentence="1" number="1">Thomas</token>
<token t_id="31" sentence="1" number="2">Placed</token>
<token t_id="32" sentence="1" number="3">on</token>
<token t_id="33" sentence="1" number="4">Injured</token>
<token t_id="34" sentence="1" number="5">Reserve</token>
<token t_id="35" sentence="2" number="0">Jan</token>
<token t_id="36" sentence="2" number="1">5</token>
<token t_id="37" sentence="2" number="2">,</token>
<token t_id="38" sentence="2" number="3">2011</token>
<token t_id="39" sentence="2" number="4">–</token>
<token t_id="40" sentence="2" number="5">4</token>
<token t_id="41" sentence="2" number="6">:</token>
<token t_id="42" sentence="2" number="7">35</token>
<token t_id="43" sentence="2" number="8">PM</token>
<token t_id="44" sentence="3" number="0">Pierre</token>
<token t_id="45" sentence="3" number="1">Thomas</token>
<token t_id="46" sentence="3" number="2">,</token>
<token t_id="47" sentence="3" number="3">the</token>
<token t_id="48" sentence="3" number="4">Saints'</token>
<token t_id="49" sentence="3" number="5">leading</token>
<token t_id="50" sentence="3" number="6">rusher</token>
<token t_id="51" sentence="3" number="7">in</token>
<token t_id="52" sentence="3" number="8">2009</token>
<token t_id="53" sentence="3" number="9">,</token>
<token t_id="54" sentence="3" number="10">was</token>
<token t_id="55" sentence="3" number="11">put</token>
<token t_id="56" sentence="3" number="12">on</token>
<token t_id="57" sentence="3" number="13">injured</token>
<token t_id="58" sentence="3" number="14">reserve</token>
<token t_id="59" sentence="3" number="15">,</token>
<token t_id="60" sentence="3" number="16">the</token>
<token t_id="61" sentence="3" number="17">team</token>
<token t_id="62" sentence="3" number="18">announced</token>
<token t_id="63" sentence="3" number="19">Wednesday</token>
<token t_id="64" sentence="3" number="20">.</token>
<token t_id="65" sentence="4" number="0">Thomas</token>
<token t_id="66" sentence="4" number="1">has</token>
<token t_id="67" sentence="4" number="2">an</token>
<token t_id="68" sentence="4" number="3">ankle</token>
<token t_id="69" sentence="4" number="4">injury</token>
<token t_id="70" sentence="4" number="5">,</token>
<token t_id="71" sentence="4" number="6">and</token>
<token t_id="72" sentence="4" number="7">he</token>
<token t_id="73" sentence="4" number="8">is</token>
<token t_id="74" sentence="4" number="9">the</token>
<token t_id="75" sentence="4" number="10">second</token>
<token t_id="76" sentence="4" number="11">running</token>
<token t_id="77" sentence="4" number="12">back</token>
<token t_id="78" sentence="4" number="13">in</token>
<token t_id="79" sentence="4" number="14">two</token>
<token t_id="80" sentence="4" number="15">days</token>
<token t_id="81" sentence="4" number="16">to</token>
<token t_id="82" sentence="4" number="17">be</token>
<token t_id="83" sentence="4" number="18">placed</token>
<token t_id="84" sentence="4" number="19">on</token>
<token t_id="85" sentence="4" number="20">IR</token>
<token t_id="86" sentence="4" number="21">as</token>
<token t_id="87" sentence="4" number="22">New</token>
<token t_id="88" sentence="4" number="23">Orleans</token>
<token t_id="89" sentence="4" number="24">prepares</token>
<token t_id="90" sentence="4" number="25">for</token>
<token t_id="91" sentence="4" number="26">its</token>
<token t_id="92" sentence="4" number="27">wild</token>
<token t_id="93" sentence="4" number="28">-</token>
<token t_id="94" sentence="4" number="29">card</token>
<token t_id="95" sentence="4" number="30">round</token>
<token t_id="96" sentence="4" number="31">playoff</token>
<token t_id="97" sentence="4" number="32">game</token>
<token t_id="98" sentence="4" number="33">at</token>
<token t_id="99" sentence="4" number="34">Seattle</token>
<token t_id="100" sentence="4" number="35">.</token>
<token t_id="101" sentence="5" number="0">The</token>
<token t_id="102" sentence="5" number="1">Saints</token>
<token t_id="103" sentence="5" number="2">placed</token>
<token t_id="104" sentence="5" number="3">rookie</token>
<token t_id="105" sentence="5" number="4">Chris</token>
<token t_id="106" sentence="5" number="5">Ivory</token>
<token t_id="107" sentence="5" number="6">on</token>
<token t_id="108" sentence="5" number="7">injured</token>
<token t_id="109" sentence="5" number="8">reserve</token>
<token t_id="110" sentence="5" number="9">Tuesday</token>
<token t_id="111" sentence="5" number="10">-</token>
<token t_id="112" sentence="5" number="11">-</token>
<token t_id="113" sentence="5" number="12">another</token>
<token t_id="114" sentence="5" number="13">huge</token>
<token t_id="115" sentence="5" number="14">blow</token>
<token t_id="116" sentence="5" number="15">,</token>
<token t_id="117" sentence="5" number="16">because</token>
<token t_id="118" sentence="5" number="17">he</token>
<token t_id="119" sentence="5" number="18">was</token>
<token t_id="120" sentence="5" number="19">the</token>
<token t_id="121" sentence="5" number="20">club's</token>
<token t_id="122" sentence="5" number="21">leading</token>
<token t_id="123" sentence="5" number="22">rusher</token>
<token t_id="124" sentence="5" number="23">this</token>
<token t_id="125" sentence="5" number="24">season</token>
<token t_id="126" sentence="5" number="25">.</token>
<token t_id="127" sentence="6" number="0">That</token>
<token t_id="128" sentence="6" number="1">leaves</token>
<token t_id="129" sentence="6" number="2">Reggie</token>
<token t_id="130" sentence="6" number="3">Bush</token>
<token t_id="131" sentence="6" number="4">,</token>
<token t_id="132" sentence="6" number="5">Julius</token>
<token t_id="133" sentence="6" number="6">Jones</token>
<token t_id="134" sentence="6" number="7">and</token>
<token t_id="135" sentence="6" number="8">the</token>
<token t_id="136" sentence="6" number="9">newly</token>
<token t_id="137" sentence="6" number="10">-</token>
<token t_id="138" sentence="6" number="11">signed</token>
<token t_id="139" sentence="6" number="12">Joique</token>
<token t_id="140" sentence="6" number="13">Bell</token>
<token t_id="141" sentence="6" number="14">,</token>
<token t_id="142" sentence="6" number="15">who</token>
<token t_id="143" sentence="6" number="16">was</token>
<token t_id="144" sentence="6" number="17">added</token>
<token t_id="145" sentence="6" number="18">off</token>
<token t_id="146" sentence="6" number="19">the</token>
<token t_id="147" sentence="6" number="20">Eagles'</token>
<token t_id="148" sentence="6" number="21">practice</token>
<token t_id="149" sentence="6" number="22">squad</token>
<token t_id="150" sentence="6" number="23">when</token>
<token t_id="151" sentence="6" number="24">Thomas</token>
<token t_id="152" sentence="6" number="25">was</token>
<token t_id="153" sentence="6" number="26">placed</token>
<token t_id="154" sentence="6" number="27">on</token>
<token t_id="155" sentence="6" number="28">IR</token>
<token t_id="156" sentence="6" number="29">,</token>
<token t_id="157" sentence="6" number="30">to</token>
<token t_id="158" sentence="6" number="31">carry</token>
<token t_id="159" sentence="6" number="32">the</token>
<token t_id="160" sentence="6" number="33">load</token>
<token t_id="161" sentence="6" number="34">in</token>
<token t_id="162" sentence="6" number="35">the</token>
<token t_id="163" sentence="6" number="36">Saints'</token>
<token t_id="164" sentence="6" number="37">backfield</token>
<token t_id="165" sentence="6" number="38">.</token>
<token t_id="166" sentence="7" number="0">The</token>
<token t_id="167" sentence="7" number="1">Saints</token>
<token t_id="168" sentence="7" number="2">do</token>
<token t_id="169" sentence="7" number="3">not</token>
<token t_id="170" sentence="7" number="4">generally</token>
<token t_id="171" sentence="7" number="5">run</token>
<token t_id="172" sentence="7" number="6">the</token>
<token t_id="173" sentence="7" number="7">ball</token>
<token t_id="174" sentence="7" number="8">much</token>
<token t_id="175" sentence="7" number="9">anyway</token>
<token t_id="176" sentence="7" number="10">-</token>
<token t_id="177" sentence="7" number="11">-</token>
<token t_id="178" sentence="7" number="12">New</token>
<token t_id="179" sentence="7" number="13">Orleans</token>
<token t_id="180" sentence="7" number="14">finished</token>
<token t_id="181" sentence="7" number="15">30th</token>
<token t_id="182" sentence="7" number="16">in</token>
<token t_id="183" sentence="7" number="17">the</token>
<token t_id="184" sentence="7" number="18">NFL</token>
<token t_id="185" sentence="7" number="19">in</token>
<token t_id="186" sentence="7" number="20">rushing</token>
<token t_id="187" sentence="7" number="21">attempts</token>
<token t_id="188" sentence="7" number="22">this</token>
<token t_id="189" sentence="7" number="23">season</token>
<token t_id="190" sentence="7" number="24">,</token>
<token t_id="191" sentence="7" number="25">with</token>
<token t_id="192" sentence="7" number="26">380</token>
<token t_id="193" sentence="7" number="27">.</token>
<token t_id="194" sentence="8" number="0">They</token>
<token t_id="195" sentence="8" number="1">do</token>
<token t_id="196" sentence="8" number="2">,</token>
<token t_id="197" sentence="8" number="3">however</token>
<token t_id="198" sentence="8" number="4">,</token>
<token t_id="199" sentence="8" number="5">use</token>
<token t_id="200" sentence="8" number="6">their</token>
<token t_id="201" sentence="8" number="7">running</token>
<token t_id="202" sentence="8" number="8">backs</token>
<token t_id="203" sentence="8" number="9">frequently</token>
<token t_id="204" sentence="8" number="10">out</token>
<token t_id="205" sentence="8" number="11">of</token>
<token t_id="206" sentence="8" number="12">the</token>
<token t_id="207" sentence="8" number="13">backfield</token>
<token t_id="208" sentence="8" number="14">in</token>
<token t_id="209" sentence="8" number="15">the</token>
<token t_id="210" sentence="8" number="16">short</token>
<token t_id="211" sentence="8" number="17">passing</token>
<token t_id="212" sentence="8" number="18">game</token>
<token t_id="213" sentence="8" number="19">,</token>
<token t_id="214" sentence="8" number="20">and</token>
<token t_id="215" sentence="8" number="21">Thomas'</token>
<token t_id="216" sentence="8" number="22">absence</token>
<token t_id="217" sentence="8" number="23">will</token>
<token t_id="218" sentence="8" number="24">hurt</token>
<token t_id="219" sentence="8" number="25">there</token>
<token t_id="220" sentence="8" number="26">.</token>
<token t_id="221" sentence="9" number="0">Ivory</token>
<token t_id="222" sentence="9" number="1">,</token>
<token t_id="223" sentence="9" number="2">who</token>
<token t_id="224" sentence="9" number="3">had</token>
<token t_id="225" sentence="9" number="4">made</token>
<token t_id="226" sentence="9" number="5">strides</token>
<token t_id="227" sentence="9" number="6">with</token>
<token t_id="228" sentence="9" number="7">ball</token>
<token t_id="229" sentence="9" number="8">security</token>
<token t_id="230" sentence="9" number="9">,</token>
<token t_id="231" sentence="9" number="10">showed</token>
<token t_id="232" sentence="9" number="11">off</token>
<token t_id="233" sentence="9" number="12">his</token>
<token t_id="234" sentence="9" number="13">power</token>
<token t_id="235" sentence="9" number="14">this</token>
<token t_id="236" sentence="9" number="15">season</token>
<token t_id="237" sentence="9" number="16">,</token>
<token t_id="238" sentence="9" number="17">running</token>
<token t_id="239" sentence="9" number="18">through</token>
<token t_id="240" sentence="9" number="19">arm</token>
<token t_id="241" sentence="9" number="20">tackles</token>
<token t_id="242" sentence="9" number="21">and</token>
<token t_id="243" sentence="9" number="22">over</token>
<token t_id="244" sentence="9" number="23">lighter</token>
<token t_id="245" sentence="9" number="24">linebackers</token>
<token t_id="246" sentence="9" number="25">en</token>
<token t_id="247" sentence="9" number="26">route</token>
<token t_id="248" sentence="9" number="27">to</token>
<token t_id="249" sentence="9" number="28">716</token>
<token t_id="250" sentence="9" number="29">yards</token>
<token t_id="251" sentence="9" number="30">rushing</token>
<token t_id="252" sentence="9" number="31">.</token>
<token t_id="253" sentence="10" number="0">Thomas</token>
<token t_id="254" sentence="10" number="1">was</token>
<token t_id="255" sentence="10" number="2">hurt</token>
<token t_id="256" sentence="10" number="3">in</token>
<token t_id="257" sentence="10" number="4">the</token>
<token t_id="258" sentence="10" number="5">Saints'</token>
<token t_id="259" sentence="10" number="6">game</token>
<token t_id="260" sentence="10" number="7">vs</token>
<token t_id="261" sentence="10" number="8">.</token>
<token t_id="262" sentence="10" number="9">Atlanta</token>
<token t_id="263" sentence="10" number="10">game</token>
<token t_id="264" sentence="10" number="11">in</token>
<token t_id="265" sentence="10" number="12">September</token>
<token t_id="266" sentence="10" number="13">and</token>
<token t_id="267" sentence="10" number="14">missed</token>
<token t_id="268" sentence="10" number="15">10</token>
<token t_id="269" sentence="10" number="16">games</token>
<token t_id="270" sentence="10" number="17">,</token>
<token t_id="271" sentence="10" number="18">including</token>
<token t_id="272" sentence="10" number="19">last</token>
<token t_id="273" sentence="10" number="20">Sunday's</token>
<token t_id="274" sentence="10" number="21">loss</token>
<token t_id="275" sentence="10" number="22">to</token>
<token t_id="276" sentence="10" number="23">the</token>
<token t_id="277" sentence="10" number="24">Tampa</token>
<token t_id="278" sentence="10" number="25">Bay</token>
<token t_id="279" sentence="10" number="26">Buccaneers</token>
<token t_id="280" sentence="10" number="27">.</token>
<token t_id="281" sentence="11" number="0">He</token>
<token t_id="282" sentence="11" number="1">had</token>
<token t_id="283" sentence="11" number="2">just</token>
<token t_id="284" sentence="11" number="3">269</token>
<token t_id="285" sentence="11" number="4">yards</token>
<token t_id="286" sentence="11" number="5">rushing</token>
<token t_id="287" sentence="11" number="6">.</token>
<token t_id="288" sentence="12" number="0">New</token>
<token t_id="289" sentence="12" number="1">Orleans</token>
<token t_id="290" sentence="12" number="2">has</token>
<token t_id="291" sentence="12" number="3">never</token>
<token t_id="292" sentence="12" number="4">used</token>
<token t_id="293" sentence="12" number="5">Reggie</token>
<token t_id="294" sentence="12" number="6">Bush</token>
<token t_id="295" sentence="12" number="7">as</token>
<token t_id="296" sentence="12" number="8">a</token>
<token t_id="297" sentence="12" number="9">feature</token>
<token t_id="298" sentence="12" number="10">-</token>
<token t_id="299" sentence="12" number="11">type</token>
<token t_id="300" sentence="12" number="12">back</token>
<token t_id="301" sentence="12" number="13">,</token>
<token t_id="302" sentence="12" number="14">but</token>
<token t_id="303" sentence="12" number="15">as</token>
<token t_id="304" sentence="12" number="16">more</token>
<token t_id="305" sentence="12" number="17">of</token>
<token t_id="306" sentence="12" number="18">a</token>
<token t_id="307" sentence="12" number="19">third</token>
<token t_id="308" sentence="12" number="20">-</token>
<token t_id="309" sentence="12" number="21">down</token>
<token t_id="310" sentence="12" number="22">,</token>
<token t_id="311" sentence="12" number="23">all</token>
<token t_id="312" sentence="12" number="24">-</token>
<token t_id="313" sentence="12" number="25">purpose</token>
<token t_id="314" sentence="12" number="26">running</token>
<token t_id="315" sentence="12" number="27">back</token>
<token t_id="316" sentence="12" number="28">.</token>
<token t_id="317" sentence="13" number="0">It</token>
<token t_id="318" sentence="13" number="1">is</token>
<token t_id="319" sentence="13" number="2">likely</token>
<token t_id="320" sentence="13" number="3">he</token>
<token t_id="321" sentence="13" number="4">will</token>
<token t_id="322" sentence="13" number="5">get</token>
<token t_id="323" sentence="13" number="6">10</token>
<token t_id="324" sentence="13" number="7">to</token>
<token t_id="325" sentence="13" number="8">12</token>
<token t_id="326" sentence="13" number="9">carries</token>
<token t_id="327" sentence="13" number="10">on</token>
<token t_id="328" sentence="13" number="11">Saturday</token>
<token t_id="329" sentence="13" number="12">.</token>
<token t_id="330" sentence="14" number="0">The</token>
<token t_id="331" sentence="14" number="1">Saints</token>
<token t_id="332" sentence="14" number="2">are</token>
<token t_id="333" sentence="14" number="3">not</token>
<token t_id="334" sentence="14" number="4">likely</token>
<token t_id="335" sentence="14" number="5">to</token>
<token t_id="336" sentence="14" number="6">expose</token>
<token t_id="337" sentence="14" number="7">him</token>
<token t_id="338" sentence="14" number="8">to</token>
<token t_id="339" sentence="14" number="9">more</token>
<token t_id="340" sentence="14" number="10">than</token>
<token t_id="341" sentence="14" number="11">that</token>
<token t_id="342" sentence="14" number="12">,</token>
<token t_id="343" sentence="14" number="13">not</token>
<token t_id="344" sentence="14" number="14">with</token>
<token t_id="345" sentence="14" number="15">the</token>
<token t_id="346" sentence="14" number="16">depth</token>
<token t_id="347" sentence="14" number="17">being</token>
<token t_id="348" sentence="14" number="18">in</token>
<token t_id="349" sentence="14" number="19">such</token>
<token t_id="350" sentence="14" number="20">critical</token>
<token t_id="351" sentence="14" number="21">shape</token>
<token t_id="352" sentence="14" number="22">.</token>
<token t_id="353" sentence="15" number="0">There</token>
<token t_id="354" sentence="15" number="1">was</token>
<token t_id="355" sentence="15" number="2">good</token>
<token t_id="356" sentence="15" number="3">news</token>
<token t_id="357" sentence="15" number="4">for</token>
<token t_id="358" sentence="15" number="5">New</token>
<token t_id="359" sentence="15" number="6">Orleans</token>
<token t_id="360" sentence="15" number="7">:</token>
<token t_id="361" sentence="15" number="8">Wide</token>
<token t_id="362" sentence="15" number="9">receiver</token>
<token t_id="363" sentence="15" number="10">Marques</token>
<token t_id="364" sentence="15" number="11">Colston</token>
<token t_id="365" sentence="15" number="12">was</token>
<token t_id="366" sentence="15" number="13">a</token>
<token t_id="367" sentence="15" number="14">full</token>
<token t_id="368" sentence="15" number="15">participant</token>
<token t_id="369" sentence="15" number="16">in</token>
<token t_id="370" sentence="15" number="17">practice</token>
<token t_id="371" sentence="15" number="18">on</token>
<token t_id="372" sentence="15" number="19">Wednesday</token>
<token t_id="373" sentence="15" number="20">.</token>
<token t_id="374" sentence="16" number="0">He</token>
<token t_id="375" sentence="16" number="1">did</token>
<token t_id="376" sentence="16" number="2">not</token>
<token t_id="377" sentence="16" number="3">play</token>
<token t_id="378" sentence="16" number="4">last</token>
<token t_id="379" sentence="16" number="5">Sunday</token>
<token t_id="380" sentence="16" number="6">after</token>
<token t_id="381" sentence="16" number="7">undergoing</token>
<token t_id="382" sentence="16" number="8">arthroscopic</token>
<token t_id="383" sentence="16" number="9">knee</token>
<token t_id="384" sentence="16" number="10">surgery</token>
<token t_id="385" sentence="16" number="11">last</token>
<token t_id="386" sentence="16" number="12">Tuesday</token>
<token t_id="387" sentence="16" number="13">.</token>
<token t_id="388" sentence="17" number="0">Safety</token>
<token t_id="389" sentence="17" number="1">Malcolm</token>
<token t_id="390" sentence="17" number="2">Jenkins</token>
<token t_id="391" sentence="17" number="3">(</token>
<token t_id="392" sentence="17" number="4">knee</token>
<token t_id="393" sentence="17" number="5">)</token>
<token t_id="394" sentence="17" number="6">,</token>
<token t_id="395" sentence="17" number="7">tight</token>
<token t_id="396" sentence="17" number="8">end</token>
<token t_id="397" sentence="17" number="9">Jimmy</token>
<token t_id="398" sentence="17" number="10">Graham</token>
<token t_id="399" sentence="17" number="11">(</token>
<token t_id="400" sentence="17" number="12">ankle</token>
<token t_id="401" sentence="17" number="13">)</token>
<token t_id="402" sentence="17" number="14">,</token>
<token t_id="403" sentence="17" number="15">defensive</token>
<token t_id="404" sentence="17" number="16">tackle</token>
<token t_id="405" sentence="17" number="17">Anthony</token>
<token t_id="406" sentence="17" number="18">Hargrove</token>
<token t_id="407" sentence="17" number="19">(</token>
<token t_id="408" sentence="17" number="20">knee</token>
<token t_id="409" sentence="17" number="21">)</token>
<token t_id="410" sentence="17" number="22">and</token>
<token t_id="411" sentence="17" number="23">linebacker</token>
<token t_id="412" sentence="17" number="24">Danny</token>
<token t_id="413" sentence="17" number="25">Clark</token>
<token t_id="414" sentence="17" number="26">(</token>
<token t_id="415" sentence="17" number="27">hamstring</token>
<token t_id="416" sentence="17" number="28">)</token>
<token t_id="417" sentence="17" number="29">did</token>
<token t_id="418" sentence="17" number="30">not</token>
<token t_id="419" sentence="17" number="31">participate</token>
<token t_id="420" sentence="17" number="32">in</token>
<token t_id="421" sentence="17" number="33">team</token>
<token t_id="422" sentence="17" number="34">drills</token>
<token t_id="423" sentence="17" number="35">Wednesday</token>
<token t_id="424" sentence="17" number="36">.</token>
<token t_id="425" sentence="18" number="0">It</token>
<token t_id="426" sentence="18" number="1">is</token>
<token t_id="427" sentence="18" number="2">not</token>
<token t_id="428" sentence="18" number="3">certain</token>
<token t_id="429" sentence="18" number="4">what</token>
<token t_id="430" sentence="18" number="5">their</token>
<token t_id="431" sentence="18" number="6">status</token>
<token t_id="432" sentence="18" number="7">is</token>
<token t_id="433" sentence="18" number="8">for</token>
<token t_id="434" sentence="18" number="9">Saturday</token>
<token t_id="435" sentence="18" number="10">.</token>
<token t_id="436" sentence="19" number="0">Tight</token>
<token t_id="437" sentence="19" number="1">end</token>
<token t_id="438" sentence="19" number="2">Jeremy</token>
<token t_id="439" sentence="19" number="3">Shockey</token>
<token t_id="440" sentence="19" number="4">(</token>
<token t_id="441" sentence="19" number="5">groin</token>
<token t_id="442" sentence="19" number="6">)</token>
<token t_id="443" sentence="19" number="7">and</token>
<token t_id="444" sentence="19" number="8">tight</token>
<token t_id="445" sentence="19" number="9">end</token>
<token t_id="446" sentence="19" number="10">David</token>
<token t_id="447" sentence="19" number="11">Thomas</token>
<token t_id="448" sentence="19" number="12">(</token>
<token t_id="449" sentence="19" number="13">knee</token>
<token t_id="450" sentence="19" number="14">)</token>
<token t_id="451" sentence="19" number="15">were</token>
<token t_id="452" sentence="19" number="16">limited</token>
<token t_id="453" sentence="19" number="17">in</token>
<token t_id="454" sentence="19" number="18">Wednesday's</token>
<token t_id="455" sentence="19" number="19">practice</token>
<token t_id="456" sentence="19" number="20">,</token>
<token t_id="457" sentence="19" number="21">which</token>
<token t_id="458" sentence="19" number="22">is</token>
<token t_id="459" sentence="19" number="23">encouraging</token>
<token t_id="460" sentence="19" number="24">because</token>
<token t_id="461" sentence="19" number="25">of</token>
<token t_id="462" sentence="19" number="26">Graham's</token>
<token t_id="463" sentence="19" number="27">ankle</token>
<token t_id="464" sentence="19" number="28">injury</token>
<token t_id="465" sentence="19" number="29">.</token>
<Markables>
<ACTION_OCCURRENCE m_id="10"  >
  <token_anchor t_id="31"/>
</ACTION_OCCURRENCE>
<ACTION_OCCURRENCE m_id="11"  >
  <token_anchor t_id="55"/>
</ACTION_OCCURRENCE>
<ACTION_OCCURRENCE m_id="20"  >
  <token_anchor t_id="125"/>
</ACTION_OCCURRENCE>
<ACTION_OCCURRENCE m_id="21"  >
  <token_anchor t_id="69"/>
</ACTION_OCCURRENCE>
<ACTION_OCCURRENCE m_id="22"  >
  <token_anchor t_id="83"/>
</ACTION_OCCURRENCE>
<ACTION_OCCURRENCE m_id="23"  >
  <token_anchor t_id="89"/>
</ACTION_OCCURRENCE>
<ACTION_OCCURRENCE m_id="24"  >
  <token_anchor t_id="97"/>
</ACTION_OCCURRENCE>
<ACTION_OCCURRENCE m_id="26"  >
  <token_anchor t_id="103"/>
</ACTION_OCCURRENCE>
<ACTION_OCCURRENCE m_id="27"  >
  <token_anchor t_id="115"/>
</ACTION_OCCURRENCE>
<ACTION_REPORTING m_id="32"  >
  <token_anchor t_id="62"/>
</ACTION_REPORTING>
<ACTION_STATE m_id="9"  >
  <token_anchor t_id="108"/>
  <token_anchor t_id="109"/>
</ACTION_STATE>
<ACTION_STATE m_id="6"  >
  <token_anchor t_id="33"/>
  <token_anchor t_id="34"/>
</ACTION_STATE>
<ACTION_STATE m_id="7"  >
  <token_anchor t_id="57"/>
  <token_anchor t_id="58"/>
</ACTION_STATE>
<ACTION_STATE m_id="8"  >
  <token_anchor t_id="85"/>
</ACTION_STATE>
<HUMAN_PART_ORG m_id="12"  >
  <token_anchor t_id="48"/>
</HUMAN_PART_ORG>
<HUMAN_PART_ORG m_id="13"  >
  <token_anchor t_id="61"/>
</HUMAN_PART_ORG>
<HUMAN_PART_ORG m_id="14"  >
  <token_anchor t_id="87"/>
  <token_anchor t_id="88"/>
</HUMAN_PART_ORG>
<HUMAN_PART_ORG m_id="15"  >
  <token_anchor t_id="102"/>
</HUMAN_PART_ORG>
<HUMAN_PART_ORG m_id="34"  >
  <token_anchor t_id="121"/>
</HUMAN_PART_ORG>
<HUMAN_PART_PER m_id="16"  >
  <token_anchor t_id="50"/>
</HUMAN_PART_PER>
<HUMAN_PART_PER m_id="17"  >
  <token_anchor t_id="76"/>
  <token_anchor t_id="77"/>
</HUMAN_PART_PER>
<HUMAN_PART_PER m_id="18"  >
  <token_anchor t_id="118"/>
</HUMAN_PART_PER>
<HUMAN_PART_PER m_id="19"  >
  <token_anchor t_id="123"/>
</HUMAN_PART_PER>
<HUMAN_PART_PER m_id="1"  >
  <token_anchor t_id="29"/>
  <token_anchor t_id="30"/>
</HUMAN_PART_PER>
<HUMAN_PART_PER m_id="2"  >
  <token_anchor t_id="44"/>
  <token_anchor t_id="45"/>
</HUMAN_PART_PER>
<HUMAN_PART_PER m_id="3"  >
  <token_anchor t_id="65"/>
</HUMAN_PART_PER>
<HUMAN_PART_PER m_id="4"  >
  <token_anchor t_id="105"/>
  <token_anchor t_id="106"/>
</HUMAN_PART_PER>
<LOC_GEO m_id="25"  >
  <token_anchor t_id="99"/>
</LOC_GEO>
<NON_HUMAN_PART m_id="33"  >
  <token_anchor t_id="68"/>
</NON_HUMAN_PART>
<TIME_DATE m_id="28"  >
  <token_anchor t_id="110"/>
</TIME_DATE>
<TIME_DATE m_id="29"  >
  <token_anchor t_id="63"/>
</TIME_DATE>
<TIME_DATE m_id="31"  >
  <token_anchor t_id="51"/>
  <token_anchor t_id="52"/>
</TIME_DATE>
<TIME_DURATION m_id="30"  >
  <token_anchor t_id="79"/>
  <token_anchor t_id="80"/>
</TIME_DURATION>
<TIME_OF_THE_DAY m_id="5"  >
  <token_anchor t_id="35"/>
  <token_anchor t_id="36"/>
  <token_anchor t_id="37"/>
  <token_anchor t_id="38"/>
  <token_anchor t_id="39"/>
  <token_anchor t_id="40"/>
  <token_anchor t_id="41"/>
  <token_anchor t_id="42"/>
  <token_anchor t_id="43"/>
</TIME_OF_THE_DAY>




<TIME_DURATION m_id="51" RELATED_TO="" TAG_DESCRIPTOR="t25_two_days" instance_id="TIM18421625212650055" />
<HUMAN_PART_PER m_id="49" RELATED_TO="" TAG_DESCRIPTOR="t25_ivory" instance_id="HUM18421400570576106" />
<ACTION_STATE m_id="50" RELATED_TO="" TAG_DESCRIPTOR="t25_ir_ivory" instance_id="ACT18423422310493515" />
<ACTION_OCCURRENCE m_id="48" RELATED_TO="" TAG_DESCRIPTOR="t25_season" instance_id="ACT18421556573077593" />
<ACTION_OCCURRENCE m_id="47" RELATED_TO="" TAG_DESCRIPTOR="t25_injury" instance_id="ACT18421540697315479" />
<ACTION_STATE m_id="46" RELATED_TO="" TAG_DESCRIPTOR="t25_ir" instance_id="ACT18421355928785200" />
<ACTION_OCCURRENCE m_id="45" RELATED_TO="" TAG_DESCRIPTOR="t25_place_on_ir" instance_id="ACT18421264233178659" />
<ACTION_OCCURRENCE m_id="44" RELATED_TO="" TAG_DESCRIPTOR="t25_place_ivory_on_ir" instance_id="ACT18423121407773140" />
<NON_HUMAN_PART m_id="43" RELATED_TO="" TAG_DESCRIPTOR="t25_ankle" instance_id="NON18423435062600274" />
<TIME_DATE m_id="42" RELATED_TO="" TAG_DESCRIPTOR="t25_wednesday" instance_id="TIM18421477265853869" />
<HUMAN_PART_PER m_id="41" RELATED_TO="" TAG_DESCRIPTOR="t25_thomas" instance_id="HUM18421454142328012" />
<HUMAN_PART_ORG m_id="40" RELATED_TO="" TAG_DESCRIPTOR="t25_saints" instance_id="HUM18421383201372865" />
</Markables>

<Relations>
<CROSS_DOC_COREF r_id="41076" note="HUM18421383201372865" >
  <source m_id="15" />
  <source m_id="13" />
  <source m_id="12" />
  <source m_id="34" />
  <source m_id="14" />
  <target m_id="40" />
</CROSS_DOC_COREF>
<CROSS_DOC_COREF r_id="41077" note="HUM18421454142328012" >
  <source m_id="1" />
  <source m_id="3" />
  <source m_id="17" />
  <source m_id="2" />
  <source m_id="16" />
  <target m_id="41" />
</CROSS_DOC_COREF>
<CROSS_DOC_COREF r_id="41078" note="TIM18421477265853869" >
  <source m_id="29" />
  <target m_id="42" />
</CROSS_DOC_COREF>
<CROSS_DOC_COREF r_id="41079" note="NON18423435062600274" >
  <source m_id="33" />
  <target m_id="43" />
</CROSS_DOC_COREF>
<CROSS_DOC_COREF r_id="41080" note="ACT18423121407773140" >
  <source m_id="26" />
  <target m_id="44" />
</CROSS_DOC_COREF>
<CROSS_DOC_COREF r_id="41081" note="ACT18421264233178659" >
  <source m_id="11" />
  <source m_id="22" />
  <source m_id="10" />
  <target m_id="45" />
</CROSS_DOC_COREF>
<CROSS_DOC_COREF r_id="41082" note="ACT18421355928785200" >
  <source m_id="7" />
  <source m_id="8" />
  <source m_id="6" />
  <target m_id="46" />
</CROSS_DOC_COREF>
<CROSS_DOC_COREF r_id="41083" note="ACT18421540697315479" >
  <source m_id="21" />
  <target m_id="47" />
</CROSS_DOC_COREF>
<CROSS_DOC_COREF r_id="41084" note="ACT18421556573077593" >
  <source m_id="20" />
  <target m_id="48" />
</CROSS_DOC_COREF>
<CROSS_DOC_COREF r_id="41085" note="HUM18421400570576106" >
  <source m_id="18" />
  <source m_id="4" />
  <source m_id="19" />
  <target m_id="49" />
</CROSS_DOC_COREF>
<CROSS_DOC_COREF r_id="41086" note="ACT18423422310493515" >
  <source m_id="9" />
  <target m_id="50" />
</CROSS_DOC_COREF>
<CROSS_DOC_COREF r_id="41087" note="TIM18421625212650055" >
  <source m_id="30" />
  <target m_id="51" />
</CROSS_DOC_COREF>

</Relations>
</Document>
