<Document doc_name="29_12ecbplus.xml" doc_id="DOC15651942943015730">
<token t_id="1" sentence="0" number="0">http</token>
<token t_id="2" sentence="0" number="1">:</token>
<token t_id="3" sentence="0" number="2">/</token>
<token t_id="4" sentence="0" number="3">/</token>
<token t_id="5" sentence="0" number="4">www</token>
<token t_id="6" sentence="0" number="5">.</token>
<token t_id="7" sentence="0" number="6">examiner</token>
<token t_id="8" sentence="0" number="7">.</token>
<token t_id="9" sentence="0" number="8">com</token>
<token t_id="10" sentence="0" number="9">/</token>
<token t_id="11" sentence="0" number="10">article</token>
<token t_id="12" sentence="0" number="11">/</token>
<token t_id="13" sentence="0" number="12">chiefs</token>
<token t_id="14" sentence="0" number="13">-</token>
<token t_id="15" sentence="0" number="14">lose</token>
<token t_id="16" sentence="0" number="15">-</token>
<token t_id="17" sentence="0" number="16">20</token>
<token t_id="18" sentence="0" number="17">-</token>
<token t_id="19" sentence="0" number="18">13</token>
<token t_id="20" sentence="0" number="19">-</token>
<token t_id="21" sentence="0" number="20">to</token>
<token t_id="22" sentence="0" number="21">-</token>
<token t_id="23" sentence="0" number="22">colts</token>
<token t_id="24" sentence="0" number="23">-</token>
<token t_id="25" sentence="0" number="24">despite</token>
<token t_id="26" sentence="0" number="25">-</token>
<token t_id="27" sentence="0" number="26">charles</token>
<token t_id="28" sentence="0" number="27">-</token>
<token t_id="29" sentence="0" number="28">226</token>
<token t_id="30" sentence="0" number="29">-</token>
<token t_id="31" sentence="0" number="30">yards</token>
<token t_id="32" sentence="0" number="31">-</token>
<token t_id="33" sentence="0" number="32">rushing</token>
<token t_id="34" sentence="1" number="0">Chiefs</token>
<token t_id="35" sentence="1" number="1">lose</token>
<token t_id="36" sentence="1" number="2">20</token>
<token t_id="37" sentence="1" number="3">-</token>
<token t_id="38" sentence="1" number="4">13</token>
<token t_id="39" sentence="1" number="5">to</token>
<token t_id="40" sentence="1" number="6">Colts</token>
<token t_id="41" sentence="1" number="7">despite</token>
<token t_id="42" sentence="1" number="8">Charles</token>
<token t_id="43" sentence="1" number="9">’</token>
<token t_id="44" sentence="1" number="10">226</token>
<token t_id="45" sentence="1" number="11">yards</token>
<token t_id="46" sentence="1" number="12">rushing</token>
<token t_id="47" sentence="2" number="0">December</token>
<token t_id="48" sentence="2" number="1">23</token>
<token t_id="49" sentence="2" number="2">,</token>
<token t_id="50" sentence="2" number="3">2012</token>
<token t_id="51" sentence="3" number="0">On</token>
<token t_id="52" sentence="3" number="1">a</token>
<token t_id="53" sentence="3" number="2">day</token>
<token t_id="54" sentence="3" number="3">when</token>
<token t_id="55" sentence="3" number="4">the</token>
<token t_id="56" sentence="3" number="5">Kansas</token>
<token t_id="57" sentence="3" number="6">City</token>
<token t_id="58" sentence="3" number="7">Chiefs</token>
<token t_id="59" sentence="3" number="8">rushed</token>
<token t_id="60" sentence="3" number="9">for</token>
<token t_id="61" sentence="3" number="10">the</token>
<token t_id="62" sentence="3" number="11">3rd</token>
<token t_id="63" sentence="3" number="12">-</token>
<token t_id="64" sentence="3" number="13">most</token>
<token t_id="65" sentence="3" number="14">yards</token>
<token t_id="66" sentence="3" number="15">in</token>
<token t_id="67" sentence="3" number="16">franchise</token>
<token t_id="68" sentence="3" number="17">history</token>
<token t_id="69" sentence="3" number="18">and</token>
<token t_id="70" sentence="3" number="19">the</token>
<token t_id="71" sentence="3" number="20">defense</token>
<token t_id="72" sentence="3" number="21">played</token>
<token t_id="73" sentence="3" number="22">well</token>
<token t_id="74" sentence="3" number="23">for</token>
<token t_id="75" sentence="3" number="24">55</token>
<token t_id="76" sentence="3" number="25">minutes</token>
<token t_id="77" sentence="3" number="26">of</token>
<token t_id="78" sentence="3" number="27">the</token>
<token t_id="79" sentence="3" number="28">game</token>
<token t_id="80" sentence="3" number="29">,</token>
<token t_id="81" sentence="3" number="30">the</token>
<token t_id="82" sentence="3" number="31">Chiefs</token>
<token t_id="83" sentence="3" number="32">lost</token>
<token t_id="84" sentence="3" number="33">to</token>
<token t_id="85" sentence="3" number="34">the</token>
<token t_id="86" sentence="3" number="35">Indianapolis</token>
<token t_id="87" sentence="3" number="36">Colts</token>
<token t_id="88" sentence="3" number="37">,</token>
<token t_id="89" sentence="3" number="38">20</token>
<token t_id="90" sentence="3" number="39">-</token>
<token t_id="91" sentence="3" number="40">13</token>
<token t_id="92" sentence="3" number="41">,</token>
<token t_id="93" sentence="3" number="42">and</token>
<token t_id="94" sentence="3" number="43">kept</token>
<token t_id="95" sentence="3" number="44">their</token>
<token t_id="96" sentence="3" number="45">grip</token>
<token t_id="97" sentence="3" number="46">on</token>
<token t_id="98" sentence="3" number="47">the</token>
<token t_id="99" sentence="3" number="48">#1</token>
<token t_id="100" sentence="3" number="49">pick</token>
<token t_id="101" sentence="3" number="50">in</token>
<token t_id="102" sentence="3" number="51">the</token>
<token t_id="103" sentence="3" number="52">2013</token>
<token t_id="104" sentence="3" number="53">NFL</token>
<token t_id="105" sentence="3" number="54">Draft</token>
<token t_id="106" sentence="3" number="55">.</token>
<token t_id="107" sentence="4" number="0">By</token>
<token t_id="108" sentence="4" number="1">beating</token>
<token t_id="109" sentence="4" number="2">the</token>
<token t_id="110" sentence="4" number="3">Chiefs</token>
<token t_id="111" sentence="4" number="4">,</token>
<token t_id="112" sentence="4" number="5">Indianapolis</token>
<token t_id="113" sentence="4" number="6">’</token>
<token t_id="114" sentence="4" number="7">record</token>
<token t_id="115" sentence="4" number="8">rose</token>
<token t_id="116" sentence="4" number="9">to</token>
<token t_id="117" sentence="4" number="10">9</token>
<token t_id="118" sentence="4" number="11">-</token>
<token t_id="119" sentence="4" number="12">5</token>
<token t_id="120" sentence="4" number="13">and</token>
<token t_id="121" sentence="4" number="14">they</token>
<token t_id="122" sentence="4" number="15">locked</token>
<token t_id="123" sentence="4" number="16">up</token>
<token t_id="124" sentence="4" number="17">a</token>
<token t_id="125" sentence="4" number="18">playoff</token>
<token t_id="126" sentence="4" number="19">spot</token>
<token t_id="127" sentence="4" number="20">just</token>
<token t_id="128" sentence="4" number="21">one</token>
<token t_id="129" sentence="4" number="22">season</token>
<token t_id="130" sentence="4" number="23">after</token>
<token t_id="131" sentence="4" number="24">posting</token>
<token t_id="132" sentence="4" number="25">the</token>
<token t_id="133" sentence="4" number="26">worst</token>
<token t_id="134" sentence="4" number="27">record</token>
<token t_id="135" sentence="4" number="28">in</token>
<token t_id="136" sentence="4" number="29">the</token>
<token t_id="137" sentence="4" number="30">NFL</token>
<token t_id="138" sentence="4" number="31">in</token>
<token t_id="139" sentence="4" number="32">2011</token>
<token t_id="140" sentence="4" number="33">–</token>
<token t_id="141" sentence="4" number="34">a</token>
<token t_id="142" sentence="4" number="35">Chiefs</token>
<token t_id="143" sentence="4" number="36">-</token>
<token t_id="144" sentence="4" number="37">like</token>
<token t_id="145" sentence="4" number="38">2</token>
<token t_id="146" sentence="4" number="39">-</token>
<token t_id="147" sentence="4" number="40">14</token>
<token t_id="148" sentence="4" number="41">mark</token>
<token t_id="149" sentence="4" number="42">.</token>
<token t_id="150" sentence="5" number="0">Meanwhile</token>
<token t_id="151" sentence="5" number="1">,</token>
<token t_id="152" sentence="5" number="2">the</token>
<token t_id="153" sentence="5" number="3">Chiefs</token>
<token t_id="154" sentence="5" number="4">lost</token>
<token t_id="155" sentence="5" number="5">their</token>
<token t_id="156" sentence="5" number="6">13th</token>
<token t_id="157" sentence="5" number="7">game</token>
<token t_id="158" sentence="5" number="8">of</token>
<token t_id="159" sentence="5" number="9">the</token>
<token t_id="160" sentence="5" number="10">season</token>
<token t_id="161" sentence="5" number="11">and</token>
<token t_id="162" sentence="5" number="12">could</token>
<token t_id="163" sentence="5" number="13">tie</token>
<token t_id="164" sentence="5" number="14">the</token>
<token t_id="165" sentence="5" number="15">franchise</token>
<token t_id="166" sentence="5" number="16">mark</token>
<token t_id="167" sentence="5" number="17">of</token>
<token t_id="168" sentence="5" number="18">14</token>
<token t_id="169" sentence="5" number="19">losses</token>
<token t_id="170" sentence="5" number="20">next</token>
<token t_id="171" sentence="5" number="21">week</token>
<token t_id="172" sentence="5" number="22">in</token>
<token t_id="173" sentence="5" number="23">Denver</token>
<token t_id="174" sentence="5" number="24">against</token>
<token t_id="175" sentence="5" number="25">Peyton</token>
<token t_id="176" sentence="5" number="26">Manning</token>
<token t_id="177" sentence="5" number="27">and</token>
<token t_id="178" sentence="5" number="28">the</token>
<token t_id="179" sentence="5" number="29">Broncos</token>
<token t_id="180" sentence="5" number="30">.</token>
<token t_id="181" sentence="6" number="0">The</token>
<token t_id="182" sentence="6" number="1">2008</token>
<token t_id="183" sentence="6" number="2">Chiefs</token>
<token t_id="184" sentence="6" number="3">ended</token>
<token t_id="185" sentence="6" number="4">the</token>
<token t_id="186" sentence="6" number="5">season</token>
<token t_id="187" sentence="6" number="6">with</token>
<token t_id="188" sentence="6" number="7">a</token>
<token t_id="189" sentence="6" number="8">2</token>
<token t_id="190" sentence="6" number="9">-</token>
<token t_id="191" sentence="6" number="10">14</token>
<token t_id="192" sentence="6" number="11">record</token>
<token t_id="193" sentence="6" number="12">.</token>
<token t_id="194" sentence="7" number="0">On</token>
<token t_id="195" sentence="7" number="1">the</token>
<token t_id="196" sentence="7" number="2">only</token>
<token t_id="197" sentence="7" number="3">positive</token>
<token t_id="198" sentence="7" number="4">note</token>
<token t_id="199" sentence="7" number="5">for</token>
<token t_id="200" sentence="7" number="6">the</token>
<token t_id="201" sentence="7" number="7">game</token>
<token t_id="202" sentence="7" number="8">,</token>
<token t_id="203" sentence="7" number="9">the</token>
<token t_id="204" sentence="7" number="10">Chiefs</token>
<token t_id="205" sentence="7" number="11">had</token>
<token t_id="206" sentence="7" number="12">two</token>
<token t_id="207" sentence="7" number="13">players</token>
<token t_id="208" sentence="7" number="14">rush</token>
<token t_id="209" sentence="7" number="15">for</token>
<token t_id="210" sentence="7" number="16">over</token>
<token t_id="211" sentence="7" number="17">100</token>
<token t_id="212" sentence="7" number="18">yards</token>
<token t_id="213" sentence="7" number="19">apiece</token>
<token t_id="214" sentence="7" number="20">–something</token>
<token t_id="215" sentence="7" number="21">that</token>
<token t_id="216" sentence="7" number="22">hasn</token>
<token t_id="217" sentence="7" number="23">’</token>
<token t_id="218" sentence="7" number="24">t</token>
<token t_id="219" sentence="7" number="25">happened</token>
<token t_id="220" sentence="7" number="26">to</token>
<token t_id="221" sentence="7" number="27">the</token>
<token t_id="222" sentence="7" number="28">franchise</token>
<token t_id="223" sentence="7" number="29">since</token>
<token t_id="224" sentence="7" number="30">1991</token>
<token t_id="225" sentence="7" number="31">.</token>
<token t_id="226" sentence="8" number="0">Jamaal</token>
<token t_id="227" sentence="8" number="1">Charles</token>
<token t_id="228" sentence="8" number="2">(</token>
<token t_id="229" sentence="8" number="3">226</token>
<token t_id="230" sentence="8" number="4">yards</token>
<token t_id="231" sentence="8" number="5">)</token>
<token t_id="232" sentence="8" number="6">and</token>
<token t_id="233" sentence="8" number="7">Peyton</token>
<token t_id="234" sentence="8" number="8">Hillis</token>
<token t_id="235" sentence="8" number="9">(</token>
<token t_id="236" sentence="8" number="10">101</token>
<token t_id="237" sentence="8" number="11">yards</token>
<token t_id="238" sentence="8" number="12">)</token>
<token t_id="239" sentence="8" number="13">led</token>
<token t_id="240" sentence="8" number="14">a</token>
<token t_id="241" sentence="8" number="15">powerful</token>
<token t_id="242" sentence="8" number="16">attack</token>
<token t_id="243" sentence="8" number="17">that</token>
<token t_id="244" sentence="8" number="18">,</token>
<token t_id="245" sentence="8" number="19">for</token>
<token t_id="246" sentence="8" number="20">any</token>
<token t_id="247" sentence="8" number="21">team</token>
<token t_id="248" sentence="8" number="22">other</token>
<token t_id="249" sentence="8" number="23">than</token>
<token t_id="250" sentence="8" number="24">the</token>
<token t_id="251" sentence="8" number="25">2012</token>
<token t_id="252" sentence="8" number="26">Chiefs</token>
<token t_id="253" sentence="8" number="27">,</token>
<token t_id="254" sentence="8" number="28">would</token>
<token t_id="255" sentence="8" number="29">have</token>
<token t_id="256" sentence="8" number="30">nearly</token>
<token t_id="257" sentence="8" number="31">guaranteed</token>
<token t_id="258" sentence="8" number="32">a</token>
<token t_id="259" sentence="8" number="33">victory</token>
<token t_id="260" sentence="8" number="34">.</token>
<token t_id="261" sentence="9" number="0">KC</token>
<token t_id="262" sentence="9" number="1">ended</token>
<token t_id="263" sentence="9" number="2">the</token>
<token t_id="264" sentence="9" number="3">game</token>
<token t_id="265" sentence="9" number="4">with</token>
<token t_id="266" sentence="9" number="5">352</token>
<token t_id="267" sentence="9" number="6">net</token>
<token t_id="268" sentence="9" number="7">yards</token>
<token t_id="269" sentence="9" number="8">rushing</token>
<token t_id="270" sentence="9" number="9">.</token>
<token t_id="271" sentence="10" number="0">The</token>
<token t_id="272" sentence="10" number="1">1961</token>
<token t_id="273" sentence="10" number="2">Dallas</token>
<token t_id="274" sentence="10" number="3">Texans</token>
<token t_id="275" sentence="10" number="4">rushed</token>
<token t_id="276" sentence="10" number="5">for</token>
<token t_id="277" sentence="10" number="6">398</token>
<token t_id="278" sentence="10" number="7">yards</token>
<token t_id="279" sentence="10" number="8">against</token>
<token t_id="280" sentence="10" number="9">Houston</token>
<token t_id="281" sentence="10" number="10">(</token>
<token t_id="282" sentence="10" number="11">10</token>
<token t_id="283" sentence="10" number="12">/</token>
<token t_id="284" sentence="10" number="13">1</token>
<token t_id="285" sentence="10" number="14">/</token>
<token t_id="286" sentence="10" number="15">61</token>
<token t_id="287" sentence="10" number="16">)</token>
<token t_id="288" sentence="10" number="17">and</token>
<token t_id="289" sentence="10" number="18">the</token>
<token t_id="290" sentence="10" number="19">’</token>
<token t_id="291" sentence="10" number="20">66</token>
<token t_id="292" sentence="10" number="21">squad</token>
<token t_id="293" sentence="10" number="22">gained</token>
<token t_id="294" sentence="10" number="23">380</token>
<token t_id="295" sentence="10" number="24">yards</token>
<token t_id="296" sentence="10" number="25">rushing</token>
<token t_id="297" sentence="10" number="26">against</token>
<token t_id="298" sentence="10" number="27">Denver</token>
<token t_id="299" sentence="10" number="28">(</token>
<token t_id="300" sentence="10" number="29">10</token>
<token t_id="301" sentence="10" number="30">/</token>
<token t_id="302" sentence="10" number="31">23</token>
<token t_id="303" sentence="10" number="32">/</token>
<token t_id="304" sentence="10" number="33">66</token>
<token t_id="305" sentence="10" number="34">)</token>
<token t_id="306" sentence="10" number="35">.</token>
<token t_id="307" sentence="11" number="0">But</token>
<token t_id="308" sentence="11" number="1">this</token>
<token t_id="309" sentence="11" number="2">year</token>
<token t_id="310" sentence="11" number="3">’</token>
<token t_id="311" sentence="11" number="4">s</token>
<token t_id="312" sentence="11" number="5">team</token>
<token t_id="313" sentence="11" number="6">was</token>
<token t_id="314" sentence="11" number="7">undone</token>
<token t_id="315" sentence="11" number="8">again</token>
<token t_id="316" sentence="11" number="9">by</token>
<token t_id="317" sentence="11" number="10">three</token>
<token t_id="318" sentence="11" number="11">turnovers</token>
<token t_id="319" sentence="11" number="12">,</token>
<token t_id="320" sentence="11" number="13">a</token>
<token t_id="321" sentence="11" number="14">missed</token>
<token t_id="322" sentence="11" number="15">field</token>
<token t_id="323" sentence="11" number="16">goal</token>
<token t_id="324" sentence="11" number="17">,</token>
<token t_id="325" sentence="11" number="18">and</token>
<token t_id="326" sentence="11" number="19">untimely</token>
<token t_id="327" sentence="11" number="20">penalties</token>
<token t_id="328" sentence="11" number="21">that</token>
<token t_id="329" sentence="11" number="22">wiped</token>
<token t_id="330" sentence="11" number="23">out</token>
<token t_id="331" sentence="11" number="24">scoring</token>
<token t_id="332" sentence="11" number="25">drives</token>
<token t_id="333" sentence="11" number="26">.</token>
<token t_id="334" sentence="12" number="0">Brady</token>
<token t_id="335" sentence="12" number="1">Quinn</token>
<token t_id="336" sentence="12" number="2">threw</token>
<token t_id="337" sentence="12" number="3">two</token>
<token t_id="338" sentence="12" number="4">interceptions</token>
<token t_id="339" sentence="12" number="5">,</token>
<token t_id="340" sentence="12" number="6">both</token>
<token t_id="341" sentence="12" number="7">of</token>
<token t_id="342" sentence="12" number="8">which</token>
<token t_id="343" sentence="12" number="9">had</token>
<token t_id="344" sentence="12" number="10">a</token>
<token t_id="345" sentence="12" number="11">devastating</token>
<token t_id="346" sentence="12" number="12">effect</token>
<token t_id="347" sentence="12" number="13">on</token>
<token t_id="348" sentence="12" number="14">the</token>
<token t_id="349" sentence="12" number="15">Chiefs</token>
<token t_id="350" sentence="12" number="16">.</token>
<token t_id="351" sentence="13" number="0">The</token>
<token t_id="352" sentence="13" number="1">first</token>
<token t_id="353" sentence="13" number="2">occurred</token>
<token t_id="354" sentence="13" number="3">on</token>
<token t_id="355" sentence="13" number="4">Kansas</token>
<token t_id="356" sentence="13" number="5">City</token>
<token t_id="357" sentence="13" number="6">’</token>
<token t_id="358" sentence="13" number="7">s</token>
<token t_id="359" sentence="13" number="8">opening</token>
<token t_id="360" sentence="13" number="9">drive</token>
<token t_id="361" sentence="13" number="10">when</token>
<token t_id="362" sentence="13" number="11">Quinn</token>
<token t_id="363" sentence="13" number="12">threw</token>
<token t_id="364" sentence="13" number="13">behind</token>
<token t_id="365" sentence="13" number="14">receiver</token>
<token t_id="366" sentence="13" number="15">Dexter</token>
<token t_id="367" sentence="13" number="16">McCluster</token>
<token t_id="368" sentence="13" number="17">and</token>
<token t_id="369" sentence="13" number="18">Colts</token>
<token t_id="370" sentence="13" number="19">cornerback</token>
<token t_id="371" sentence="13" number="20">,</token>
<token t_id="372" sentence="13" number="21">Darius</token>
<token t_id="373" sentence="13" number="22">Butler</token>
<token t_id="374" sentence="13" number="23">,</token>
<token t_id="375" sentence="13" number="24">picked</token>
<token t_id="376" sentence="13" number="25">it</token>
<token t_id="377" sentence="13" number="26">off</token>
<token t_id="378" sentence="13" number="27">and</token>
<token t_id="379" sentence="13" number="28">returned</token>
<token t_id="380" sentence="13" number="29">it</token>
<token t_id="381" sentence="13" number="30">32</token>
<token t_id="382" sentence="13" number="31">yards</token>
<token t_id="383" sentence="13" number="32">for</token>
<token t_id="384" sentence="13" number="33">a</token>
<token t_id="385" sentence="13" number="34">touchdown</token>
<token t_id="386" sentence="13" number="35">,</token>
<token t_id="387" sentence="13" number="36">putting</token>
<token t_id="388" sentence="13" number="37">Indy</token>
<token t_id="389" sentence="13" number="38">up</token>
<token t_id="390" sentence="13" number="39">7</token>
<token t_id="391" sentence="13" number="40">-</token>
<token t_id="392" sentence="13" number="41">0</token>
<token t_id="393" sentence="13" number="42">.</token>
<token t_id="394" sentence="14" number="0">Quinn</token>
<token t_id="395" sentence="14" number="1">’</token>
<token t_id="396" sentence="14" number="2">s</token>
<token t_id="397" sentence="14" number="3">second</token>
<token t_id="398" sentence="14" number="4">interception</token>
<token t_id="399" sentence="14" number="5">of</token>
<token t_id="400" sentence="14" number="6">the</token>
<token t_id="401" sentence="14" number="7">game</token>
<token t_id="402" sentence="14" number="8">came</token>
<token t_id="403" sentence="14" number="9">at</token>
<token t_id="404" sentence="14" number="10">a</token>
<token t_id="405" sentence="14" number="11">crucial</token>
<token t_id="406" sentence="14" number="12">point</token>
<token t_id="407" sentence="14" number="13">in</token>
<token t_id="408" sentence="14" number="14">the</token>
<token t_id="409" sentence="14" number="15">4th</token>
<token t_id="410" sentence="14" number="16">quarter</token>
<token t_id="411" sentence="14" number="17">with</token>
<token t_id="412" sentence="14" number="18">the</token>
<token t_id="413" sentence="14" number="19">team</token>
<token t_id="414" sentence="14" number="20">trailing</token>
<token t_id="415" sentence="14" number="21">13</token>
<token t_id="416" sentence="14" number="22">-</token>
<token t_id="417" sentence="14" number="23">10</token>
<token t_id="418" sentence="14" number="24">and</token>
<token t_id="419" sentence="14" number="25">with</token>
<token t_id="420" sentence="14" number="26">the</token>
<token t_id="421" sentence="14" number="27">ball</token>
<token t_id="422" sentence="14" number="28">at</token>
<token t_id="423" sentence="14" number="29">the</token>
<token t_id="424" sentence="14" number="30">Indy</token>
<token t_id="425" sentence="14" number="31">14</token>
<token t_id="426" sentence="14" number="32">-</token>
<token t_id="427" sentence="14" number="33">yard</token>
<token t_id="428" sentence="14" number="34">line</token>
<token t_id="429" sentence="14" number="35">.</token>
<token t_id="430" sentence="15" number="0">Quinn</token>
<token t_id="431" sentence="15" number="1">underthrew</token>
<token t_id="432" sentence="15" number="2">a</token>
<token t_id="433" sentence="15" number="3">pass</token>
<token t_id="434" sentence="15" number="4">in</token>
<token t_id="435" sentence="15" number="5">the</token>
<token t_id="436" sentence="15" number="6">end</token>
<token t_id="437" sentence="15" number="7">zone</token>
<token t_id="438" sentence="15" number="8">to</token>
<token t_id="439" sentence="15" number="9">receiver</token>
<token t_id="440" sentence="15" number="10">Jon</token>
<token t_id="441" sentence="15" number="11">Baldwin</token>
<token t_id="442" sentence="15" number="12">and</token>
<token t_id="443" sentence="15" number="13">was</token>
<token t_id="444" sentence="15" number="14">picked</token>
<token t_id="445" sentence="15" number="15">off</token>
<token t_id="446" sentence="15" number="16">by</token>
<token t_id="447" sentence="15" number="17">Vontae</token>
<token t_id="448" sentence="15" number="18">Davis</token>
<token t_id="449" sentence="15" number="19">for</token>
<token t_id="450" sentence="15" number="20">an</token>
<token t_id="451" sentence="15" number="21">Indianapolis</token>
<token t_id="452" sentence="15" number="22">touchback</token>
<token t_id="453" sentence="15" number="23">.</token>
<token t_id="454" sentence="16" number="0">Yet</token>
<token t_id="455" sentence="16" number="1">another</token>
<token t_id="456" sentence="16" number="2">potential</token>
<token t_id="457" sentence="16" number="3">scoring</token>
<token t_id="458" sentence="16" number="4">opportunity</token>
<token t_id="459" sentence="16" number="5">blown</token>
<token t_id="460" sentence="16" number="6">for</token>
<token t_id="461" sentence="16" number="7">the</token>
<token t_id="462" sentence="16" number="8">Chiefs</token>
<token t_id="463" sentence="16" number="9">.</token>
<token t_id="464" sentence="17" number="0">Quinn</token>
<token t_id="465" sentence="17" number="1">threw</token>
<token t_id="466" sentence="17" number="2">a</token>
<token t_id="467" sentence="17" number="3">third</token>
<token t_id="468" sentence="17" number="4">interception</token>
<token t_id="469" sentence="17" number="5">–</token>
<token t_id="470" sentence="17" number="6">and</token>
<token t_id="471" sentence="17" number="7">his</token>
<token t_id="472" sentence="17" number="8">second</token>
<token t_id="473" sentence="17" number="9">to</token>
<token t_id="474" sentence="17" number="10">Davis</token>
<token t_id="475" sentence="17" number="11">in</token>
<token t_id="476" sentence="17" number="12">consecutive</token>
<token t_id="477" sentence="17" number="13">series</token>
<token t_id="478" sentence="17" number="14">–</token>
<token t_id="479" sentence="17" number="15">but</token>
<token t_id="480" sentence="17" number="16">it</token>
<token t_id="481" sentence="17" number="17">was</token>
<token t_id="482" sentence="17" number="18">overturned</token>
<token t_id="483" sentence="17" number="19">when</token>
<token t_id="484" sentence="17" number="20">Davis</token>
<token t_id="485" sentence="17" number="21">was</token>
<token t_id="486" sentence="17" number="22">called</token>
<token t_id="487" sentence="17" number="23">for</token>
<token t_id="488" sentence="17" number="24">pass</token>
<token t_id="489" sentence="17" number="25">interference</token>
<token t_id="490" sentence="17" number="26">.</token>
<token t_id="491" sentence="18" number="0">Any</token>
<token t_id="492" sentence="18" number="1">honest</token>
<token t_id="493" sentence="18" number="2">Chiefs</token>
<token t_id="494" sentence="18" number="3">fan</token>
<token t_id="495" sentence="18" number="4">would</token>
<token t_id="496" sentence="18" number="5">say</token>
<token t_id="497" sentence="18" number="6">that</token>
<token t_id="498" sentence="18" number="7">it</token>
<token t_id="499" sentence="18" number="8">was</token>
<token t_id="500" sentence="18" number="9">the</token>
<token t_id="501" sentence="18" number="10">most</token>
<token t_id="502" sentence="18" number="11">“</token>
<token t_id="503" sentence="18" number="12">phantom</token>
<token t_id="504" sentence="18" number="13">”</token>
<token t_id="505" sentence="18" number="14">interference</token>
<token t_id="506" sentence="18" number="15">penalty</token>
<token t_id="507" sentence="18" number="16">ever</token>
<token t_id="508" sentence="18" number="17">as</token>
<token t_id="509" sentence="18" number="18">Davis</token>
<token t_id="510" sentence="18" number="19">never</token>
<token t_id="511" sentence="18" number="20">appeared</token>
<token t_id="512" sentence="18" number="21">to</token>
<token t_id="513" sentence="18" number="22">touch</token>
<token t_id="514" sentence="18" number="23">KC</token>
<token t_id="515" sentence="18" number="24">receiver</token>
<token t_id="516" sentence="18" number="25">Jamar</token>
<token t_id="517" sentence="18" number="26">Newsome</token>
<token t_id="518" sentence="18" number="27">.</token>
<token t_id="519" sentence="19" number="0">Kicker</token>
<token t_id="520" sentence="19" number="1">Ryan</token>
<token t_id="521" sentence="19" number="2">Succop</token>
<token t_id="522" sentence="19" number="3">showed</token>
<token t_id="523" sentence="19" number="4">his</token>
<token t_id="524" sentence="19" number="5">Jekyll</token>
<token t_id="525" sentence="19" number="6">/</token>
<token t_id="526" sentence="19" number="7">Hyde</token>
<token t_id="527" sentence="19" number="8">nature</token>
<token t_id="528" sentence="19" number="9">in</token>
<token t_id="529" sentence="19" number="10">the</token>
<token t_id="530" sentence="19" number="11">first</token>
<token t_id="531" sentence="19" number="12">quarter</token>
<token t_id="532" sentence="19" number="13">by</token>
<token t_id="533" sentence="19" number="14">nailing</token>
<token t_id="534" sentence="19" number="15">a</token>
<token t_id="535" sentence="19" number="16">47</token>
<token t_id="536" sentence="19" number="17">-</token>
<token t_id="537" sentence="19" number="18">yard</token>
<token t_id="538" sentence="19" number="19">field</token>
<token t_id="539" sentence="19" number="20">goal</token>
<token t_id="540" sentence="19" number="21">that</token>
<token t_id="541" sentence="19" number="22">looked</token>
<token t_id="542" sentence="19" number="23">good</token>
<token t_id="543" sentence="19" number="24">the</token>
<token t_id="544" sentence="19" number="25">moment</token>
<token t_id="545" sentence="19" number="26">he</token>
<token t_id="546" sentence="19" number="27">kicked</token>
<token t_id="547" sentence="19" number="28">it</token>
<token t_id="548" sentence="19" number="29">,</token>
<token t_id="549" sentence="19" number="30">but</token>
<token t_id="550" sentence="19" number="31">then</token>
<token t_id="551" sentence="19" number="32">missing</token>
<token t_id="552" sentence="19" number="33">a</token>
<token t_id="553" sentence="19" number="34">43</token>
<token t_id="554" sentence="19" number="35">-</token>
<token t_id="555" sentence="19" number="36">yarder</token>
<token t_id="556" sentence="19" number="37">that</token>
<token t_id="557" sentence="19" number="38">would</token>
<token t_id="558" sentence="19" number="39">have</token>
<token t_id="559" sentence="19" number="40">made</token>
<token t_id="560" sentence="19" number="41">the</token>
<token t_id="561" sentence="19" number="42">score</token>
<token t_id="562" sentence="19" number="43">7</token>
<token t_id="563" sentence="19" number="44">-</token>
<token t_id="564" sentence="19" number="45">6</token>
<token t_id="565" sentence="19" number="46">.</token>
<token t_id="566" sentence="20" number="0">Towards</token>
<token t_id="567" sentence="20" number="1">the</token>
<token t_id="568" sentence="20" number="2">end</token>
<token t_id="569" sentence="20" number="3">of</token>
<token t_id="570" sentence="20" number="4">the</token>
<token t_id="571" sentence="20" number="5">first</token>
<token t_id="572" sentence="20" number="6">half</token>
<token t_id="573" sentence="20" number="7">,</token>
<token t_id="574" sentence="20" number="8">Charles</token>
<token t_id="575" sentence="20" number="9">made</token>
<token t_id="576" sentence="20" number="10">his</token>
<token t_id="577" sentence="20" number="11">only</token>
<token t_id="578" sentence="20" number="12">mistake</token>
<token t_id="579" sentence="20" number="13">of</token>
<token t_id="580" sentence="20" number="14">the</token>
<token t_id="581" sentence="20" number="15">day</token>
<token t_id="582" sentence="20" number="16">by</token>
<token t_id="583" sentence="20" number="17">fumbling</token>
<token t_id="584" sentence="20" number="18">at</token>
<token t_id="585" sentence="20" number="19">the</token>
<token t_id="586" sentence="20" number="20">Indianapolis</token>
<token t_id="587" sentence="20" number="21">16</token>
<token t_id="588" sentence="20" number="22">-</token>
<token t_id="589" sentence="20" number="23">yard</token>
<token t_id="590" sentence="20" number="24">line</token>
<token t_id="591" sentence="20" number="25">,</token>
<token t_id="592" sentence="20" number="26">snuffing</token>
<token t_id="593" sentence="20" number="27">out</token>
<token t_id="594" sentence="20" number="28">another</token>
<token t_id="595" sentence="20" number="29">scoring</token>
<token t_id="596" sentence="20" number="30">opportunity</token>
<token t_id="597" sentence="20" number="31">with</token>
<token t_id="598" sentence="20" number="32">the</token>
<token t_id="599" sentence="20" number="33">Chiefs</token>
<token t_id="600" sentence="20" number="34">behind</token>
<token t_id="601" sentence="20" number="35">10</token>
<token t_id="602" sentence="20" number="36">-</token>
<token t_id="603" sentence="20" number="37">3</token>
<token t_id="604" sentence="20" number="38">.</token>
<token t_id="605" sentence="21" number="0">The</token>
<token t_id="606" sentence="21" number="1">Colts</token>
<token t_id="607" sentence="21" number="2">turned</token>
<token t_id="608" sentence="21" number="3">the</token>
<token t_id="609" sentence="21" number="4">fumble</token>
<token t_id="610" sentence="21" number="5">into</token>
<token t_id="611" sentence="21" number="6">another</token>
<token t_id="612" sentence="21" number="7">field</token>
<token t_id="613" sentence="21" number="8">goal</token>
<token t_id="614" sentence="21" number="9">and</token>
<token t_id="615" sentence="21" number="10">went</token>
<token t_id="616" sentence="21" number="11">into</token>
<token t_id="617" sentence="21" number="12">halftime</token>
<token t_id="618" sentence="21" number="13">leading</token>
<token t_id="619" sentence="21" number="14">KC</token>
<token t_id="620" sentence="21" number="15">,</token>
<token t_id="621" sentence="21" number="16">13</token>
<token t_id="622" sentence="21" number="17">-</token>
<token t_id="623" sentence="21" number="18">3</token>
<token t_id="624" sentence="21" number="19">.</token>
<token t_id="625" sentence="22" number="0">As</token>
<token t_id="626" sentence="22" number="1">the</token>
<token t_id="627" sentence="22" number="2">second</token>
<token t_id="628" sentence="22" number="3">half</token>
<token t_id="629" sentence="22" number="4">opened</token>
<token t_id="630" sentence="22" number="5">,</token>
<token t_id="631" sentence="22" number="6">the</token>
<token t_id="632" sentence="22" number="7">Chiefs</token>
<token t_id="633" sentence="22" number="8">looked</token>
<token t_id="634" sentence="22" number="9">like</token>
<token t_id="635" sentence="22" number="10">they</token>
<token t_id="636" sentence="22" number="11">were</token>
<token t_id="637" sentence="22" number="12">going</token>
<token t_id="638" sentence="22" number="13">to</token>
<token t_id="639" sentence="22" number="14">go</token>
<token t_id="640" sentence="22" number="15">into</token>
<token t_id="641" sentence="22" number="16">self</token>
<token t_id="642" sentence="22" number="17">-</token>
<token t_id="643" sentence="22" number="18">destruct</token>
<token t_id="644" sentence="22" number="19">mode</token>
<token t_id="645" sentence="22" number="20">again</token>
<token t_id="646" sentence="22" number="21">when</token>
<token t_id="647" sentence="22" number="22">return</token>
<token t_id="648" sentence="22" number="23">man</token>
<token t_id="649" sentence="22" number="24">,</token>
<token t_id="650" sentence="22" number="25">Devon</token>
<token t_id="651" sentence="22" number="26">Wylie</token>
<token t_id="652" sentence="22" number="27">,</token>
<token t_id="653" sentence="22" number="28">inexplicably</token>
<token t_id="654" sentence="22" number="29">tried</token>
<token t_id="655" sentence="22" number="30">to</token>
<token t_id="656" sentence="22" number="31">return</token>
<token t_id="657" sentence="22" number="32">the</token>
<token t_id="658" sentence="22" number="33">second</token>
<token t_id="659" sentence="22" number="34">-</token>
<token t_id="660" sentence="22" number="35">half</token>
<token t_id="661" sentence="22" number="36">kickoff</token>
<token t_id="662" sentence="22" number="37">from</token>
<token t_id="663" sentence="22" number="38">deep</token>
<token t_id="664" sentence="22" number="39">in</token>
<token t_id="665" sentence="22" number="40">his</token>
<token t_id="666" sentence="22" number="41">own</token>
<token t_id="667" sentence="22" number="42">end</token>
<token t_id="668" sentence="22" number="43">zone</token>
<token t_id="669" sentence="22" number="44">and</token>
<token t_id="670" sentence="22" number="45">was</token>
<token t_id="671" sentence="22" number="46">swarmed</token>
<token t_id="672" sentence="22" number="47">under</token>
<token t_id="673" sentence="22" number="48">at</token>
<token t_id="674" sentence="22" number="49">the</token>
<token t_id="675" sentence="22" number="50">14</token>
<token t_id="676" sentence="22" number="51">-</token>
<token t_id="677" sentence="22" number="52">yard</token>
<token t_id="678" sentence="22" number="53">line</token>
<token t_id="679" sentence="22" number="54">by</token>
<token t_id="680" sentence="22" number="55">Indy</token>
<token t_id="681" sentence="22" number="56">.</token>
<token t_id="682" sentence="23" number="0">The</token>
<token t_id="683" sentence="23" number="1">few</token>
<token t_id="684" sentence="23" number="2">Chiefs</token>
<token t_id="685" sentence="23" number="3">fans</token>
<token t_id="686" sentence="23" number="4">remaining</token>
<token t_id="687" sentence="23" number="5">in</token>
<token t_id="688" sentence="23" number="6">the</token>
<token t_id="689" sentence="23" number="7">stands</token>
<token t_id="690" sentence="23" number="8">undoubtedly</token>
<token t_id="691" sentence="23" number="9">thought</token>
<token t_id="692" sentence="23" number="10">about</token>
<token t_id="693" sentence="23" number="11">going</token>
<token t_id="694" sentence="23" number="12">home</token>
<token t_id="695" sentence="23" number="13">early</token>
<token t_id="696" sentence="23" number="14">and</token>
<token t_id="697" sentence="23" number="15">getting</token>
<token t_id="698" sentence="23" number="16">a</token>
<token t_id="699" sentence="23" number="17">head</token>
<token t_id="700" sentence="23" number="18">start</token>
<token t_id="701" sentence="23" number="19">on</token>
<token t_id="702" sentence="23" number="20">dinner</token>
<token t_id="703" sentence="23" number="21">.</token>
<token t_id="704" sentence="24" number="0">(</token>
<token t_id="705" sentence="24" number="1">Personal</token>
<token t_id="706" sentence="24" number="2">note</token>
<token t_id="707" sentence="24" number="3">:</token>
<token t_id="708" sentence="24" number="4">Somebody</token>
<token t_id="709" sentence="24" number="5">on</token>
<token t_id="710" sentence="24" number="6">the</token>
<token t_id="711" sentence="24" number="7">special</token>
<token t_id="712" sentence="24" number="8">teams</token>
<token t_id="713" sentence="24" number="9">’</token>
<token t_id="714" sentence="24" number="10">coaching</token>
<token t_id="715" sentence="24" number="11">staff</token>
<token t_id="716" sentence="24" number="12">needs</token>
<token t_id="717" sentence="24" number="13">to</token>
<token t_id="718" sentence="24" number="14">put</token>
<token t_id="719" sentence="24" number="15">leg</token>
<token t_id="720" sentence="24" number="16">chains</token>
<token t_id="721" sentence="24" number="17">on</token>
<token t_id="722" sentence="24" number="18">Wylie</token>
<token t_id="723" sentence="24" number="19">,</token>
<token t_id="724" sentence="24" number="20">who</token>
<token t_id="725" sentence="24" number="21">apparently</token>
<token t_id="726" sentence="24" number="22">thinks</token>
<token t_id="727" sentence="24" number="23">he</token>
<token t_id="728" sentence="24" number="24">is</token>
<token t_id="729" sentence="24" number="25">former</token>
<token t_id="730" sentence="24" number="26">All</token>
<token t_id="731" sentence="24" number="27">-</token>
<token t_id="732" sentence="24" number="28">Pro</token>
<token t_id="733" sentence="24" number="29">return</token>
<token t_id="734" sentence="24" number="30">man</token>
<token t_id="735" sentence="24" number="31">,</token>
<token t_id="736" sentence="24" number="32">Dante</token>
<token t_id="737" sentence="24" number="33">Hall</token>
<token t_id="738" sentence="24" number="34">.</token>
<token t_id="739" sentence="25" number="0">Wylie</token>
<token t_id="740" sentence="25" number="1">brings</token>
<token t_id="741" sentence="25" number="2">out</token>
<token t_id="742" sentence="25" number="3">EVERY</token>
<token t_id="743" sentence="25" number="4">kick</token>
<token t_id="744" sentence="25" number="5">and</token>
<token t_id="745" sentence="25" number="6">more</token>
<token t_id="746" sentence="25" number="7">often</token>
<token t_id="747" sentence="25" number="8">than</token>
<token t_id="748" sentence="25" number="9">not</token>
<token t_id="749" sentence="25" number="10">,</token>
<token t_id="750" sentence="25" number="11">doesn</token>
<token t_id="751" sentence="25" number="12">’</token>
<token t_id="752" sentence="25" number="13">t</token>
<token t_id="753" sentence="25" number="14">get</token>
<token t_id="754" sentence="25" number="15">the</token>
<token t_id="755" sentence="25" number="16">ball</token>
<token t_id="756" sentence="25" number="17">back</token>
<token t_id="757" sentence="25" number="18">to</token>
<token t_id="758" sentence="25" number="19">the</token>
<token t_id="759" sentence="25" number="20">20</token>
<token t_id="760" sentence="25" number="21">-</token>
<token t_id="761" sentence="25" number="22">yard</token>
<token t_id="762" sentence="25" number="23">line</token>
<token t_id="763" sentence="25" number="24">.</token>
<token t_id="764" sentence="25" number="25">)</token>
<token t_id="765" sentence="26" number="0">But</token>
<token t_id="766" sentence="26" number="1">,</token>
<token t_id="767" sentence="26" number="2">showing</token>
<token t_id="768" sentence="26" number="3">why</token>
<token t_id="769" sentence="26" number="4">he</token>
<token t_id="770" sentence="26" number="5">is</token>
<token t_id="771" sentence="26" number="6">the</token>
<token t_id="772" sentence="26" number="7">best</token>
<token t_id="773" sentence="26" number="8">player</token>
<token t_id="774" sentence="26" number="9">on</token>
<token t_id="775" sentence="26" number="10">the</token>
<token t_id="776" sentence="26" number="11">team</token>
<token t_id="777" sentence="26" number="12">,</token>
<token t_id="778" sentence="26" number="13">Charles</token>
<token t_id="779" sentence="26" number="14">took</token>
<token t_id="780" sentence="26" number="15">a</token>
<token t_id="781" sentence="26" number="16">handoff</token>
<token t_id="782" sentence="26" number="17">around</token>
<token t_id="783" sentence="26" number="18">the</token>
<token t_id="784" sentence="26" number="19">left</token>
<token t_id="785" sentence="26" number="20">end</token>
<token t_id="786" sentence="26" number="21">and</token>
<token t_id="787" sentence="26" number="22">with</token>
<token t_id="788" sentence="26" number="23">some</token>
<token t_id="789" sentence="26" number="24">terrific</token>
<token t_id="790" sentence="26" number="25">downfield</token>
<token t_id="791" sentence="26" number="26">blocking</token>
<token t_id="792" sentence="26" number="27">by</token>
<token t_id="793" sentence="26" number="28">Baldwin</token>
<token t_id="794" sentence="26" number="29">,</token>
<token t_id="795" sentence="26" number="30">romped</token>
<token t_id="796" sentence="26" number="31">86</token>
<token t_id="797" sentence="26" number="32">yards</token>
<token t_id="798" sentence="26" number="33">for</token>
<token t_id="799" sentence="26" number="34">the</token>
<token t_id="800" sentence="26" number="35">Chiefs</token>
<token t_id="801" sentence="26" number="36">first</token>
<token t_id="802" sentence="26" number="37">touchdown</token>
<token t_id="803" sentence="26" number="38">in</token>
<token t_id="804" sentence="26" number="39">nine</token>
<token t_id="805" sentence="26" number="40">quarters</token>
<token t_id="806" sentence="26" number="41">of</token>
<token t_id="807" sentence="26" number="42">football</token>
<token t_id="808" sentence="26" number="43">–</token>
<token t_id="809" sentence="26" number="44">ironically</token>
<token t_id="810" sentence="26" number="45">since</token>
<token t_id="811" sentence="26" number="46">Charles</token>
<token t_id="812" sentence="26" number="47">’</token>
<token t_id="813" sentence="26" number="48">80</token>
<token t_id="814" sentence="26" number="49">-</token>
<token t_id="815" sentence="26" number="50">yard</token>
<token t_id="816" sentence="26" number="51">TD</token>
<token t_id="817" sentence="26" number="52">run</token>
<token t_id="818" sentence="26" number="53">on</token>
<token t_id="819" sentence="26" number="54">the</token>
<token t_id="820" sentence="26" number="55">opening</token>
<token t_id="821" sentence="26" number="56">play</token>
<token t_id="822" sentence="26" number="57">of</token>
<token t_id="823" sentence="26" number="58">the</token>
<token t_id="824" sentence="26" number="59">Cleveland</token>
<token t_id="825" sentence="26" number="60">game</token>
<token t_id="826" sentence="26" number="61">two</token>
<token t_id="827" sentence="26" number="62">weeks</token>
<token t_id="828" sentence="26" number="63">ago</token>
<token t_id="829" sentence="26" number="64">.</token>
<token t_id="830" sentence="27" number="0">Colts</token>
<token t_id="831" sentence="27" number="1">–</token>
<token t_id="832" sentence="27" number="2">13</token>
<token t_id="833" sentence="27" number="3">,</token>
<token t_id="834" sentence="27" number="4">Chiefs</token>
<token t_id="835" sentence="27" number="5">–</token>
<token t_id="836" sentence="27" number="6">10</token>
<token t_id="837" sentence="27" number="7">and</token>
<token t_id="838" sentence="27" number="8">a</token>
<token t_id="839" sentence="27" number="9">new</token>
<token t_id="840" sentence="27" number="10">ballgame</token>
<token t_id="841" sentence="27" number="11">.</token>
<token t_id="842" sentence="28" number="0">Both</token>
<token t_id="843" sentence="28" number="1">defenses</token>
<token t_id="844" sentence="28" number="2">tightened</token>
<token t_id="845" sentence="28" number="3">up</token>
<token t_id="846" sentence="28" number="4">in</token>
<token t_id="847" sentence="28" number="5">the</token>
<token t_id="848" sentence="28" number="6">second</token>
<token t_id="849" sentence="28" number="7">half</token>
<token t_id="850" sentence="28" number="8">,</token>
<token t_id="851" sentence="28" number="9">but</token>
<token t_id="852" sentence="28" number="10">the</token>
<token t_id="853" sentence="28" number="11">key</token>
<token t_id="854" sentence="28" number="12">play</token>
<token t_id="855" sentence="28" number="13">of</token>
<token t_id="856" sentence="28" number="14">the</token>
<token t_id="857" sentence="28" number="15">game</token>
<token t_id="858" sentence="28" number="16">came</token>
<token t_id="859" sentence="28" number="17">with</token>
<token t_id="860" sentence="28" number="18">10</token>
<token t_id="861" sentence="28" number="19">minutes</token>
<token t_id="862" sentence="28" number="20">left</token>
<token t_id="863" sentence="28" number="21">in</token>
<token t_id="864" sentence="28" number="22">the</token>
<token t_id="865" sentence="28" number="23">fourth</token>
<token t_id="866" sentence="28" number="24">quarter</token>
<token t_id="867" sentence="28" number="25">and</token>
<token t_id="868" sentence="28" number="26">the</token>
<token t_id="869" sentence="28" number="27">score</token>
<token t_id="870" sentence="28" number="28">tied</token>
<token t_id="871" sentence="28" number="29">13</token>
<token t_id="872" sentence="28" number="30">-</token>
<token t_id="873" sentence="28" number="31">13</token>
<token t_id="874" sentence="28" number="32">.</token>
<token t_id="875" sentence="29" number="0">The</token>
<token t_id="876" sentence="29" number="1">Chiefs</token>
<token t_id="877" sentence="29" number="2">faced</token>
<token t_id="878" sentence="29" number="3">a</token>
<token t_id="879" sentence="29" number="4">4th</token>
<token t_id="880" sentence="29" number="5">-</token>
<token t_id="881" sentence="29" number="6">and</token>
<token t_id="882" sentence="29" number="7">-</token>
<token t_id="883" sentence="29" number="8">inches</token>
<token t_id="884" sentence="29" number="9">at</token>
<token t_id="885" sentence="29" number="10">the</token>
<token t_id="886" sentence="29" number="11">Indy</token>
<token t_id="887" sentence="29" number="12">27</token>
<token t_id="888" sentence="29" number="13">-</token>
<token t_id="889" sentence="29" number="14">yd</token>
<token t_id="890" sentence="29" number="15">line</token>
<token t_id="891" sentence="29" number="16">,</token>
<token t_id="892" sentence="29" number="17">but</token>
<token t_id="893" sentence="29" number="18">despite</token>
<token t_id="894" sentence="29" number="19">having</token>
<token t_id="895" sentence="29" number="20">Hillis</token>
<token t_id="896" sentence="29" number="21">and</token>
<token t_id="897" sentence="29" number="22">Charles</token>
<token t_id="898" sentence="29" number="23">in</token>
<token t_id="899" sentence="29" number="24">the</token>
<token t_id="900" sentence="29" number="25">backfield</token>
<token t_id="901" sentence="29" number="26">,</token>
<token t_id="902" sentence="29" number="27">coaches</token>
<token t_id="903" sentence="29" number="28">Romeo</token>
<token t_id="904" sentence="29" number="29">Crennel</token>
<token t_id="905" sentence="29" number="30">and</token>
<token t_id="906" sentence="29" number="31">offensive</token>
<token t_id="907" sentence="29" number="32">coordinator</token>
<token t_id="908" sentence="29" number="33">Brian</token>
<token t_id="909" sentence="29" number="34">Daboll</token>
<token t_id="910" sentence="29" number="35">decided</token>
<token t_id="911" sentence="29" number="36">to</token>
<token t_id="912" sentence="29" number="37">have</token>
<token t_id="913" sentence="29" number="38">Quinn</token>
<token t_id="914" sentence="29" number="39">try</token>
<token t_id="915" sentence="29" number="40">a</token>
<token t_id="916" sentence="29" number="41">quarterback</token>
<token t_id="917" sentence="29" number="42">sneak</token>
<token t_id="918" sentence="29" number="43">.</token>
<token t_id="919" sentence="30" number="0">Quinn</token>
<token t_id="920" sentence="30" number="1">was</token>
<token t_id="921" sentence="30" number="2">stopped</token>
<token t_id="922" sentence="30" number="3">short</token>
<token t_id="923" sentence="30" number="4">and</token>
<token t_id="924" sentence="30" number="5">the</token>
<token t_id="925" sentence="30" number="6">Colts</token>
<token t_id="926" sentence="30" number="7">took</token>
<token t_id="927" sentence="30" number="8">the</token>
<token t_id="928" sentence="30" number="9">ball</token>
<token t_id="929" sentence="30" number="10">over</token>
<token t_id="930" sentence="30" number="11">on</token>
<token t_id="931" sentence="30" number="12">downs</token>
<token t_id="932" sentence="30" number="13">.</token>
<token t_id="933" sentence="31" number="0">It</token>
<token t_id="934" sentence="31" number="1">was</token>
<token t_id="935" sentence="31" number="2">here</token>
<token t_id="936" sentence="31" number="3">that</token>
<token t_id="937" sentence="31" number="4">Chiefs</token>
<token t_id="938" sentence="31" number="5">fans</token>
<token t_id="939" sentence="31" number="6">could</token>
<token t_id="940" sentence="31" number="7">see</token>
<token t_id="941" sentence="31" number="8">what</token>
<token t_id="942" sentence="31" number="9">might</token>
<token t_id="943" sentence="31" number="10">have</token>
<token t_id="944" sentence="31" number="11">been</token>
<token t_id="945" sentence="31" number="12">had</token>
<token t_id="946" sentence="31" number="13">they</token>
<token t_id="947" sentence="31" number="14">had</token>
<token t_id="948" sentence="31" number="15">this</token>
<token t_id="949" sentence="31" number="16">awful</token>
<token t_id="950" sentence="31" number="17">season</token>
<token t_id="951" sentence="31" number="18">LAST</token>
<token t_id="952" sentence="31" number="19">YEAR</token>
<token t_id="953" sentence="31" number="20">when</token>
<token t_id="954" sentence="31" number="21">Colts</token>
<token t_id="955" sentence="31" number="22">QB</token>
<token t_id="956" sentence="31" number="23">Andrew</token>
<token t_id="957" sentence="31" number="24">Luck</token>
<token t_id="958" sentence="31" number="25">was</token>
<token t_id="959" sentence="31" number="26">the</token>
<token t_id="960" sentence="31" number="27">top</token>
<token t_id="961" sentence="31" number="28">prize</token>
<token t_id="962" sentence="31" number="29">of</token>
<token t_id="963" sentence="31" number="30">the</token>
<token t_id="964" sentence="31" number="31">draft</token>
<token t_id="965" sentence="31" number="32">.</token>
<token t_id="966" sentence="32" number="0">Luck</token>
<token t_id="967" sentence="32" number="1">had</token>
<token t_id="968" sentence="32" number="2">struggled</token>
<token t_id="969" sentence="32" number="3">all</token>
<token t_id="970" sentence="32" number="4">day</token>
<token t_id="971" sentence="32" number="5">long</token>
<token t_id="972" sentence="32" number="6">under</token>
<token t_id="973" sentence="32" number="7">pressure</token>
<token t_id="974" sentence="32" number="8">from</token>
<token t_id="975" sentence="32" number="9">the</token>
<token t_id="976" sentence="32" number="10">Chiefs</token>
<token t_id="977" sentence="32" number="11">defense</token>
<token t_id="978" sentence="32" number="12">and</token>
<token t_id="979" sentence="32" number="13">the</token>
<token t_id="980" sentence="32" number="14">rookie</token>
<token t_id="981" sentence="32" number="15">looked</token>
<token t_id="982" sentence="32" number="16">very</token>
<token t_id="983" sentence="32" number="17">ordinary</token>
<token t_id="984" sentence="32" number="18">.</token>
<token t_id="985" sentence="33" number="0">However</token>
<token t_id="986" sentence="33" number="1">,</token>
<token t_id="987" sentence="33" number="2">when</token>
<token t_id="988" sentence="33" number="3">it</token>
<token t_id="989" sentence="33" number="4">counted</token>
<token t_id="990" sentence="33" number="5">,</token>
<token t_id="991" sentence="33" number="6">he</token>
<token t_id="992" sentence="33" number="7">looked</token>
<token t_id="993" sentence="33" number="8">like</token>
<token t_id="994" sentence="33" number="9">Joe</token>
<token t_id="995" sentence="33" number="10">Montana</token>
<token t_id="996" sentence="33" number="11">.</token>
<token t_id="997" sentence="34" number="0">Luck</token>
<token t_id="998" sentence="34" number="1">calmly</token>
<token t_id="999" sentence="34" number="2">led</token>
<token t_id="1000" sentence="34" number="3">the</token>
<token t_id="1001" sentence="34" number="4">Colts</token>
<token t_id="1002" sentence="34" number="5">on</token>
<token t_id="1003" sentence="34" number="6">a</token>
<token t_id="1004" sentence="34" number="7">13</token>
<token t_id="1005" sentence="34" number="8">-</token>
<token t_id="1006" sentence="34" number="9">play</token>
<token t_id="1007" sentence="34" number="10">drive</token>
<token t_id="1008" sentence="34" number="11">that</token>
<token t_id="1009" sentence="34" number="12">culminated</token>
<token t_id="1010" sentence="34" number="13">in</token>
<token t_id="1011" sentence="34" number="14">a</token>
<token t_id="1012" sentence="34" number="15">laser</token>
<token t_id="1013" sentence="34" number="16">-</token>
<token t_id="1014" sentence="34" number="17">like</token>
<token t_id="1015" sentence="34" number="18">TD</token>
<token t_id="1016" sentence="34" number="19">throw</token>
<token t_id="1017" sentence="34" number="20">to</token>
<token t_id="1018" sentence="34" number="21">Reggie</token>
<token t_id="1019" sentence="34" number="22">Wayne</token>
<token t_id="1020" sentence="34" number="23">that</token>
<token t_id="1021" sentence="34" number="24">put</token>
<token t_id="1022" sentence="34" number="25">the</token>
<token t_id="1023" sentence="34" number="26">Colts</token>
<token t_id="1024" sentence="34" number="27">up</token>
<token t_id="1025" sentence="34" number="28">20</token>
<token t_id="1026" sentence="34" number="29">-</token>
<token t_id="1027" sentence="34" number="30">13</token>
<token t_id="1028" sentence="34" number="31">.</token>
<token t_id="1029" sentence="35" number="0">I</token>
<token t_id="1030" sentence="35" number="1">say</token>
<token t_id="1031" sentence="35" number="2">that</token>
<token t_id="1032" sentence="35" number="3">Chiefs</token>
<token t_id="1033" sentence="35" number="4">fans</token>
<token t_id="1034" sentence="35" number="5">could</token>
<token t_id="1035" sentence="35" number="6">only</token>
<token t_id="1036" sentence="35" number="7">dream</token>
<token t_id="1037" sentence="35" number="8">of</token>
<token t_id="1038" sentence="35" number="9">having</token>
<token t_id="1039" sentence="35" number="10">Luck</token>
<token t_id="1040" sentence="35" number="11">because</token>
<token t_id="1041" sentence="35" number="12">if</token>
<token t_id="1042" sentence="35" number="13">there</token>
<token t_id="1043" sentence="35" number="14">was</token>
<token t_id="1044" sentence="35" number="15">ever</token>
<token t_id="1045" sentence="35" number="16">an</token>
<token t_id="1046" sentence="35" number="17">indictment</token>
<token t_id="1047" sentence="35" number="18">of</token>
<token t_id="1048" sentence="35" number="19">the</token>
<token t_id="1049" sentence="35" number="20">Chiefs</token>
<token t_id="1050" sentence="35" number="21">QB</token>
<token t_id="1051" sentence="35" number="22">situation</token>
<token t_id="1052" sentence="35" number="23">,</token>
<token t_id="1053" sentence="35" number="24">it</token>
<token t_id="1054" sentence="35" number="25">came</token>
<token t_id="1055" sentence="35" number="26">on</token>
<token t_id="1056" sentence="35" number="27">the</token>
<token t_id="1057" sentence="35" number="28">next</token>
<token t_id="1058" sentence="35" number="29">series</token>
<token t_id="1059" sentence="35" number="30">of</token>
<token t_id="1060" sentence="35" number="31">downs</token>
<token t_id="1061" sentence="35" number="32">.</token>
<token t_id="1062" sentence="36" number="0">With</token>
<token t_id="1063" sentence="36" number="1">four</token>
<token t_id="1064" sentence="36" number="2">minutes</token>
<token t_id="1065" sentence="36" number="3">left</token>
<token t_id="1066" sentence="36" number="4">in</token>
<token t_id="1067" sentence="36" number="5">the</token>
<token t_id="1068" sentence="36" number="6">game</token>
<token t_id="1069" sentence="36" number="7">,</token>
<token t_id="1070" sentence="36" number="8">Wylie</token>
<token t_id="1071" sentence="36" number="9">AGAIN</token>
<token t_id="1072" sentence="36" number="10">brought</token>
<token t_id="1073" sentence="36" number="11">the</token>
<token t_id="1074" sentence="36" number="12">kick</token>
<token t_id="1075" sentence="36" number="13">-</token>
<token t_id="1076" sentence="36" number="14">off</token>
<token t_id="1077" sentence="36" number="15">out</token>
<token t_id="1078" sentence="36" number="16">of</token>
<token t_id="1079" sentence="36" number="17">the</token>
<token t_id="1080" sentence="36" number="18">end</token>
<token t_id="1081" sentence="36" number="19">zone</token>
<token t_id="1082" sentence="36" number="20">and</token>
<token t_id="1083" sentence="36" number="21">was</token>
<token t_id="1084" sentence="36" number="22">tackled</token>
<token t_id="1085" sentence="36" number="23">at</token>
<token t_id="1086" sentence="36" number="24">the</token>
<token t_id="1087" sentence="36" number="25">10</token>
<token t_id="1088" sentence="36" number="26">-</token>
<token t_id="1089" sentence="36" number="27">yard</token>
<token t_id="1090" sentence="36" number="28">line</token>
<token t_id="1091" sentence="36" number="29">.</token>
<token t_id="1092" sentence="37" number="0">(</token>
<token t_id="1093" sentence="37" number="1">Seriously</token>
<token t_id="1094" sentence="37" number="2">…</token>
<token t_id="1095" sentence="37" number="3">somebody</token>
<token t_id="1096" sentence="37" number="4">cut</token>
<token t_id="1097" sentence="37" number="5">him</token>
<token t_id="1098" sentence="37" number="6">now</token>
<token t_id="1099" sentence="37" number="7">.</token>
<token t_id="1100" sentence="37" number="8">)</token>
<token t_id="1101" sentence="38" number="0">With</token>
<token t_id="1102" sentence="38" number="1">90</token>
<token t_id="1103" sentence="38" number="2">yards</token>
<token t_id="1104" sentence="38" number="3">to</token>
<token t_id="1105" sentence="38" number="4">go</token>
<token t_id="1106" sentence="38" number="5">and</token>
<token t_id="1107" sentence="38" number="6">two</token>
<token t_id="1108" sentence="38" number="7">time</token>
<token t_id="1109" sentence="38" number="8">outs</token>
<token t_id="1110" sentence="38" number="9">(</token>
<token t_id="1111" sentence="38" number="10">plus</token>
<token t_id="1112" sentence="38" number="11">the</token>
<token t_id="1113" sentence="38" number="12">two</token>
<token t_id="1114" sentence="38" number="13">-</token>
<token t_id="1115" sentence="38" number="14">minute</token>
<token t_id="1116" sentence="38" number="15">warning</token>
<token t_id="1117" sentence="38" number="16">)</token>
<token t_id="1118" sentence="38" number="17">in</token>
<token t_id="1119" sentence="38" number="18">their</token>
<token t_id="1120" sentence="38" number="19">pocket</token>
<token t_id="1121" sentence="38" number="20">the</token>
<token t_id="1122" sentence="38" number="21">Chiefs</token>
<token t_id="1123" sentence="38" number="22">put</token>
<token t_id="1124" sentence="38" number="23">a</token>
<token t_id="1125" sentence="38" number="24">big</token>
<token t_id="1126" sentence="38" number="25">red</token>
<token t_id="1127" sentence="38" number="26">ribbon</token>
<token t_id="1128" sentence="38" number="27">on</token>
<token t_id="1129" sentence="38" number="28">this</token>
<token t_id="1130" sentence="38" number="29">turd</token>
<token t_id="1131" sentence="38" number="30">of</token>
<token t_id="1132" sentence="38" number="31">a</token>
<token t_id="1133" sentence="38" number="32">season</token>
<token t_id="1134" sentence="38" number="33">for</token>
<token t_id="1135" sentence="38" number="34">fans</token>
<token t_id="1136" sentence="38" number="35">by</token>
<token t_id="1137" sentence="38" number="36">running</token>
<token t_id="1138" sentence="38" number="37">the</token>
<token t_id="1139" sentence="38" number="38">following</token>
<token t_id="1140" sentence="38" number="39">“</token>
<token t_id="1141" sentence="38" number="40">game</token>
<token t_id="1142" sentence="38" number="41">-</token>
<token t_id="1143" sentence="38" number="42">winning</token>
<token t_id="1144" sentence="38" number="43">”</token>
<token t_id="1145" sentence="38" number="44">plays</token>
<token t_id="1146" sentence="38" number="45">:</token>
<token t_id="1147" sentence="39" number="0">1st</token>
<token t_id="1148" sentence="39" number="1">-</token>
<token t_id="1149" sentence="39" number="2">and</token>
<token t_id="1150" sentence="39" number="3">-</token>
<token t_id="1151" sentence="39" number="4">10</token>
<token t_id="1152" sentence="39" number="5">–</token>
<token t_id="1153" sentence="39" number="6">Quinn</token>
<token t_id="1154" sentence="39" number="7">pass</token>
<token t_id="1155" sentence="39" number="8">incomplete</token>
<token t_id="1156" sentence="39" number="9">short</token>
<token t_id="1157" sentence="39" number="10">right</token>
<token t_id="1158" sentence="39" number="11">to</token>
<token t_id="1159" sentence="39" number="12">Steve</token>
<token t_id="1160" sentence="39" number="13">Maneri</token>
<token t_id="1161" sentence="40" number="0">2nd</token>
<token t_id="1162" sentence="40" number="1">-</token>
<token t_id="1163" sentence="40" number="2">and</token>
<token t_id="1164" sentence="40" number="3">-</token>
<token t_id="1165" sentence="40" number="4">10</token>
<token t_id="1166" sentence="40" number="5">–</token>
<token t_id="1167" sentence="40" number="6">Jamaal</token>
<token t_id="1168" sentence="40" number="7">Charles</token>
<token t_id="1169" sentence="40" number="8">up</token>
<token t_id="1170" sentence="40" number="9">middle</token>
<token t_id="1171" sentence="40" number="10">for</token>
<token t_id="1172" sentence="40" number="11">2</token>
<token t_id="1173" sentence="40" number="12">yards</token>
<token t_id="1174" sentence="41" number="0">3rd</token>
<token t_id="1175" sentence="41" number="1">-</token>
<token t_id="1176" sentence="41" number="2">and</token>
<token t_id="1177" sentence="41" number="3">-</token>
<token t_id="1178" sentence="41" number="4">8</token>
<token t_id="1179" sentence="41" number="5">–</token>
<token t_id="1180" sentence="41" number="6">(</token>
<token t_id="1181" sentence="41" number="7">Shotgun</token>
<token t_id="1182" sentence="41" number="8">formation</token>
<token t_id="1183" sentence="41" number="9">)</token>
<token t_id="1184" sentence="41" number="10">Peyton</token>
<token t_id="1185" sentence="41" number="11">Hillis</token>
<token t_id="1186" sentence="41" number="12">around</token>
<token t_id="1187" sentence="41" number="13">right</token>
<token t_id="1188" sentence="41" number="14">end</token>
<token t_id="1189" sentence="41" number="15">for</token>
<token t_id="1190" sentence="41" number="16">-</token>
<token t_id="1191" sentence="41" number="17">2</token>
<token t_id="1192" sentence="41" number="18">yards</token>
<token t_id="1193" sentence="42" number="0">4th</token>
<token t_id="1194" sentence="42" number="1">-</token>
<token t_id="1195" sentence="42" number="2">and</token>
<token t_id="1196" sentence="42" number="3">-</token>
<token t_id="1197" sentence="42" number="4">10</token>
<token t_id="1198" sentence="42" number="5">–</token>
<token t_id="1199" sentence="42" number="6">Dustin</token>
<token t_id="1200" sentence="42" number="7">Colquitt</token>
<token t_id="1201" sentence="42" number="8">punt</token>
<token t_id="1202" sentence="43" number="0">So</token>
<token t_id="1203" sentence="43" number="1">on</token>
<token t_id="1204" sentence="43" number="2">a</token>
<token t_id="1205" sentence="43" number="3">day</token>
<token t_id="1206" sentence="43" number="4">when</token>
<token t_id="1207" sentence="43" number="5">at</token>
<token t_id="1208" sentence="43" number="6">least</token>
<token t_id="1209" sentence="43" number="7">nine</token>
<token t_id="1210" sentence="43" number="8">NFL</token>
<token t_id="1211" sentence="43" number="9">quarterbacks</token>
<token t_id="1212" sentence="43" number="10">threw</token>
<token t_id="1213" sentence="43" number="11">for</token>
<token t_id="1214" sentence="43" number="12">300</token>
<token t_id="1215" sentence="43" number="13">yards</token>
<token t_id="1216" sentence="43" number="14">or</token>
<token t_id="1217" sentence="43" number="15">more</token>
<token t_id="1218" sentence="43" number="16">(</token>
<token t_id="1219" sentence="43" number="17">and</token>
<token t_id="1220" sentence="43" number="18">three</token>
<token t_id="1221" sentence="43" number="19">threw</token>
<token t_id="1222" sentence="43" number="20">for</token>
<token t_id="1223" sentence="43" number="21">400+</token>
<token t_id="1224" sentence="43" number="22">)</token>
<token t_id="1225" sentence="43" number="23">,</token>
<token t_id="1226" sentence="43" number="24">the</token>
<token t_id="1227" sentence="43" number="25">Chiefs</token>
<token t_id="1228" sentence="43" number="26">wouldn</token>
<token t_id="1229" sentence="43" number="27">’</token>
<token t_id="1230" sentence="43" number="28">t</token>
<token t_id="1231" sentence="43" number="29">let</token>
<token t_id="1232" sentence="43" number="30">their</token>
<token t_id="1233" sentence="43" number="31">#1</token>
<token t_id="1234" sentence="43" number="32">quarterback</token>
<token t_id="1235" sentence="43" number="33">attempt</token>
<token t_id="1236" sentence="43" number="34">to</token>
<token t_id="1237" sentence="43" number="35">win</token>
<token t_id="1238" sentence="43" number="36">a</token>
<token t_id="1239" sentence="43" number="37">game</token>
<token t_id="1240" sentence="43" number="38">with</token>
<token t_id="1241" sentence="43" number="39">his</token>
<token t_id="1242" sentence="43" number="40">arm</token>
<token t_id="1243" sentence="43" number="41">.</token>
<token t_id="1244" sentence="44" number="0">One</token>
<token t_id="1245" sentence="44" number="1">could</token>
<token t_id="1246" sentence="44" number="2">only</token>
<token t_id="1247" sentence="44" number="3">assume</token>
<token t_id="1248" sentence="44" number="4">it</token>
<token t_id="1249" sentence="44" number="5">’</token>
<token t_id="1250" sentence="44" number="6">s</token>
<token t_id="1251" sentence="44" number="7">because</token>
<token t_id="1252" sentence="44" number="8">the</token>
<token t_id="1253" sentence="44" number="9">odds</token>
<token t_id="1254" sentence="44" number="10">of</token>
<token t_id="1255" sentence="44" number="11">Jamaal</token>
<token t_id="1256" sentence="44" number="12">Charles</token>
<token t_id="1257" sentence="44" number="13">ripping</token>
<token t_id="1258" sentence="44" number="14">off</token>
<token t_id="1259" sentence="44" number="15">another</token>
<token t_id="1260" sentence="44" number="16">90</token>
<token t_id="1261" sentence="44" number="17">-</token>
<token t_id="1262" sentence="44" number="18">yard</token>
<token t_id="1263" sentence="44" number="19">run</token>
<token t_id="1264" sentence="44" number="20">was</token>
<token t_id="1265" sentence="44" number="21">more</token>
<token t_id="1266" sentence="44" number="22">likely</token>
<token t_id="1267" sentence="44" number="23">than</token>
<token t_id="1268" sentence="44" number="24">any</token>
<token t_id="1269" sentence="44" number="25">of</token>
<token t_id="1270" sentence="44" number="26">the</token>
<token t_id="1271" sentence="44" number="27">stiffs</token>
<token t_id="1272" sentence="44" number="28">playing</token>
<token t_id="1273" sentence="44" number="29">QB</token>
<token t_id="1274" sentence="44" number="30">for</token>
<token t_id="1275" sentence="44" number="31">the</token>
<token t_id="1276" sentence="44" number="32">Chiefs</token>
<token t_id="1277" sentence="44" number="33">leading</token>
<token t_id="1278" sentence="44" number="34">a</token>
<token t_id="1279" sentence="44" number="35">game</token>
<token t_id="1280" sentence="44" number="36">-</token>
<token t_id="1281" sentence="44" number="37">winning</token>
<token t_id="1282" sentence="44" number="38">drive</token>
<token t_id="1283" sentence="44" number="39">.</token>
<token t_id="1284" sentence="45" number="0">Then</token>
<token t_id="1285" sentence="45" number="1">,</token>
<token t_id="1286" sentence="45" number="2">like</token>
<token t_id="1287" sentence="45" number="3">the</token>
<token t_id="1288" sentence="45" number="4">Grinch</token>
<token t_id="1289" sentence="45" number="5">that</token>
<token t_id="1290" sentence="45" number="6">really</token>
<token t_id="1291" sentence="45" number="7">wanted</token>
<token t_id="1292" sentence="45" number="8">to</token>
<token t_id="1293" sentence="45" number="9">screw</token>
<token t_id="1294" sentence="45" number="10">the</token>
<token t_id="1295" sentence="45" number="11">fans'</token>
<token t_id="1296" sentence="45" number="12">holidays</token>
<token t_id="1297" sentence="45" number="13">,</token>
<token t_id="1298" sentence="45" number="14">the</token>
<token t_id="1299" sentence="45" number="15">defense</token>
<token t_id="1300" sentence="45" number="16">couldn</token>
<token t_id="1301" sentence="45" number="17">’</token>
<token t_id="1302" sentence="45" number="18">t</token>
<token t_id="1303" sentence="45" number="19">stop</token>
<token t_id="1304" sentence="45" number="20">the</token>
<token t_id="1305" sentence="45" number="21">Colts</token>
<token t_id="1306" sentence="45" number="22">offense</token>
<token t_id="1307" sentence="45" number="23">as</token>
<token t_id="1308" sentence="45" number="24">Indy</token>
<token t_id="1309" sentence="45" number="25">easily</token>
<token t_id="1310" sentence="45" number="26">picked</token>
<token t_id="1311" sentence="45" number="27">up</token>
<token t_id="1312" sentence="45" number="28">a</token>
<token t_id="1313" sentence="45" number="29">first</token>
<token t_id="1314" sentence="45" number="30">down</token>
<token t_id="1315" sentence="45" number="31">and</token>
<token t_id="1316" sentence="45" number="32">ran</token>
<token t_id="1317" sentence="45" number="33">out</token>
<token t_id="1318" sentence="45" number="34">the</token>
<token t_id="1319" sentence="45" number="35">clock</token>
<token t_id="1320" sentence="45" number="36">.</token>
<token t_id="1321" sentence="46" number="0">Luckily</token>
<token t_id="1322" sentence="46" number="1">for</token>
<token t_id="1323" sentence="46" number="2">KC</token>
<token t_id="1324" sentence="46" number="3">fans</token>
<token t_id="1325" sentence="46" number="4">,</token>
<token t_id="1326" sentence="46" number="5">the</token>
<token t_id="1327" sentence="46" number="6">final</token>
<token t_id="1328" sentence="46" number="7">indignities</token>
<token t_id="1329" sentence="46" number="8">of</token>
<token t_id="1330" sentence="46" number="9">the</token>
<token t_id="1331" sentence="46" number="10">season</token>
<token t_id="1332" sentence="46" number="11">will</token>
<token t_id="1333" sentence="46" number="12">end</token>
<token t_id="1334" sentence="46" number="13">next</token>
<token t_id="1335" sentence="46" number="14">week</token>
<token t_id="1336" sentence="46" number="15">when</token>
<token t_id="1337" sentence="46" number="16">the</token>
<token t_id="1338" sentence="46" number="17">free</token>
<token t_id="1339" sentence="46" number="18">agent</token>
<token t_id="1340" sentence="46" number="19">QB</token>
<token t_id="1341" sentence="46" number="20">that</token>
<token t_id="1342" sentence="46" number="21">infamously</token>
<token t_id="1343" sentence="46" number="22">spurned</token>
<token t_id="1344" sentence="46" number="23">the</token>
<token t_id="1345" sentence="46" number="24">Chiefs</token>
<token t_id="1346" sentence="46" number="25">,</token>
<token t_id="1347" sentence="46" number="26">Peyton</token>
<token t_id="1348" sentence="46" number="27">Manning</token>
<token t_id="1349" sentence="46" number="28">,</token>
<token t_id="1350" sentence="46" number="29">leads</token>
<token t_id="1351" sentence="46" number="30">his</token>
<token t_id="1352" sentence="46" number="31">12</token>
<token t_id="1353" sentence="46" number="32">-</token>
<token t_id="1354" sentence="46" number="33">3</token>
<token t_id="1355" sentence="46" number="34">Broncos</token>
<token t_id="1356" sentence="46" number="35">against</token>
<token t_id="1357" sentence="46" number="36">KC</token>
<token t_id="1358" sentence="46" number="37">in</token>
<token t_id="1359" sentence="46" number="38">what</token>
<token t_id="1360" sentence="46" number="39">may</token>
<token t_id="1361" sentence="46" number="40">be</token>
<token t_id="1362" sentence="46" number="41">Romeo</token>
<token t_id="1363" sentence="46" number="42">Crennel</token>
<token t_id="1364" sentence="46" number="43">and</token>
<token t_id="1365" sentence="46" number="44">Scott</token>
<token t_id="1366" sentence="46" number="45">Pioli</token>
<token t_id="1367" sentence="46" number="46">’</token>
<token t_id="1368" sentence="46" number="47">s</token>
<token t_id="1369" sentence="46" number="48">last</token>
<token t_id="1370" sentence="46" number="49">games</token>
<token t_id="1371" sentence="46" number="50">with</token>
<token t_id="1372" sentence="46" number="51">the</token>
<token t_id="1373" sentence="46" number="52">Chiefs</token>
<token t_id="1374" sentence="46" number="53">.</token>
<token t_id="1375" sentence="47" number="0">Manning</token>
<token t_id="1376" sentence="47" number="1">and</token>
<token t_id="1377" sentence="47" number="2">the</token>
<token t_id="1378" sentence="47" number="3">Broncos</token>
<token t_id="1379" sentence="47" number="4">have</token>
<token t_id="1380" sentence="47" number="5">a</token>
<token t_id="1381" sentence="47" number="6">legitimate</token>
<token t_id="1382" sentence="47" number="7">shot</token>
<token t_id="1383" sentence="47" number="8">at</token>
<token t_id="1384" sentence="47" number="9">getting</token>
<token t_id="1385" sentence="47" number="10">the</token>
<token t_id="1386" sentence="47" number="11">#1</token>
<token t_id="1387" sentence="47" number="12">seed</token>
<token t_id="1388" sentence="47" number="13">in</token>
<token t_id="1389" sentence="47" number="14">the</token>
<token t_id="1390" sentence="47" number="15">AFC</token>
<token t_id="1391" sentence="47" number="16">for</token>
<token t_id="1392" sentence="47" number="17">the</token>
<token t_id="1393" sentence="47" number="18">playoffs</token>
<token t_id="1394" sentence="47" number="19">,</token>
<token t_id="1395" sentence="47" number="20">so</token>
<token t_id="1396" sentence="47" number="21">they</token>
<token t_id="1397" sentence="47" number="22">won't</token>
<token t_id="1398" sentence="47" number="23">be</token>
<token t_id="1399" sentence="47" number="24">resting</token>
<token t_id="1400" sentence="47" number="25">anyone</token>
<token t_id="1401" sentence="47" number="26">for</token>
<token t_id="1402" sentence="47" number="27">the</token>
<token t_id="1403" sentence="47" number="28">last</token>
<token t_id="1404" sentence="47" number="29">game</token>
<token t_id="1405" sentence="47" number="30">.</token>
<token t_id="1406" sentence="48" number="0">Well</token>
<token t_id="1407" sentence="48" number="1">,</token>
<token t_id="1408" sentence="48" number="2">at</token>
<token t_id="1409" sentence="48" number="3">least</token>
<token t_id="1410" sentence="48" number="4">not</token>
<token t_id="1411" sentence="48" number="5">until</token>
<token t_id="1412" sentence="48" number="6">Denver</token>
<token t_id="1413" sentence="48" number="7">is</token>
<token t_id="1414" sentence="48" number="8">up</token>
<token t_id="1415" sentence="48" number="9">by</token>
<token t_id="1416" sentence="48" number="10">four</token>
<token t_id="1417" sentence="48" number="11">touchdowns</token>
<token t_id="1418" sentence="48" number="12">,</token>
<token t_id="1419" sentence="48" number="13">which</token>
<token t_id="1420" sentence="48" number="14">may</token>
<token t_id="1421" sentence="48" number="15">be</token>
<token t_id="1422" sentence="48" number="16">halftime</token>
<token t_id="1423" sentence="48" number="17">.</token>
<Markables>
<ACTION_ASPECTUAL m_id="47"  >
  <token_anchor t_id="94"/>
</ACTION_ASPECTUAL>
<ACTION_OCCURRENCE m_id="15"  >
  <token_anchor t_id="35"/>
</ACTION_OCCURRENCE>
<ACTION_OCCURRENCE m_id="16"  >
  <token_anchor t_id="46"/>
</ACTION_OCCURRENCE>
<ACTION_OCCURRENCE m_id="48"  >
  <token_anchor t_id="968"/>
</ACTION_OCCURRENCE>
<ACTION_OCCURRENCE m_id="17"  >
  <token_anchor t_id="59"/>
</ACTION_OCCURRENCE>
<ACTION_OCCURRENCE m_id="49"  >
  <token_anchor t_id="999"/>
</ACTION_OCCURRENCE>
<ACTION_OCCURRENCE m_id="18"  >
  <token_anchor t_id="68"/>
</ACTION_OCCURRENCE>
<ACTION_OCCURRENCE m_id="50"  >
  <token_anchor t_id="1004"/>
  <token_anchor t_id="1005"/>
  <token_anchor t_id="1006"/>
  <token_anchor t_id="1007"/>
</ACTION_OCCURRENCE>
<ACTION_OCCURRENCE m_id="19"  >
  <token_anchor t_id="72"/>
</ACTION_OCCURRENCE>
<ACTION_OCCURRENCE m_id="51"  >
  <token_anchor t_id="1009"/>
</ACTION_OCCURRENCE>
<ACTION_OCCURRENCE m_id="20"  >
  <token_anchor t_id="79"/>
</ACTION_OCCURRENCE>
<ACTION_OCCURRENCE m_id="52"  >
  <token_anchor t_id="1015"/>
  <token_anchor t_id="1016"/>
</ACTION_OCCURRENCE>
<ACTION_OCCURRENCE m_id="21"  >
  <token_anchor t_id="83"/>
</ACTION_OCCURRENCE>
<ACTION_OCCURRENCE m_id="53"  >
  <token_anchor t_id="1021"/>
  <token_anchor t_id="1024"/>
</ACTION_OCCURRENCE>
<ACTION_OCCURRENCE m_id="22"  >
  <token_anchor t_id="96"/>
</ACTION_OCCURRENCE>
<ACTION_OCCURRENCE m_id="23"  >
  <token_anchor t_id="108"/>
</ACTION_OCCURRENCE>
<ACTION_OCCURRENCE m_id="24"  >
  <token_anchor t_id="336"/>
</ACTION_OCCURRENCE>
<ACTION_OCCURRENCE m_id="25"  >
  <token_anchor t_id="337"/>
  <token_anchor t_id="338"/>
</ACTION_OCCURRENCE>
<ACTION_OCCURRENCE m_id="26"  >
  <token_anchor t_id="346"/>
</ACTION_OCCURRENCE>
<ACTION_OCCURRENCE m_id="27"  >
  <token_anchor t_id="340"/>
  <token_anchor t_id="341"/>
  <token_anchor t_id="342"/>
</ACTION_OCCURRENCE>
<ACTION_OCCURRENCE m_id="28"  >
  <token_anchor t_id="184"/>
</ACTION_OCCURRENCE>
<ACTION_OCCURRENCE m_id="29"  >
  <token_anchor t_id="186"/>
</ACTION_OCCURRENCE>
<ACTION_OCCURRENCE m_id="30"  >
  <token_anchor t_id="189"/>
  <token_anchor t_id="190"/>
  <token_anchor t_id="191"/>
  <token_anchor t_id="192"/>
</ACTION_OCCURRENCE>
<ACTION_OCCURRENCE m_id="66"  >
  <token_anchor t_id="125"/>
</ACTION_OCCURRENCE>
<ACTION_OCCURRENCE m_id="31"  >
  <token_anchor t_id="114"/>
</ACTION_OCCURRENCE>
<ACTION_OCCURRENCE m_id="32"  >
  <token_anchor t_id="115"/>
</ACTION_OCCURRENCE>
<ACTION_OCCURRENCE m_id="33"  >
  <token_anchor t_id="122"/>
  <token_anchor t_id="123"/>
</ACTION_OCCURRENCE>
<ACTION_OCCURRENCE m_id="34"  >
  <token_anchor t_id="131"/>
</ACTION_OCCURRENCE>
<ACTION_OCCURRENCE m_id="35"  >
  <token_anchor t_id="134"/>
</ACTION_OCCURRENCE>
<ACTION_OCCURRENCE m_id="36"  >
  <token_anchor t_id="145"/>
  <token_anchor t_id="146"/>
  <token_anchor t_id="147"/>
  <token_anchor t_id="148"/>
</ACTION_OCCURRENCE>
<ACTION_OCCURRENCE m_id="37"  >
  <token_anchor t_id="99"/>
  <token_anchor t_id="100"/>
</ACTION_OCCURRENCE>
<ACTION_OCCURRENCE m_id="38"  >
  <token_anchor t_id="103"/>
  <token_anchor t_id="104"/>
  <token_anchor t_id="105"/>
</ACTION_OCCURRENCE>
<ACTION_PERCEPTION m_id="61"  >
  <token_anchor t_id="981"/>
</ACTION_PERCEPTION>
<ACTION_STATE m_id="58"  >
  <token_anchor t_id="972"/>
  <token_anchor t_id="973"/>
</ACTION_STATE>
<ACTION_STATE m_id="59"  >
  <token_anchor t_id="983"/>
</ACTION_STATE>
<HUMAN_PART_ORG m_id="9"  >
  <token_anchor t_id="349"/>
</HUMAN_PART_ORG>
<HUMAN_PART_ORG m_id="44"  >
  <token_anchor t_id="137"/>
</HUMAN_PART_ORG>
<HUMAN_PART_ORG m_id="14"  >
  <token_anchor t_id="182"/>
  <token_anchor t_id="183"/>
</HUMAN_PART_ORG>
<HUMAN_PART_ORG m_id="56"  >
  <token_anchor t_id="1023"/>
</HUMAN_PART_ORG>
<HUMAN_PART_ORG m_id="57"  >
  <token_anchor t_id="1001"/>
</HUMAN_PART_ORG>
<HUMAN_PART_ORG m_id="1"  >
  <token_anchor t_id="34"/>
</HUMAN_PART_ORG>
<HUMAN_PART_ORG m_id="2"  >
  <token_anchor t_id="40"/>
</HUMAN_PART_ORG>
<HUMAN_PART_ORG m_id="3"  >
  <token_anchor t_id="56"/>
  <token_anchor t_id="57"/>
  <token_anchor t_id="58"/>
</HUMAN_PART_ORG>
<HUMAN_PART_ORG m_id="4"  >
  <token_anchor t_id="82"/>
</HUMAN_PART_ORG>
<HUMAN_PART_ORG m_id="5"  >
  <token_anchor t_id="86"/>
  <token_anchor t_id="87"/>
</HUMAN_PART_ORG>
<HUMAN_PART_ORG m_id="6"  >
  <token_anchor t_id="110"/>
</HUMAN_PART_ORG>
<HUMAN_PART_ORG m_id="7"  >
  <token_anchor t_id="112"/>
</HUMAN_PART_ORG>
<HUMAN_PART_ORG m_id="8"  >
  <token_anchor t_id="121"/>
</HUMAN_PART_ORG>
<HUMAN_PART_PER m_id="10"  >
  <token_anchor t_id="976"/>
  <token_anchor t_id="977"/>
</HUMAN_PART_PER>
<HUMAN_PART_PER m_id="11"  >
  <token_anchor t_id="980"/>
</HUMAN_PART_PER>
<HUMAN_PART_PER m_id="12"  >
  <token_anchor t_id="966"/>
</HUMAN_PART_PER>
<HUMAN_PART_PER m_id="13"  >
  <token_anchor t_id="334"/>
  <token_anchor t_id="335"/>
</HUMAN_PART_PER>
<HUMAN_PART_PER m_id="46"  >
  <token_anchor t_id="71"/>
</HUMAN_PART_PER>
<HUMAN_PART_PER m_id="54"  >
  <token_anchor t_id="997"/>
</HUMAN_PART_PER>
<HUMAN_PART_PER m_id="55"  >
  <token_anchor t_id="1018"/>
  <token_anchor t_id="1019"/>
</HUMAN_PART_PER>
<HUMAN_PART_PER m_id="39"  >
  <token_anchor t_id="42"/>
</HUMAN_PART_PER>
<NON_HUMAN_PART m_id="67"  >
  <token_anchor t_id="126"/>
</NON_HUMAN_PART>
<TIME_DATE m_id="41"  >
  <token_anchor t_id="47"/>
  <token_anchor t_id="48"/>
  <token_anchor t_id="49"/>
  <token_anchor t_id="50"/>
</TIME_DATE>
<TIME_DATE m_id="43"  >
  <token_anchor t_id="138"/>
  <token_anchor t_id="139"/>
</TIME_DATE>
<TIME_DATE m_id="45"  >
  <token_anchor t_id="128"/>
  <token_anchor t_id="129"/>
  <token_anchor t_id="130"/>
</TIME_DATE>
<TIME_DURATION m_id="42"  >
  <token_anchor t_id="74"/>
  <token_anchor t_id="75"/>
  <token_anchor t_id="76"/>
</TIME_DURATION>
<TIME_DURATION m_id="60"  >
  <token_anchor t_id="969"/>
  <token_anchor t_id="970"/>
  <token_anchor t_id="971"/>
</TIME_DURATION>


<NON_HUMAN_PART m_id="68" note="byCROMER" >
  <token_anchor t_id="89"/>
  <token_anchor t_id="90"/>
  <token_anchor t_id="91"/>
</NON_HUMAN_PART>
<NON_HUMAN_PART m_id="69" note="byCROMER" >
  <token_anchor t_id="65"/>
</NON_HUMAN_PART>
<NON_HUMAN_PART m_id="70" note="byCROMER" >
  <token_anchor t_id="44"/>
  <token_anchor t_id="45"/>
</NON_HUMAN_PART>
<TIME_OF_THE_DAY m_id="71" note="byCROMER" >
  <token_anchor t_id="54"/>
</TIME_OF_THE_DAY>
<NON_HUMAN_PART m_id="72" note="byCROMER" >
  <token_anchor t_id="36"/>
  <token_anchor t_id="37"/>
  <token_anchor t_id="38"/>
</NON_HUMAN_PART>
<TIME_OF_THE_DAY m_id="73" note="byCROMER" >
  <token_anchor t_id="51"/>
  <token_anchor t_id="52"/>
  <token_anchor t_id="53"/>
</TIME_OF_THE_DAY>


<ACTION_OCCURRENCE m_id="83" RELATED_TO="" TAG_DESCRIPTOR="t29_colts_victory" instance_id="ACT16976684395747580" />
<HUMAN_PART_ORG m_id="82" RELATED_TO="" TAG_DESCRIPTOR="t29_colts" instance_id="HUM18524150423965861" />
<ACTION_OCCURRENCE m_id="81" RELATED_TO="" TAG_DESCRIPTOR="t29_game" instance_id="ACT16977099887799938" />
<ACTION_OCCURRENCE m_id="79" RELATED_TO="" TAG_DESCRIPTOR="t29_226yard_rushing" instance_id="ACT28594864890101940" />
<NON_HUMAN_PART m_id="80" RELATED_TO="" TAG_DESCRIPTOR="t29_playoff_berth" instance_id="NON16976915577800368" />
<HUMAN_PART_PER m_id="78" RELATED_TO="" TAG_DESCRIPTOR="t29_luck" instance_id="HUM16976884072437799" />
<HUMAN_PART_ORG m_id="77" RELATED_TO="" TAG_DESCRIPTOR="t29_chiefs" instance_id="HUM18263750557257525" />
<TIME_OF_THE_DAY m_id="76" RELATED_TO="" TAG_DESCRIPTOR="t29_friday_afternoon" instance_id="TIM28601414770446778" />
<NON_HUMAN_PART m_id="75" RELATED_TO="" TAG_DESCRIPTOR="t29_226yards" instance_id="NON28594904184812905" />
<NON_HUMAN_PART m_id="74" RELATED_TO="" TAG_DESCRIPTOR="t29_20_13" instance_id="NON28597088168559097" />
</Markables>

<Relations>
<CROSS_DOC_COREF r_id="37692" note="NON28597088168559097" >
  <source m_id="68" />
  <source m_id="72" />
  <target m_id="74" />
</CROSS_DOC_COREF>
<CROSS_DOC_COREF r_id="37693" note="NON28594904184812905" >
  <source m_id="69" />
  <source m_id="70" />
  <target m_id="75" />
</CROSS_DOC_COREF>
<CROSS_DOC_COREF r_id="37694" note="TIM28601414770446778" >
  <source m_id="71" />
  <source m_id="73" />
  <target m_id="76" />
</CROSS_DOC_COREF>
<CROSS_DOC_COREF r_id="37695" note="HUM18263750557257525" >
  <source m_id="6" />
  <source m_id="3" />
  <source m_id="1" />
  <source m_id="4" />
  <target m_id="77" />
</CROSS_DOC_COREF>
<CROSS_DOC_COREF r_id="37696" note="HUM16976884072437799" >
  <source m_id="12" />
  <source m_id="54" />
  <target m_id="78" />
</CROSS_DOC_COREF>
<CROSS_DOC_COREF r_id="37697" note="ACT28594864890101940" >
  <source m_id="17" />
  <source m_id="16" />
  <target m_id="79" />
</CROSS_DOC_COREF>
<CROSS_DOC_COREF r_id="37698" note="NON16976915577800368" >
  <source m_id="67" />
  <target m_id="80" />
</CROSS_DOC_COREF>
<CROSS_DOC_COREF r_id="37699" note="ACT16977099887799938" >
  <source m_id="20" />
  <target m_id="81" />
</CROSS_DOC_COREF>
<CROSS_DOC_COREF r_id="37700" note="HUM18524150423965861" >
  <source m_id="7" />
  <source m_id="8" />
  <source m_id="5" />
  <source m_id="2" />
  <target m_id="82" />
</CROSS_DOC_COREF>
<CROSS_DOC_COREF r_id="37701" note="ACT16976684395747580" >
  <source m_id="15" />
  <source m_id="23" />
  <source m_id="21" />
  <target m_id="83" />
</CROSS_DOC_COREF>

</Relations>
</Document>
