<Document doc_name="29_1ecb.xml" doc_id="DOC15654997715682567">
<token t_id="1" sentence="0" number="0">Peyton</token>
<token t_id="2" sentence="0" number="1">Manning</token>
<token t_id="3" sentence="0" number="2">was</token>
<token t_id="4" sentence="0" number="3">nearly</token>
<token t_id="5" sentence="0" number="4">perfect</token>
<token t_id="6" sentence="0" number="5">,</token>
<token t_id="7" sentence="0" number="6">which</token>
<token t_id="8" sentence="0" number="7">was</token>
<token t_id="9" sentence="0" number="8">exactly</token>
<token t_id="10" sentence="0" number="9">what</token>
<token t_id="11" sentence="0" number="10">the</token>
<token t_id="12" sentence="0" number="11">Indianapolis</token>
<token t_id="13" sentence="0" number="12">Colts</token>
<token t_id="14" sentence="0" number="13">needed</token>
<token t_id="15" sentence="0" number="14">Thursday</token>
<token t_id="16" sentence="0" number="15">night</token>
<token t_id="17" sentence="0" number="16">to</token>
<token t_id="18" sentence="0" number="17">overcome</token>
<token t_id="19" sentence="0" number="18">the</token>
<token t_id="20" sentence="0" number="19">emotion</token>
<token t_id="21" sentence="0" number="20">the</token>
<token t_id="22" sentence="0" number="21">Jacksonville</token>
<token t_id="23" sentence="0" number="22">Jaguars</token>
<token t_id="24" sentence="0" number="23">showed</token>
<token t_id="25" sentence="0" number="24">with</token>
<token t_id="26" sentence="0" number="25">Richard</token>
<token t_id="27" sentence="0" number="26">Collier</token>
<token t_id="28" sentence="0" number="27">'s</token>
<token t_id="29" sentence="0" number="28">return</token>
<token t_id="30" sentence="0" number="29">.</token>
<token t_id="31" sentence="1" number="0">Analysis</token>
<token t_id="32" sentence="1" number="1">and</token>
<token t_id="33" sentence="1" number="2">discussion</token>
<token t_id="34" sentence="1" number="3">of</token>
<token t_id="35" sentence="1" number="4">the</token>
<token t_id="36" sentence="1" number="5">N.F.L.</token>
<token t_id="37" sentence="1" number="6">on</token>
<token t_id="38" sentence="1" number="7">the</token>
<token t_id="39" sentence="1" number="8">New</token>
<token t_id="40" sentence="1" number="9">York</token>
<token t_id="41" sentence="1" number="10">Times</token>
<token t_id="42" sentence="1" number="11">pro</token>
<token t_id="43" sentence="1" number="12">football</token>
<token t_id="44" sentence="1" number="13">blog</token>
<token t_id="45" sentence="1" number="14">.</token>
<token t_id="46" sentence="2" number="0">Manning</token>
<token t_id="47" sentence="2" number="1">threw</token>
<token t_id="48" sentence="2" number="2">for</token>
<token t_id="49" sentence="2" number="3">364</token>
<token t_id="50" sentence="2" number="4">yards</token>
<token t_id="51" sentence="2" number="5">and</token>
<token t_id="52" sentence="2" number="6">three</token>
<token t_id="53" sentence="2" number="7">touchdowns</token>
<token t_id="54" sentence="2" number="8">,</token>
<token t_id="55" sentence="2" number="9">helping</token>
<token t_id="56" sentence="2" number="10">the</token>
<token t_id="57" sentence="2" number="11">Colts</token>
<token t_id="58" sentence="2" number="12">secure</token>
<token t_id="59" sentence="2" number="13">the</token>
<token t_id="60" sentence="2" number="14">No.</token>
<token t_id="61" sentence="2" number="15">5</token>
<token t_id="62" sentence="2" number="16">seed</token>
<token t_id="63" sentence="2" number="17">in</token>
<token t_id="64" sentence="2" number="18">the</token>
<token t_id="65" sentence="2" number="19">American</token>
<token t_id="66" sentence="2" number="20">Football</token>
<token t_id="67" sentence="2" number="21">Conference</token>
<token t_id="68" sentence="2" number="22">playoffs</token>
<token t_id="69" sentence="2" number="23">with</token>
<token t_id="70" sentence="2" number="24">a</token>
<token t_id="71" sentence="2" number="25">31-24</token>
<token t_id="72" sentence="2" number="26">victory</token>
<token t_id="73" sentence="2" number="27">over</token>
<token t_id="74" sentence="2" number="28">the</token>
<token t_id="75" sentence="2" number="29">Jaguars</token>
<token t_id="76" sentence="2" number="30">in</token>
<token t_id="77" sentence="2" number="31">Jacksonville</token>
<token t_id="78" sentence="2" number="32">,</token>
<token t_id="79" sentence="2" number="33">Fla</token>
<token t_id="80" sentence="2" number="34">.</token>
<token t_id="81" sentence="3" number="0">Collier</token>
<token t_id="82" sentence="3" number="1">,</token>
<token t_id="83" sentence="3" number="2">a</token>
<token t_id="84" sentence="3" number="3">Jaguars</token>
<token t_id="85" sentence="3" number="4">tackle</token>
<token t_id="86" sentence="3" number="5">,</token>
<token t_id="87" sentence="3" number="6">was</token>
<token t_id="88" sentence="3" number="7">paralyzed</token>
<token t_id="89" sentence="3" number="8">below</token>
<token t_id="90" sentence="3" number="9">the</token>
<token t_id="91" sentence="3" number="10">waist</token>
<token t_id="92" sentence="3" number="11">after</token>
<token t_id="93" sentence="3" number="12">he</token>
<token t_id="94" sentence="3" number="13">was</token>
<token t_id="95" sentence="3" number="14">shot</token>
<token t_id="96" sentence="3" number="15">in</token>
<token t_id="97" sentence="3" number="16">early</token>
<token t_id="98" sentence="3" number="17">September</token>
<token t_id="99" sentence="3" number="18">.</token>
<token t_id="100" sentence="4" number="0">Manning</token>
<token t_id="101" sentence="4" number="1">completed</token>
<token t_id="102" sentence="4" number="2">his</token>
<token t_id="103" sentence="4" number="3">first</token>
<token t_id="104" sentence="4" number="4">17</token>
<token t_id="105" sentence="4" number="5">passes</token>
<token t_id="106" sentence="4" number="6">in</token>
<token t_id="107" sentence="4" number="7">leading</token>
<token t_id="108" sentence="4" number="8">the</token>
<token t_id="109" sentence="4" number="9">Colts</token>
<token t_id="110" sentence="4" number="10">to</token>
<token t_id="111" sentence="4" number="11">their</token>
<token t_id="112" sentence="4" number="12">eighth</token>
<token t_id="113" sentence="4" number="13">consecutive</token>
<token t_id="114" sentence="4" number="14">victory</token>
<token t_id="115" sentence="4" number="15">and</token>
<token t_id="116" sentence="4" number="16">seventh</token>
<token t_id="117" sentence="4" number="17">straight</token>
<token t_id="118" sentence="4" number="18">playoff</token>
<token t_id="119" sentence="4" number="19">berth</token>
<token t_id="120" sentence="4" number="20">.</token>
<token t_id="121" sentence="5" number="0">Indianapolis</token>
<token t_id="122" sentence="5" number="1">(</token>
<token t_id="123" sentence="5" number="2">11-4</token>
<token t_id="124" sentence="5" number="3">)</token>
<token t_id="125" sentence="5" number="4">took</token>
<token t_id="126" sentence="5" number="5">its</token>
<token t_id="127" sentence="5" number="6">first</token>
<token t_id="128" sentence="5" number="7">lead</token>
<token t_id="129" sentence="5" number="8">of</token>
<token t_id="130" sentence="5" number="9">the</token>
<token t_id="131" sentence="5" number="10">game</token>
<token t_id="132" sentence="5" number="11">when</token>
<token t_id="133" sentence="5" number="12">Keiwan</token>
<token t_id="134" sentence="5" number="13">Ratliff</token>
<token t_id="135" sentence="5" number="14">intercepted</token>
<token t_id="136" sentence="5" number="15">a</token>
<token t_id="137" sentence="5" number="16">pass</token>
<token t_id="138" sentence="5" number="17">from</token>
<token t_id="139" sentence="5" number="18">David</token>
<token t_id="140" sentence="5" number="19">Garrard</token>
<token t_id="141" sentence="5" number="20">and</token>
<token t_id="142" sentence="5" number="21">returned</token>
<token t_id="143" sentence="5" number="22">it</token>
<token t_id="144" sentence="5" number="23">35</token>
<token t_id="145" sentence="5" number="24">yards</token>
<token t_id="146" sentence="5" number="25">for</token>
<token t_id="147" sentence="5" number="26">a</token>
<token t_id="148" sentence="5" number="27">touchdown</token>
<token t_id="149" sentence="5" number="28">and</token>
<token t_id="150" sentence="5" number="29">a</token>
<token t_id="151" sentence="5" number="30">31-24</token>
<token t_id="152" sentence="5" number="31">lead</token>
<token t_id="153" sentence="5" number="32">with</token>
<token t_id="154" sentence="5" number="33">4</token>
<token t_id="155" sentence="5" number="34">minutes</token>
<token t_id="156" sentence="5" number="35">48</token>
<token t_id="157" sentence="5" number="36">seconds</token>
<token t_id="158" sentence="5" number="37">remaining</token>
<token t_id="159" sentence="5" number="38">.</token>
<token t_id="160" sentence="6" number="0">The</token>
<token t_id="161" sentence="6" number="1">Jaguars</token>
<token t_id="162" sentence="6" number="2">had</token>
<token t_id="163" sentence="6" number="3">two</token>
<token t_id="164" sentence="6" number="4">chances</token>
<token t_id="165" sentence="6" number="5">to</token>
<token t_id="166" sentence="6" number="6">tie</token>
<token t_id="167" sentence="6" number="7">the</token>
<token t_id="168" sentence="6" number="8">score</token>
<token t_id="169" sentence="6" number="9">,</token>
<token t_id="170" sentence="6" number="10">but</token>
<token t_id="171" sentence="6" number="11">both</token>
<token t_id="172" sentence="6" number="12">drives</token>
<token t_id="173" sentence="6" number="13">ended</token>
<token t_id="174" sentence="6" number="14">with</token>
<token t_id="175" sentence="6" number="15">sacks</token>
<token t_id="176" sentence="6" number="16">.</token>
<token t_id="177" sentence="7" number="0">Garrard</token>
<token t_id="178" sentence="7" number="1">drove</token>
<token t_id="179" sentence="7" number="2">Jacksonville</token>
<token t_id="180" sentence="7" number="3">to</token>
<token t_id="181" sentence="7" number="4">the</token>
<token t_id="182" sentence="7" number="5">7-yard</token>
<token t_id="183" sentence="7" number="6">line</token>
<token t_id="184" sentence="7" number="7">with</token>
<token t_id="185" sentence="7" number="8">29</token>
<token t_id="186" sentence="7" number="9">seconds</token>
<token t_id="187" sentence="7" number="10">remaining</token>
<token t_id="188" sentence="7" number="11">,</token>
<token t_id="189" sentence="7" number="12">but</token>
<token t_id="190" sentence="7" number="13">Maurice</token>
<token t_id="191" sentence="7" number="14">Jones-Drew</token>
<token t_id="192" sentence="7" number="15">sprained</token>
<token t_id="193" sentence="7" number="16">his</token>
<token t_id="194" sentence="7" number="17">knee</token>
<token t_id="195" sentence="7" number="18">on</token>
<token t_id="196" sentence="7" number="19">a</token>
<token t_id="197" sentence="7" number="20">reception</token>
<token t_id="198" sentence="7" number="21">,</token>
<token t_id="199" sentence="7" number="22">and</token>
<token t_id="200" sentence="7" number="23">since</token>
<token t_id="201" sentence="7" number="24">the</token>
<token t_id="202" sentence="7" number="25">Jaguars</token>
<token t_id="203" sentence="7" number="26">had</token>
<token t_id="204" sentence="7" number="27">no</token>
<token t_id="205" sentence="7" number="28">timeouts</token>
<token t_id="206" sentence="7" number="29">,</token>
<token t_id="207" sentence="7" number="30">10</token>
<token t_id="208" sentence="7" number="31">seconds</token>
<token t_id="209" sentence="7" number="32">ran</token>
<token t_id="210" sentence="7" number="33">off</token>
<token t_id="211" sentence="7" number="34">.</token>
<token t_id="212" sentence="8" number="0">Garrard</token>
<token t_id="213" sentence="8" number="1">misfired</token>
<token t_id="214" sentence="8" number="2">on</token>
<token t_id="215" sentence="8" number="3">first</token>
<token t_id="216" sentence="8" number="4">down</token>
<token t_id="217" sentence="8" number="5">,</token>
<token t_id="218" sentence="8" number="6">then</token>
<token t_id="219" sentence="8" number="7">got</token>
<token t_id="220" sentence="8" number="8">sacked</token>
<token t_id="221" sentence="8" number="9">by</token>
<token t_id="222" sentence="8" number="10">Dwight</token>
<token t_id="223" sentence="8" number="11">Freeney</token>
<token t_id="224" sentence="8" number="12">to</token>
<token t_id="225" sentence="8" number="13">end</token>
<token t_id="226" sentence="8" number="14">the</token>
<token t_id="227" sentence="8" number="15">game</token>
<token t_id="228" sentence="8" number="16">.</token>
<token t_id="229" sentence="9" number="0">The</token>
<token t_id="230" sentence="9" number="1">Colts</token>
<token t_id="231" sentence="9" number="2">overcame</token>
<token t_id="232" sentence="9" number="3">a</token>
<token t_id="233" sentence="9" number="4">14-0</token>
<token t_id="234" sentence="9" number="5">deficit</token>
<token t_id="235" sentence="9" number="6">in</token>
<token t_id="236" sentence="9" number="7">the</token>
<token t_id="237" sentence="9" number="8">second</token>
<token t_id="238" sentence="9" number="9">quarter</token>
<token t_id="239" sentence="9" number="10">and</token>
<token t_id="240" sentence="9" number="11">a</token>
<token t_id="241" sentence="9" number="12">24-14</token>
<token t_id="242" sentence="9" number="13">deficit</token>
<token t_id="243" sentence="9" number="14">early</token>
<token t_id="244" sentence="9" number="15">in</token>
<token t_id="245" sentence="9" number="16">the</token>
<token t_id="246" sentence="9" number="17">fourth</token>
<token t_id="247" sentence="9" number="18">.</token>
<token t_id="248" sentence="10" number="0">They</token>
<token t_id="249" sentence="10" number="1">won</token>
<token t_id="250" sentence="10" number="2">without</token>
<token t_id="251" sentence="10" number="3">receiver</token>
<token t_id="252" sentence="10" number="4">Marvin</token>
<token t_id="253" sentence="10" number="5">Harrison</token>
<token t_id="254" sentence="10" number="6">(</token>
<token t_id="255" sentence="10" number="7">hamstring</token>
<token t_id="256" sentence="10" number="8">)</token>
<token t_id="257" sentence="10" number="9">,</token>
<token t_id="258" sentence="10" number="10">running</token>
<token t_id="259" sentence="10" number="11">back</token>
<token t_id="260" sentence="10" number="12">Joseph</token>
<token t_id="261" sentence="10" number="13">Addai</token>
<token t_id="262" sentence="10" number="14">(</token>
<token t_id="263" sentence="10" number="15">shoulder</token>
<token t_id="264" sentence="10" number="16">)</token>
<token t_id="265" sentence="10" number="17">and</token>
<token t_id="266" sentence="10" number="18">linebacker</token>
<token t_id="267" sentence="10" number="19">Gary</token>
<token t_id="268" sentence="10" number="20">Brackett</token>
<token t_id="269" sentence="10" number="21">(</token>
<token t_id="270" sentence="10" number="22">leg</token>
<token t_id="271" sentence="10" number="23">)</token>
<token t_id="272" sentence="10" number="24">.</token>
<token t_id="273" sentence="11" number="0">TWO</token>
<token t_id="274" sentence="11" number="1">MORE</token>
<token t_id="275" sentence="11" number="2">RAMS</token>
<token t_id="276" sentence="11" number="3">OUT</token>
<token t_id="277" sentence="11" number="4">St.</token>
<token t_id="278" sentence="11" number="5">Louis</token>
<token t_id="279" sentence="11" number="6">lost</token>
<token t_id="280" sentence="11" number="7">two</token>
<token t_id="281" sentence="11" number="8">more</token>
<token t_id="282" sentence="11" number="9">players</token>
<token t_id="283" sentence="11" number="10">for</token>
<token t_id="284" sentence="11" number="11">the</token>
<token t_id="285" sentence="11" number="12">rest</token>
<token t_id="286" sentence="11" number="13">of</token>
<token t_id="287" sentence="11" number="14">the</token>
<token t_id="288" sentence="11" number="15">season</token>
<token t_id="289" sentence="11" number="16">,</token>
<token t_id="290" sentence="11" number="17">placing</token>
<token t_id="291" sentence="11" number="18">wide</token>
<token t_id="292" sentence="11" number="19">receiver</token>
<token t_id="293" sentence="11" number="20">and</token>
<token t_id="294" sentence="11" number="21">kick</token>
<token t_id="295" sentence="11" number="22">returner</token>
<token t_id="296" sentence="11" number="23">Derek</token>
<token t_id="297" sentence="11" number="24">Stanley</token>
<token t_id="298" sentence="11" number="25">and</token>
<token t_id="299" sentence="11" number="26">linebacker</token>
<token t_id="300" sentence="11" number="27">Gary</token>
<token t_id="301" sentence="11" number="28">Stills</token>
<token t_id="302" sentence="11" number="29">on</token>
<token t_id="303" sentence="11" number="30">injured</token>
<token t_id="304" sentence="11" number="31">reserve</token>
<token t_id="305" sentence="11" number="32">.</token>
<token t_id="306" sentence="12" number="0">The</token>
<token t_id="307" sentence="12" number="1">moves</token>
<token t_id="308" sentence="12" number="2">brought</token>
<token t_id="309" sentence="12" number="3">to</token>
<token t_id="310" sentence="12" number="4">12</token>
<token t_id="311" sentence="12" number="5">the</token>
<token t_id="312" sentence="12" number="6">number</token>
<token t_id="313" sentence="12" number="7">of</token>
<token t_id="314" sentence="12" number="8">Rams</token>
<token t_id="315" sentence="12" number="9">players</token>
<token t_id="316" sentence="12" number="10">on</token>
<token t_id="317" sentence="12" number="11">injured</token>
<token t_id="318" sentence="12" number="12">reserve</token>
<token t_id="319" sentence="13" number="0">Stanley</token>
<token t_id="320" sentence="13" number="1">tore</token>
<token t_id="321" sentence="13" number="2">the</token>
<token t_id="322" sentence="13" number="3">anterior</token>
<token t_id="323" sentence="13" number="4">cruciate</token>
<token t_id="324" sentence="13" number="5">ligament</token>
<token t_id="325" sentence="13" number="6">in</token>
<token t_id="326" sentence="13" number="7">his</token>
<token t_id="327" sentence="13" number="8">left</token>
<token t_id="328" sentence="13" number="9">knee</token>
<token t_id="329" sentence="13" number="10">in</token>
<token t_id="330" sentence="13" number="11">Sunday</token>
<token t_id="331" sentence="13" number="12">'s</token>
<token t_id="332" sentence="13" number="13">loss</token>
<token t_id="333" sentence="13" number="14">to</token>
<token t_id="334" sentence="13" number="15">Seattle</token>
<token t_id="335" sentence="13" number="16">and</token>
<token t_id="336" sentence="13" number="17">was</token>
<token t_id="337" sentence="13" number="18">expected</token>
<token t_id="338" sentence="13" number="19">to</token>
<token t_id="339" sentence="13" number="20">be</token>
<token t_id="340" sentence="13" number="21">out</token>
<token t_id="341" sentence="13" number="22">six</token>
<token t_id="342" sentence="13" number="23">to</token>
<token t_id="343" sentence="13" number="24">eight</token>
<token t_id="344" sentence="13" number="25">months</token>
<token t_id="345" sentence="13" number="26">after</token>
<token t_id="346" sentence="13" number="27">surgery</token>
<token t_id="347" sentence="13" number="28">.</token>
<token t_id="348" sentence="14" number="0">Stills</token>
<token t_id="349" sentence="14" number="1">had</token>
<token t_id="350" sentence="14" number="2">been</token>
<token t_id="351" sentence="14" number="3">playing</token>
<token t_id="352" sentence="14" number="4">with</token>
<token t_id="353" sentence="14" number="5">bone</token>
<token t_id="354" sentence="14" number="6">chips</token>
<token t_id="355" sentence="14" number="7">in</token>
<token t_id="356" sentence="14" number="8">his</token>
<token t_id="357" sentence="14" number="9">left</token>
<token t_id="358" sentence="14" number="10">knee</token>
<token t_id="359" sentence="14" number="11">and</token>
<token t_id="360" sentence="14" number="12">was</token>
<token t_id="361" sentence="14" number="13">scheduled</token>
<token t_id="362" sentence="14" number="14">to</token>
<token t_id="363" sentence="14" number="15">have</token>
<token t_id="364" sentence="14" number="16">surgery</token>
<token t_id="365" sentence="14" number="17">on</token>
<token t_id="366" sentence="14" number="18">Friday</token>
<token t_id="367" sentence="14" number="19">.</token>
<token t_id="368" sentence="15" number="0">Offensive</token>
<token t_id="369" sentence="15" number="1">tackle</token>
<token t_id="370" sentence="15" number="2">Jonathan</token>
<token t_id="371" sentence="15" number="3">Scott</token>
<token t_id="372" sentence="15" number="4">was</token>
<token t_id="373" sentence="15" number="5">signed</token>
<token t_id="374" sentence="15" number="6">by</token>
<token t_id="375" sentence="15" number="7">Buffalo</token>
<token t_id="376" sentence="15" number="8">to</token>
<token t_id="377" sentence="15" number="9">fill</token>
<token t_id="378" sentence="15" number="10">the</token>
<token t_id="379" sentence="15" number="11">roster</token>
<token t_id="380" sentence="15" number="12">spot</token>
<token t_id="381" sentence="15" number="13">left</token>
<token t_id="382" sentence="15" number="14">open</token>
<token t_id="383" sentence="15" number="15">after</token>
<token t_id="384" sentence="15" number="16">defensive</token>
<token t_id="385" sentence="15" number="17">end</token>
<token t_id="386" sentence="15" number="18">Aaron</token>
<token t_id="387" sentence="15" number="19">Schobel</token>
<token t_id="388" sentence="15" number="20">was</token>
<token t_id="389" sentence="15" number="21">placed</token>
<token t_id="390" sentence="15" number="22">on</token>
<token t_id="391" sentence="15" number="23">injured</token>
<token t_id="392" sentence="15" number="24">reserve</token>
<token t_id="393" sentence="15" number="25">last</token>
<token t_id="394" sentence="15" number="26">week</token>
<token t_id="395" sentence="15" number="27">.</token>
<token t_id="396" sentence="16" number="0">Scott</token>
<token t_id="397" sentence="16" number="1">had</token>
<token t_id="398" sentence="16" number="2">six</token>
<token t_id="399" sentence="16" number="3">starts</token>
<token t_id="400" sentence="16" number="4">in</token>
<token t_id="401" sentence="16" number="5">20</token>
<token t_id="402" sentence="16" number="6">appearances</token>
<token t_id="403" sentence="16" number="7">over</token>
<token t_id="404" sentence="16" number="8">two</token>
<token t_id="405" sentence="16" number="9">seasons</token>
<token t_id="406" sentence="16" number="10">with</token>
<token t_id="407" sentence="16" number="11">the</token>
<token t_id="408" sentence="16" number="12">Lions</token>
<token t_id="409" sentence="16" number="13">.</token>
<token t_id="410" sentence="17" number="0">Dallas</token>
<token t_id="411" sentence="17" number="1">Cowboys</token>
<token t_id="412" sentence="17" number="2">quarterback</token>
<token t_id="413" sentence="17" number="3">Tony</token>
<token t_id="414" sentence="17" number="4">Romo</token>
<token t_id="415" sentence="17" number="5">said</token>
<token t_id="416" sentence="17" number="6">he</token>
<token t_id="417" sentence="17" number="7">did</token>
<token t_id="418" sentence="17" number="8">not</token>
<token t_id="419" sentence="17" number="9">anticipate</token>
<token t_id="420" sentence="17" number="10">any</token>
<token t_id="421" sentence="17" number="11">problem</token>
<token t_id="422" sentence="17" number="12">being</token>
<token t_id="423" sentence="17" number="13">ready</token>
<token t_id="424" sentence="17" number="14">for</token>
<token t_id="425" sentence="17" number="15">the</token>
<token t_id="426" sentence="17" number="16">next</token>
<token t_id="427" sentence="17" number="17">game</token>
<token t_id="428" sentence="17" number="18">,</token>
<token t_id="429" sentence="17" number="19">even</token>
<token t_id="430" sentence="17" number="20">in</token>
<token t_id="431" sentence="17" number="21">a</token>
<token t_id="432" sentence="17" number="22">shortened</token>
<token t_id="433" sentence="17" number="23">week</token>
<token t_id="434" sentence="17" number="24">.</token>
<token t_id="435" sentence="18" number="0">Romo</token>
<token t_id="436" sentence="18" number="1">said</token>
<token t_id="437" sentence="18" number="2">he</token>
<token t_id="438" sentence="18" number="3">would</token>
<token t_id="439" sentence="18" number="4">be</token>
<token t_id="440" sentence="18" number="5">ready</token>
<token t_id="441" sentence="18" number="6">Saturday</token>
<token t_id="442" sentence="18" number="7">night</token>
<token t_id="443" sentence="18" number="8">when</token>
<token t_id="444" sentence="18" number="9">Dallas</token>
<token t_id="445" sentence="18" number="10">plays</token>
<token t_id="446" sentence="18" number="11">its</token>
<token t_id="447" sentence="18" number="12">Texas</token>
<token t_id="448" sentence="18" number="13">Stadium</token>
<token t_id="449" sentence="18" number="14">finale</token>
<token t_id="450" sentence="18" number="15">against</token>
<token t_id="451" sentence="18" number="16">the</token>
<token t_id="452" sentence="18" number="17">Baltimore</token>
<token t_id="453" sentence="18" number="18">Ravens</token>
<token t_id="454" sentence="18" number="19">.</token>
<token t_id="455" sentence="19" number="0">Running</token>
<token t_id="456" sentence="19" number="1">back</token>
<token t_id="457" sentence="19" number="2">Marion</token>
<token t_id="458" sentence="19" number="3">Barber</token>
<token t_id="459" sentence="19" number="4">did</token>
<token t_id="460" sentence="19" number="5">not</token>
<token t_id="461" sentence="19" number="6">practice</token>
<token t_id="462" sentence="19" number="7">Thursday</token>
<token t_id="463" sentence="19" number="8">and</token>
<token t_id="464" sentence="19" number="9">was</token>
<token t_id="465" sentence="19" number="10">considered</token>
<token t_id="466" sentence="19" number="11">a</token>
<token t_id="467" sentence="19" number="12">game-time</token>
<token t_id="468" sentence="19" number="13">decision</token>
<token t_id="469" sentence="19" number="14">,</token>
<token t_id="470" sentence="19" number="15">as</token>
<token t_id="471" sentence="19" number="16">he</token>
<token t_id="472" sentence="19" number="17">was</token>
<token t_id="473" sentence="19" number="18">a</token>
<token t_id="474" sentence="19" number="19">week</token>
<token t_id="475" sentence="19" number="20">ago</token>
<token t_id="476" sentence="19" number="21">when</token>
<token t_id="477" sentence="19" number="22">he</token>
<token t_id="478" sentence="19" number="23">had</token>
<token t_id="479" sentence="19" number="24">only</token>
<token t_id="480" sentence="19" number="25">2</token>
<token t_id="481" sentence="19" number="26">yards</token>
<token t_id="482" sentence="19" number="27">on</token>
<token t_id="483" sentence="19" number="28">8</token>
<token t_id="484" sentence="19" number="29">carries</token>
<token t_id="485" sentence="19" number="30">.</token>
<token t_id="486" sentence="20" number="0">Barber</token>
<token t_id="487" sentence="20" number="1">has</token>
<token t_id="488" sentence="20" number="2">been</token>
<token t_id="489" sentence="20" number="3">hampered</token>
<token t_id="490" sentence="20" number="4">by</token>
<token t_id="491" sentence="20" number="5">a</token>
<token t_id="492" sentence="20" number="6">broken</token>
<token t_id="493" sentence="20" number="7">pinkie</token>
<token t_id="494" sentence="20" number="8">toe</token>
<token t_id="495" sentence="20" number="9">that</token>
<token t_id="496" sentence="20" number="10">forced</token>
<token t_id="497" sentence="20" number="11">him</token>
<token t_id="498" sentence="20" number="12">to</token>
<token t_id="499" sentence="20" number="13">miss</token>
<token t_id="500" sentence="20" number="14">a</token>
<token t_id="501" sentence="20" number="15">game</token>
<token t_id="502" sentence="20" number="16">.</token>
<token t_id="503" sentence="21" number="0">Tarvaris</token>
<token t_id="504" sentence="21" number="1">Jackson</token>
<token t_id="505" sentence="21" number="2">has</token>
<token t_id="506" sentence="21" number="3">reclaimed</token>
<token t_id="507" sentence="21" number="4">his</token>
<token t_id="508" sentence="21" number="5">starting</token>
<token t_id="509" sentence="21" number="6">spot</token>
<token t_id="510" sentence="21" number="7">at</token>
<token t_id="511" sentence="21" number="8">quarterback</token>
<token t_id="512" sentence="21" number="9">for</token>
<token t_id="513" sentence="21" number="10">Minnesota</token>
<token t_id="514" sentence="21" number="11">.</token>
<token t_id="515" sentence="22" number="0">Coach</token>
<token t_id="516" sentence="22" number="1">Brad</token>
<token t_id="517" sentence="22" number="2">Childress</token>
<token t_id="518" sentence="22" number="3">said</token>
<token t_id="519" sentence="22" number="4">the</token>
<token t_id="520" sentence="22" number="5">decision</token>
<token t_id="521" sentence="22" number="6">has</token>
<token t_id="522" sentence="22" number="7">nothing</token>
<token t_id="523" sentence="22" number="8">to</token>
<token t_id="524" sentence="22" number="9">do</token>
<token t_id="525" sentence="22" number="10">with</token>
<token t_id="526" sentence="22" number="11">the</token>
<token t_id="527" sentence="22" number="12">health</token>
<token t_id="528" sentence="22" number="13">of</token>
<token t_id="529" sentence="22" number="14">Gus</token>
<token t_id="530" sentence="22" number="15">Frerotte</token>
<token t_id="531" sentence="22" number="16">and</token>
<token t_id="532" sentence="22" number="17">everything</token>
<token t_id="533" sentence="22" number="18">to</token>
<token t_id="534" sentence="22" number="19">do</token>
<token t_id="535" sentence="22" number="20">with</token>
<token t_id="536" sentence="22" number="21">the</token>
<token t_id="537" sentence="22" number="22">way</token>
<token t_id="538" sentence="22" number="23">Jackson</token>
<token t_id="539" sentence="22" number="24">has</token>
<token t_id="540" sentence="22" number="25">played</token>
<token t_id="541" sentence="22" number="26">the</token>
<token t_id="542" sentence="22" number="27">last</token>
<token t_id="543" sentence="22" number="28">two</token>
<token t_id="544" sentence="22" number="29">weeks</token>
<token t_id="545" sentence="22" number="30">.</token>
<token t_id="546" sentence="23" number="0">Jackson</token>
<token t_id="547" sentence="23" number="1">,</token>
<token t_id="548" sentence="23" number="2">who</token>
<token t_id="549" sentence="23" number="3">was</token>
<token t_id="550" sentence="23" number="4">benched</token>
<token t_id="551" sentence="23" number="5">after</token>
<token t_id="552" sentence="23" number="6">losses</token>
<token t_id="553" sentence="23" number="7">to</token>
<token t_id="554" sentence="23" number="8">Green</token>
<token t_id="555" sentence="23" number="9">Bay</token>
<token t_id="556" sentence="23" number="10">and</token>
<token t_id="557" sentence="23" number="11">Indianapolis</token>
<token t_id="558" sentence="23" number="12">to</token>
<token t_id="559" sentence="23" number="13">start</token>
<token t_id="560" sentence="23" number="14">the</token>
<token t_id="561" sentence="23" number="15">season</token>
<token t_id="562" sentence="23" number="16">,</token>
<token t_id="563" sentence="23" number="17">now</token>
<token t_id="564" sentence="23" number="18">finds</token>
<token t_id="565" sentence="23" number="19">himself</token>
<token t_id="566" sentence="23" number="20">leading</token>
<token t_id="567" sentence="23" number="21">the</token>
<token t_id="568" sentence="23" number="22">Vikings</token>
<token t_id="569" sentence="23" number="23">(</token>
<token t_id="570" sentence="23" number="24">9-5</token>
<token t_id="571" sentence="23" number="25">)</token>
<token t_id="572" sentence="23" number="26">into</token>
<token t_id="573" sentence="23" number="27">a</token>
<token t_id="574" sentence="23" number="28">crucial</token>
<token t_id="575" sentence="23" number="29">game</token>
<token t_id="576" sentence="23" number="30">with</token>
<token t_id="577" sentence="23" number="31">Atlanta</token>
<token t_id="578" sentence="23" number="32">on</token>
<token t_id="579" sentence="23" number="33">Sunday</token>
<token t_id="580" sentence="23" number="34">.</token>
<token t_id="581" sentence="24" number="0">A</token>
<token t_id="582" sentence="24" number="1">win</token>
<token t_id="583" sentence="24" number="2">would</token>
<token t_id="584" sentence="24" number="3">give</token>
<token t_id="585" sentence="24" number="4">the</token>
<token t_id="586" sentence="24" number="5">Vikings</token>
<token t_id="587" sentence="24" number="6">their</token>
<token t_id="588" sentence="24" number="7">first</token>
<token t_id="589" sentence="24" number="8">N.F.C.</token>
<token t_id="590" sentence="24" number="9">North</token>
<token t_id="591" sentence="24" number="10">title</token>
<token t_id="592" sentence="24" number="11">.</token>
<Markables>
<ACTION_OCCURRENCE m_id="25"  >
  <token_anchor t_id="52"/>
  <token_anchor t_id="53"/>
</ACTION_OCCURRENCE>
<ACTION_OCCURRENCE m_id="27"  >
  <token_anchor t_id="58"/>
</ACTION_OCCURRENCE>
<ACTION_OCCURRENCE m_id="28"  >
  <token_anchor t_id="65"/>
  <token_anchor t_id="66"/>
  <token_anchor t_id="67"/>
</ACTION_OCCURRENCE>
<ACTION_OCCURRENCE m_id="17"  >
  <token_anchor t_id="72"/>
</ACTION_OCCURRENCE>
<ACTION_OCCURRENCE m_id="19"  >
  <token_anchor t_id="47"/>
</ACTION_OCCURRENCE>
<ACTION_OCCURRENCE m_id="22"  >
  <token_anchor t_id="68"/>
</ACTION_OCCURRENCE>
<ACTION_OCCURRENCE m_id="23"  >
  <token_anchor t_id="55"/>
</ACTION_OCCURRENCE>
<HUMAN_PART_ORG m_id="26"  >
  <token_anchor t_id="57"/>
</HUMAN_PART_ORG>
<HUMAN_PART_ORG m_id="24"  >
  <token_anchor t_id="75"/>
</HUMAN_PART_ORG>
<HUMAN_PART_PER m_id="18"  >
  <token_anchor t_id="46"/>
</HUMAN_PART_PER>
<NON_HUMAN_PART m_id="29"  >
  <token_anchor t_id="49"/>
  <token_anchor t_id="50"/>
</NON_HUMAN_PART>
<NON_HUMAN_PART m_id="30"  >
  <token_anchor t_id="71"/>
</NON_HUMAN_PART>
<NON_HUMAN_PART m_id="21"  >
  <token_anchor t_id="60"/>
  <token_anchor t_id="61"/>
  <token_anchor t_id="62"/>
</NON_HUMAN_PART>


<LOC_FAC m_id="31" note="byCROMER" >
  <token_anchor t_id="76"/>
  <token_anchor t_id="77"/>
  <token_anchor t_id="78"/>
  <token_anchor t_id="79"/>
  <token_anchor t_id="80"/>
</LOC_FAC>


<NON_HUMAN_PART m_id="39" RELATED_TO="" TAG_DESCRIPTOR="t29b_5_seed" instance_id="NON17014661783012313" />
<ACTION_OCCURRENCE m_id="38" RELATED_TO="" TAG_DESCRIPTOR="t29b_victory" instance_id="ACT17035017539946132" />
<ACTION_OCCURRENCE m_id="37" RELATED_TO="" TAG_DESCRIPTOR="t29b_clinch" instance_id="ACT16976946389340736" />
<ACTION_OCCURRENCE m_id="36" RELATED_TO="" TAG_DESCRIPTOR="t29b_playoffs" instance_id="ACT16976955436086064" />
<ACTION_OCCURRENCE m_id="35" RELATED_TO="" TAG_DESCRIPTOR="t29b_mannig_threw_364" instance_id="ACT27380925078530913" />
<NON_HUMAN_PART m_id="34" RELATED_TO="" TAG_DESCRIPTOR="t29b_31_24" instance_id="NON17035421701153856" />
<HUMAN_PART_ORG m_id="33" RELATED_TO="" TAG_DESCRIPTOR="t29b_jaguars" instance_id="HUM18263735780022045" />
<HUMAN_PART_PER m_id="32" RELATED_TO="" TAG_DESCRIPTOR="t29_peyton_manning" instance_id="HUM16978321630641403" />
<HUMAN_PART_ORG m_id="41" RELATED_TO="" TAG_DESCRIPTOR="t29_colts" instance_id="HUM18524150423965861" />
<LOC_FAC m_id="40" RELATED_TO="" TAG_DESCRIPTOR="t29b_jacksonsville_stadium" instance_id="LOC27381332203235856" />
</Markables>

<Relations>
<CROSS_DOC_COREF r_id="37242" note="HUM16978321630641403" >
  <source m_id="18" />
  <target m_id="32" />
</CROSS_DOC_COREF>
<CROSS_DOC_COREF r_id="37243" note="HUM18263735780022045" >
  <source m_id="24" />
  <target m_id="33" />
</CROSS_DOC_COREF>
<CROSS_DOC_COREF r_id="37244" note="NON17035421701153856" >
  <source m_id="30" />
  <target m_id="34" />
</CROSS_DOC_COREF>
<CROSS_DOC_COREF r_id="37245" note="ACT27380925078530913" >
  <source m_id="19" />
  <target m_id="35" />
</CROSS_DOC_COREF>
<CROSS_DOC_COREF r_id="37246" note="ACT16976955436086064" >
  <source m_id="22" />
  <target m_id="36" />
</CROSS_DOC_COREF>
<CROSS_DOC_COREF r_id="37247" note="ACT16976946389340736" >
  <source m_id="27" />
  <target m_id="37" />
</CROSS_DOC_COREF>
<CROSS_DOC_COREF r_id="37248" note="ACT17035017539946132" >
  <source m_id="17" />
  <target m_id="38" />
</CROSS_DOC_COREF>
<CROSS_DOC_COREF r_id="37249" note="NON17014661783012313" >
  <source m_id="21" />
  <target m_id="39" />
</CROSS_DOC_COREF>
<CROSS_DOC_COREF r_id="37250" note="LOC27381332203235856" >
  <source m_id="31" />
  <target m_id="40" />
</CROSS_DOC_COREF>
<CROSS_DOC_COREF r_id="37251" note="HUM18524150423965861" >
  <source m_id="26" />
  <target m_id="41" />
</CROSS_DOC_COREF>

</Relations>
</Document>
