<Document doc_name="29_11ecb.xml" doc_id="DOC15654997880186332">
<token t_id="1" sentence="0" number="0">Manning</token>
<token t_id="2" sentence="0" number="1">picks</token>
<token t_id="3" sentence="0" number="2">apart</token>
<token t_id="4" sentence="0" number="3">Jaguars</token>
<token t_id="5" sentence="1" number="0">Peyton</token>
<token t_id="6" sentence="1" number="1">Manning</token>
<token t_id="7" sentence="1" number="2">was</token>
<token t_id="8" sentence="1" number="3">nearly</token>
<token t_id="9" sentence="1" number="4">perfect</token>
<token t_id="10" sentence="1" number="5">,</token>
<token t_id="11" sentence="1" number="6">exactly</token>
<token t_id="12" sentence="1" number="7">what</token>
<token t_id="13" sentence="1" number="8">the</token>
<token t_id="14" sentence="1" number="9">Indianapolis</token>
<token t_id="15" sentence="1" number="10">Colts</token>
<token t_id="16" sentence="1" number="11">needed</token>
<token t_id="17" sentence="1" number="12">to</token>
<token t_id="18" sentence="1" number="13">overcome</token>
<token t_id="19" sentence="1" number="14">all</token>
<token t_id="20" sentence="1" number="15">the</token>
<token t_id="21" sentence="1" number="16">emotion</token>
<token t_id="22" sentence="1" number="17">the</token>
<token t_id="23" sentence="1" number="18">Jacksonville</token>
<token t_id="24" sentence="1" number="19">Jaguars</token>
<token t_id="25" sentence="1" number="20">got</token>
<token t_id="26" sentence="1" number="21">from</token>
<token t_id="27" sentence="1" number="22">Richard</token>
<token t_id="28" sentence="1" number="23">Collier</token>
<token t_id="29" sentence="1" number="24">'s</token>
<token t_id="30" sentence="1" number="25">return</token>
<token t_id="31" sentence="1" number="26">.</token>
<token t_id="32" sentence="2" number="0">Manning</token>
<token t_id="33" sentence="2" number="1">completed</token>
<token t_id="34" sentence="2" number="2">his</token>
<token t_id="35" sentence="2" number="3">first</token>
<token t_id="36" sentence="2" number="4">17</token>
<token t_id="37" sentence="2" number="5">passes</token>
<token t_id="38" sentence="2" number="6">,</token>
<token t_id="39" sentence="2" number="7">picked</token>
<token t_id="40" sentence="2" number="8">apart</token>
<token t_id="41" sentence="2" number="9">Jacksonville</token>
<token t_id="42" sentence="2" number="10">'s</token>
<token t_id="43" sentence="2" number="11">secondary</token>
<token t_id="44" sentence="2" number="12">and</token>
<token t_id="45" sentence="2" number="13">led</token>
<token t_id="46" sentence="2" number="14">the</token>
<token t_id="47" sentence="2" number="15">Colts</token>
<token t_id="48" sentence="2" number="16">to</token>
<token t_id="49" sentence="2" number="17">their</token>
<token t_id="50" sentence="2" number="18">eighth</token>
<token t_id="51" sentence="2" number="19">consecutive</token>
<token t_id="52" sentence="2" number="20">win</token>
<token t_id="53" sentence="2" number="21">and</token>
<token t_id="54" sentence="2" number="22">seventh</token>
<token t_id="55" sentence="2" number="23">straight</token>
<token t_id="56" sentence="2" number="24">playoff</token>
<token t_id="57" sentence="2" number="25">berth</token>
<token t_id="58" sentence="2" number="26">.</token>
<token t_id="59" sentence="3" number="0">Manning</token>
<token t_id="60" sentence="3" number="1">threw</token>
<token t_id="61" sentence="3" number="2">for</token>
<token t_id="62" sentence="3" number="3">364</token>
<token t_id="63" sentence="3" number="4">yards</token>
<token t_id="64" sentence="3" number="5">and</token>
<token t_id="65" sentence="3" number="6">three</token>
<token t_id="66" sentence="3" number="7">touchdowns</token>
<token t_id="67" sentence="3" number="8">,</token>
<token t_id="68" sentence="3" number="9">and</token>
<token t_id="69" sentence="3" number="10">the</token>
<token t_id="70" sentence="3" number="11">visiting</token>
<token t_id="71" sentence="3" number="12">Colts</token>
<token t_id="72" sentence="3" number="13">secured</token>
<token t_id="73" sentence="3" number="14">the</token>
<token t_id="74" sentence="3" number="15">No.</token>
<token t_id="75" sentence="3" number="16">5</token>
<token t_id="76" sentence="3" number="17">seed</token>
<token t_id="77" sentence="3" number="18">in</token>
<token t_id="78" sentence="3" number="19">the</token>
<token t_id="79" sentence="3" number="20">AFC</token>
<token t_id="80" sentence="3" number="21">playoffs</token>
<token t_id="81" sentence="3" number="22">with</token>
<token t_id="82" sentence="3" number="23">a</token>
<token t_id="83" sentence="3" number="24">31-24</token>
<token t_id="84" sentence="3" number="25">victory</token>
<token t_id="85" sentence="3" number="26">over</token>
<token t_id="86" sentence="3" number="27">the</token>
<token t_id="87" sentence="3" number="28">Jaguars</token>
<token t_id="88" sentence="3" number="29">on</token>
<token t_id="89" sentence="3" number="30">Thursday</token>
<token t_id="90" sentence="3" number="31">night</token>
<token t_id="91" sentence="3" number="32">.</token>
<token t_id="92" sentence="4" number="0">They</token>
<token t_id="93" sentence="4" number="1">won</token>
<token t_id="94" sentence="4" number="2">without</token>
<token t_id="95" sentence="4" number="3">receiver</token>
<token t_id="96" sentence="4" number="4">Marvin</token>
<token t_id="97" sentence="4" number="5">Harrison</token>
<token t_id="98" sentence="4" number="6">(</token>
<token t_id="99" sentence="4" number="7">hamstring</token>
<token t_id="100" sentence="4" number="8">)</token>
<token t_id="101" sentence="4" number="9">,</token>
<token t_id="102" sentence="4" number="10">running</token>
<token t_id="103" sentence="4" number="11">back</token>
<token t_id="104" sentence="4" number="12">Joseph</token>
<token t_id="105" sentence="4" number="13">Addai</token>
<token t_id="106" sentence="4" number="14">(</token>
<token t_id="107" sentence="4" number="15">shoulder</token>
<token t_id="108" sentence="4" number="16">)</token>
<token t_id="109" sentence="4" number="17">and</token>
<token t_id="110" sentence="4" number="18">linebacker</token>
<token t_id="111" sentence="4" number="19">Gary</token>
<token t_id="112" sentence="4" number="20">Brackett</token>
<token t_id="113" sentence="4" number="21">(</token>
<token t_id="114" sentence="4" number="22">leg</token>
<token t_id="115" sentence="4" number="23">)</token>
<token t_id="116" sentence="4" number="24">.</token>
<token t_id="117" sentence="5" number="0">The</token>
<token t_id="118" sentence="5" number="1">Jaguars</token>
<token t_id="119" sentence="5" number="2">(</token>
<token t_id="120" sentence="5" number="3">5-10</token>
<token t_id="121" sentence="5" number="4">)</token>
<token t_id="122" sentence="5" number="5">lost</token>
<token t_id="123" sentence="5" number="6">for</token>
<token t_id="124" sentence="5" number="7">the</token>
<token t_id="125" sentence="5" number="8">seventh</token>
<token t_id="126" sentence="5" number="9">time</token>
<token t_id="127" sentence="5" number="10">in</token>
<token t_id="128" sentence="5" number="11">the</token>
<token t_id="129" sentence="5" number="12">past</token>
<token t_id="130" sentence="5" number="13">nine</token>
<token t_id="131" sentence="5" number="14">games</token>
<token t_id="132" sentence="5" number="15">and</token>
<token t_id="133" sentence="5" number="16">fell</token>
<token t_id="134" sentence="5" number="17">to</token>
<token t_id="135" sentence="5" number="18">2-6</token>
<token t_id="136" sentence="5" number="19">at</token>
<token t_id="137" sentence="5" number="20">home</token>
<token t_id="138" sentence="5" number="21">this</token>
<token t_id="139" sentence="5" number="22">season</token>
<token t_id="140" sentence="5" number="23">.</token>
<token t_id="141" sentence="6" number="0">This</token>
<token t_id="142" sentence="6" number="1">one</token>
<token t_id="143" sentence="6" number="2">may</token>
<token t_id="144" sentence="6" number="3">have</token>
<token t_id="145" sentence="6" number="4">been</token>
<token t_id="146" sentence="6" number="5">more</token>
<token t_id="147" sentence="6" number="6">emotionally</token>
<token t_id="148" sentence="6" number="7">draining</token>
<token t_id="149" sentence="6" number="8">than</token>
<token t_id="150" sentence="6" number="9">any</token>
<token t_id="151" sentence="6" number="10">of</token>
<token t_id="152" sentence="6" number="11">the</token>
<token t_id="153" sentence="6" number="12">others</token>
<token t_id="154" sentence="6" number="13">.</token>
<token t_id="155" sentence="7" number="0">Collier</token>
<token t_id="156" sentence="7" number="1">,</token>
<token t_id="157" sentence="7" number="2">a</token>
<token t_id="158" sentence="7" number="3">6-foot-7</token>
<token t_id="159" sentence="7" number="4">offensive</token>
<token t_id="160" sentence="7" number="5">linemen</token>
<token t_id="161" sentence="7" number="6">paralyzed</token>
<token t_id="162" sentence="7" number="7">from</token>
<token t_id="163" sentence="7" number="8">the</token>
<token t_id="164" sentence="7" number="9">waist</token>
<token t_id="165" sentence="7" number="10">down</token>
<token t_id="166" sentence="7" number="11">following</token>
<token t_id="167" sentence="7" number="12">a</token>
<token t_id="168" sentence="7" number="13">shooting</token>
<token t_id="169" sentence="7" number="14">in</token>
<token t_id="170" sentence="7" number="15">early</token>
<token t_id="171" sentence="7" number="16">September</token>
<token t_id="172" sentence="7" number="17">,</token>
<token t_id="173" sentence="7" number="18">returned</token>
<token t_id="174" sentence="7" number="19">to</token>
<token t_id="175" sentence="7" number="20">the</token>
<token t_id="176" sentence="7" number="21">field</token>
<token t_id="177" sentence="7" number="22">for</token>
<token t_id="178" sentence="7" number="23">the</token>
<token t_id="179" sentence="7" number="24">first</token>
<token t_id="180" sentence="7" number="25">time</token>
<token t_id="181" sentence="7" number="26">and</token>
<token t_id="182" sentence="7" number="27">was</token>
<token t_id="183" sentence="7" number="28">recognized</token>
<token t_id="184" sentence="7" number="29">during</token>
<token t_id="185" sentence="7" number="30">pregame</token>
<token t_id="186" sentence="7" number="31">ceremonies</token>
<token t_id="187" sentence="7" number="32">.</token>
<token t_id="188" sentence="8" number="0">He</token>
<token t_id="189" sentence="8" number="1">drove</token>
<token t_id="190" sentence="8" number="2">onto</token>
<token t_id="191" sentence="8" number="3">the</token>
<token t_id="192" sentence="8" number="4">field</token>
<token t_id="193" sentence="8" number="5">,</token>
<token t_id="194" sentence="8" number="6">sat</token>
<token t_id="195" sentence="8" number="7">next</token>
<token t_id="196" sentence="8" number="8">to</token>
<token t_id="197" sentence="8" number="9">his</token>
<token t_id="198" sentence="8" number="10">teammates</token>
<token t_id="199" sentence="8" number="11">during</token>
<token t_id="200" sentence="8" number="12">the</token>
<token t_id="201" sentence="8" number="13">national</token>
<token t_id="202" sentence="8" number="14">anthem</token>
<token t_id="203" sentence="8" number="15">and</token>
<token t_id="204" sentence="8" number="16">then</token>
<token t_id="205" sentence="8" number="17">headed</token>
<token t_id="206" sentence="8" number="18">to</token>
<token t_id="207" sentence="8" number="19">midfield</token>
<token t_id="208" sentence="8" number="20">as</token>
<token t_id="209" sentence="8" number="21">an</token>
<token t_id="210" sentence="8" number="22">honorary</token>
<token t_id="211" sentence="8" number="23">team</token>
<token t_id="212" sentence="8" number="24">captain</token>
<token t_id="213" sentence="8" number="25">for</token>
<token t_id="214" sentence="8" number="26">the</token>
<token t_id="215" sentence="8" number="27">coin</token>
<token t_id="216" sentence="8" number="28">toss</token>
<token t_id="217" sentence="8" number="29">.</token>
<token t_id="218" sentence="9" number="0">``</token>
<token t_id="219" sentence="9" number="1">It</token>
<token t_id="220" sentence="9" number="2">'s</token>
<token t_id="221" sentence="9" number="3">a</token>
<token t_id="222" sentence="9" number="4">bittersweet</token>
<token t_id="223" sentence="9" number="5">moment</token>
<token t_id="224" sentence="9" number="6">,</token>
<token t_id="225" sentence="9" number="7">''</token>
<token t_id="226" sentence="9" number="8">Collier</token>
<token t_id="227" sentence="9" number="9">said</token>
<token t_id="228" sentence="9" number="10">.</token>
<token t_id="229" sentence="10" number="0">``</token>
<token t_id="230" sentence="10" number="1">I</token>
<token t_id="231" sentence="10" number="2">'m</token>
<token t_id="232" sentence="10" number="3">here</token>
<token t_id="233" sentence="10" number="4">now</token>
<token t_id="234" sentence="10" number="5">,</token>
<token t_id="235" sentence="10" number="6">but</token>
<token t_id="236" sentence="10" number="7">I</token>
<token t_id="237" sentence="10" number="8">'m</token>
<token t_id="238" sentence="10" number="9">not</token>
<token t_id="239" sentence="10" number="10">a</token>
<token t_id="240" sentence="10" number="11">player</token>
<token t_id="241" sentence="10" number="12">anymore</token>
<token t_id="242" sentence="10" number="13">.</token>
<token t_id="243" sentence="11" number="0">But</token>
<token t_id="244" sentence="11" number="1">it</token>
<token t_id="245" sentence="11" number="2">'s</token>
<token t_id="246" sentence="11" number="3">also</token>
<token t_id="247" sentence="11" number="4">great</token>
<token t_id="248" sentence="11" number="5">with</token>
<token t_id="249" sentence="11" number="6">all</token>
<token t_id="250" sentence="11" number="7">the</token>
<token t_id="251" sentence="11" number="8">love</token>
<token t_id="252" sentence="11" number="9">that</token>
<token t_id="253" sentence="11" number="10">'s</token>
<token t_id="254" sentence="11" number="11">been</token>
<token t_id="255" sentence="11" number="12">shown</token>
<token t_id="256" sentence="11" number="13">from</token>
<token t_id="257" sentence="11" number="14">everybody</token>
<token t_id="258" sentence="11" number="15">.</token>
<token t_id="259" sentence="12" number="0">It</token>
<token t_id="260" sentence="12" number="1">was</token>
<token t_id="261" sentence="12" number="2">like</token>
<token t_id="262" sentence="12" number="3">I</token>
<token t_id="263" sentence="12" number="4">'m</token>
<token t_id="264" sentence="12" number="5">back</token>
<token t_id="265" sentence="12" number="6">at</token>
<token t_id="266" sentence="12" number="7">home</token>
<token t_id="267" sentence="12" number="8">.</token>
<token t_id="268" sentence="13" number="0">Everybody</token>
<token t_id="269" sentence="13" number="1">showed</token>
<token t_id="270" sentence="13" number="2">me</token>
<token t_id="271" sentence="13" number="3">love</token>
<token t_id="272" sentence="13" number="4">.</token>
<token t_id="273" sentence="14" number="0">It</token>
<token t_id="274" sentence="14" number="1">was</token>
<token t_id="275" sentence="14" number="2">good</token>
<token t_id="276" sentence="14" number="3">.</token>
<token t_id="277" sentence="14" number="4">''</token>
<token t_id="278" sentence="15" number="0">Adam</token>
<token t_id="279" sentence="15" number="1">``</token>
<token t_id="280" sentence="15" number="2">Pacman</token>
<token t_id="281" sentence="15" number="3">''</token>
<token t_id="282" sentence="15" number="4">Jones</token>
<token t_id="283" sentence="15" number="5">says</token>
<token t_id="284" sentence="15" number="6">the</token>
<token t_id="285" sentence="15" number="7">herniated</token>
<token t_id="286" sentence="15" number="8">disk</token>
<token t_id="287" sentence="15" number="9">in</token>
<token t_id="288" sentence="15" number="10">his</token>
<token t_id="289" sentence="15" number="11">neck</token>
<token t_id="290" sentence="15" number="12">that</token>
<token t_id="291" sentence="15" number="13">forced</token>
<token t_id="292" sentence="15" number="14">him</token>
<token t_id="293" sentence="15" number="15">to</token>
<token t_id="294" sentence="15" number="16">miss</token>
<token t_id="295" sentence="15" number="17">Dallas</token>
<token t_id="296" sentence="15" number="18">'</token>
<token t_id="297" sentence="15" number="19">last</token>
<token t_id="298" sentence="15" number="20">game</token>
<token t_id="299" sentence="15" number="21">was</token>
<token t_id="300" sentence="15" number="22">bothering</token>
<token t_id="301" sentence="15" number="23">him</token>
<token t_id="302" sentence="15" number="24">even</token>
<token t_id="303" sentence="15" number="25">before</token>
<token t_id="304" sentence="15" number="26">he</token>
<token t_id="305" sentence="15" number="27">took</token>
<token t_id="306" sentence="15" number="28">a</token>
<token t_id="307" sentence="15" number="29">hard</token>
<token t_id="308" sentence="15" number="30">hit</token>
<token t_id="309" sentence="15" number="31">.</token>
<token t_id="310" sentence="16" number="0">Jones</token>
<token t_id="311" sentence="16" number="1">was</token>
<token t_id="312" sentence="16" number="2">injured</token>
<token t_id="313" sentence="16" number="3">in</token>
<token t_id="314" sentence="16" number="4">the</token>
<token t_id="315" sentence="16" number="5">first</token>
<token t_id="316" sentence="16" number="6">quarter</token>
<token t_id="317" sentence="16" number="7">two</token>
<token t_id="318" sentence="16" number="8">Sundays</token>
<token t_id="319" sentence="16" number="9">ago</token>
<token t_id="320" sentence="16" number="10">at</token>
<token t_id="321" sentence="16" number="11">Pittsburgh</token>
<token t_id="322" sentence="16" number="12">in</token>
<token t_id="323" sentence="16" number="13">his</token>
<token t_id="324" sentence="16" number="14">first</token>
<token t_id="325" sentence="16" number="15">game</token>
<token t_id="326" sentence="16" number="16">after</token>
<token t_id="327" sentence="16" number="17">a</token>
<token t_id="328" sentence="16" number="18">six-week</token>
<token t_id="329" sentence="16" number="19">suspension</token>
<token t_id="330" sentence="16" number="20">for</token>
<token t_id="331" sentence="16" number="21">violating</token>
<token t_id="332" sentence="16" number="22">the</token>
<token t_id="333" sentence="16" number="23">league</token>
<token t_id="334" sentence="16" number="24">'s</token>
<token t_id="335" sentence="16" number="25">personal</token>
<token t_id="336" sentence="16" number="26">conduct</token>
<token t_id="337" sentence="16" number="27">policy</token>
<token t_id="338" sentence="16" number="28">.</token>
<token t_id="339" sentence="17" number="0">He</token>
<token t_id="340" sentence="17" number="1">finished</token>
<token t_id="341" sentence="17" number="2">that</token>
<token t_id="342" sentence="17" number="3">game</token>
<token t_id="343" sentence="17" number="4">,</token>
<token t_id="344" sentence="17" number="5">but</token>
<token t_id="345" sentence="17" number="6">tests</token>
<token t_id="346" sentence="17" number="7">showed</token>
<token t_id="347" sentence="17" number="8">a</token>
<token t_id="348" sentence="17" number="9">herniated</token>
<token t_id="349" sentence="17" number="10">disk</token>
<token t_id="350" sentence="17" number="11">and</token>
<token t_id="351" sentence="17" number="12">there</token>
<token t_id="352" sentence="17" number="13">was</token>
<token t_id="353" sentence="17" number="14">talk</token>
<token t_id="354" sentence="17" number="15">of</token>
<token t_id="355" sentence="17" number="16">shutting</token>
<token t_id="356" sentence="17" number="17">him</token>
<token t_id="357" sentence="17" number="18">down</token>
<token t_id="358" sentence="17" number="19">for</token>
<token t_id="359" sentence="17" number="20">the</token>
<token t_id="360" sentence="17" number="21">season</token>
<token t_id="361" sentence="17" number="22">.</token>
<token t_id="362" sentence="18" number="0">The</token>
<token t_id="363" sentence="18" number="1">short</token>
<token t_id="364" sentence="18" number="2">conversation</token>
<token t_id="365" sentence="18" number="3">at</token>
<token t_id="366" sentence="18" number="4">his</token>
<token t_id="367" sentence="18" number="5">locker</token>
<token t_id="368" sentence="18" number="6">made</token>
<token t_id="369" sentence="18" number="7">for</token>
<token t_id="370" sentence="18" number="8">Jones</token>
<token t_id="371" sentence="18" number="9">'</token>
<token t_id="372" sentence="18" number="10">first</token>
<token t_id="373" sentence="18" number="11">public</token>
<token t_id="374" sentence="18" number="12">comments</token>
<token t_id="375" sentence="18" number="13">since</token>
<token t_id="376" sentence="18" number="14">before</token>
<token t_id="377" sentence="18" number="15">the</token>
<token t_id="378" sentence="18" number="16">alcohol-related</token>
<token t_id="379" sentence="18" number="17">scuffle</token>
<token t_id="380" sentence="18" number="18">with</token>
<token t_id="381" sentence="18" number="19">one</token>
<token t_id="382" sentence="18" number="20">of</token>
<token t_id="383" sentence="18" number="21">his</token>
<token t_id="384" sentence="18" number="22">bodyguards</token>
<token t_id="385" sentence="18" number="23">Oct.</token>
<token t_id="386" sentence="18" number="24">7</token>
<token t_id="387" sentence="18" number="25">that</token>
<token t_id="388" sentence="18" number="26">led</token>
<token t_id="389" sentence="18" number="27">to</token>
<token t_id="390" sentence="18" number="28">his</token>
<token t_id="391" sentence="18" number="29">suspension</token>
<token t_id="392" sentence="18" number="30">.</token>
<token t_id="393" sentence="19" number="0">After</token>
<token t_id="394" sentence="19" number="1">not</token>
<token t_id="395" sentence="19" number="2">playing</token>
<token t_id="396" sentence="19" number="3">Sunday</token>
<token t_id="397" sentence="19" number="4">night</token>
<token t_id="398" sentence="19" number="5">against</token>
<token t_id="399" sentence="19" number="6">the</token>
<token t_id="400" sentence="19" number="7">New</token>
<token t_id="401" sentence="19" number="8">York</token>
<token t_id="402" sentence="19" number="9">Giants</token>
<token t_id="403" sentence="19" number="10">,</token>
<token t_id="404" sentence="19" number="11">Jones</token>
<token t_id="405" sentence="19" number="12">returned</token>
<token t_id="406" sentence="19" number="13">to</token>
<token t_id="407" sentence="19" number="14">practice</token>
<token t_id="408" sentence="19" number="15">this</token>
<token t_id="409" sentence="19" number="16">week</token>
<token t_id="410" sentence="19" number="17">after</token>
<token t_id="411" sentence="19" number="18">doctors</token>
<token t_id="412" sentence="19" number="19">re-evaluated</token>
<token t_id="413" sentence="19" number="20">his</token>
<token t_id="414" sentence="19" number="21">condition</token>
<token t_id="415" sentence="19" number="22">.</token>
<token t_id="416" sentence="20" number="0">He</token>
<token t_id="417" sentence="20" number="1">is</token>
<token t_id="418" sentence="20" number="2">expected</token>
<token t_id="419" sentence="20" number="3">to</token>
<token t_id="420" sentence="20" number="4">start</token>
<token t_id="421" sentence="20" number="5">at</token>
<token t_id="422" sentence="20" number="6">cornerback</token>
<token t_id="423" sentence="20" number="7">and</token>
<token t_id="424" sentence="20" number="8">return</token>
<token t_id="425" sentence="20" number="9">kicks</token>
<token t_id="426" sentence="20" number="10">Saturday</token>
<token t_id="427" sentence="20" number="11">night</token>
<token t_id="428" sentence="20" number="12">against</token>
<token t_id="429" sentence="20" number="13">Baltimore</token>
<token t_id="430" sentence="20" number="14">.</token>
<token t_id="431" sentence="21" number="0">Wide</token>
<token t_id="432" sentence="21" number="1">receiver</token>
<token t_id="433" sentence="21" number="2">Anquan</token>
<token t_id="434" sentence="21" number="3">Boldin</token>
<token t_id="435" sentence="21" number="4">and</token>
<token t_id="436" sentence="21" number="5">running</token>
<token t_id="437" sentence="21" number="6">back</token>
<token t_id="438" sentence="21" number="7">J.J.</token>
<token t_id="439" sentence="21" number="8">Arrington</token>
<token t_id="440" sentence="21" number="9">could</token>
<token t_id="441" sentence="21" number="10">be</token>
<token t_id="442" sentence="21" number="11">sidelined</token>
<token t_id="443" sentence="21" number="12">at</token>
<token t_id="444" sentence="21" number="13">New</token>
<token t_id="445" sentence="21" number="14">England</token>
<token t_id="446" sentence="21" number="15">on</token>
<token t_id="447" sentence="21" number="16">Sunday</token>
<token t_id="448" sentence="21" number="17">because</token>
<token t_id="449" sentence="21" number="18">of</token>
<token t_id="450" sentence="21" number="19">injuries</token>
<token t_id="451" sentence="21" number="20">.</token>
<token t_id="452" sentence="22" number="0">Boldin</token>
<token t_id="453" sentence="22" number="1">has</token>
<token t_id="454" sentence="22" number="2">a</token>
<token t_id="455" sentence="22" number="3">shoulder</token>
<token t_id="456" sentence="22" number="4">injury</token>
<token t_id="457" sentence="22" number="5">.</token>
<token t_id="458" sentence="23" number="0">Arrington</token>
<token t_id="459" sentence="23" number="1">has</token>
<token t_id="460" sentence="23" number="2">a</token>
<token t_id="461" sentence="23" number="3">sore</token>
<token t_id="462" sentence="23" number="4">knee</token>
<token t_id="463" sentence="23" number="5">.</token>
<token t_id="464" sentence="24" number="0">They</token>
<token t_id="465" sentence="24" number="1">both</token>
<token t_id="466" sentence="24" number="2">sat</token>
<token t_id="467" sentence="24" number="3">out</token>
<token t_id="468" sentence="24" number="4">practice</token>
<token t_id="469" sentence="24" number="5">Wednesday</token>
<token t_id="470" sentence="24" number="6">and</token>
<token t_id="471" sentence="24" number="7">Thursday</token>
<token t_id="472" sentence="24" number="8">.</token>
<token t_id="473" sentence="25" number="0">Tarvaris</token>
<token t_id="474" sentence="25" number="1">Jackson</token>
<token t_id="475" sentence="25" number="2">has</token>
<token t_id="476" sentence="25" number="3">reclaimed</token>
<token t_id="477" sentence="25" number="4">his</token>
<token t_id="478" sentence="25" number="5">starting</token>
<token t_id="479" sentence="25" number="6">spot</token>
<token t_id="480" sentence="25" number="7">at</token>
<token t_id="481" sentence="25" number="8">quarterback</token>
<token t_id="482" sentence="25" number="9">for</token>
<token t_id="483" sentence="25" number="10">Minnesota</token>
<token t_id="484" sentence="25" number="11">.</token>
<token t_id="485" sentence="26" number="0">Coach</token>
<token t_id="486" sentence="26" number="1">Brad</token>
<token t_id="487" sentence="26" number="2">Childress</token>
<token t_id="488" sentence="26" number="3">said</token>
<token t_id="489" sentence="26" number="4">the</token>
<token t_id="490" sentence="26" number="5">decision</token>
<token t_id="491" sentence="26" number="6">has</token>
<token t_id="492" sentence="26" number="7">nothing</token>
<token t_id="493" sentence="26" number="8">to</token>
<token t_id="494" sentence="26" number="9">do</token>
<token t_id="495" sentence="26" number="10">with</token>
<token t_id="496" sentence="26" number="11">the</token>
<token t_id="497" sentence="26" number="12">health</token>
<token t_id="498" sentence="26" number="13">of</token>
<token t_id="499" sentence="26" number="14">Gus</token>
<token t_id="500" sentence="26" number="15">Frerotte</token>
<token t_id="501" sentence="26" number="16">and</token>
<token t_id="502" sentence="26" number="17">everything</token>
<token t_id="503" sentence="26" number="18">to</token>
<token t_id="504" sentence="26" number="19">do</token>
<token t_id="505" sentence="26" number="20">with</token>
<token t_id="506" sentence="26" number="21">the</token>
<token t_id="507" sentence="26" number="22">way</token>
<token t_id="508" sentence="26" number="23">Jackson</token>
<token t_id="509" sentence="26" number="24">has</token>
<token t_id="510" sentence="26" number="25">played</token>
<token t_id="511" sentence="26" number="26">the</token>
<token t_id="512" sentence="26" number="27">last</token>
<token t_id="513" sentence="26" number="28">two</token>
<token t_id="514" sentence="26" number="29">weeks</token>
<token t_id="515" sentence="26" number="30">.</token>
<token t_id="516" sentence="27" number="0">The</token>
<token t_id="517" sentence="27" number="1">Vikings</token>
<token t_id="518" sentence="27" number="2">need</token>
<token t_id="519" sentence="27" number="3">a</token>
<token t_id="520" sentence="27" number="4">victory</token>
<token t_id="521" sentence="27" number="5">or</token>
<token t_id="522" sentence="27" number="6">a</token>
<token t_id="523" sentence="27" number="7">Chicago</token>
<token t_id="524" sentence="27" number="8">loss</token>
<token t_id="525" sentence="27" number="9">in</token>
<token t_id="526" sentence="27" number="10">the</token>
<token t_id="527" sentence="27" number="11">final</token>
<token t_id="528" sentence="27" number="12">two</token>
<token t_id="529" sentence="27" number="13">weeks</token>
<token t_id="530" sentence="27" number="14">to</token>
<token t_id="531" sentence="27" number="15">wrap</token>
<token t_id="532" sentence="27" number="16">up</token>
<token t_id="533" sentence="27" number="17">their</token>
<token t_id="534" sentence="27" number="18">first</token>
<token t_id="535" sentence="27" number="19">division</token>
<token t_id="536" sentence="27" number="20">title</token>
<token t_id="537" sentence="27" number="21">since</token>
<token t_id="538" sentence="27" number="22">2000</token>
<token t_id="539" sentence="27" number="23">.</token>
<token t_id="540" sentence="28" number="0">St.</token>
<token t_id="541" sentence="28" number="1">Louis</token>
<token t_id="542" sentence="28" number="2">placed</token>
<token t_id="543" sentence="28" number="3">wide</token>
<token t_id="544" sentence="28" number="4">receiver</token>
<token t_id="545" sentence="28" number="5">and</token>
<token t_id="546" sentence="28" number="6">kick</token>
<token t_id="547" sentence="28" number="7">returner</token>
<token t_id="548" sentence="28" number="8">Derek</token>
<token t_id="549" sentence="28" number="9">Stanley</token>
<token t_id="550" sentence="28" number="10">and</token>
<token t_id="551" sentence="28" number="11">linebacker</token>
<token t_id="552" sentence="28" number="12">Gary</token>
<token t_id="553" sentence="28" number="13">Stills</token>
<token t_id="554" sentence="28" number="14">on</token>
<token t_id="555" sentence="28" number="15">injured</token>
<token t_id="556" sentence="28" number="16">reserve</token>
<token t_id="557" sentence="28" number="17">.</token>
<token t_id="558" sentence="29" number="0">Stanley</token>
<token t_id="559" sentence="29" number="1">tore</token>
<token t_id="560" sentence="29" number="2">the</token>
<token t_id="561" sentence="29" number="3">anterior</token>
<token t_id="562" sentence="29" number="4">cruciate</token>
<token t_id="563" sentence="29" number="5">ligament</token>
<token t_id="564" sentence="29" number="6">in</token>
<token t_id="565" sentence="29" number="7">his</token>
<token t_id="566" sentence="29" number="8">left</token>
<token t_id="567" sentence="29" number="9">knee</token>
<token t_id="568" sentence="29" number="10">in</token>
<token t_id="569" sentence="29" number="11">Sunday</token>
<token t_id="570" sentence="29" number="12">'s</token>
<token t_id="571" sentence="29" number="13">loss</token>
<token t_id="572" sentence="29" number="14">to</token>
<token t_id="573" sentence="29" number="15">Seattle</token>
<token t_id="574" sentence="29" number="16">and</token>
<token t_id="575" sentence="29" number="17">is</token>
<token t_id="576" sentence="29" number="18">expected</token>
<token t_id="577" sentence="29" number="19">to</token>
<token t_id="578" sentence="29" number="20">be</token>
<token t_id="579" sentence="29" number="21">out</token>
<token t_id="580" sentence="29" number="22">six</token>
<token t_id="581" sentence="29" number="23">to</token>
<token t_id="582" sentence="29" number="24">eight</token>
<token t_id="583" sentence="29" number="25">months</token>
<token t_id="584" sentence="29" number="26">after</token>
<token t_id="585" sentence="29" number="27">surgery</token>
<token t_id="586" sentence="29" number="28">.</token>
<token t_id="587" sentence="30" number="0">Stills</token>
<token t_id="588" sentence="30" number="1">had</token>
<token t_id="589" sentence="30" number="2">been</token>
<token t_id="590" sentence="30" number="3">playing</token>
<token t_id="591" sentence="30" number="4">with</token>
<token t_id="592" sentence="30" number="5">bone</token>
<token t_id="593" sentence="30" number="6">chips</token>
<token t_id="594" sentence="30" number="7">in</token>
<token t_id="595" sentence="30" number="8">his</token>
<token t_id="596" sentence="30" number="9">left</token>
<token t_id="597" sentence="30" number="10">knee</token>
<token t_id="598" sentence="30" number="11">and</token>
<token t_id="599" sentence="30" number="12">is</token>
<token t_id="600" sentence="30" number="13">scheduled</token>
<token t_id="601" sentence="30" number="14">to</token>
<token t_id="602" sentence="30" number="15">have</token>
<token t_id="603" sentence="30" number="16">surgery</token>
<token t_id="604" sentence="30" number="17">today</token>
<token t_id="605" sentence="30" number="18">.</token>
<token t_id="606" sentence="31" number="0">Pro</token>
<token t_id="607" sentence="31" number="1">Bowl</token>
<token t_id="608" sentence="31" number="2">cornerback</token>
<token t_id="609" sentence="31" number="3">Cortland</token>
<token t_id="610" sentence="31" number="4">Finnegan</token>
<token t_id="611" sentence="31" number="5">was</token>
<token t_id="612" sentence="31" number="6">fined</token>
<token t_id="613" sentence="31" number="7">$</token>
<token t_id="614" sentence="31" number="8">25,000</token>
<token t_id="615" sentence="31" number="9">by</token>
<token t_id="616" sentence="31" number="10">the</token>
<token t_id="617" sentence="31" number="11">NFL</token>
<token t_id="618" sentence="31" number="12">for</token>
<token t_id="619" sentence="31" number="13">two</token>
<token t_id="620" sentence="31" number="14">hard</token>
<token t_id="621" sentence="31" number="15">hits</token>
<token t_id="622" sentence="31" number="16">on</token>
<token t_id="623" sentence="31" number="17">Houston</token>
<token t_id="624" sentence="31" number="18">quarterback</token>
<token t_id="625" sentence="31" number="19">Matt</token>
<token t_id="626" sentence="31" number="20">Schaub</token>
<token t_id="627" sentence="31" number="21">last</token>
<token t_id="628" sentence="31" number="22">weekend</token>
<token t_id="629" sentence="31" number="23">.</token>
<Markables>
<ACTION_OCCURRENCE m_id="35"  >
  <token_anchor t_id="70"/>
</ACTION_OCCURRENCE>
<ACTION_OCCURRENCE m_id="36"  >
  <token_anchor t_id="93"/>
</ACTION_OCCURRENCE>
<ACTION_OCCURRENCE m_id="39"  >
  <token_anchor t_id="65"/>
  <token_anchor t_id="66"/>
</ACTION_OCCURRENCE>
<ACTION_OCCURRENCE m_id="40"  >
  <token_anchor t_id="80"/>
</ACTION_OCCURRENCE>
<ACTION_OCCURRENCE m_id="25"  >
  <token_anchor t_id="60"/>
</ACTION_OCCURRENCE>
<ACTION_OCCURRENCE m_id="26"  >
  <token_anchor t_id="84"/>
</ACTION_OCCURRENCE>
<ACTION_OCCURRENCE m_id="27"  >
  <token_anchor t_id="72"/>
</ACTION_OCCURRENCE>
<HUMAN_PART_ORG m_id="31"  >
  <token_anchor t_id="71"/>
</HUMAN_PART_ORG>
<HUMAN_PART_ORG m_id="32"  >
  <token_anchor t_id="92"/>
</HUMAN_PART_ORG>
<HUMAN_PART_ORG m_id="23"  >
  <token_anchor t_id="79"/>
</HUMAN_PART_ORG>
<HUMAN_PART_ORG m_id="29"  >
  <token_anchor t_id="87"/>
</HUMAN_PART_ORG>
<HUMAN_PART_PER m_id="30"  >
  <token_anchor t_id="104"/>
  <token_anchor t_id="105"/>
</HUMAN_PART_PER>
<HUMAN_PART_PER m_id="33"  >
  <token_anchor t_id="96"/>
  <token_anchor t_id="97"/>
</HUMAN_PART_PER>
<HUMAN_PART_PER m_id="34"  >
  <token_anchor t_id="111"/>
  <token_anchor t_id="112"/>
</HUMAN_PART_PER>
<HUMAN_PART_PER m_id="22"  >
  <token_anchor t_id="59"/>
</HUMAN_PART_PER>
<NON_HUMAN_PART m_id="37"  >
  <token_anchor t_id="62"/>
  <token_anchor t_id="63"/>
</NON_HUMAN_PART>
<NON_HUMAN_PART m_id="38"  >
  <token_anchor t_id="83"/>
</NON_HUMAN_PART>
<NON_HUMAN_PART m_id="28"  >
  <token_anchor t_id="74"/>
  <token_anchor t_id="75"/>
  <token_anchor t_id="76"/>
</NON_HUMAN_PART>
<TIME_OF_THE_DAY m_id="24"  >
  <token_anchor t_id="88"/>
  <token_anchor t_id="89"/>
  <token_anchor t_id="90"/>
</TIME_OF_THE_DAY>




<HUMAN_PART_ORG m_id="50" RELATED_TO="" TAG_DESCRIPTOR="t29_colts" instance_id="HUM18524150423965861" />
<NON_HUMAN_PART m_id="49" RELATED_TO="" TAG_DESCRIPTOR="t29b_5_seed" instance_id="NON17014661783012313" />
<ACTION_OCCURRENCE m_id="48" RELATED_TO="" TAG_DESCRIPTOR="t29b_victory" instance_id="ACT17035017539946132" />
<ACTION_OCCURRENCE m_id="47" RELATED_TO="" TAG_DESCRIPTOR="t29b_clinch" instance_id="ACT16976946389340736" />
<ACTION_OCCURRENCE m_id="46" RELATED_TO="" TAG_DESCRIPTOR="t29b_playoffs" instance_id="ACT16976955436086064" />
<ACTION_OCCURRENCE m_id="45" RELATED_TO="" TAG_DESCRIPTOR="t29b_mannig_threw_364" instance_id="ACT27380925078530913" />
<TIME_OF_THE_DAY m_id="44" RELATED_TO="" TAG_DESCRIPTOR="t29b_thurs_night" instance_id="TIM17035400198513467" />
<NON_HUMAN_PART m_id="43" RELATED_TO="" TAG_DESCRIPTOR="t29b_31_24" instance_id="NON17035421701153856" />
<HUMAN_PART_ORG m_id="42" RELATED_TO="" TAG_DESCRIPTOR="t29b_jaguars" instance_id="HUM18263735780022045" />
<HUMAN_PART_PER m_id="41" RELATED_TO="" TAG_DESCRIPTOR="t29_peyton_manning" instance_id="HUM16978321630641403" />
</Markables>

<Relations>
<CROSS_DOC_COREF r_id="37365" note="HUM16978321630641403" >
  <source m_id="22" />
  <target m_id="41" />
</CROSS_DOC_COREF>
<CROSS_DOC_COREF r_id="37366" note="HUM18263735780022045" >
  <source m_id="29" />
  <target m_id="42" />
</CROSS_DOC_COREF>
<CROSS_DOC_COREF r_id="37367" note="NON17035421701153856" >
  <source m_id="38" />
  <target m_id="43" />
</CROSS_DOC_COREF>
<CROSS_DOC_COREF r_id="37368" note="TIM17035400198513467" >
  <source m_id="24" />
  <target m_id="44" />
</CROSS_DOC_COREF>
<CROSS_DOC_COREF r_id="37369" note="ACT27380925078530913" >
  <source m_id="25" />
  <target m_id="45" />
</CROSS_DOC_COREF>
<CROSS_DOC_COREF r_id="37370" note="ACT16976955436086064" >
  <source m_id="40" />
  <target m_id="46" />
</CROSS_DOC_COREF>
<CROSS_DOC_COREF r_id="37371" note="ACT16976946389340736" >
  <source m_id="36" />
  <source m_id="27" />
  <target m_id="47" />
</CROSS_DOC_COREF>
<CROSS_DOC_COREF r_id="37372" note="ACT17035017539946132" >
  <source m_id="26" />
  <target m_id="48" />
</CROSS_DOC_COREF>
<CROSS_DOC_COREF r_id="37373" note="NON17014661783012313" >
  <source m_id="28" />
  <target m_id="49" />
</CROSS_DOC_COREF>
<CROSS_DOC_COREF r_id="37374" note="HUM18524150423965861" >
  <source m_id="32" />
  <source m_id="31" />
  <target m_id="50" />
</CROSS_DOC_COREF>

</Relations>
</Document>
