<Document doc_name="29_4ecbplus.xml" doc_id="DOC15651942137185227">
<token t_id="1" sentence="0" number="0">http</token>
<token t_id="2" sentence="0" number="1">:</token>
<token t_id="3" sentence="0" number="2">/</token>
<token t_id="4" sentence="0" number="3">/</token>
<token t_id="5" sentence="0" number="4">www</token>
<token t_id="6" sentence="0" number="5">.</token>
<token t_id="7" sentence="0" number="6">stampedeblue</token>
<token t_id="8" sentence="0" number="7">.</token>
<token t_id="9" sentence="0" number="8">com</token>
<token t_id="10" sentence="0" number="9">/</token>
<token t_id="11" sentence="0" number="10">2012</token>
<token t_id="12" sentence="0" number="11">/</token>
<token t_id="13" sentence="0" number="12">12</token>
<token t_id="14" sentence="0" number="13">/</token>
<token t_id="15" sentence="0" number="14">23</token>
<token t_id="16" sentence="0" number="15">/</token>
<token t_id="17" sentence="0" number="16">3799068</token>
<token t_id="18" sentence="0" number="17">/</token>
<token t_id="19" sentence="0" number="18">colts</token>
<token t_id="20" sentence="0" number="19">-</token>
<token t_id="21" sentence="0" number="20">clinch</token>
<token t_id="22" sentence="0" number="21">-</token>
<token t_id="23" sentence="0" number="22">playoff</token>
<token t_id="24" sentence="0" number="23">-</token>
<token t_id="25" sentence="0" number="24">spot</token>
<token t_id="26" sentence="0" number="25">-</token>
<token t_id="27" sentence="0" number="26">with</token>
<token t_id="28" sentence="0" number="27">-</token>
<token t_id="29" sentence="0" number="28">20</token>
<token t_id="30" sentence="0" number="29">-</token>
<token t_id="31" sentence="0" number="30">13</token>
<token t_id="32" sentence="0" number="31">-</token>
<token t_id="33" sentence="0" number="32">win</token>
<token t_id="34" sentence="0" number="33">-</token>
<token t_id="35" sentence="0" number="34">over</token>
<token t_id="36" sentence="0" number="35">-</token>
<token t_id="37" sentence="0" number="36">chiefs</token>
<token t_id="38" sentence="1" number="0">Colts</token>
<token t_id="39" sentence="1" number="1">Clinch</token>
<token t_id="40" sentence="1" number="2">Playoff</token>
<token t_id="41" sentence="1" number="3">Spot</token>
<token t_id="42" sentence="1" number="4">with</token>
<token t_id="43" sentence="1" number="5">20</token>
<token t_id="44" sentence="1" number="6">-</token>
<token t_id="45" sentence="1" number="7">13</token>
<token t_id="46" sentence="1" number="8">Win</token>
<token t_id="47" sentence="1" number="9">Over</token>
<token t_id="48" sentence="1" number="10">Chiefs</token>
<token t_id="49" sentence="2" number="0">on</token>
<token t_id="50" sentence="2" number="1">Dec</token>
<token t_id="51" sentence="2" number="2">23</token>
<token t_id="52" sentence="2" number="3">2012</token>
<token t_id="53" sentence="2" number="4">,</token>
<token t_id="54" sentence="2" number="5">6</token>
<token t_id="55" sentence="2" number="6">:</token>
<token t_id="56" sentence="2" number="7">11p</token>
<token t_id="57" sentence="3" number="0">The</token>
<token t_id="58" sentence="3" number="1">Indianapolis</token>
<token t_id="59" sentence="3" number="2">Colts</token>
<token t_id="60" sentence="3" number="3">clinched</token>
<token t_id="61" sentence="3" number="4">a</token>
<token t_id="62" sentence="3" number="5">playoff</token>
<token t_id="63" sentence="3" number="6">spot</token>
<token t_id="64" sentence="3" number="7">and</token>
<token t_id="65" sentence="3" number="8">the</token>
<token t_id="66" sentence="3" number="9">five</token>
<token t_id="67" sentence="3" number="10">seed</token>
<token t_id="68" sentence="3" number="11">in</token>
<token t_id="69" sentence="3" number="12">the</token>
<token t_id="70" sentence="3" number="13">AFC</token>
<token t_id="71" sentence="3" number="14">playoffs</token>
<token t_id="72" sentence="3" number="15">with</token>
<token t_id="73" sentence="3" number="16">a</token>
<token t_id="74" sentence="3" number="17">20</token>
<token t_id="75" sentence="3" number="18">-</token>
<token t_id="76" sentence="3" number="19">13</token>
<token t_id="77" sentence="3" number="20">win</token>
<token t_id="78" sentence="3" number="21">over</token>
<token t_id="79" sentence="3" number="22">the</token>
<token t_id="80" sentence="3" number="23">Kansas</token>
<token t_id="81" sentence="3" number="24">City</token>
<token t_id="82" sentence="3" number="25">Chiefs</token>
<token t_id="83" sentence="3" number="26">on</token>
<token t_id="84" sentence="3" number="27">another</token>
<token t_id="85" sentence="3" number="28">Andrew</token>
<token t_id="86" sentence="3" number="29">Luck</token>
<token t_id="87" sentence="3" number="30">game</token>
<token t_id="88" sentence="3" number="31">-</token>
<token t_id="89" sentence="3" number="32">winning</token>
<token t_id="90" sentence="3" number="33">drive</token>
<token t_id="91" sentence="3" number="34">,</token>
<token t_id="92" sentence="3" number="35">his</token>
<token t_id="93" sentence="3" number="36">seventh</token>
<token t_id="94" sentence="3" number="37">of</token>
<token t_id="95" sentence="3" number="38">the</token>
<token t_id="96" sentence="3" number="39">season</token>
<token t_id="97" sentence="3" number="40">.</token>
<token t_id="98" sentence="4" number="0">A</token>
<token t_id="99" sentence="4" number="1">year</token>
<token t_id="100" sentence="4" number="2">ago</token>
<token t_id="101" sentence="4" number="3">,</token>
<token t_id="102" sentence="4" number="4">the</token>
<token t_id="103" sentence="4" number="5">Indianapolis</token>
<token t_id="104" sentence="4" number="6">Colts</token>
<token t_id="105" sentence="4" number="7">were</token>
<token t_id="106" sentence="4" number="8">an</token>
<token t_id="107" sentence="4" number="9">NFL</token>
<token t_id="108" sentence="4" number="10">-</token>
<token t_id="109" sentence="4" number="11">worst</token>
<token t_id="110" sentence="4" number="12">2</token>
<token t_id="111" sentence="4" number="13">-</token>
<token t_id="112" sentence="4" number="14">14</token>
<token t_id="113" sentence="4" number="15">and</token>
<token t_id="114" sentence="4" number="16">did</token>
<token t_id="115" sentence="4" number="17">not</token>
<token t_id="116" sentence="4" number="18">figure</token>
<token t_id="117" sentence="4" number="19">to</token>
<token t_id="118" sentence="4" number="20">be</token>
<token t_id="119" sentence="4" number="21">much</token>
<token t_id="120" sentence="4" number="22">better</token>
<token t_id="121" sentence="4" number="23">this</token>
<token t_id="122" sentence="4" number="24">season</token>
<token t_id="123" sentence="4" number="25">.</token>
<token t_id="124" sentence="5" number="0">But</token>
<token t_id="125" sentence="5" number="1">fifteen</token>
<token t_id="126" sentence="5" number="2">games</token>
<token t_id="127" sentence="5" number="3">later</token>
<token t_id="128" sentence="5" number="4">and</token>
<token t_id="129" sentence="5" number="5">the</token>
<token t_id="130" sentence="5" number="6">Colts</token>
<token t_id="131" sentence="5" number="7">stand</token>
<token t_id="132" sentence="5" number="8">at</token>
<token t_id="133" sentence="5" number="9">10</token>
<token t_id="134" sentence="5" number="10">-</token>
<token t_id="135" sentence="5" number="11">5</token>
<token t_id="136" sentence="5" number="12">and</token>
<token t_id="137" sentence="5" number="13">in</token>
<token t_id="138" sentence="5" number="14">the</token>
<token t_id="139" sentence="5" number="15">playoffs</token>
<token t_id="140" sentence="5" number="16">as</token>
<token t_id="141" sentence="5" number="17">the</token>
<token t_id="142" sentence="5" number="18">AFC's</token>
<token t_id="143" sentence="5" number="19">five</token>
<token t_id="144" sentence="5" number="20">seed</token>
<token t_id="145" sentence="5" number="21">.</token>
<token t_id="146" sentence="6" number="0">It</token>
<token t_id="147" sentence="6" number="1">is</token>
<token t_id="148" sentence="6" number="2">the</token>
<token t_id="149" sentence="6" number="3">representation</token>
<token t_id="150" sentence="6" number="4">of</token>
<token t_id="151" sentence="6" number="5">an</token>
<token t_id="152" sentence="6" number="6">incredible</token>
<token t_id="153" sentence="6" number="7">sesaon</token>
<token t_id="154" sentence="6" number="8">that</token>
<token t_id="155" sentence="6" number="9">will</token>
<token t_id="156" sentence="6" number="10">be</token>
<token t_id="157" sentence="6" number="11">extended</token>
<token t_id="158" sentence="6" number="12">beyond</token>
<token t_id="159" sentence="6" number="13">just</token>
<token t_id="160" sentence="6" number="14">next</token>
<token t_id="161" sentence="6" number="15">week</token>
<token t_id="162" sentence="6" number="16">.</token>
<token t_id="163" sentence="7" number="0">The</token>
<token t_id="164" sentence="7" number="1">Colts</token>
<token t_id="165" sentence="7" number="2">got</token>
<token t_id="166" sentence="7" number="3">the</token>
<token t_id="167" sentence="7" number="4">win</token>
<token t_id="168" sentence="7" number="5">today</token>
<token t_id="169" sentence="7" number="6">,</token>
<token t_id="170" sentence="7" number="7">but</token>
<token t_id="171" sentence="7" number="8">it</token>
<token t_id="172" sentence="7" number="9">wasn't</token>
<token t_id="173" sentence="7" number="10">pretty</token>
<token t_id="174" sentence="7" number="11">.</token>
<token t_id="175" sentence="8" number="0">In</token>
<token t_id="176" sentence="8" number="1">fact</token>
<token t_id="177" sentence="8" number="2">,</token>
<token t_id="178" sentence="8" number="3">according</token>
<token t_id="179" sentence="8" number="4">to</token>
<token t_id="180" sentence="8" number="5">Pro</token>
<token t_id="181" sentence="8" number="6">Football</token>
<token t_id="182" sentence="8" number="7">Reference</token>
<token t_id="183" sentence="8" number="8">,</token>
<token t_id="184" sentence="8" number="9">it</token>
<token t_id="185" sentence="8" number="10">was</token>
<token t_id="186" sentence="8" number="11">the</token>
<token t_id="187" sentence="8" number="12">first</token>
<token t_id="188" sentence="8" number="13">time</token>
<token t_id="189" sentence="8" number="14">in</token>
<token t_id="190" sentence="8" number="15">NFL</token>
<token t_id="191" sentence="8" number="16">history</token>
<token t_id="192" sentence="8" number="17">that</token>
<token t_id="193" sentence="8" number="18">a</token>
<token t_id="194" sentence="8" number="19">team</token>
<token t_id="195" sentence="8" number="20">rushed</token>
<token t_id="196" sentence="8" number="21">for</token>
<token t_id="197" sentence="8" number="22">over</token>
<token t_id="198" sentence="8" number="23">350</token>
<token t_id="199" sentence="8" number="24">yards</token>
<token t_id="200" sentence="8" number="25">and</token>
<token t_id="201" sentence="8" number="26">lost</token>
<token t_id="202" sentence="8" number="27">the</token>
<token t_id="203" sentence="8" number="28">game</token>
<token t_id="204" sentence="8" number="29">.</token>
<token t_id="205" sentence="9" number="0">The</token>
<token t_id="206" sentence="9" number="1">Colts</token>
<token t_id="207" sentence="9" number="2">were</token>
<token t_id="208" sentence="9" number="3">outplayed</token>
<token t_id="209" sentence="9" number="4">on</token>
<token t_id="210" sentence="9" number="5">both</token>
<token t_id="211" sentence="9" number="6">sides</token>
<token t_id="212" sentence="9" number="7">of</token>
<token t_id="213" sentence="9" number="8">the</token>
<token t_id="214" sentence="9" number="9">ball</token>
<token t_id="215" sentence="9" number="10">,</token>
<token t_id="216" sentence="9" number="11">but</token>
<token t_id="217" sentence="9" number="12">when</token>
<token t_id="218" sentence="9" number="13">it</token>
<token t_id="219" sentence="9" number="14">counted</token>
<token t_id="220" sentence="9" number="15">Andrew</token>
<token t_id="221" sentence="9" number="16">Luck</token>
<token t_id="222" sentence="9" number="17">and</token>
<token t_id="223" sentence="9" number="18">the</token>
<token t_id="224" sentence="9" number="19">Colts</token>
<token t_id="225" sentence="9" number="20">got</token>
<token t_id="226" sentence="9" number="21">it</token>
<token t_id="227" sentence="9" number="22">done</token>
<token t_id="228" sentence="9" number="23">.</token>
<token t_id="229" sentence="10" number="0">Check</token>
<token t_id="230" sentence="10" number="1">out</token>
<token t_id="231" sentence="10" number="2">some</token>
<token t_id="232" sentence="10" number="3">notes</token>
<token t_id="233" sentence="10" number="4">from</token>
<token t_id="234" sentence="10" number="5">the</token>
<token t_id="235" sentence="10" number="6">game</token>
<token t_id="236" sentence="10" number="7">:</token>
<token t_id="237" sentence="11" number="0">Andrew</token>
<token t_id="238" sentence="11" number="1">Luck</token>
<token t_id="239" sentence="11" number="2">was</token>
<token t_id="240" sentence="11" number="3">terrible</token>
<token t_id="241" sentence="11" number="4">for</token>
<token t_id="242" sentence="11" number="5">a</token>
<token t_id="243" sentence="11" number="6">stretch</token>
<token t_id="244" sentence="11" number="7">in</token>
<token t_id="245" sentence="11" number="8">the</token>
<token t_id="246" sentence="11" number="9">game</token>
<token t_id="247" sentence="11" number="10">that</token>
<token t_id="248" sentence="11" number="11">included</token>
<token t_id="249" sentence="11" number="12">10</token>
<token t_id="250" sentence="11" number="13">straight</token>
<token t_id="251" sentence="11" number="14">incompletions</token>
<token t_id="252" sentence="11" number="15">.</token>
<token t_id="253" sentence="12" number="0">But</token>
<token t_id="254" sentence="12" number="1">after</token>
<token t_id="255" sentence="12" number="2">that</token>
<token t_id="256" sentence="12" number="3">he</token>
<token t_id="257" sentence="12" number="4">got</token>
<token t_id="258" sentence="12" number="5">hot</token>
<token t_id="259" sentence="12" number="6">at</token>
<token t_id="260" sentence="12" number="7">just</token>
<token t_id="261" sentence="12" number="8">the</token>
<token t_id="262" sentence="12" number="9">right</token>
<token t_id="263" sentence="12" number="10">time</token>
<token t_id="264" sentence="12" number="11">and</token>
<token t_id="265" sentence="12" number="12">hit</token>
<token t_id="266" sentence="12" number="13">his</token>
<token t_id="267" sentence="12" number="14">last</token>
<token t_id="268" sentence="12" number="15">6</token>
<token t_id="269" sentence="12" number="16">passes</token>
<token t_id="270" sentence="12" number="17">of</token>
<token t_id="271" sentence="12" number="18">the</token>
<token t_id="272" sentence="12" number="19">day</token>
<token t_id="273" sentence="12" number="20">,</token>
<token t_id="274" sentence="12" number="21">capped</token>
<token t_id="275" sentence="12" number="22">off</token>
<token t_id="276" sentence="12" number="23">by</token>
<token t_id="277" sentence="12" number="24">a</token>
<token t_id="278" sentence="12" number="25">7</token>
<token t_id="279" sentence="12" number="26">-</token>
<token t_id="280" sentence="12" number="27">yard</token>
<token t_id="281" sentence="12" number="28">touchdown</token>
<token t_id="282" sentence="12" number="29">pass</token>
<token t_id="283" sentence="12" number="30">to</token>
<token t_id="284" sentence="12" number="31">Reggie</token>
<token t_id="285" sentence="12" number="32">Wayne</token>
<token t_id="286" sentence="12" number="33">in</token>
<token t_id="287" sentence="12" number="34">the</token>
<token t_id="288" sentence="12" number="35">back</token>
<token t_id="289" sentence="12" number="36">of</token>
<token t_id="290" sentence="12" number="37">the</token>
<token t_id="291" sentence="12" number="38">end</token>
<token t_id="292" sentence="12" number="39">zone</token>
<token t_id="293" sentence="12" number="40">for</token>
<token t_id="294" sentence="12" number="41">what</token>
<token t_id="295" sentence="12" number="42">proved</token>
<token t_id="296" sentence="12" number="43">to</token>
<token t_id="297" sentence="12" number="44">be</token>
<token t_id="298" sentence="12" number="45">the</token>
<token t_id="299" sentence="12" number="46">game</token>
<token t_id="300" sentence="12" number="47">winning</token>
<token t_id="301" sentence="12" number="48">score</token>
<token t_id="302" sentence="12" number="49">with</token>
<token t_id="303" sentence="12" number="50">four</token>
<token t_id="304" sentence="12" number="51">minutes</token>
<token t_id="305" sentence="12" number="52">left</token>
<token t_id="306" sentence="12" number="53">.</token>
<token t_id="307" sentence="13" number="0">He</token>
<token t_id="308" sentence="13" number="1">ended</token>
<token t_id="309" sentence="13" number="2">the</token>
<token t_id="310" sentence="13" number="3">day</token>
<token t_id="311" sentence="13" number="4">17</token>
<token t_id="312" sentence="13" number="5">/</token>
<token t_id="313" sentence="13" number="6">35</token>
<token t_id="314" sentence="13" number="7">for</token>
<token t_id="315" sentence="13" number="8">205</token>
<token t_id="316" sentence="13" number="9">yards</token>
<token t_id="317" sentence="13" number="10">and</token>
<token t_id="318" sentence="13" number="11">the</token>
<token t_id="319" sentence="13" number="12">touchdown</token>
<token t_id="320" sentence="13" number="13">along</token>
<token t_id="321" sentence="13" number="14">with</token>
<token t_id="322" sentence="13" number="15">6</token>
<token t_id="323" sentence="13" number="16">carries</token>
<token t_id="324" sentence="13" number="17">for</token>
<token t_id="325" sentence="13" number="18">21</token>
<token t_id="326" sentence="13" number="19">yards</token>
<token t_id="327" sentence="13" number="20">.</token>
<token t_id="328" sentence="14" number="0">For</token>
<token t_id="329" sentence="14" number="1">the</token>
<token t_id="330" sentence="14" number="2">second</token>
<token t_id="331" sentence="14" number="3">week</token>
<token t_id="332" sentence="14" number="4">in</token>
<token t_id="333" sentence="14" number="5">a</token>
<token t_id="334" sentence="14" number="6">row</token>
<token t_id="335" sentence="14" number="7">he</token>
<token t_id="336" sentence="14" number="8">did</token>
<token t_id="337" sentence="14" number="9">not</token>
<token t_id="338" sentence="14" number="10">turn</token>
<token t_id="339" sentence="14" number="11">the</token>
<token t_id="340" sentence="14" number="12">ball</token>
<token t_id="341" sentence="14" number="13">over</token>
<token t_id="342" sentence="14" number="14">,</token>
<token t_id="343" sentence="14" number="15">which</token>
<token t_id="344" sentence="14" number="16">is</token>
<token t_id="345" sentence="14" number="17">huge</token>
<token t_id="346" sentence="14" number="18">.</token>
<token t_id="347" sentence="15" number="0">And</token>
<token t_id="348" sentence="15" number="1">he</token>
<token t_id="349" sentence="15" number="2">also</token>
<token t_id="350" sentence="15" number="3">set</token>
<token t_id="351" sentence="15" number="4">the</token>
<token t_id="352" sentence="15" number="5">NFL</token>
<token t_id="353" sentence="15" number="6">rookie</token>
<token t_id="354" sentence="15" number="7">record</token>
<token t_id="355" sentence="15" number="8">for</token>
<token t_id="356" sentence="15" number="9">most</token>
<token t_id="357" sentence="15" number="10">passing</token>
<token t_id="358" sentence="15" number="11">yards</token>
<token t_id="359" sentence="15" number="12">in</token>
<token t_id="360" sentence="15" number="13">a</token>
<token t_id="361" sentence="15" number="14">season</token>
<token t_id="362" sentence="15" number="15">with</token>
<token t_id="363" sentence="15" number="16">4</token>
<token t_id="364" sentence="15" number="17">,</token>
<token t_id="365" sentence="15" number="18">051</token>
<token t_id="366" sentence="15" number="19">yards</token>
<token t_id="367" sentence="15" number="20">-</token>
<token t_id="368" sentence="15" number="21">breaking</token>
<token t_id="369" sentence="15" number="22">Cam</token>
<token t_id="370" sentence="15" number="23">Newton's</token>
<token t_id="371" sentence="15" number="24">record</token>
<token t_id="372" sentence="15" number="25">set</token>
<token t_id="373" sentence="15" number="26">a</token>
<token t_id="374" sentence="15" number="27">year</token>
<token t_id="375" sentence="15" number="28">ago</token>
<token t_id="376" sentence="15" number="29">.</token>
<token t_id="377" sentence="16" number="0">Dwayne</token>
<token t_id="378" sentence="16" number="1">Allen</token>
<token t_id="379" sentence="16" number="2">also</token>
<token t_id="380" sentence="16" number="3">set</token>
<token t_id="381" sentence="16" number="4">a</token>
<token t_id="382" sentence="16" number="5">Colts</token>
<token t_id="383" sentence="16" number="6">rookie</token>
<token t_id="384" sentence="16" number="7">record</token>
<token t_id="385" sentence="16" number="8">for</token>
<token t_id="386" sentence="16" number="9">receptions</token>
<token t_id="387" sentence="16" number="10">by</token>
<token t_id="388" sentence="16" number="11">a</token>
<token t_id="389" sentence="16" number="12">tight</token>
<token t_id="390" sentence="16" number="13">end</token>
<token t_id="391" sentence="16" number="14">with</token>
<token t_id="392" sentence="16" number="15">43</token>
<token t_id="393" sentence="16" number="16">.</token>
<token t_id="394" sentence="17" number="0">Allen</token>
<token t_id="395" sentence="17" number="1">has</token>
<token t_id="396" sentence="17" number="2">had</token>
<token t_id="397" sentence="17" number="3">a</token>
<token t_id="398" sentence="17" number="4">tremendous</token>
<token t_id="399" sentence="17" number="5">rookie</token>
<token t_id="400" sentence="17" number="6">year</token>
<token t_id="401" sentence="17" number="7">.</token>
<token t_id="402" sentence="18" number="0">He</token>
<token t_id="403" sentence="18" number="1">has</token>
<token t_id="404" sentence="18" number="2">a</token>
<token t_id="405" sentence="18" number="3">bright</token>
<token t_id="406" sentence="18" number="4">future</token>
<token t_id="407" sentence="18" number="5">ahead</token>
<token t_id="408" sentence="18" number="6">of</token>
<token t_id="409" sentence="18" number="7">him</token>
<token t_id="410" sentence="18" number="8">.</token>
<token t_id="411" sentence="19" number="0">Cassius</token>
<token t_id="412" sentence="19" number="1">Vaughn</token>
<token t_id="413" sentence="19" number="2">and</token>
<token t_id="414" sentence="19" number="3">Pat</token>
<token t_id="415" sentence="19" number="4">Angerer</token>
<token t_id="416" sentence="19" number="5">both</token>
<token t_id="417" sentence="19" number="6">were</token>
<token t_id="418" sentence="19" number="7">terrible</token>
<token t_id="419" sentence="19" number="8">today</token>
<token t_id="420" sentence="19" number="9">.</token>
<token t_id="421" sentence="20" number="0">There</token>
<token t_id="422" sentence="20" number="1">were</token>
<token t_id="423" sentence="20" number="2">others</token>
<token t_id="424" sentence="20" number="3">as</token>
<token t_id="425" sentence="20" number="4">well</token>
<token t_id="426" sentence="20" number="5">,</token>
<token t_id="427" sentence="20" number="6">but</token>
<token t_id="428" sentence="20" number="7">those</token>
<token t_id="429" sentence="20" number="8">two</token>
<token t_id="430" sentence="20" number="9">were</token>
<token t_id="431" sentence="20" number="10">the</token>
<token t_id="432" sentence="20" number="11">ones</token>
<token t_id="433" sentence="20" number="12">that</token>
<token t_id="434" sentence="20" number="13">really</token>
<token t_id="435" sentence="20" number="14">stuck</token>
<token t_id="436" sentence="20" number="15">out</token>
<token t_id="437" sentence="20" number="16">.</token>
<token t_id="438" sentence="21" number="0">Basically</token>
<token t_id="439" sentence="21" number="1">,</token>
<token t_id="440" sentence="21" number="2">however</token>
<token t_id="441" sentence="21" number="3">,</token>
<token t_id="442" sentence="21" number="4">the</token>
<token t_id="443" sentence="21" number="5">whole</token>
<token t_id="444" sentence="21" number="6">defense</token>
<token t_id="445" sentence="21" number="7">stunk</token>
<token t_id="446" sentence="21" number="8">today</token>
<token t_id="447" sentence="21" number="9">.</token>
<token t_id="448" sentence="22" number="0">The</token>
<token t_id="449" sentence="22" number="1">Colts</token>
<token t_id="450" sentence="22" number="2">gave</token>
<token t_id="451" sentence="22" number="3">up</token>
<token t_id="452" sentence="22" number="4">507</token>
<token t_id="453" sentence="22" number="5">total</token>
<token t_id="454" sentence="22" number="6">yards</token>
<token t_id="455" sentence="22" number="7">,</token>
<token t_id="456" sentence="22" number="8">352</token>
<token t_id="457" sentence="22" number="9">of</token>
<token t_id="458" sentence="22" number="10">them</token>
<token t_id="459" sentence="22" number="11">on</token>
<token t_id="460" sentence="22" number="12">the</token>
<token t_id="461" sentence="22" number="13">ground</token>
<token t_id="462" sentence="22" number="14">.</token>
<token t_id="463" sentence="23" number="0">It</token>
<token t_id="464" sentence="23" number="1">was</token>
<token t_id="465" sentence="23" number="2">the</token>
<token t_id="466" sentence="23" number="3">worst</token>
<token t_id="467" sentence="23" number="4">run</token>
<token t_id="468" sentence="23" number="5">defense</token>
<token t_id="469" sentence="23" number="6">I</token>
<token t_id="470" sentence="23" number="7">have</token>
<token t_id="471" sentence="23" number="8">seen</token>
<token t_id="472" sentence="23" number="9">the</token>
<token t_id="473" sentence="23" number="10">Colts</token>
<token t_id="474" sentence="23" number="11">play</token>
<token t_id="475" sentence="23" number="12">since</token>
<token t_id="476" sentence="23" number="13">that</token>
<token t_id="477" sentence="23" number="14">now</token>
<token t_id="478" sentence="23" number="15">infamous</token>
<token t_id="479" sentence="23" number="16">debacle</token>
<token t_id="480" sentence="23" number="17">in</token>
<token t_id="481" sentence="23" number="18">Jacksonville</token>
<token t_id="482" sentence="23" number="19">in</token>
<token t_id="483" sentence="23" number="20">2006</token>
<token t_id="484" sentence="23" number="21">.</token>
<token t_id="485" sentence="24" number="0">Simply</token>
<token t_id="486" sentence="24" number="1">must</token>
<token t_id="487" sentence="24" number="2">improve</token>
<token t_id="488" sentence="24" number="3">.</token>
<token t_id="489" sentence="25" number="0">That</token>
<token t_id="490" sentence="25" number="1">said</token>
<token t_id="491" sentence="25" number="2">,</token>
<token t_id="492" sentence="25" number="3">the</token>
<token t_id="493" sentence="25" number="4">Colts</token>
<token t_id="494" sentence="25" number="5">won</token>
<token t_id="495" sentence="25" number="6">the</token>
<token t_id="496" sentence="25" number="7">turnover</token>
<token t_id="497" sentence="25" number="8">battle</token>
<token t_id="498" sentence="25" number="9">3</token>
<token t_id="499" sentence="25" number="10">-</token>
<token t_id="500" sentence="25" number="11">0</token>
<token t_id="501" sentence="25" number="12">over</token>
<token t_id="502" sentence="25" number="13">the</token>
<token t_id="503" sentence="25" number="14">Chiefs</token>
<token t_id="504" sentence="25" number="15">.</token>
<token t_id="505" sentence="26" number="0">Darius</token>
<token t_id="506" sentence="26" number="1">Butler</token>
<token t_id="507" sentence="26" number="2">picked</token>
<token t_id="508" sentence="26" number="3">off</token>
<token t_id="509" sentence="26" number="4">a</token>
<token t_id="510" sentence="26" number="5">terrible</token>
<token t_id="511" sentence="26" number="6">Brady</token>
<token t_id="512" sentence="26" number="7">Quinn</token>
<token t_id="513" sentence="26" number="8">throw</token>
<token t_id="514" sentence="26" number="9">and</token>
<token t_id="515" sentence="26" number="10">took</token>
<token t_id="516" sentence="26" number="11">it</token>
<token t_id="517" sentence="26" number="12">back</token>
<token t_id="518" sentence="26" number="13">32</token>
<token t_id="519" sentence="26" number="14">yards</token>
<token t_id="520" sentence="26" number="15">for</token>
<token t_id="521" sentence="26" number="16">a</token>
<token t_id="522" sentence="26" number="17">score</token>
<token t_id="523" sentence="26" number="18">.</token>
<token t_id="524" sentence="27" number="0">It</token>
<token t_id="525" sentence="27" number="1">was</token>
<token t_id="526" sentence="27" number="2">Butler's</token>
<token t_id="527" sentence="27" number="3">4th</token>
<token t_id="528" sentence="27" number="4">pick</token>
<token t_id="529" sentence="27" number="5">of</token>
<token t_id="530" sentence="27" number="6">the</token>
<token t_id="531" sentence="27" number="7">year</token>
<token t_id="532" sentence="27" number="8">and</token>
<token t_id="533" sentence="27" number="9">the</token>
<token t_id="534" sentence="27" number="10">2nd</token>
<token t_id="535" sentence="27" number="11">one</token>
<token t_id="536" sentence="27" number="12">he</token>
<token t_id="537" sentence="27" number="13">returned</token>
<token t_id="538" sentence="27" number="14">for</token>
<token t_id="539" sentence="27" number="15">a</token>
<token t_id="540" sentence="27" number="16">touchdown</token>
<token t_id="541" sentence="27" number="17">.</token>
<token t_id="542" sentence="28" number="0">Pat</token>
<token t_id="543" sentence="28" number="1">Angerer</token>
<token t_id="544" sentence="28" number="2">also</token>
<token t_id="545" sentence="28" number="3">forced</token>
<token t_id="546" sentence="28" number="4">a</token>
<token t_id="547" sentence="28" number="5">big</token>
<token t_id="548" sentence="28" number="6">fumble</token>
<token t_id="549" sentence="28" number="7">with</token>
<token t_id="550" sentence="28" number="8">the</token>
<token t_id="551" sentence="28" number="9">Chiefs</token>
<token t_id="552" sentence="28" number="10">in</token>
<token t_id="553" sentence="28" number="11">the</token>
<token t_id="554" sentence="28" number="12">red</token>
<token t_id="555" sentence="28" number="13">zone</token>
<token t_id="556" sentence="28" number="14">and</token>
<token t_id="557" sentence="28" number="15">threatening</token>
<token t_id="558" sentence="28" number="16">that</token>
<token t_id="559" sentence="28" number="17">led</token>
<token t_id="560" sentence="28" number="18">to</token>
<token t_id="561" sentence="28" number="19">3</token>
<token t_id="562" sentence="28" number="20">points</token>
<token t_id="563" sentence="28" number="21">for</token>
<token t_id="564" sentence="28" number="22">the</token>
<token t_id="565" sentence="28" number="23">Colts</token>
<token t_id="566" sentence="28" number="24">before</token>
<token t_id="567" sentence="28" number="25">the</token>
<token t_id="568" sentence="28" number="26">half</token>
<token t_id="569" sentence="28" number="27">.</token>
<token t_id="570" sentence="29" number="0">And</token>
<token t_id="571" sentence="29" number="1">then</token>
<token t_id="572" sentence="29" number="2">the</token>
<token t_id="573" sentence="29" number="3">3rd</token>
<token t_id="574" sentence="29" number="4">turnover</token>
<token t_id="575" sentence="29" number="5">was</token>
<token t_id="576" sentence="29" number="6">a</token>
<token t_id="577" sentence="29" number="7">pick</token>
<token t_id="578" sentence="29" number="8">by</token>
<token t_id="579" sentence="29" number="9">Vontae</token>
<token t_id="580" sentence="29" number="10">Davis</token>
<token t_id="581" sentence="29" number="11">.</token>
<token t_id="582" sentence="30" number="0">When</token>
<token t_id="583" sentence="30" number="1">you</token>
<token t_id="584" sentence="30" number="2">have</token>
<token t_id="585" sentence="30" number="3">a</token>
<token t_id="586" sentence="30" number="4">+3</token>
<token t_id="587" sentence="30" number="5">turnover</token>
<token t_id="588" sentence="30" number="6">differential</token>
<token t_id="589" sentence="30" number="7">,</token>
<token t_id="590" sentence="30" number="8">you</token>
<token t_id="591" sentence="30" number="9">are</token>
<token t_id="592" sentence="30" number="10">going</token>
<token t_id="593" sentence="30" number="11">to</token>
<token t_id="594" sentence="30" number="12">win</token>
<token t_id="595" sentence="30" number="13">most</token>
<token t_id="596" sentence="30" number="14">games</token>
<token t_id="597" sentence="30" number="15">.</token>
<token t_id="598" sentence="31" number="0">It</token>
<token t_id="599" sentence="31" number="1">will</token>
<token t_id="600" sentence="31" number="2">be</token>
<token t_id="601" sentence="31" number="3">huge</token>
<token t_id="602" sentence="31" number="4">if</token>
<token t_id="603" sentence="31" number="5">the</token>
<token t_id="604" sentence="31" number="6">Colts</token>
<token t_id="605" sentence="31" number="7">could</token>
<token t_id="606" sentence="31" number="8">keep</token>
<token t_id="607" sentence="31" number="9">that</token>
<token t_id="608" sentence="31" number="10">up</token>
<token t_id="609" sentence="31" number="11">.</token>
<token t_id="610" sentence="32" number="0">The</token>
<token t_id="611" sentence="32" number="1">wide</token>
<token t_id="612" sentence="32" number="2">receivers</token>
<token t_id="613" sentence="32" number="3">really</token>
<token t_id="614" sentence="32" number="4">didn't</token>
<token t_id="615" sentence="32" number="5">help</token>
<token t_id="616" sentence="32" number="6">out</token>
<token t_id="617" sentence="32" number="7">Andrew</token>
<token t_id="618" sentence="32" number="8">Luck</token>
<token t_id="619" sentence="32" number="9">today</token>
<token t_id="620" sentence="32" number="10">.</token>
<token t_id="621" sentence="33" number="0">They</token>
<token t_id="622" sentence="33" number="1">dropped</token>
<token t_id="623" sentence="33" number="2">several</token>
<token t_id="624" sentence="33" number="3">passes</token>
<token t_id="625" sentence="33" number="4">(</token>
<token t_id="626" sentence="33" number="5">Reggie</token>
<token t_id="627" sentence="33" number="6">Wayne</token>
<token t_id="628" sentence="33" number="7">included</token>
<token t_id="629" sentence="33" number="8">)</token>
<token t_id="630" sentence="33" number="9">and</token>
<token t_id="631" sentence="33" number="10">failed</token>
<token t_id="632" sentence="33" number="11">to</token>
<token t_id="633" sentence="33" number="12">get</token>
<token t_id="634" sentence="33" number="13">open</token>
<token t_id="635" sentence="33" number="14">numerous</token>
<token t_id="636" sentence="33" number="15">other</token>
<token t_id="637" sentence="33" number="16">times</token>
<token t_id="638" sentence="33" number="17">.</token>
<token t_id="639" sentence="34" number="0">While</token>
<token t_id="640" sentence="34" number="1">it</token>
<token t_id="641" sentence="34" number="2">looked</token>
<token t_id="642" sentence="34" number="3">like</token>
<token t_id="643" sentence="34" number="4">a</token>
<token t_id="644" sentence="34" number="5">bad</token>
<token t_id="645" sentence="34" number="6">game</token>
<token t_id="646" sentence="34" number="7">from</token>
<token t_id="647" sentence="34" number="8">Luck</token>
<token t_id="648" sentence="34" number="9">,</token>
<token t_id="649" sentence="34" number="10">I</token>
<token t_id="650" sentence="34" number="11">place</token>
<token t_id="651" sentence="34" number="12">more</token>
<token t_id="652" sentence="34" number="13">of</token>
<token t_id="653" sentence="34" number="14">the</token>
<token t_id="654" sentence="34" number="15">blame</token>
<token t_id="655" sentence="34" number="16">on</token>
<token t_id="656" sentence="34" number="17">the</token>
<token t_id="657" sentence="34" number="18">receivers</token>
<token t_id="658" sentence="34" number="19">in</token>
<token t_id="659" sentence="34" number="20">this</token>
<token t_id="660" sentence="34" number="21">one</token>
<token t_id="661" sentence="34" number="22">.</token>
<token t_id="662" sentence="35" number="0">Nothing</token>
<token t_id="663" sentence="35" number="1">was</token>
<token t_id="664" sentence="35" number="2">open</token>
<token t_id="665" sentence="35" number="3">.</token>
<token t_id="666" sentence="36" number="0">However</token>
<token t_id="667" sentence="36" number="1">,</token>
<token t_id="668" sentence="36" number="2">on</token>
<token t_id="669" sentence="36" number="3">the</token>
<token t_id="670" sentence="36" number="4">final</token>
<token t_id="671" sentence="36" number="5">drive</token>
<token t_id="672" sentence="36" number="6">,</token>
<token t_id="673" sentence="36" number="7">once</token>
<token t_id="674" sentence="36" number="8">Reggie</token>
<token t_id="675" sentence="36" number="9">Wayne</token>
<token t_id="676" sentence="36" number="10">started</token>
<token t_id="677" sentence="36" number="11">getting</token>
<token t_id="678" sentence="36" number="12">involved</token>
<token t_id="679" sentence="36" number="13">,</token>
<token t_id="680" sentence="36" number="14">the</token>
<token t_id="681" sentence="36" number="15">Colts</token>
<token t_id="682" sentence="36" number="16">started</token>
<token t_id="683" sentence="36" number="17">rolling</token>
<token t_id="684" sentence="36" number="18">.</token>
<token t_id="685" sentence="37" number="0">On</token>
<token t_id="686" sentence="37" number="1">the</token>
<token t_id="687" sentence="37" number="2">last</token>
<token t_id="688" sentence="37" number="3">drive</token>
<token t_id="689" sentence="37" number="4">he</token>
<token t_id="690" sentence="37" number="5">caught</token>
<token t_id="691" sentence="37" number="6">3</token>
<token t_id="692" sentence="37" number="7">passes</token>
<token t_id="693" sentence="37" number="8">for</token>
<token t_id="694" sentence="37" number="9">37</token>
<token t_id="695" sentence="37" number="10">yards</token>
<token t_id="696" sentence="37" number="11">and</token>
<token t_id="697" sentence="37" number="12">a</token>
<token t_id="698" sentence="37" number="13">touchdown</token>
<token t_id="699" sentence="37" number="14">.</token>
<token t_id="700" sentence="38" number="0">Prior</token>
<token t_id="701" sentence="38" number="1">to</token>
<token t_id="702" sentence="38" number="2">that</token>
<token t_id="703" sentence="38" number="3">he</token>
<token t_id="704" sentence="38" number="4">had</token>
<token t_id="705" sentence="38" number="5">caught</token>
<token t_id="706" sentence="38" number="6">2</token>
<token t_id="707" sentence="38" number="7">passes</token>
<token t_id="708" sentence="38" number="8">for</token>
<token t_id="709" sentence="38" number="9">44</token>
<token t_id="710" sentence="38" number="10">.</token>
<token t_id="711" sentence="39" number="0">The</token>
<token t_id="712" sentence="39" number="1">key</token>
<token t_id="713" sentence="39" number="2">was</token>
<token t_id="714" sentence="39" number="3">that</token>
<token t_id="715" sentence="39" number="4">once</token>
<token t_id="716" sentence="39" number="5">the</token>
<token t_id="717" sentence="39" number="6">Colts</token>
<token t_id="718" sentence="39" number="7">got</token>
<token t_id="719" sentence="39" number="8">Reggie</token>
<token t_id="720" sentence="39" number="9">involved</token>
<token t_id="721" sentence="39" number="10">,</token>
<token t_id="722" sentence="39" number="11">good</token>
<token t_id="723" sentence="39" number="12">things</token>
<token t_id="724" sentence="39" number="13">happened</token>
<token t_id="725" sentence="39" number="14">.</token>
<token t_id="726" sentence="40" number="0">This</token>
<token t_id="727" sentence="40" number="1">game</token>
<token t_id="728" sentence="40" number="2">was</token>
<token t_id="729" sentence="40" number="3">Andrew</token>
<token t_id="730" sentence="40" number="4">Luck's</token>
<token t_id="731" sentence="40" number="5">7th</token>
<token t_id="732" sentence="40" number="6">game</token>
<token t_id="733" sentence="40" number="7">-</token>
<token t_id="734" sentence="40" number="8">winning</token>
<token t_id="735" sentence="40" number="9">drive</token>
<token t_id="736" sentence="40" number="10">of</token>
<token t_id="737" sentence="40" number="11">the</token>
<token t_id="738" sentence="40" number="12">season</token>
<token t_id="739" sentence="40" number="13">,</token>
<token t_id="740" sentence="40" number="14">tying</token>
<token t_id="741" sentence="40" number="15">an</token>
<token t_id="742" sentence="40" number="16">NFL</token>
<token t_id="743" sentence="40" number="17">record</token>
<token t_id="744" sentence="40" number="18">-</token>
<token t_id="745" sentence="40" number="19">not</token>
<token t_id="746" sentence="40" number="20">just</token>
<token t_id="747" sentence="40" number="21">a</token>
<token t_id="748" sentence="40" number="22">rookie</token>
<token t_id="749" sentence="40" number="23">record</token>
<token t_id="750" sentence="40" number="24">.</token>
<token t_id="751" sentence="41" number="0">Peyton</token>
<token t_id="752" sentence="41" number="1">Manning</token>
<token t_id="753" sentence="41" number="2">did</token>
<token t_id="754" sentence="41" number="3">it</token>
<token t_id="755" sentence="41" number="4">twice</token>
<token t_id="756" sentence="41" number="5">.</token>
<token t_id="757" sentence="42" number="0">Incredibly</token>
<token t_id="758" sentence="42" number="1">,</token>
<token t_id="759" sentence="42" number="2">if</token>
<token t_id="760" sentence="42" number="3">Luck</token>
<token t_id="761" sentence="42" number="4">leads</token>
<token t_id="762" sentence="42" number="5">a</token>
<token t_id="763" sentence="42" number="6">game</token>
<token t_id="764" sentence="42" number="7">winning</token>
<token t_id="765" sentence="42" number="8">drive</token>
<token t_id="766" sentence="42" number="9">next</token>
<token t_id="767" sentence="42" number="10">week</token>
<token t_id="768" sentence="42" number="11">in</token>
<token t_id="769" sentence="42" number="12">a</token>
<token t_id="770" sentence="42" number="13">very</token>
<token t_id="771" sentence="42" number="14">winnable</token>
<token t_id="772" sentence="42" number="15">game</token>
<token t_id="773" sentence="42" number="16">for</token>
<token t_id="774" sentence="42" number="17">the</token>
<token t_id="775" sentence="42" number="18">Colts</token>
<token t_id="776" sentence="42" number="19">,</token>
<token t_id="777" sentence="42" number="20">he</token>
<token t_id="778" sentence="42" number="21">would</token>
<token t_id="779" sentence="42" number="22">have</token>
<token t_id="780" sentence="42" number="23">the</token>
<token t_id="781" sentence="42" number="24">NFL</token>
<token t_id="782" sentence="42" number="25">record</token>
<token t_id="783" sentence="42" number="26">all</token>
<token t_id="784" sentence="42" number="27">to</token>
<token t_id="785" sentence="42" number="28">himself</token>
<token t_id="786" sentence="42" number="29">-</token>
<token t_id="787" sentence="42" number="30">as</token>
<token t_id="788" sentence="42" number="31">a</token>
<token t_id="789" sentence="42" number="32">rookie</token>
<token t_id="790" sentence="42" number="33">.</token>
<token t_id="791" sentence="43" number="0">Added</token>
<token t_id="792" sentence="43" number="1">to</token>
<token t_id="793" sentence="43" number="2">that</token>
<token t_id="794" sentence="43" number="3">fact</token>
<token t_id="795" sentence="43" number="4">is</token>
<token t_id="796" sentence="43" number="5">that</token>
<token t_id="797" sentence="43" number="6">the</token>
<token t_id="798" sentence="43" number="7">Colts</token>
<token t_id="799" sentence="43" number="8">are</token>
<token t_id="800" sentence="43" number="9">8</token>
<token t_id="801" sentence="43" number="10">-</token>
<token t_id="802" sentence="43" number="11">1</token>
<token t_id="803" sentence="43" number="12">in</token>
<token t_id="804" sentence="43" number="13">games</token>
<token t_id="805" sentence="43" number="14">decided</token>
<token t_id="806" sentence="43" number="15">by</token>
<token t_id="807" sentence="43" number="16">one</token>
<token t_id="808" sentence="43" number="17">score</token>
<token t_id="809" sentence="43" number="18">or</token>
<token t_id="810" sentence="43" number="19">less</token>
<token t_id="811" sentence="43" number="20">-</token>
<token t_id="812" sentence="43" number="21">the</token>
<token t_id="813" sentence="43" number="22">only</token>
<token t_id="814" sentence="43" number="23">loss</token>
<token t_id="815" sentence="43" number="24">coming</token>
<token t_id="816" sentence="43" number="25">in</token>
<token t_id="817" sentence="43" number="26">week</token>
<token t_id="818" sentence="43" number="27">3</token>
<token t_id="819" sentence="43" number="28">on</token>
<token t_id="820" sentence="43" number="29">that</token>
<token t_id="821" sentence="43" number="30">last</token>
<token t_id="822" sentence="43" number="31">-</token>
<token t_id="823" sentence="43" number="32">minute</token>
<token t_id="824" sentence="43" number="33">80</token>
<token t_id="825" sentence="43" number="34">yard</token>
<token t_id="826" sentence="43" number="35">touchdown</token>
<token t_id="827" sentence="43" number="36">pass</token>
<token t_id="828" sentence="43" number="37">by</token>
<token t_id="829" sentence="43" number="38">the</token>
<token t_id="830" sentence="43" number="39">Jaguars</token>
<token t_id="831" sentence="43" number="40">after</token>
<token t_id="832" sentence="43" number="41">Luck</token>
<token t_id="833" sentence="43" number="42">had</token>
<token t_id="834" sentence="43" number="43">led</token>
<token t_id="835" sentence="43" number="44">another</token>
<token t_id="836" sentence="43" number="45">go</token>
<token t_id="837" sentence="43" number="46">-</token>
<token t_id="838" sentence="43" number="47">ahead</token>
<token t_id="839" sentence="43" number="48">scoring</token>
<token t_id="840" sentence="43" number="49">drive</token>
<token t_id="841" sentence="43" number="50">late</token>
<token t_id="842" sentence="43" number="51">in</token>
<token t_id="843" sentence="43" number="52">the</token>
<token t_id="844" sentence="43" number="53">4th</token>
<token t_id="845" sentence="43" number="54">quarter</token>
<token t_id="846" sentence="43" number="55">.</token>
<token t_id="847" sentence="44" number="0">Chuck</token>
<token t_id="848" sentence="44" number="1">Pagano</token>
<token t_id="849" sentence="44" number="2">returns</token>
<token t_id="850" sentence="44" number="3">tomorrow</token>
<token t_id="851" sentence="44" number="4">.</token>
<token t_id="852" sentence="45" number="0">What</token>
<token t_id="853" sentence="45" number="1">a</token>
<token t_id="854" sentence="45" number="2">moment</token>
<token t_id="855" sentence="45" number="3">that</token>
<token t_id="856" sentence="45" number="4">will</token>
<token t_id="857" sentence="45" number="5">be</token>
<token t_id="858" sentence="45" number="6">tomorrow</token>
<token t_id="859" sentence="45" number="7">when</token>
<token t_id="860" sentence="45" number="8">Pagano</token>
<token t_id="861" sentence="45" number="9">walks</token>
<token t_id="862" sentence="45" number="10">into</token>
<token t_id="863" sentence="45" number="11">the</token>
<token t_id="864" sentence="45" number="12">locker</token>
<token t_id="865" sentence="45" number="13">room</token>
<token t_id="866" sentence="45" number="14">and</token>
<token t_id="867" sentence="45" number="15">is</token>
<token t_id="868" sentence="45" number="16">handed</token>
<token t_id="869" sentence="45" number="17">the</token>
<token t_id="870" sentence="45" number="18">head</token>
<token t_id="871" sentence="45" number="19">coaching</token>
<token t_id="872" sentence="45" number="20">reigns</token>
<token t_id="873" sentence="45" number="21">once</token>
<token t_id="874" sentence="45" number="22">again</token>
<token t_id="875" sentence="45" number="23">.</token>
<token t_id="876" sentence="46" number="0">And</token>
<token t_id="877" sentence="46" number="1">what</token>
<token t_id="878" sentence="46" number="2">a</token>
<token t_id="879" sentence="46" number="3">moment</token>
<token t_id="880" sentence="46" number="4">that</token>
<token t_id="881" sentence="46" number="5">will</token>
<token t_id="882" sentence="46" number="6">be</token>
<token t_id="883" sentence="46" number="7">next</token>
<token t_id="884" sentence="46" number="8">Sunday</token>
<token t_id="885" sentence="46" number="9">when</token>
<token t_id="886" sentence="46" number="10">he</token>
<token t_id="887" sentence="46" number="11">takes</token>
<token t_id="888" sentence="46" number="12">the</token>
<token t_id="889" sentence="46" number="13">field</token>
<token t_id="890" sentence="46" number="14">for</token>
<token t_id="891" sentence="46" number="15">the</token>
<token t_id="892" sentence="46" number="16">first</token>
<token t_id="893" sentence="46" number="17">time</token>
<token t_id="894" sentence="46" number="18">since</token>
<token t_id="895" sentence="46" number="19">week</token>
<token t_id="896" sentence="46" number="20">3</token>
<token t_id="897" sentence="46" number="21">.</token>
<token t_id="898" sentence="47" number="0">Colts</token>
<token t_id="899" sentence="47" number="1">nation</token>
<token t_id="900" sentence="47" number="2">has</token>
<token t_id="901" sentence="47" number="3">supported</token>
<token t_id="902" sentence="47" number="4">him</token>
<token t_id="903" sentence="47" number="5">all</token>
<token t_id="904" sentence="47" number="6">the</token>
<token t_id="905" sentence="47" number="7">way</token>
<token t_id="906" sentence="47" number="8">,</token>
<token t_id="907" sentence="47" number="9">as</token>
<token t_id="908" sentence="47" number="10">has</token>
<token t_id="909" sentence="47" number="11">the</token>
<token t_id="910" sentence="47" number="12">NFL</token>
<token t_id="911" sentence="47" number="13">.</token>
<token t_id="912" sentence="48" number="0">Next</token>
<token t_id="913" sentence="48" number="1">Sunday</token>
<token t_id="914" sentence="48" number="2">,</token>
<token t_id="915" sentence="48" number="3">the</token>
<token t_id="916" sentence="48" number="4">division</token>
<token t_id="917" sentence="48" number="5">rival</token>
<token t_id="918" sentence="48" number="6">Houston</token>
<token t_id="919" sentence="48" number="7">Texans</token>
<token t_id="920" sentence="48" number="8">come</token>
<token t_id="921" sentence="48" number="9">to</token>
<token t_id="922" sentence="48" number="10">Lucas</token>
<token t_id="923" sentence="48" number="11">Oil</token>
<token t_id="924" sentence="48" number="12">Stadium</token>
<token t_id="925" sentence="48" number="13">having</token>
<token t_id="926" sentence="48" number="14">never</token>
<token t_id="927" sentence="48" number="15">won</token>
<token t_id="928" sentence="48" number="16">in</token>
<token t_id="929" sentence="48" number="17">Indy</token>
<token t_id="930" sentence="48" number="18">.</token>
<token t_id="931" sentence="49" number="0">This</token>
<token t_id="932" sentence="49" number="1">is</token>
<token t_id="933" sentence="49" number="2">a</token>
<token t_id="934" sentence="49" number="3">game</token>
<token t_id="935" sentence="49" number="4">that</token>
<token t_id="936" sentence="49" number="5">before</token>
<token t_id="937" sentence="49" number="6">the</token>
<token t_id="938" sentence="49" number="7">season</token>
<token t_id="939" sentence="49" number="8">I</token>
<token t_id="940" sentence="49" number="9">even</token>
<token t_id="941" sentence="49" number="10">thought</token>
<token t_id="942" sentence="49" number="11">the</token>
<token t_id="943" sentence="49" number="12">Colts</token>
<token t_id="944" sentence="49" number="13">would</token>
<token t_id="945" sentence="49" number="14">win</token>
<token t_id="946" sentence="49" number="15">-</token>
<token t_id="947" sentence="49" number="16">back</token>
<token t_id="948" sentence="49" number="17">when</token>
<token t_id="949" sentence="49" number="18">I</token>
<token t_id="950" sentence="49" number="19">thought</token>
<token t_id="951" sentence="49" number="20">they</token>
<token t_id="952" sentence="49" number="21">would</token>
<token t_id="953" sentence="49" number="22">get</token>
<token t_id="954" sentence="49" number="23">7</token>
<token t_id="955" sentence="49" number="24">wins</token>
<token t_id="956" sentence="49" number="25">all</token>
<token t_id="957" sentence="49" number="26">year</token>
<token t_id="958" sentence="49" number="27">.</token>
<token t_id="959" sentence="50" number="0">They</token>
<token t_id="960" sentence="50" number="1">can</token>
<token t_id="961" sentence="50" number="2">beat</token>
<token t_id="962" sentence="50" number="3">the</token>
<token t_id="963" sentence="50" number="4">Texans</token>
<token t_id="964" sentence="50" number="5">,</token>
<token t_id="965" sentence="50" number="6">and</token>
<token t_id="966" sentence="50" number="7">with</token>
<token t_id="967" sentence="50" number="8">Pagano</token>
<token t_id="968" sentence="50" number="9">coming</token>
<token t_id="969" sentence="50" number="10">back</token>
<token t_id="970" sentence="50" number="11">,</token>
<token t_id="971" sentence="50" number="12">that</token>
<token t_id="972" sentence="50" number="13">will</token>
<token t_id="973" sentence="50" number="14">be</token>
<token t_id="974" sentence="50" number="15">a</token>
<token t_id="975" sentence="50" number="16">special</token>
<token t_id="976" sentence="50" number="17">game</token>
<token t_id="977" sentence="50" number="18">.</token>
<token t_id="978" sentence="51" number="0">Great</token>
<token t_id="979" sentence="51" number="1">job</token>
<token t_id="980" sentence="51" number="2">,</token>
<token t_id="981" sentence="51" number="3">Bruce</token>
<token t_id="982" sentence="51" number="4">Arians</token>
<token t_id="983" sentence="51" number="5">.</token>
<token t_id="984" sentence="52" number="0">Tremendous</token>
<token t_id="985" sentence="52" number="1">.</token>
<token t_id="986" sentence="53" number="0">Now</token>
<token t_id="987" sentence="53" number="1">my</token>
<token t_id="988" sentence="53" number="2">piece</token>
<token t_id="989" sentence="53" number="3">of</token>
<token t_id="990" sentence="53" number="4">advice</token>
<token t_id="991" sentence="53" number="5">to</token>
<token t_id="992" sentence="53" number="6">the</token>
<token t_id="993" sentence="53" number="7">Colts</token>
<token t_id="994" sentence="53" number="8">-</token>
<token t_id="995" sentence="53" number="9">don't</token>
<token t_id="996" sentence="53" number="10">stop</token>
<token t_id="997" sentence="53" number="11">being</token>
<token t_id="998" sentence="53" number="12">Chuckstrong</token>
<token t_id="999" sentence="53" number="13">.</token>
<token t_id="1000" sentence="54" number="0">Pagano</token>
<token t_id="1001" sentence="54" number="1">certainly</token>
<token t_id="1002" sentence="54" number="2">won't</token>
<token t_id="1003" sentence="54" number="3">.</token>
<Markables>
<ACTION_ASPECTUAL m_id="42"  >
  <token_anchor t_id="274"/>
  <token_anchor t_id="275"/>
</ACTION_ASPECTUAL>
<ACTION_OCCURRENCE m_id="41"  >
  <token_anchor t_id="265"/>
</ACTION_OCCURRENCE>
<ACTION_OCCURRENCE m_id="14"  >
  <token_anchor t_id="39"/>
</ACTION_OCCURRENCE>
<ACTION_OCCURRENCE m_id="15"  >
  <token_anchor t_id="60"/>
</ACTION_OCCURRENCE>
<ACTION_OCCURRENCE m_id="16"  >
  <token_anchor t_id="70"/>
  <token_anchor t_id="71"/>
</ACTION_OCCURRENCE>
<ACTION_OCCURRENCE m_id="17"  >
  <token_anchor t_id="90"/>
</ACTION_OCCURRENCE>
<ACTION_OCCURRENCE m_id="54"  >
  <token_anchor t_id="40"/>
</ACTION_OCCURRENCE>
<ACTION_OCCURRENCE m_id="18"  >
  <token_anchor t_id="125"/>
  <token_anchor t_id="126"/>
</ACTION_OCCURRENCE>
<ACTION_OCCURRENCE m_id="55"  >
  <token_anchor t_id="62"/>
</ACTION_OCCURRENCE>
<ACTION_OCCURRENCE m_id="19"  >
  <token_anchor t_id="131"/>
</ACTION_OCCURRENCE>
<ACTION_OCCURRENCE m_id="56"  >
  <token_anchor t_id="46"/>
</ACTION_OCCURRENCE>
<ACTION_OCCURRENCE m_id="20"  >
  <token_anchor t_id="139"/>
</ACTION_OCCURRENCE>
<ACTION_OCCURRENCE m_id="57"  >
  <token_anchor t_id="77"/>
</ACTION_OCCURRENCE>
<ACTION_OCCURRENCE m_id="22"  >
  <token_anchor t_id="208"/>
</ACTION_OCCURRENCE>
<ACTION_OCCURRENCE m_id="23"  >
  <token_anchor t_id="219"/>
</ACTION_OCCURRENCE>
<ACTION_OCCURRENCE m_id="24"  >
  <token_anchor t_id="225"/>
  <token_anchor t_id="226"/>
  <token_anchor t_id="227"/>
</ACTION_OCCURRENCE>
<ACTION_OCCURRENCE m_id="25"  >
  <token_anchor t_id="249"/>
  <token_anchor t_id="250"/>
  <token_anchor t_id="251"/>
</ACTION_OCCURRENCE>
<ACTION_OCCURRENCE m_id="26"  >
  <token_anchor t_id="257"/>
</ACTION_OCCURRENCE>
<ACTION_OCCURRENCE m_id="27"  >
  <token_anchor t_id="268"/>
  <token_anchor t_id="269"/>
</ACTION_OCCURRENCE>
<ACTION_OCCURRENCE m_id="28"  >
  <token_anchor t_id="281"/>
  <token_anchor t_id="282"/>
</ACTION_OCCURRENCE>
<ACTION_OCCURRENCE m_id="29"  >
  <token_anchor t_id="295"/>
</ACTION_OCCURRENCE>
<ACTION_OCCURRENCE m_id="30"  >
  <token_anchor t_id="301"/>
</ACTION_OCCURRENCE>
<ACTION_STATE m_id="43"  >
  <token_anchor t_id="278"/>
  <token_anchor t_id="279"/>
  <token_anchor t_id="280"/>
</ACTION_STATE>
<ACTION_STATE m_id="45"  >
  <token_anchor t_id="299"/>
  <token_anchor t_id="300"/>
</ACTION_STATE>
<ACTION_STATE m_id="46"  >
  <token_anchor t_id="240"/>
</ACTION_STATE>
<ACTION_STATE m_id="33"  >
  <token_anchor t_id="107"/>
  <token_anchor t_id="108"/>
  <token_anchor t_id="109"/>
  <token_anchor t_id="110"/>
  <token_anchor t_id="111"/>
  <token_anchor t_id="112"/>
</ACTION_STATE>
<ACTION_STATE m_id="34"  >
  <token_anchor t_id="120"/>
</ACTION_STATE>
<ACTION_STATE m_id="35"  >
  <token_anchor t_id="127"/>
</ACTION_STATE>
<ACTION_STATE m_id="36"  >
  <token_anchor t_id="133"/>
  <token_anchor t_id="134"/>
  <token_anchor t_id="135"/>
</ACTION_STATE>
<HUMAN_PART_ORG m_id="13"  >
  <token_anchor t_id="224"/>
</HUMAN_PART_ORG>
<HUMAN_PART_ORG m_id="1"  >
  <token_anchor t_id="38"/>
</HUMAN_PART_ORG>
<HUMAN_PART_ORG m_id="2"  >
  <token_anchor t_id="48"/>
</HUMAN_PART_ORG>
<HUMAN_PART_ORG m_id="3"  >
  <token_anchor t_id="58"/>
  <token_anchor t_id="59"/>
</HUMAN_PART_ORG>
<HUMAN_PART_ORG m_id="4"  >
  <token_anchor t_id="80"/>
  <token_anchor t_id="81"/>
  <token_anchor t_id="82"/>
</HUMAN_PART_ORG>
<HUMAN_PART_ORG m_id="5"  >
  <token_anchor t_id="103"/>
  <token_anchor t_id="104"/>
</HUMAN_PART_ORG>
<HUMAN_PART_ORG m_id="6"  >
  <token_anchor t_id="130"/>
</HUMAN_PART_ORG>
<HUMAN_PART_ORG m_id="7"  >
  <token_anchor t_id="206"/>
</HUMAN_PART_ORG>
<HUMAN_PART_PER m_id="9"  >
  <token_anchor t_id="284"/>
  <token_anchor t_id="285"/>
</HUMAN_PART_PER>
<HUMAN_PART_PER m_id="10"  >
  <token_anchor t_id="237"/>
  <token_anchor t_id="238"/>
</HUMAN_PART_PER>
<HUMAN_PART_PER m_id="11"  >
  <token_anchor t_id="220"/>
  <token_anchor t_id="221"/>
</HUMAN_PART_PER>
<HUMAN_PART_PER m_id="12"  >
  <token_anchor t_id="85"/>
  <token_anchor t_id="86"/>
</HUMAN_PART_PER>
<HUMAN_PART_PER m_id="8"  >
  <token_anchor t_id="256"/>
</HUMAN_PART_PER>
<LOC_OTHER m_id="44"  >
  <token_anchor t_id="286"/>
  <token_anchor t_id="287"/>
  <token_anchor t_id="288"/>
  <token_anchor t_id="289"/>
  <token_anchor t_id="290"/>
  <token_anchor t_id="291"/>
  <token_anchor t_id="292"/>
</LOC_OTHER>
<NEG_ACTION_STATE m_id="37"  >
  <token_anchor t_id="116"/>
</NEG_ACTION_STATE>
<NON_HUMAN_PART m_id="51"  >
  <token_anchor t_id="214"/>
</NON_HUMAN_PART>
<NON_HUMAN_PART m_id="58"  >
  <token_anchor t_id="210"/>
  <token_anchor t_id="211"/>
</NON_HUMAN_PART>
<NON_HUMAN_PART m_id="60"  >
  <token_anchor t_id="41"/>
</NON_HUMAN_PART>
<NON_HUMAN_PART m_id="61"  >
  <token_anchor t_id="63"/>
</NON_HUMAN_PART>
<TIME_DATE m_id="39"  >
  <token_anchor t_id="98"/>
  <token_anchor t_id="99"/>
  <token_anchor t_id="100"/>
</TIME_DATE>
<TIME_DATE m_id="40"  >
  <token_anchor t_id="121"/>
  <token_anchor t_id="122"/>
</TIME_DATE>
<TIME_DURATION m_id="47"  >
  <token_anchor t_id="241"/>
  <token_anchor t_id="242"/>
  <token_anchor t_id="243"/>
  <token_anchor t_id="244"/>
  <token_anchor t_id="245"/>
  <token_anchor t_id="246"/>
</TIME_DURATION>
<TIME_OF_THE_DAY m_id="31"  >
  <token_anchor t_id="50"/>
  <token_anchor t_id="51"/>
  <token_anchor t_id="52"/>
  <token_anchor t_id="53"/>
  <token_anchor t_id="54"/>
  <token_anchor t_id="55"/>
  <token_anchor t_id="56"/>
</TIME_OF_THE_DAY>
<TIME_REPETITION m_id="38"  >
  <token_anchor t_id="93"/>
</TIME_REPETITION>


<NON_HUMAN_PART m_id="64" note="byCROMER" >
  <token_anchor t_id="66"/>
  <token_anchor t_id="67"/>
</NON_HUMAN_PART>
<NON_HUMAN_PART m_id="65" note="byCROMER" >
  <token_anchor t_id="43"/>
  <token_anchor t_id="44"/>
  <token_anchor t_id="45"/>
</NON_HUMAN_PART>
<NON_HUMAN_PART m_id="66" note="byCROMER" >
  <token_anchor t_id="74"/>
  <token_anchor t_id="75"/>
  <token_anchor t_id="76"/>
</NON_HUMAN_PART>
<ACTION_OCCURRENCE m_id="67" note="byCROMER" >
  <token_anchor t_id="87"/>
</ACTION_OCCURRENCE>
<NON_HUMAN_PART m_id="68" note="byCROMER" >
  <token_anchor t_id="142"/>
  <token_anchor t_id="143"/>
  <token_anchor t_id="144"/>
</NON_HUMAN_PART>
<ACTION_OCCURRENCE m_id="69" note="byCROMER" >
  <token_anchor t_id="89"/>
</ACTION_OCCURRENCE>


<ACTION_OCCURRENCE m_id="79" RELATED_TO="" TAG_DESCRIPTOR="t29_colts_victory" instance_id="ACT16976684395747580" />
<HUMAN_PART_ORG m_id="78" RELATED_TO="" TAG_DESCRIPTOR="t29_colts" instance_id="HUM18524150423965861" />
<ACTION_OCCURRENCE m_id="77" RELATED_TO="" TAG_DESCRIPTOR="t29_game" instance_id="ACT16977099887799938" />
<NON_HUMAN_PART m_id="76" RELATED_TO="" TAG_DESCRIPTOR="t29_playoff_berth" instance_id="NON16976915577800368" />
<ACTION_OCCURRENCE m_id="75" RELATED_TO="" TAG_DESCRIPTOR="t29_luck_leading" instance_id="ACT28599883886798517" />
<HUMAN_PART_PER m_id="74" RELATED_TO="" TAG_DESCRIPTOR="t29_luck" instance_id="HUM16976884072437799" />
<HUMAN_PART_ORG m_id="73" RELATED_TO="" TAG_DESCRIPTOR="t29_chiefs" instance_id="HUM18263750557257525" />
<ACTION_OCCURRENCE m_id="72" RELATED_TO="" TAG_DESCRIPTOR="t29_clinch" instance_id="ACT16976816649304572" />
<ACTION_OCCURRENCE m_id="71" RELATED_TO="" TAG_DESCRIPTOR="t29_2012_playoffs" instance_id="ACT16976828207985668" />
<NON_HUMAN_PART m_id="70" RELATED_TO="" TAG_DESCRIPTOR="t29_20_13" instance_id="NON28597088168559097" />
</Markables>

<Relations>
<CROSS_DOC_COREF r_id="38591" note="NON28597088168559097" >
  <source m_id="65" />
  <source m_id="66" />
  <target m_id="70" />
</CROSS_DOC_COREF>
<CROSS_DOC_COREF r_id="38592" note="ACT16976828207985668" >
  <source m_id="54" />
  <source m_id="55" />
  <source m_id="16" />
  <target m_id="71" />
</CROSS_DOC_COREF>
<CROSS_DOC_COREF r_id="38593" note="ACT16976816649304572" >
  <source m_id="14" />
  <source m_id="15" />
  <target m_id="72" />
</CROSS_DOC_COREF>
<CROSS_DOC_COREF r_id="38594" note="HUM18263750557257525" >
  <source m_id="4" />
  <source m_id="2" />
  <target m_id="73" />
</CROSS_DOC_COREF>
<CROSS_DOC_COREF r_id="38595" note="HUM16976884072437799" >
  <source m_id="11" />
  <source m_id="12" />
  <target m_id="74" />
</CROSS_DOC_COREF>
<CROSS_DOC_COREF r_id="38596" note="ACT28599883886798517" >
  <source m_id="17" />
  <target m_id="75" />
</CROSS_DOC_COREF>
<CROSS_DOC_COREF r_id="38597" note="NON16976915577800368" >
  <source m_id="64" />
  <source m_id="60" />
  <source m_id="61" />
  <source m_id="68" />
  <target m_id="76" />
</CROSS_DOC_COREF>
<CROSS_DOC_COREF r_id="38598" note="ACT16977099887799938" >
  <source m_id="67" />
  <target m_id="77" />
</CROSS_DOC_COREF>
<CROSS_DOC_COREF r_id="38599" note="HUM18524150423965861" >
  <source m_id="1" />
  <source m_id="6" />
  <source m_id="13" />
  <source m_id="7" />
  <source m_id="3" />
  <target m_id="78" />
</CROSS_DOC_COREF>
<CROSS_DOC_COREF r_id="38600" note="ACT16976684395747580" >
  <source m_id="57" />
  <source m_id="56" />
  <source m_id="69" />
  <target m_id="79" />
</CROSS_DOC_COREF>

</Relations>
</Document>
