<Document doc_name="29_4ecb.xml" doc_id="DOC15654998363552613">
<token t_id="1" sentence="0" number="0">Precision</token>
<token t_id="2" sentence="0" number="1">and</token>
<token t_id="3" sentence="0" number="2">perfection</token>
<token t_id="4" sentence="0" number="3">defined</token>
<token t_id="5" sentence="0" number="4">Colts</token>
<token t_id="6" sentence="0" number="5">quaterback</token>
<token t_id="7" sentence="0" number="6">Peyton</token>
<token t_id="8" sentence="0" number="7">Manning</token>
<token t_id="9" sentence="0" number="8">'s</token>
<token t_id="10" sentence="0" number="9">start</token>
<token t_id="11" sentence="0" number="10">against</token>
<token t_id="12" sentence="0" number="11">the</token>
<token t_id="13" sentence="0" number="12">Jacksonville</token>
<token t_id="14" sentence="0" number="13">Jaguars.</token>
<token t_id="15" sentence="0" number="14">He</token>
<token t_id="16" sentence="0" number="15">completed</token>
<token t_id="17" sentence="0" number="16">his</token>
<token t_id="18" sentence="0" number="17">first</token>
<token t_id="19" sentence="0" number="18">17</token>
<token t_id="20" sentence="0" number="19">passes</token>
<token t_id="21" sentence="0" number="20">.</token>
<token t_id="22" sentence="1" number="0">Meanwhile</token>
<token t_id="23" sentence="1" number="1">,</token>
<token t_id="24" sentence="1" number="2">inconsistency</token>
<token t_id="25" sentence="1" number="3">and</token>
<token t_id="26" sentence="1" number="4">an</token>
<token t_id="27" sentence="1" number="5">inability</token>
<token t_id="28" sentence="1" number="6">to</token>
<token t_id="29" sentence="1" number="7">score</token>
<token t_id="30" sentence="1" number="8">at</token>
<token t_id="31" sentence="1" number="9">the</token>
<token t_id="32" sentence="1" number="10">end</token>
<token t_id="33" sentence="1" number="11">of</token>
<token t_id="34" sentence="1" number="12">the</token>
<token t_id="35" sentence="1" number="13">game</token>
<token t_id="36" sentence="1" number="14">defined</token>
<token t_id="37" sentence="1" number="15">Jaguars</token>
<token t_id="38" sentence="1" number="16">quarterback</token>
<token t_id="39" sentence="1" number="17">David</token>
<token t_id="40" sentence="1" number="18">Garrard</token>
<token t_id="41" sentence="1" number="19">'s</token>
<token t_id="42" sentence="1" number="20">Thursday</token>
<token t_id="43" sentence="1" number="21">night</token>
<token t_id="44" sentence="1" number="22">.</token>
<token t_id="45" sentence="2" number="0">``</token>
<token t_id="46" sentence="2" number="1">It</token>
<token t_id="47" sentence="2" number="2">'s</token>
<token t_id="48" sentence="2" number="3">a</token>
<token t_id="49" sentence="2" number="4">60-minute</token>
<token t_id="50" sentence="2" number="5">game</token>
<token t_id="51" sentence="2" number="6">--</token>
<token t_id="52" sentence="2" number="7">he</token>
<token t_id="53" sentence="2" number="8">played</token>
<token t_id="54" sentence="2" number="9">a</token>
<token t_id="55" sentence="2" number="10">really</token>
<token t_id="56" sentence="2" number="11">good</token>
<token t_id="57" sentence="2" number="12">game</token>
<token t_id="58" sentence="2" number="13">for</token>
<token t_id="59" sentence="2" number="14">3</token>
<token t_id="60" sentence="2" number="15">1/2</token>
<token t_id="61" sentence="2" number="16">quarters</token>
<token t_id="62" sentence="2" number="17">,</token>
<token t_id="63" sentence="2" number="18">''</token>
<token t_id="64" sentence="2" number="19">Colts</token>
<token t_id="65" sentence="2" number="20">defensive</token>
<token t_id="66" sentence="2" number="21">back</token>
<token t_id="67" sentence="2" number="22">Antoine</token>
<token t_id="68" sentence="2" number="23">Bethea</token>
<token t_id="69" sentence="2" number="24">said</token>
<token t_id="70" sentence="2" number="25">.</token>
<token t_id="71" sentence="3" number="0">The</token>
<token t_id="72" sentence="3" number="1">Jaguars</token>
<token t_id="73" sentence="3" number="2">led</token>
<token t_id="74" sentence="3" number="3">for</token>
<token t_id="75" sentence="3" number="4">three</token>
<token t_id="76" sentence="3" number="5">quarters</token>
<token t_id="77" sentence="3" number="6">,</token>
<token t_id="78" sentence="3" number="7">but</token>
<token t_id="79" sentence="3" number="8">17</token>
<token t_id="80" sentence="3" number="9">unanswered</token>
<token t_id="81" sentence="3" number="10">points</token>
<token t_id="82" sentence="3" number="11">in</token>
<token t_id="83" sentence="3" number="12">the</token>
<token t_id="84" sentence="3" number="13">fourth</token>
<token t_id="85" sentence="3" number="14">did</token>
<token t_id="86" sentence="3" number="15">them</token>
<token t_id="87" sentence="3" number="16">in</token>
<token t_id="88" sentence="3" number="17">.</token>
<token t_id="89" sentence="4" number="0">Manning</token>
<token t_id="90" sentence="4" number="1">completed</token>
<token t_id="91" sentence="4" number="2">29</token>
<token t_id="92" sentence="4" number="3">of</token>
<token t_id="93" sentence="4" number="4">34</token>
<token t_id="94" sentence="4" number="5">passes</token>
<token t_id="95" sentence="4" number="6">for</token>
<token t_id="96" sentence="4" number="7">364</token>
<token t_id="97" sentence="4" number="8">yards</token>
<token t_id="98" sentence="4" number="9">and</token>
<token t_id="99" sentence="4" number="10">3</token>
<token t_id="100" sentence="4" number="11">touchdowns</token>
<token t_id="101" sentence="4" number="12">in</token>
<token t_id="102" sentence="4" number="13">the</token>
<token t_id="103" sentence="4" number="14">Colts</token>
<token t_id="104" sentence="4" number="15">'</token>
<token t_id="105" sentence="4" number="16">31-24</token>
<token t_id="106" sentence="4" number="17">victory</token>
<token t_id="107" sentence="4" number="18">over</token>
<token t_id="108" sentence="4" number="19">the</token>
<token t_id="109" sentence="4" number="20">Jaguars</token>
<token t_id="110" sentence="4" number="21">at</token>
<token t_id="111" sentence="4" number="22">Jacksonville</token>
<token t_id="112" sentence="4" number="23">Municipal</token>
<token t_id="113" sentence="4" number="24">Stadium</token>
<token t_id="114" sentence="4" number="25">.</token>
<token t_id="115" sentence="5" number="0">Jacksonville</token>
<token t_id="116" sentence="5" number="1">fell</token>
<token t_id="117" sentence="5" number="2">to</token>
<token t_id="118" sentence="5" number="3">5-10</token>
<token t_id="119" sentence="5" number="4">on</token>
<token t_id="120" sentence="5" number="5">its</token>
<token t_id="121" sentence="5" number="6">way</token>
<token t_id="122" sentence="5" number="7">to</token>
<token t_id="123" sentence="5" number="8">its</token>
<token t_id="124" sentence="5" number="9">first</token>
<token t_id="125" sentence="5" number="10">losing</token>
<token t_id="126" sentence="5" number="11">year</token>
<token t_id="127" sentence="5" number="12">since</token>
<token t_id="128" sentence="5" number="13">Coach</token>
<token t_id="129" sentence="5" number="14">Jack</token>
<token t_id="130" sentence="5" number="15">Del</token>
<token t_id="131" sentence="5" number="16">Rio</token>
<token t_id="132" sentence="5" number="17">'s</token>
<token t_id="133" sentence="5" number="18">initial</token>
<token t_id="134" sentence="5" number="19">season</token>
<token t_id="135" sentence="5" number="20">(</token>
<token t_id="136" sentence="5" number="21">5-11</token>
<token t_id="137" sentence="5" number="22">)</token>
<token t_id="138" sentence="5" number="23">in</token>
<token t_id="139" sentence="5" number="24">2003</token>
<token t_id="140" sentence="5" number="25">.</token>
<token t_id="141" sentence="6" number="0">The</token>
<token t_id="142" sentence="6" number="1">loss</token>
<token t_id="143" sentence="6" number="2">ended</token>
<token t_id="144" sentence="6" number="3">a</token>
<token t_id="145" sentence="6" number="4">sordid</token>
<token t_id="146" sentence="6" number="5">home</token>
<token t_id="147" sentence="6" number="6">campaign</token>
<token t_id="148" sentence="6" number="7">in</token>
<token t_id="149" sentence="6" number="8">which</token>
<token t_id="150" sentence="6" number="9">the</token>
<token t_id="151" sentence="6" number="10">Jaguars</token>
<token t_id="152" sentence="6" number="11">went</token>
<token t_id="153" sentence="6" number="12">2-6</token>
<token t_id="154" sentence="6" number="13">.</token>
<token t_id="155" sentence="7" number="0">The</token>
<token t_id="156" sentence="7" number="1">Colts</token>
<token t_id="157" sentence="7" number="2">(</token>
<token t_id="158" sentence="7" number="3">11-4</token>
<token t_id="159" sentence="7" number="4">)</token>
<token t_id="160" sentence="7" number="5">,</token>
<token t_id="161" sentence="7" number="6">on</token>
<token t_id="162" sentence="7" number="7">an</token>
<token t_id="163" sentence="7" number="8">eight-game</token>
<token t_id="164" sentence="7" number="9">winning</token>
<token t_id="165" sentence="7" number="10">streak</token>
<token t_id="166" sentence="7" number="11">,</token>
<token t_id="167" sentence="7" number="12">clinched</token>
<token t_id="168" sentence="7" number="13">a</token>
<token t_id="169" sentence="7" number="14">playoff</token>
<token t_id="170" sentence="7" number="15">berth</token>
<token t_id="171" sentence="7" number="16">.</token>
<token t_id="172" sentence="8" number="0">Tony</token>
<token t_id="173" sentence="8" number="1">Dungy</token>
<token t_id="174" sentence="8" number="2">became</token>
<token t_id="175" sentence="8" number="3">the</token>
<token t_id="176" sentence="8" number="4">first</token>
<token t_id="177" sentence="8" number="5">coach</token>
<token t_id="178" sentence="8" number="6">since</token>
<token t_id="179" sentence="8" number="7">the</token>
<token t_id="180" sentence="8" number="8">1970</token>
<token t_id="181" sentence="8" number="9">merger</token>
<token t_id="182" sentence="8" number="10">to</token>
<token t_id="183" sentence="8" number="11">take</token>
<token t_id="184" sentence="8" number="12">his</token>
<token t_id="185" sentence="8" number="13">team</token>
<token t_id="186" sentence="8" number="14">to</token>
<token t_id="187" sentence="8" number="15">the</token>
<token t_id="188" sentence="8" number="16">playoffs</token>
<token t_id="189" sentence="8" number="17">in</token>
<token t_id="190" sentence="8" number="18">10</token>
<token t_id="191" sentence="8" number="19">consecutive</token>
<token t_id="192" sentence="8" number="20">years</token>
<token t_id="193" sentence="8" number="21">.</token>
<token t_id="194" sentence="9" number="0">Garrard</token>
<token t_id="195" sentence="9" number="1">threw</token>
<token t_id="196" sentence="9" number="2">for</token>
<token t_id="197" sentence="9" number="3">a</token>
<token t_id="198" sentence="9" number="4">career-high</token>
<token t_id="199" sentence="9" number="5">329</token>
<token t_id="200" sentence="9" number="6">yards</token>
<token t_id="201" sentence="9" number="7">,</token>
<token t_id="202" sentence="9" number="8">but</token>
<token t_id="203" sentence="9" number="9">late</token>
<token t_id="204" sentence="9" number="10">in</token>
<token t_id="205" sentence="9" number="11">the</token>
<token t_id="206" sentence="9" number="12">fourth</token>
<token t_id="207" sentence="9" number="13">quarter</token>
<token t_id="208" sentence="9" number="14">he</token>
<token t_id="209" sentence="9" number="15">made</token>
<token t_id="210" sentence="9" number="16">costly</token>
<token t_id="211" sentence="9" number="17">mistakes</token>
<token t_id="212" sentence="9" number="18">.</token>
<token t_id="213" sentence="10" number="0">After</token>
<token t_id="214" sentence="10" number="1">scoring</token>
<token t_id="215" sentence="10" number="2">on</token>
<token t_id="216" sentence="10" number="3">four</token>
<token t_id="217" sentence="10" number="4">of</token>
<token t_id="218" sentence="10" number="5">their</token>
<token t_id="219" sentence="10" number="6">first</token>
<token t_id="220" sentence="10" number="7">five</token>
<token t_id="221" sentence="10" number="8">drives</token>
<token t_id="222" sentence="10" number="9">,</token>
<token t_id="223" sentence="10" number="10">including</token>
<token t_id="224" sentence="10" number="11">their</token>
<token t_id="225" sentence="10" number="12">first</token>
<token t_id="226" sentence="10" number="13">two</token>
<token t_id="227" sentence="10" number="14">,</token>
<token t_id="228" sentence="10" number="15">the</token>
<token t_id="229" sentence="10" number="16">Jaguars</token>
<token t_id="230" sentence="10" number="17">punted</token>
<token t_id="231" sentence="10" number="18">to</token>
<token t_id="232" sentence="10" number="19">start</token>
<token t_id="233" sentence="10" number="20">the</token>
<token t_id="234" sentence="10" number="21">fourth</token>
<token t_id="235" sentence="10" number="22">quarter</token>
<token t_id="236" sentence="10" number="23">.</token>
<token t_id="237" sentence="11" number="0">On</token>
<token t_id="238" sentence="11" number="1">their</token>
<token t_id="239" sentence="11" number="2">next</token>
<token t_id="240" sentence="11" number="3">drive</token>
<token t_id="241" sentence="11" number="4">,</token>
<token t_id="242" sentence="11" number="5">with</token>
<token t_id="243" sentence="11" number="6">4:48</token>
<token t_id="244" sentence="11" number="7">remaining</token>
<token t_id="245" sentence="11" number="8">in</token>
<token t_id="246" sentence="11" number="9">the</token>
<token t_id="247" sentence="11" number="10">game</token>
<token t_id="248" sentence="11" number="11">,</token>
<token t_id="249" sentence="11" number="12">Garrard</token>
<token t_id="250" sentence="11" number="13">threw</token>
<token t_id="251" sentence="11" number="14">an</token>
<token t_id="252" sentence="11" number="15">interception</token>
<token t_id="253" sentence="11" number="16">to</token>
<token t_id="254" sentence="11" number="17">defensive</token>
<token t_id="255" sentence="11" number="18">back</token>
<token t_id="256" sentence="11" number="19">Keiwan</token>
<token t_id="257" sentence="11" number="20">Ratliff</token>
<token t_id="258" sentence="11" number="21">,</token>
<token t_id="259" sentence="11" number="22">who</token>
<token t_id="260" sentence="11" number="23">returned</token>
<token t_id="261" sentence="11" number="24">the</token>
<token t_id="262" sentence="11" number="25">pick</token>
<token t_id="263" sentence="11" number="26">35</token>
<token t_id="264" sentence="11" number="27">yards</token>
<token t_id="265" sentence="11" number="28">for</token>
<token t_id="266" sentence="11" number="29">a</token>
<token t_id="267" sentence="11" number="30">touchdown</token>
<token t_id="268" sentence="11" number="31">.</token>
<token t_id="269" sentence="12" number="0">``</token>
<token t_id="270" sentence="12" number="1">It</token>
<token t_id="271" sentence="12" number="2">was</token>
<token t_id="272" sentence="12" number="3">actually</token>
<token t_id="273" sentence="12" number="4">man-coverage</token>
<token t_id="274" sentence="12" number="5">,</token>
<token t_id="275" sentence="12" number="6">and</token>
<token t_id="276" sentence="12" number="7">he</token>
<token t_id="277" sentence="12" number="8">made</token>
<token t_id="278" sentence="12" number="9">a</token>
<token t_id="279" sentence="12" number="10">smart</token>
<token t_id="280" sentence="12" number="11">play</token>
<token t_id="281" sentence="12" number="12">by</token>
<token t_id="282" sentence="12" number="13">dropping</token>
<token t_id="283" sentence="12" number="14">off</token>
<token t_id="284" sentence="12" number="15">of</token>
<token t_id="285" sentence="12" number="16">Dennis</token>
<token t_id="286" sentence="12" number="17">[</token>
<token t_id="287" sentence="12" number="18">Northcutt</token>
<token t_id="288" sentence="12" number="19">]</token>
<token t_id="289" sentence="12" number="20">,</token>
<token t_id="290" sentence="12" number="21">''</token>
<token t_id="291" sentence="12" number="22">Garrard</token>
<token t_id="292" sentence="12" number="23">said</token>
<token t_id="293" sentence="12" number="24">.</token>
<token t_id="294" sentence="13" number="0">``</token>
<token t_id="295" sentence="13" number="1">You</token>
<token t_id="296" sentence="13" number="2">never</token>
<token t_id="297" sentence="13" number="3">see</token>
<token t_id="298" sentence="13" number="4">that</token>
<token t_id="299" sentence="13" number="5">in</token>
<token t_id="300" sentence="13" number="6">man</token>
<token t_id="301" sentence="13" number="7">coverage</token>
<token t_id="302" sentence="13" number="8">.</token>
<token t_id="303" sentence="14" number="0">They</token>
<token t_id="304" sentence="14" number="1">know</token>
<token t_id="305" sentence="14" number="2">we</token>
<token t_id="306" sentence="14" number="3">like</token>
<token t_id="307" sentence="14" number="4">the</token>
<token t_id="308" sentence="14" number="5">slant</token>
<token t_id="309" sentence="14" number="6">game</token>
<token t_id="310" sentence="14" number="7">on</token>
<token t_id="311" sentence="14" number="8">that</token>
<token t_id="312" sentence="14" number="9">down</token>
<token t_id="313" sentence="14" number="10">and</token>
<token t_id="314" sentence="14" number="11">distance</token>
<token t_id="315" sentence="14" number="12">and</token>
<token t_id="316" sentence="14" number="13">they</token>
<token t_id="317" sentence="14" number="14">watched</token>
<token t_id="318" sentence="14" number="15">tape</token>
<token t_id="319" sentence="14" number="16">.</token>
<token t_id="320" sentence="14" number="17">''</token>
<token t_id="321" sentence="15" number="0">The</token>
<token t_id="322" sentence="15" number="1">score</token>
<token t_id="323" sentence="15" number="2">gave</token>
<token t_id="324" sentence="15" number="3">Indianapolis</token>
<token t_id="325" sentence="15" number="4">its</token>
<token t_id="326" sentence="15" number="5">first</token>
<token t_id="327" sentence="15" number="6">lead</token>
<token t_id="328" sentence="15" number="7">of</token>
<token t_id="329" sentence="15" number="8">the</token>
<token t_id="330" sentence="15" number="9">game</token>
<token t_id="331" sentence="15" number="10">.</token>
<token t_id="332" sentence="16" number="0">Garrard</token>
<token t_id="333" sentence="16" number="1">finished</token>
<token t_id="334" sentence="16" number="2">with</token>
<token t_id="335" sentence="16" number="3">28</token>
<token t_id="336" sentence="16" number="4">completions</token>
<token t_id="337" sentence="16" number="5">on</token>
<token t_id="338" sentence="16" number="6">41</token>
<token t_id="339" sentence="16" number="7">attempts</token>
<token t_id="340" sentence="16" number="8">,</token>
<token t_id="341" sentence="16" number="9">a</token>
<token t_id="342" sentence="16" number="10">touchdown</token>
<token t_id="343" sentence="16" number="11">and</token>
<token t_id="344" sentence="16" number="12">an</token>
<token t_id="345" sentence="16" number="13">interception</token>
<token t_id="346" sentence="16" number="14">.</token>
<token t_id="347" sentence="17" number="0">The</token>
<token t_id="348" sentence="17" number="1">Jaguars</token>
<token t_id="349" sentence="17" number="2">had</token>
<token t_id="350" sentence="17" number="3">one</token>
<token t_id="351" sentence="17" number="4">final</token>
<token t_id="352" sentence="17" number="5">chance</token>
<token t_id="353" sentence="17" number="6">to</token>
<token t_id="354" sentence="17" number="7">win</token>
<token t_id="355" sentence="17" number="8">the</token>
<token t_id="356" sentence="17" number="9">game</token>
<token t_id="357" sentence="17" number="10">,</token>
<token t_id="358" sentence="17" number="11">fielding</token>
<token t_id="359" sentence="17" number="12">a</token>
<token t_id="360" sentence="17" number="13">Colts</token>
<token t_id="361" sentence="17" number="14">punt</token>
<token t_id="362" sentence="17" number="15">with</token>
<token t_id="363" sentence="17" number="16">2:34</token>
<token t_id="364" sentence="17" number="17">remaining</token>
<token t_id="365" sentence="17" number="18">.</token>
<token t_id="366" sentence="18" number="0">But</token>
<token t_id="367" sentence="18" number="1">with</token>
<token t_id="368" sentence="18" number="2">12</token>
<token t_id="369" sentence="18" number="3">seconds</token>
<token t_id="370" sentence="18" number="4">left</token>
<token t_id="371" sentence="18" number="5">,</token>
<token t_id="372" sentence="18" number="6">Garrard</token>
<token t_id="373" sentence="18" number="7">dropped</token>
<token t_id="374" sentence="18" number="8">back</token>
<token t_id="375" sentence="18" number="9">to</token>
<token t_id="376" sentence="18" number="10">pass</token>
<token t_id="377" sentence="18" number="11">and</token>
<token t_id="378" sentence="18" number="12">found</token>
<token t_id="379" sentence="18" number="13">Colts</token>
<token t_id="380" sentence="18" number="14">defensive</token>
<token t_id="381" sentence="18" number="15">end</token>
<token t_id="382" sentence="18" number="16">Dwight</token>
<token t_id="383" sentence="18" number="17">Freeney</token>
<token t_id="384" sentence="18" number="18">on</token>
<token t_id="385" sentence="18" number="19">top</token>
<token t_id="386" sentence="18" number="20">of</token>
<token t_id="387" sentence="18" number="21">him</token>
<token t_id="388" sentence="18" number="22">,</token>
<token t_id="389" sentence="18" number="23">nine</token>
<token t_id="390" sentence="18" number="24">yards</token>
<token t_id="391" sentence="18" number="25">behind</token>
<token t_id="392" sentence="18" number="26">the</token>
<token t_id="393" sentence="18" number="27">line</token>
<token t_id="394" sentence="18" number="28">of</token>
<token t_id="395" sentence="18" number="29">scrimmage</token>
<token t_id="396" sentence="18" number="30">.</token>
<token t_id="397" sentence="19" number="0">The</token>
<token t_id="398" sentence="19" number="1">sack</token>
<token t_id="399" sentence="19" number="2">ended</token>
<token t_id="400" sentence="19" number="3">the</token>
<token t_id="401" sentence="19" number="4">game</token>
<token t_id="402" sentence="19" number="5">.</token>
<token t_id="403" sentence="20" number="0">``</token>
<token t_id="404" sentence="20" number="1">I</token>
<token t_id="405" sentence="20" number="2">did</token>
<token t_id="406" sentence="20" number="3">n't</token>
<token t_id="407" sentence="20" number="4">even</token>
<token t_id="408" sentence="20" number="5">see</token>
<token t_id="409" sentence="20" number="6">it</token>
<token t_id="410" sentence="20" number="7">coming</token>
<token t_id="411" sentence="20" number="8">,</token>
<token t_id="412" sentence="20" number="9">''</token>
<token t_id="413" sentence="20" number="10">Garrard</token>
<token t_id="414" sentence="20" number="11">said</token>
<token t_id="415" sentence="20" number="12">.</token>
<token t_id="416" sentence="21" number="0">``</token>
<token t_id="417" sentence="21" number="1">So</token>
<token t_id="418" sentence="21" number="2">I</token>
<token t_id="419" sentence="21" number="3">could</token>
<token t_id="420" sentence="21" number="4">n't</token>
<token t_id="421" sentence="21" number="5">use</token>
<token t_id="422" sentence="21" number="6">my</token>
<token t_id="423" sentence="21" number="7">legs</token>
<token t_id="424" sentence="21" number="8">to</token>
<token t_id="425" sentence="21" number="9">make</token>
<token t_id="426" sentence="21" number="10">a</token>
<token t_id="427" sentence="21" number="11">play</token>
<token t_id="428" sentence="21" number="12">.</token>
<token t_id="429" sentence="21" number="13">''</token>
<token t_id="430" sentence="22" number="0">For</token>
<token t_id="431" sentence="22" number="1">the</token>
<token t_id="432" sentence="22" number="2">second</token>
<token t_id="433" sentence="22" number="3">home</token>
<token t_id="434" sentence="22" number="4">game</token>
<token t_id="435" sentence="22" number="5">in</token>
<token t_id="436" sentence="22" number="6">a</token>
<token t_id="437" sentence="22" number="7">row</token>
<token t_id="438" sentence="22" number="8">,</token>
<token t_id="439" sentence="22" number="9">the</token>
<token t_id="440" sentence="22" number="10">Jaguars</token>
<token t_id="441" sentence="22" number="11">started</token>
<token t_id="442" sentence="22" number="12">aggressively</token>
<token t_id="443" sentence="22" number="13">.</token>
<token t_id="444" sentence="23" number="0">They</token>
<token t_id="445" sentence="23" number="1">won</token>
<token t_id="446" sentence="23" number="2">the</token>
<token t_id="447" sentence="23" number="3">coin</token>
<token t_id="448" sentence="23" number="4">toss</token>
<token t_id="449" sentence="23" number="5">,</token>
<token t_id="450" sentence="23" number="6">and</token>
<token t_id="451" sentence="23" number="7">then</token>
<token t_id="452" sentence="23" number="8">elected</token>
<token t_id="453" sentence="23" number="9">to</token>
<token t_id="454" sentence="23" number="10">receive</token>
<token t_id="455" sentence="23" number="11">,</token>
<token t_id="456" sentence="23" number="12">just</token>
<token t_id="457" sentence="23" number="13">like</token>
<token t_id="458" sentence="23" number="14">they</token>
<token t_id="459" sentence="23" number="15">did</token>
<token t_id="460" sentence="23" number="16">against</token>
<token t_id="461" sentence="23" number="17">the</token>
<token t_id="462" sentence="23" number="18">Green</token>
<token t_id="463" sentence="23" number="19">Bay</token>
<token t_id="464" sentence="23" number="20">Packers</token>
<token t_id="465" sentence="23" number="21">on</token>
<token t_id="466" sentence="23" number="22">Sunday</token>
<token t_id="467" sentence="23" number="23">.</token>
<token t_id="468" sentence="24" number="0">Then</token>
<token t_id="469" sentence="24" number="1">they</token>
<token t_id="470" sentence="24" number="2">scored</token>
<token t_id="471" sentence="24" number="3">immediately</token>
<token t_id="472" sentence="24" number="4">,</token>
<token t_id="473" sentence="24" number="5">just</token>
<token t_id="474" sentence="24" number="6">like</token>
<token t_id="475" sentence="24" number="7">they</token>
<token t_id="476" sentence="24" number="8">did</token>
<token t_id="477" sentence="24" number="9">on</token>
<token t_id="478" sentence="24" number="10">Sunday</token>
<token t_id="479" sentence="24" number="11">.</token>
<token t_id="480" sentence="25" number="0">On</token>
<token t_id="481" sentence="25" number="1">their</token>
<token t_id="482" sentence="25" number="2">second</token>
<token t_id="483" sentence="25" number="3">drive</token>
<token t_id="484" sentence="25" number="4">,</token>
<token t_id="485" sentence="25" number="5">the</token>
<token t_id="486" sentence="25" number="6">Jaguars</token>
<token t_id="487" sentence="25" number="7">scored</token>
<token t_id="488" sentence="25" number="8">again</token>
<token t_id="489" sentence="25" number="9">,</token>
<token t_id="490" sentence="25" number="10">jumping</token>
<token t_id="491" sentence="25" number="11">to</token>
<token t_id="492" sentence="25" number="12">a</token>
<token t_id="493" sentence="25" number="13">14-0</token>
<token t_id="494" sentence="25" number="14">lead</token>
<token t_id="495" sentence="25" number="15">with</token>
<token t_id="496" sentence="25" number="16">a</token>
<token t_id="497" sentence="25" number="17">2-yard</token>
<token t_id="498" sentence="25" number="18">touchdown</token>
<token t_id="499" sentence="25" number="19">run</token>
<token t_id="500" sentence="25" number="20">by</token>
<token t_id="501" sentence="25" number="21">Garrard</token>
<token t_id="502" sentence="25" number="22">.</token>
<token t_id="503" sentence="26" number="0">Despite</token>
<token t_id="504" sentence="26" number="1">the</token>
<token t_id="505" sentence="26" number="2">Colts</token>
<token t_id="506" sentence="26" number="3">'</token>
<token t_id="507" sentence="26" number="4">passing</token>
<token t_id="508" sentence="26" number="5">perfection</token>
<token t_id="509" sentence="26" number="6">,</token>
<token t_id="510" sentence="26" number="7">Indianapolis</token>
<token t_id="511" sentence="26" number="8">could</token>
<token t_id="512" sentence="26" number="9">n't</token>
<token t_id="513" sentence="26" number="10">score</token>
<token t_id="514" sentence="26" number="11">.</token>
<token t_id="515" sentence="27" number="0">``</token>
<token t_id="516" sentence="27" number="1">This</token>
<token t_id="517" sentence="27" number="2">is</token>
<token t_id="518" sentence="27" number="3">a</token>
<token t_id="519" sentence="27" number="4">funny</token>
<token t_id="520" sentence="27" number="5">game</token>
<token t_id="521" sentence="27" number="6">,</token>
<token t_id="522" sentence="27" number="7">''</token>
<token t_id="523" sentence="27" number="8">Manning</token>
<token t_id="524" sentence="27" number="9">said</token>
<token t_id="525" sentence="27" number="10">.</token>
<token t_id="526" sentence="28" number="0">``</token>
<token t_id="527" sentence="28" number="1">We</token>
<token t_id="528" sentence="28" number="2">were</token>
<token t_id="529" sentence="28" number="3">completing</token>
<token t_id="530" sentence="28" number="4">some</token>
<token t_id="531" sentence="28" number="5">passes</token>
<token t_id="532" sentence="28" number="6">,</token>
<token t_id="533" sentence="28" number="7">but</token>
<token t_id="534" sentence="28" number="8">were</token>
<token t_id="535" sentence="28" number="9">down</token>
<token t_id="536" sentence="28" number="10">14-0</token>
<token t_id="537" sentence="28" number="11">.</token>
<token t_id="538" sentence="29" number="0">So</token>
<token t_id="539" sentence="29" number="1">that</token>
<token t_id="540" sentence="29" number="2">dominated</token>
<token t_id="541" sentence="29" number="3">our</token>
<token t_id="542" sentence="29" number="4">thoughts</token>
<token t_id="543" sentence="29" number="5">.</token>
<token t_id="544" sentence="29" number="6">''</token>
<token t_id="545" sentence="30" number="0">In</token>
<token t_id="546" sentence="30" number="1">the</token>
<token t_id="547" sentence="30" number="2">second</token>
<token t_id="548" sentence="30" number="3">half</token>
<token t_id="549" sentence="30" number="4">,</token>
<token t_id="550" sentence="30" number="5">Manning</token>
<token t_id="551" sentence="30" number="6">really</token>
<token t_id="552" sentence="30" number="7">went</token>
<token t_id="553" sentence="30" number="8">to</token>
<token t_id="554" sentence="30" number="9">work</token>
<token t_id="555" sentence="30" number="10">.</token>
<token t_id="556" sentence="31" number="0">He</token>
<token t_id="557" sentence="31" number="1">threw</token>
<token t_id="558" sentence="31" number="2">two</token>
<token t_id="559" sentence="31" number="3">touchdown</token>
<token t_id="560" sentence="31" number="4">passes</token>
<token t_id="561" sentence="31" number="5">and</token>
<token t_id="562" sentence="31" number="6">set</token>
<token t_id="563" sentence="31" number="7">up</token>
<token t_id="564" sentence="31" number="8">a</token>
<token t_id="565" sentence="31" number="9">game-tying</token>
<token t_id="566" sentence="31" number="10">45-yard</token>
<token t_id="567" sentence="31" number="11">field</token>
<token t_id="568" sentence="31" number="12">goal</token>
<token t_id="569" sentence="31" number="13">by</token>
<token t_id="570" sentence="31" number="14">Adam</token>
<token t_id="571" sentence="31" number="15">Vinatieri</token>
<token t_id="572" sentence="31" number="16">.</token>
<token t_id="573" sentence="32" number="0">And</token>
<token t_id="574" sentence="32" number="1">any</token>
<token t_id="575" sentence="32" number="2">time</token>
<token t_id="576" sentence="32" number="3">the</token>
<token t_id="577" sentence="32" number="4">Colts</token>
<token t_id="578" sentence="32" number="5">needed</token>
<token t_id="579" sentence="32" number="6">something</token>
<token t_id="580" sentence="32" number="7">to</token>
<token t_id="581" sentence="32" number="8">happen</token>
<token t_id="582" sentence="32" number="9">,</token>
<token t_id="583" sentence="32" number="10">they</token>
<token t_id="584" sentence="32" number="11">went</token>
<token t_id="585" sentence="32" number="12">to</token>
<token t_id="586" sentence="32" number="13">their</token>
<token t_id="587" sentence="32" number="14">passing</token>
<token t_id="588" sentence="32" number="15">game</token>
<token t_id="589" sentence="32" number="16">.</token>
<token t_id="590" sentence="33" number="0">Running</token>
<token t_id="591" sentence="33" number="1">plays</token>
<token t_id="592" sentence="33" number="2">were</token>
<token t_id="593" sentence="33" number="3">unreliable</token>
<token t_id="594" sentence="33" number="4">.</token>
<token t_id="595" sentence="34" number="0">The</token>
<token t_id="596" sentence="34" number="1">Jaguars</token>
<token t_id="597" sentence="34" number="2">could</token>
<token t_id="598" sentence="34" number="3">stop</token>
<token t_id="599" sentence="34" number="4">those</token>
<token t_id="600" sentence="34" number="5">.</token>
<token t_id="601" sentence="35" number="0">The</token>
<token t_id="602" sentence="35" number="1">Colts</token>
<token t_id="603" sentence="35" number="2">gained</token>
<token t_id="604" sentence="35" number="3">just</token>
<token t_id="605" sentence="35" number="4">32</token>
<token t_id="606" sentence="35" number="5">yards</token>
<token t_id="607" sentence="35" number="6">rushing</token>
<token t_id="608" sentence="35" number="7">.</token>
<token t_id="609" sentence="36" number="0">But</token>
<token t_id="610" sentence="36" number="1">the</token>
<token t_id="611" sentence="36" number="2">passes</token>
<token t_id="612" sentence="36" number="3">baffled</token>
<token t_id="613" sentence="36" number="4">the</token>
<token t_id="614" sentence="36" number="5">Jaguars</token>
<token t_id="615" sentence="36" number="6">'</token>
<token t_id="616" sentence="36" number="7">defense</token>
<token t_id="617" sentence="36" number="8">,</token>
<token t_id="618" sentence="36" number="9">sailing</token>
<token t_id="619" sentence="36" number="10">at</token>
<token t_id="620" sentence="36" number="11">the</token>
<token t_id="621" sentence="36" number="12">most</token>
<token t_id="622" sentence="36" number="13">important</token>
<token t_id="623" sentence="36" number="14">times</token>
<token t_id="624" sentence="36" number="15">to</token>
<token t_id="625" sentence="36" number="16">exactly</token>
<token t_id="626" sentence="36" number="17">where</token>
<token t_id="627" sentence="36" number="18">they</token>
<token t_id="628" sentence="36" number="19">needed</token>
<token t_id="629" sentence="36" number="20">to</token>
<token t_id="630" sentence="36" number="21">be</token>
<token t_id="631" sentence="36" number="22">.</token>
<token t_id="632" sentence="37" number="0">``</token>
<token t_id="633" sentence="37" number="1">Peyton</token>
<token t_id="634" sentence="37" number="2">Manning</token>
<token t_id="635" sentence="37" number="3">is</token>
<token t_id="636" sentence="37" number="4">a</token>
<token t_id="637" sentence="37" number="5">good</token>
<token t_id="638" sentence="37" number="6">quarterback</token>
<token t_id="639" sentence="37" number="7">,</token>
<token t_id="640" sentence="37" number="8">''</token>
<token t_id="641" sentence="37" number="9">Jaguars</token>
<token t_id="642" sentence="37" number="10">safety</token>
<token t_id="643" sentence="37" number="11">Reggie</token>
<token t_id="644" sentence="37" number="12">Nelson</token>
<token t_id="645" sentence="37" number="13">said</token>
<token t_id="646" sentence="37" number="14">.</token>
<token t_id="647" sentence="38" number="0">``</token>
<token t_id="648" sentence="38" number="1">He</token>
<token t_id="649" sentence="38" number="2">has</token>
<token t_id="650" sentence="38" number="3">always</token>
<token t_id="651" sentence="38" number="4">been</token>
<token t_id="652" sentence="38" number="5">good</token>
<token t_id="653" sentence="38" number="6">.</token>
<token t_id="654" sentence="39" number="0">That</token>
<token t_id="655" sentence="39" number="1">'s</token>
<token t_id="656" sentence="39" number="2">what</token>
<token t_id="657" sentence="39" number="3">he</token>
<token t_id="658" sentence="39" number="4">does</token>
<token t_id="659" sentence="39" number="5">.</token>
<token t_id="660" sentence="39" number="6">''</token>
<Markables>
<ACTION_ASPECTUAL m_id="18"  >
  <token_anchor t_id="90"/>
</ACTION_ASPECTUAL>
<ACTION_OCCURRENCE m_id="21"  >
  <token_anchor t_id="91"/>
</ACTION_OCCURRENCE>
<ACTION_OCCURRENCE m_id="22"  >
  <token_anchor t_id="93"/>
  <token_anchor t_id="94"/>
</ACTION_OCCURRENCE>
<ACTION_OCCURRENCE m_id="13"  >
  <token_anchor t_id="99"/>
  <token_anchor t_id="100"/>
</ACTION_OCCURRENCE>
<ACTION_OCCURRENCE m_id="16"  >
  <token_anchor t_id="106"/>
</ACTION_OCCURRENCE>
<HUMAN_PART_ORG m_id="12"  >
  <token_anchor t_id="103"/>
</HUMAN_PART_ORG>
<HUMAN_PART_ORG m_id="15"  >
  <token_anchor t_id="109"/>
</HUMAN_PART_ORG>
<HUMAN_PART_PER m_id="17"  >
  <token_anchor t_id="89"/>
</HUMAN_PART_PER>
<LOC_FAC m_id="14"  >
  <token_anchor t_id="110"/>
  <token_anchor t_id="111"/>
  <token_anchor t_id="112"/>
  <token_anchor t_id="113"/>
</LOC_FAC>
<NON_HUMAN_PART m_id="20"  >
  <token_anchor t_id="105"/>
</NON_HUMAN_PART>
<NON_HUMAN_PART m_id="19"  >
  <token_anchor t_id="96"/>
  <token_anchor t_id="97"/>
</NON_HUMAN_PART>




<LOC_FAC m_id="28" RELATED_TO="" TAG_DESCRIPTOR="t29b_jacksonsville_stadium" instance_id="LOC27381332203235856" />
<HUMAN_PART_ORG m_id="27" RELATED_TO="" TAG_DESCRIPTOR="t29_colts" instance_id="HUM18524150423965861" />
<ACTION_OCCURRENCE m_id="26" RELATED_TO="" TAG_DESCRIPTOR="t29b_victory" instance_id="ACT17035017539946132" />
<HUMAN_PART_ORG m_id="25" RELATED_TO="" TAG_DESCRIPTOR="t29b_jaguars" instance_id="HUM18263735780022045" />
<NON_HUMAN_PART m_id="24" RELATED_TO="" TAG_DESCRIPTOR="t29b_31_24" instance_id="NON17035421701153856" />
<HUMAN_PART_PER m_id="23" RELATED_TO="" TAG_DESCRIPTOR="t29_peyton_manning" instance_id="HUM16978321630641403" />
</Markables>

<Relations>
<CROSS_DOC_COREF r_id="37268" note="HUM16978321630641403" >
  <source m_id="17" />
  <target m_id="23" />
</CROSS_DOC_COREF>
<CROSS_DOC_COREF r_id="37269" note="NON17035421701153856" >
  <source m_id="20" />
  <target m_id="24" />
</CROSS_DOC_COREF>
<CROSS_DOC_COREF r_id="37270" note="HUM18263735780022045" >
  <source m_id="15" />
  <target m_id="25" />
</CROSS_DOC_COREF>
<CROSS_DOC_COREF r_id="37271" note="ACT17035017539946132" >
  <source m_id="16" />
  <target m_id="26" />
</CROSS_DOC_COREF>
<CROSS_DOC_COREF r_id="37272" note="HUM18524150423965861" >
  <source m_id="12" />
  <target m_id="27" />
</CROSS_DOC_COREF>
<CROSS_DOC_COREF r_id="37273" note="LOC27381332203235856" >
  <source m_id="14" />
  <target m_id="28" />
</CROSS_DOC_COREF>

</Relations>
</Document>
