<Document doc_name="29_9ecbplus.xml" doc_id="DOC15651942817342067">
<token t_id="1" sentence="0" number="0">http</token>
<token t_id="2" sentence="0" number="1">:</token>
<token t_id="3" sentence="0" number="2">/</token>
<token t_id="4" sentence="0" number="3">/</token>
<token t_id="5" sentence="0" number="4">sportsillustrated</token>
<token t_id="6" sentence="0" number="5">.</token>
<token t_id="7" sentence="0" number="6">cnn</token>
<token t_id="8" sentence="0" number="7">.</token>
<token t_id="9" sentence="0" number="8">com</token>
<token t_id="10" sentence="0" number="9">/</token>
<token t_id="11" sentence="0" number="10">football</token>
<token t_id="12" sentence="0" number="11">/</token>
<token t_id="13" sentence="0" number="12">nfl</token>
<token t_id="14" sentence="0" number="13">/</token>
<token t_id="15" sentence="0" number="14">gameflash</token>
<token t_id="16" sentence="0" number="15">/</token>
<token t_id="17" sentence="0" number="16">2012</token>
<token t_id="18" sentence="0" number="17">/</token>
<token t_id="19" sentence="0" number="18">12</token>
<token t_id="20" sentence="0" number="19">/</token>
<token t_id="21" sentence="0" number="20">23</token>
<token t_id="22" sentence="0" number="21">/</token>
<token t_id="23" sentence="0" number="22">5123</token>
<token t_id="24" sentence="0" number="23">/</token>
<token t_id="25" sentence="0" number="24">index</token>
<token t_id="26" sentence="0" number="25">.</token>
<token t_id="27" sentence="0" number="26">html</token>
<token t_id="28" sentence="1" number="0">Colts</token>
<token t_id="29" sentence="1" number="1">beat</token>
<token t_id="30" sentence="1" number="2">Chiefs</token>
<token t_id="31" sentence="1" number="3">20</token>
<token t_id="32" sentence="1" number="4">-</token>
<token t_id="33" sentence="1" number="5">13</token>
<token t_id="34" sentence="1" number="6">to</token>
<token t_id="35" sentence="1" number="7">clinch</token>
<token t_id="36" sentence="1" number="8">playoff</token>
<token t_id="37" sentence="1" number="9">berth</token>
<token t_id="38" sentence="2" number="0">The</token>
<token t_id="39" sentence="2" number="1">expectations</token>
<token t_id="40" sentence="2" number="2">placed</token>
<token t_id="41" sentence="2" number="3">upon</token>
<token t_id="42" sentence="2" number="4">Andrew</token>
<token t_id="43" sentence="2" number="5">Luck</token>
<token t_id="44" sentence="2" number="6">almost</token>
<token t_id="45" sentence="2" number="7">seemed</token>
<token t_id="46" sentence="2" number="8">unfair</token>
<token t_id="47" sentence="2" number="9">.</token>
<token t_id="48" sentence="3" number="0">Being</token>
<token t_id="49" sentence="3" number="1">the</token>
<token t_id="50" sentence="3" number="2">heir</token>
<token t_id="51" sentence="3" number="3">to</token>
<token t_id="52" sentence="3" number="4">Peyton</token>
<token t_id="53" sentence="3" number="5">Manning</token>
<token t_id="54" sentence="3" number="6">in</token>
<token t_id="55" sentence="3" number="7">Indianapolis</token>
<token t_id="56" sentence="3" number="8">is</token>
<token t_id="57" sentence="3" number="9">heady</token>
<token t_id="58" sentence="3" number="10">stuff</token>
<token t_id="59" sentence="3" number="11">for</token>
<token t_id="60" sentence="3" number="12">a</token>
<token t_id="61" sentence="3" number="13">rookie</token>
<token t_id="62" sentence="3" number="14">taking</token>
<token t_id="63" sentence="3" number="15">the</token>
<token t_id="64" sentence="3" number="16">reins</token>
<token t_id="65" sentence="3" number="17">of</token>
<token t_id="66" sentence="3" number="18">a</token>
<token t_id="67" sentence="3" number="19">franchise</token>
<token t_id="68" sentence="3" number="20">that</token>
<token t_id="69" sentence="3" number="21">won</token>
<token t_id="70" sentence="3" number="22">two</token>
<token t_id="71" sentence="3" number="23">games</token>
<token t_id="72" sentence="3" number="24">last</token>
<token t_id="73" sentence="3" number="25">season</token>
<token t_id="74" sentence="3" number="26">.</token>
<token t_id="75" sentence="4" number="0">Now</token>
<token t_id="76" sentence="4" number="1">,</token>
<token t_id="77" sentence="4" number="2">after</token>
<token t_id="78" sentence="4" number="3">guiding</token>
<token t_id="79" sentence="4" number="4">the</token>
<token t_id="80" sentence="4" number="5">Colts</token>
<token t_id="81" sentence="4" number="6">back</token>
<token t_id="82" sentence="4" number="7">to</token>
<token t_id="83" sentence="4" number="8">the</token>
<token t_id="84" sentence="4" number="9">playoffs</token>
<token t_id="85" sentence="4" number="10">-</token>
<token t_id="86" sentence="4" number="11">and</token>
<token t_id="87" sentence="4" number="12">breaking</token>
<token t_id="88" sentence="4" number="13">Cam</token>
<token t_id="89" sentence="4" number="14">Newton</token>
<token t_id="90" sentence="4" number="15">'s</token>
<token t_id="91" sentence="4" number="16">single</token>
<token t_id="92" sentence="4" number="17">-</token>
<token t_id="93" sentence="4" number="18">season</token>
<token t_id="94" sentence="4" number="19">passing</token>
<token t_id="95" sentence="4" number="20">record</token>
<token t_id="96" sentence="4" number="21">for</token>
<token t_id="97" sentence="4" number="22">a</token>
<token t_id="98" sentence="4" number="23">first</token>
<token t_id="99" sentence="4" number="24">-</token>
<token t_id="100" sentence="4" number="25">year</token>
<token t_id="101" sentence="4" number="26">player</token>
<token t_id="102" sentence="4" number="27">-</token>
<token t_id="103" sentence="4" number="28">it's</token>
<token t_id="104" sentence="4" number="29">safe</token>
<token t_id="105" sentence="4" number="30">to</token>
<token t_id="106" sentence="4" number="31">say</token>
<token t_id="107" sentence="4" number="32">Luck</token>
<token t_id="108" sentence="4" number="33">exceeded</token>
<token t_id="109" sentence="4" number="34">just</token>
<token t_id="110" sentence="4" number="35">about</token>
<token t_id="111" sentence="4" number="36">all</token>
<token t_id="112" sentence="4" number="37">of</token>
<token t_id="113" sentence="4" number="38">them</token>
<token t_id="114" sentence="4" number="39">.</token>
<token t_id="115" sentence="5" number="0">Luck</token>
<token t_id="116" sentence="5" number="1">threw</token>
<token t_id="117" sentence="5" number="2">for</token>
<token t_id="118" sentence="5" number="3">205</token>
<token t_id="119" sentence="5" number="4">yards</token>
<token t_id="120" sentence="5" number="5">Sunday</token>
<token t_id="121" sentence="5" number="6">,</token>
<token t_id="122" sentence="5" number="7">and</token>
<token t_id="123" sentence="5" number="8">his</token>
<token t_id="124" sentence="5" number="9">7</token>
<token t_id="125" sentence="5" number="10">-</token>
<token t_id="126" sentence="5" number="11">yard</token>
<token t_id="127" sentence="5" number="12">touchdown</token>
<token t_id="128" sentence="5" number="13">pass</token>
<token t_id="129" sentence="5" number="14">to</token>
<token t_id="130" sentence="5" number="15">Reggie</token>
<token t_id="131" sentence="5" number="16">Wayne</token>
<token t_id="132" sentence="5" number="17">on</token>
<token t_id="133" sentence="5" number="18">third</token>
<token t_id="134" sentence="5" number="19">-</token>
<token t_id="135" sentence="5" number="20">and</token>
<token t_id="136" sentence="5" number="21">-</token>
<token t_id="137" sentence="5" number="22">goal</token>
<token t_id="138" sentence="5" number="23">late</token>
<token t_id="139" sentence="5" number="24">in</token>
<token t_id="140" sentence="5" number="25">the</token>
<token t_id="141" sentence="5" number="26">fourth</token>
<token t_id="142" sentence="5" number="27">quarter</token>
<token t_id="143" sentence="5" number="28">gave</token>
<token t_id="144" sentence="5" number="29">the</token>
<token t_id="145" sentence="5" number="30">Colts</token>
<token t_id="146" sentence="5" number="31">a</token>
<token t_id="147" sentence="5" number="32">20</token>
<token t_id="148" sentence="5" number="33">-</token>
<token t_id="149" sentence="5" number="34">13</token>
<token t_id="150" sentence="5" number="35">victory</token>
<token t_id="151" sentence="5" number="36">over</token>
<token t_id="152" sentence="5" number="37">the</token>
<token t_id="153" sentence="5" number="38">Kansas</token>
<token t_id="154" sentence="5" number="39">City</token>
<token t_id="155" sentence="5" number="40">Chiefs</token>
<token t_id="156" sentence="5" number="41">.</token>
<token t_id="157" sentence="6" number="0">That</token>
<token t_id="158" sentence="6" number="1">put</token>
<token t_id="159" sentence="6" number="2">them</token>
<token t_id="160" sentence="6" number="3">into</token>
<token t_id="161" sentence="6" number="4">the</token>
<token t_id="162" sentence="6" number="5">playoffs</token>
<token t_id="163" sentence="6" number="6">without</token>
<token t_id="164" sentence="6" number="7">worrying</token>
<token t_id="165" sentence="6" number="8">about</token>
<token t_id="166" sentence="6" number="9">anybody</token>
<token t_id="167" sentence="6" number="10">else</token>
<token t_id="168" sentence="6" number="11">.</token>
<token t_id="169" sentence="7" number="0">"Would</token>
<token t_id="170" sentence="7" number="1">we</token>
<token t_id="171" sentence="7" number="2">have</token>
<token t_id="172" sentence="7" number="3">done</token>
<token t_id="173" sentence="7" number="4">it</token>
<token t_id="174" sentence="7" number="5">without</token>
<token t_id="175" sentence="7" number="6">him</token>
<token t_id="176" sentence="7" number="7">?</token>
<token t_id="177" sentence="7" number="8">"</token>
<token t_id="178" sentence="7" number="9">Colts</token>
<token t_id="179" sentence="7" number="10">interim</token>
<token t_id="180" sentence="7" number="11">coach</token>
<token t_id="181" sentence="7" number="12">Bruce</token>
<token t_id="182" sentence="7" number="13">Arians</token>
<token t_id="183" sentence="7" number="14">asked</token>
<token t_id="184" sentence="7" number="15">.</token>
<token t_id="185" sentence="8" number="0">"No</token>
<token t_id="186" sentence="8" number="1">.</token>
<token t_id="187" sentence="8" number="2">"</token>
<token t_id="188" sentence="9" number="0">Luck</token>
<token t_id="189" sentence="9" number="1">broke</token>
<token t_id="190" sentence="9" number="2">Newton's</token>
<token t_id="191" sentence="9" number="3">record</token>
<token t_id="192" sentence="9" number="4">of</token>
<token t_id="193" sentence="9" number="5">4</token>
<token t_id="194" sentence="9" number="6">,</token>
<token t_id="195" sentence="9" number="7">051</token>
<token t_id="196" sentence="9" number="8">yards</token>
<token t_id="197" sentence="9" number="9">passing</token>
<token t_id="198" sentence="9" number="10">in</token>
<token t_id="199" sentence="9" number="11">the</token>
<token t_id="200" sentence="9" number="12">second</token>
<token t_id="201" sentence="9" number="13">quarter</token>
<token t_id="202" sentence="9" number="14">.</token>
<token t_id="203" sentence="10" number="0">But</token>
<token t_id="204" sentence="10" number="1">it</token>
<token t_id="205" sentence="10" number="2">was</token>
<token t_id="206" sentence="10" number="3">extending</token>
<token t_id="207" sentence="10" number="4">his</token>
<token t_id="208" sentence="10" number="5">own</token>
<token t_id="209" sentence="10" number="6">rookie</token>
<token t_id="210" sentence="10" number="7">record</token>
<token t_id="211" sentence="10" number="8">for</token>
<token t_id="212" sentence="10" number="9">fourth</token>
<token t_id="213" sentence="10" number="10">-</token>
<token t_id="214" sentence="10" number="11">quarter</token>
<token t_id="215" sentence="10" number="12">comebacks</token>
<token t_id="216" sentence="10" number="13">to</token>
<token t_id="217" sentence="10" number="14">seven</token>
<token t_id="218" sentence="10" number="15">was</token>
<token t_id="219" sentence="10" number="16">more</token>
<token t_id="220" sentence="10" number="17">important</token>
<token t_id="221" sentence="10" number="18">.</token>
<token t_id="222" sentence="11" number="0">The</token>
<token t_id="223" sentence="11" number="1">Chiefs</token>
<token t_id="224" sentence="11" number="2">had</token>
<token t_id="225" sentence="11" number="3">rallied</token>
<token t_id="226" sentence="11" number="4">behind</token>
<token t_id="227" sentence="11" number="5">Jamaal</token>
<token t_id="228" sentence="11" number="6">Charles</token>
<token t_id="229" sentence="11" number="7">'</token>
<token t_id="230" sentence="11" number="8">226</token>
<token t_id="231" sentence="11" number="9">yards</token>
<token t_id="232" sentence="11" number="10">rushing</token>
<token t_id="233" sentence="11" number="11">to</token>
<token t_id="234" sentence="11" number="12">tie</token>
<token t_id="235" sentence="11" number="13">the</token>
<token t_id="236" sentence="11" number="14">game</token>
<token t_id="237" sentence="11" number="15">13</token>
<token t_id="238" sentence="11" number="16">-</token>
<token t_id="239" sentence="11" number="17">13</token>
<token t_id="240" sentence="11" number="18">heading</token>
<token t_id="241" sentence="11" number="19">into</token>
<token t_id="242" sentence="11" number="20">the</token>
<token t_id="243" sentence="11" number="21">fourth</token>
<token t_id="244" sentence="11" number="22">quarter</token>
<token t_id="245" sentence="11" number="23">.</token>
<token t_id="246" sentence="12" number="0">The</token>
<token t_id="247" sentence="12" number="1">Colts'</token>
<token t_id="248" sentence="12" number="2">defense</token>
<token t_id="249" sentence="12" number="3">stuffed</token>
<token t_id="250" sentence="12" number="4">quarterback</token>
<token t_id="251" sentence="12" number="5">Brady</token>
<token t_id="252" sentence="12" number="6">Quinn</token>
<token t_id="253" sentence="12" number="7">on</token>
<token t_id="254" sentence="12" number="8">fourth</token>
<token t_id="255" sentence="12" number="9">-</token>
<token t_id="256" sentence="12" number="10">and</token>
<token t_id="257" sentence="12" number="11">-</token>
<token t_id="258" sentence="12" number="12">inches</token>
<token t_id="259" sentence="12" number="13">to</token>
<token t_id="260" sentence="12" number="14">give</token>
<token t_id="261" sentence="12" number="15">Luck</token>
<token t_id="262" sentence="12" number="16">a</token>
<token t_id="263" sentence="12" number="17">chance</token>
<token t_id="264" sentence="12" number="18">.</token>
<token t_id="265" sentence="13" number="0">That's</token>
<token t_id="266" sentence="13" number="1">all</token>
<token t_id="267" sentence="13" number="2">he</token>
<token t_id="268" sentence="13" number="3">needed</token>
<token t_id="269" sentence="13" number="4">.</token>
<token t_id="270" sentence="14" number="0">After</token>
<token t_id="271" sentence="14" number="1">a</token>
<token t_id="272" sentence="14" number="2">miserable</token>
<token t_id="273" sentence="14" number="3">stretch</token>
<token t_id="274" sentence="14" number="4">in</token>
<token t_id="275" sentence="14" number="5">which</token>
<token t_id="276" sentence="14" number="6">he</token>
<token t_id="277" sentence="14" number="7">connected</token>
<token t_id="278" sentence="14" number="8">on</token>
<token t_id="279" sentence="14" number="9">1</token>
<token t_id="280" sentence="14" number="10">of</token>
<token t_id="281" sentence="14" number="11">13</token>
<token t_id="282" sentence="14" number="12">passes</token>
<token t_id="283" sentence="14" number="13">,</token>
<token t_id="284" sentence="14" number="14">the</token>
<token t_id="285" sentence="14" number="15">fabulous</token>
<token t_id="286" sentence="14" number="16">freshman</token>
<token t_id="287" sentence="14" number="17">calmly</token>
<token t_id="288" sentence="14" number="18">led</token>
<token t_id="289" sentence="14" number="19">Indianapolis</token>
<token t_id="290" sentence="14" number="20">(</token>
<token t_id="291" sentence="14" number="21">10</token>
<token t_id="292" sentence="14" number="22">-</token>
<token t_id="293" sentence="14" number="23">5</token>
<token t_id="294" sentence="14" number="24">)</token>
<token t_id="295" sentence="14" number="25">downfield</token>
<token t_id="296" sentence="14" number="26">.</token>
<token t_id="297" sentence="15" number="0">He</token>
<token t_id="298" sentence="15" number="1">completed</token>
<token t_id="299" sentence="15" number="2">a</token>
<token t_id="300" sentence="15" number="3">key</token>
<token t_id="301" sentence="15" number="4">pass</token>
<token t_id="302" sentence="15" number="5">to</token>
<token t_id="303" sentence="15" number="6">T</token>
<token t_id="304" sentence="15" number="7">.</token>
<token t_id="305" sentence="15" number="8">Y</token>
<token t_id="306" sentence="15" number="9">.</token>
<token t_id="307" sentence="15" number="10">Hilton</token>
<token t_id="308" sentence="15" number="11">on</token>
<token t_id="309" sentence="15" number="12">third</token>
<token t_id="310" sentence="15" number="13">down</token>
<token t_id="311" sentence="15" number="14">and</token>
<token t_id="312" sentence="15" number="15">made</token>
<token t_id="313" sentence="15" number="16">two</token>
<token t_id="314" sentence="15" number="17">nice</token>
<token t_id="315" sentence="15" number="18">throws</token>
<token t_id="316" sentence="15" number="19">to</token>
<token t_id="317" sentence="15" number="20">Wayne</token>
<token t_id="318" sentence="15" number="21">before</token>
<token t_id="319" sentence="15" number="22">hitting</token>
<token t_id="320" sentence="15" number="23">the</token>
<token t_id="321" sentence="15" number="24">veteran</token>
<token t_id="322" sentence="15" number="25">in</token>
<token t_id="323" sentence="15" number="26">the</token>
<token t_id="324" sentence="15" number="27">back</token>
<token t_id="325" sentence="15" number="28">of</token>
<token t_id="326" sentence="15" number="29">the</token>
<token t_id="327" sentence="15" number="30">end</token>
<token t_id="328" sentence="15" number="31">zone</token>
<token t_id="329" sentence="15" number="32">.</token>
<token t_id="330" sentence="16" number="0">"We</token>
<token t_id="331" sentence="16" number="1">had</token>
<token t_id="332" sentence="16" number="2">so</token>
<token t_id="333" sentence="16" number="3">many</token>
<token t_id="334" sentence="16" number="4">opportunities</token>
<token t_id="335" sentence="16" number="5">all</token>
<token t_id="336" sentence="16" number="6">game</token>
<token t_id="337" sentence="16" number="7">,</token>
<token t_id="338" sentence="16" number="8">especially</token>
<token t_id="339" sentence="16" number="9">on</token>
<token t_id="340" sentence="16" number="10">third</token>
<token t_id="341" sentence="16" number="11">down</token>
<token t_id="342" sentence="16" number="12">,</token>
<token t_id="343" sentence="16" number="13">that</token>
<token t_id="344" sentence="16" number="14">we</token>
<token t_id="345" sentence="16" number="15">squandered</token>
<token t_id="346" sentence="16" number="16">,</token>
<token t_id="347" sentence="16" number="17">"</token>
<token t_id="348" sentence="16" number="18">Wayne</token>
<token t_id="349" sentence="16" number="19">said</token>
<token t_id="350" sentence="16" number="20">.</token>
<token t_id="351" sentence="17" number="0">"We</token>
<token t_id="352" sentence="17" number="1">wanted</token>
<token t_id="353" sentence="17" number="2">to</token>
<token t_id="354" sentence="17" number="3">get</token>
<token t_id="355" sentence="17" number="4">that</token>
<token t_id="356" sentence="17" number="5">done</token>
<token t_id="357" sentence="17" number="6">.</token>
<token t_id="358" sentence="18" number="0">That</token>
<token t_id="359" sentence="18" number="1">was</token>
<token t_id="360" sentence="18" number="2">the</token>
<token t_id="361" sentence="18" number="3">opportune</token>
<token t_id="362" sentence="18" number="4">time</token>
<token t_id="363" sentence="18" number="5">to</token>
<token t_id="364" sentence="18" number="6">do</token>
<token t_id="365" sentence="18" number="7">it</token>
<token t_id="366" sentence="18" number="8">.</token>
<token t_id="367" sentence="18" number="9">"</token>
<token t_id="368" sentence="19" number="0">Darius</token>
<token t_id="369" sentence="19" number="1">Butler</token>
<token t_id="370" sentence="19" number="2">returned</token>
<token t_id="371" sentence="19" number="3">an</token>
<token t_id="372" sentence="19" number="4">interception</token>
<token t_id="373" sentence="19" number="5">32</token>
<token t_id="374" sentence="19" number="6">yards</token>
<token t_id="375" sentence="19" number="7">for</token>
<token t_id="376" sentence="19" number="8">the</token>
<token t_id="377" sentence="19" number="9">Colts'</token>
<token t_id="378" sentence="19" number="10">other</token>
<token t_id="379" sentence="19" number="11">touchdown</token>
<token t_id="380" sentence="19" number="12">,</token>
<token t_id="381" sentence="19" number="13">helping</token>
<token t_id="382" sentence="19" number="14">them</token>
<token t_id="383" sentence="19" number="15">join</token>
<token t_id="384" sentence="19" number="16">the</token>
<token t_id="385" sentence="19" number="17">2008</token>
<token t_id="386" sentence="19" number="18">Miami</token>
<token t_id="387" sentence="19" number="19">Dolphins</token>
<token t_id="388" sentence="19" number="20">as</token>
<token t_id="389" sentence="19" number="21">the</token>
<token t_id="390" sentence="19" number="22">only</token>
<token t_id="391" sentence="19" number="23">teams</token>
<token t_id="392" sentence="19" number="24">to</token>
<token t_id="393" sentence="19" number="25">win</token>
<token t_id="394" sentence="19" number="26">at</token>
<token t_id="395" sentence="19" number="27">least</token>
<token t_id="396" sentence="19" number="28">10</token>
<token t_id="397" sentence="19" number="29">games</token>
<token t_id="398" sentence="19" number="30">after</token>
<token t_id="399" sentence="19" number="31">losing</token>
<token t_id="400" sentence="19" number="32">14</token>
<token t_id="401" sentence="19" number="33">or</token>
<token t_id="402" sentence="19" number="34">more</token>
<token t_id="403" sentence="19" number="35">the</token>
<token t_id="404" sentence="19" number="36">previous</token>
<token t_id="405" sentence="19" number="37">season</token>
<token t_id="406" sentence="19" number="38">.</token>
<token t_id="407" sentence="20" number="0">Most</token>
<token t_id="408" sentence="20" number="1">of</token>
<token t_id="409" sentence="20" number="2">those</token>
<token t_id="410" sentence="20" number="3">wins</token>
<token t_id="411" sentence="20" number="4">have</token>
<token t_id="412" sentence="20" number="5">come</token>
<token t_id="413" sentence="20" number="6">under</token>
<token t_id="414" sentence="20" number="7">Arians</token>
<token t_id="415" sentence="20" number="8">,</token>
<token t_id="416" sentence="20" number="9">who</token>
<token t_id="417" sentence="20" number="10">has</token>
<token t_id="418" sentence="20" number="11">filled</token>
<token t_id="419" sentence="20" number="12">in</token>
<token t_id="420" sentence="20" number="13">admirably</token>
<token t_id="421" sentence="20" number="14">while</token>
<token t_id="422" sentence="20" number="15">Chuck</token>
<token t_id="423" sentence="20" number="16">Pagano</token>
<token t_id="424" sentence="20" number="17">underwent</token>
<token t_id="425" sentence="20" number="18">treatment</token>
<token t_id="426" sentence="20" number="19">for</token>
<token t_id="427" sentence="20" number="20">leukemia</token>
<token t_id="428" sentence="20" number="21">.</token>
<token t_id="429" sentence="21" number="0">Pagano</token>
<token t_id="430" sentence="21" number="1">is</token>
<token t_id="431" sentence="21" number="2">expected</token>
<token t_id="432" sentence="21" number="3">to</token>
<token t_id="433" sentence="21" number="4">rejoin</token>
<token t_id="434" sentence="21" number="5">the</token>
<token t_id="435" sentence="21" number="6">Colts</token>
<token t_id="436" sentence="21" number="7">this</token>
<token t_id="437" sentence="21" number="8">week</token>
<token t_id="438" sentence="21" number="9">.</token>
<token t_id="439" sentence="22" number="0">"Mission</token>
<token t_id="440" sentence="22" number="1">accomplished</token>
<token t_id="441" sentence="22" number="2">.</token>
<token t_id="442" sentence="23" number="0">That's</token>
<token t_id="443" sentence="23" number="1">all</token>
<token t_id="444" sentence="23" number="2">I</token>
<token t_id="445" sentence="23" number="3">can</token>
<token t_id="446" sentence="23" number="4">say</token>
<token t_id="447" sentence="23" number="5">,</token>
<token t_id="448" sentence="23" number="6">"</token>
<token t_id="449" sentence="23" number="7">Arians</token>
<token t_id="450" sentence="23" number="8">said</token>
<token t_id="451" sentence="23" number="9">.</token>
<token t_id="452" sentence="24" number="0">"Without</token>
<token t_id="453" sentence="24" number="1">getting</token>
<token t_id="454" sentence="24" number="2">emotional</token>
<token t_id="455" sentence="24" number="3">again</token>
<token t_id="456" sentence="24" number="4">,</token>
<token t_id="457" sentence="24" number="5">knowing</token>
<token t_id="458" sentence="24" number="6">that</token>
<token t_id="459" sentence="24" number="7">(</token>
<token t_id="460" sentence="24" number="8">Pagano</token>
<token t_id="461" sentence="24" number="9">)</token>
<token t_id="462" sentence="24" number="10">is</token>
<token t_id="463" sentence="24" number="11">going</token>
<token t_id="464" sentence="24" number="12">to</token>
<token t_id="465" sentence="24" number="13">be</token>
<token t_id="466" sentence="24" number="14">back</token>
<token t_id="467" sentence="24" number="15">Monday</token>
<token t_id="468" sentence="24" number="16">,</token>
<token t_id="469" sentence="24" number="17">the</token>
<token t_id="470" sentence="24" number="18">work</token>
<token t_id="471" sentence="24" number="19">week</token>
<token t_id="472" sentence="24" number="20">shouldn't</token>
<token t_id="473" sentence="24" number="21">be</token>
<token t_id="474" sentence="24" number="22">as</token>
<token t_id="475" sentence="24" number="23">stressful</token>
<token t_id="476" sentence="24" number="24">.</token>
<token t_id="477" sentence="24" number="25">"</token>
<token t_id="478" sentence="25" number="0">Charles'</token>
<token t_id="479" sentence="25" number="1">big</token>
<token t_id="480" sentence="25" number="2">day</token>
<token t_id="481" sentence="25" number="3">included</token>
<token t_id="482" sentence="25" number="4">an</token>
<token t_id="483" sentence="25" number="5">86</token>
<token t_id="484" sentence="25" number="6">-</token>
<token t_id="485" sentence="25" number="7">yard</token>
<token t_id="486" sentence="25" number="8">touchdown</token>
<token t_id="487" sentence="25" number="9">run</token>
<token t_id="488" sentence="25" number="10">on</token>
<token t_id="489" sentence="25" number="11">the</token>
<token t_id="490" sentence="25" number="12">first</token>
<token t_id="491" sentence="25" number="13">play</token>
<token t_id="492" sentence="25" number="14">of</token>
<token t_id="493" sentence="25" number="15">the</token>
<token t_id="494" sentence="25" number="16">second</token>
<token t_id="495" sentence="25" number="17">half</token>
<token t_id="496" sentence="25" number="18">.</token>
<token t_id="497" sentence="26" number="0">It</token>
<token t_id="498" sentence="26" number="1">was</token>
<token t_id="499" sentence="26" number="2">his</token>
<token t_id="500" sentence="26" number="3">second</token>
<token t_id="501" sentence="26" number="4">200</token>
<token t_id="502" sentence="26" number="5">-</token>
<token t_id="503" sentence="26" number="6">yard</token>
<token t_id="504" sentence="26" number="7">game</token>
<token t_id="505" sentence="26" number="8">of</token>
<token t_id="506" sentence="26" number="9">the</token>
<token t_id="507" sentence="26" number="10">season</token>
<token t_id="508" sentence="26" number="11">,</token>
<token t_id="509" sentence="26" number="12">and</token>
<token t_id="510" sentence="26" number="13">came</token>
<token t_id="511" sentence="26" number="14">one</token>
<token t_id="512" sentence="26" number="15">week</token>
<token t_id="513" sentence="26" number="16">after</token>
<token t_id="514" sentence="26" number="17">he</token>
<token t_id="515" sentence="26" number="18">managed</token>
<token t_id="516" sentence="26" number="19">10</token>
<token t_id="517" sentence="26" number="20">yards</token>
<token t_id="518" sentence="26" number="21">on</token>
<token t_id="519" sentence="26" number="22">nine</token>
<token t_id="520" sentence="26" number="23">carries</token>
<token t_id="521" sentence="26" number="24">against</token>
<token t_id="522" sentence="26" number="25">Oakland</token>
<token t_id="523" sentence="26" number="26">.</token>
<token t_id="524" sentence="27" number="0">"It</token>
<token t_id="525" sentence="27" number="1">was</token>
<token t_id="526" sentence="27" number="2">fun</token>
<token t_id="527" sentence="27" number="3">today</token>
<token t_id="528" sentence="27" number="4">,</token>
<token t_id="529" sentence="27" number="5">competing</token>
<token t_id="530" sentence="27" number="6">out</token>
<token t_id="531" sentence="27" number="7">there</token>
<token t_id="532" sentence="27" number="8">and</token>
<token t_id="533" sentence="27" number="9">doing</token>
<token t_id="534" sentence="27" number="10">it</token>
<token t_id="535" sentence="27" number="11">while</token>
<token t_id="536" sentence="27" number="12">we</token>
<token t_id="537" sentence="27" number="13">were</token>
<token t_id="538" sentence="27" number="14">trying</token>
<token t_id="539" sentence="27" number="15">to</token>
<token t_id="540" sentence="27" number="16">come</token>
<token t_id="541" sentence="27" number="17">back</token>
<token t_id="542" sentence="27" number="18">,</token>
<token t_id="543" sentence="27" number="19">"</token>
<token t_id="544" sentence="27" number="20">Charles</token>
<token t_id="545" sentence="27" number="21">said</token>
<token t_id="546" sentence="27" number="22">.</token>
<token t_id="547" sentence="28" number="0">"It</token>
<token t_id="548" sentence="28" number="1">was</token>
<token t_id="549" sentence="28" number="2">fun</token>
<token t_id="550" sentence="28" number="3">going</token>
<token t_id="551" sentence="28" number="4">out</token>
<token t_id="552" sentence="28" number="5">there</token>
<token t_id="553" sentence="28" number="6">and</token>
<token t_id="554" sentence="28" number="7">putting</token>
<token t_id="555" sentence="28" number="8">out</token>
<token t_id="556" sentence="28" number="9">a</token>
<token t_id="557" sentence="28" number="10">performance</token>
<token t_id="558" sentence="28" number="11">like</token>
<token t_id="559" sentence="28" number="12">that</token>
<token t_id="560" sentence="28" number="13">.</token>
<token t_id="561" sentence="28" number="14">"</token>
<token t_id="562" sentence="29" number="0">Charles</token>
<token t_id="563" sentence="29" number="1">joined</token>
<token t_id="564" sentence="29" number="2">the</token>
<token t_id="565" sentence="29" number="3">Titans'</token>
<token t_id="566" sentence="29" number="4">Chris</token>
<token t_id="567" sentence="29" number="5">Johnson</token>
<token t_id="568" sentence="29" number="6">and</token>
<token t_id="569" sentence="29" number="7">former</token>
<token t_id="570" sentence="29" number="8">Lions</token>
<token t_id="571" sentence="29" number="9">great</token>
<token t_id="572" sentence="29" number="10">Barry</token>
<token t_id="573" sentence="29" number="11">Sanders</token>
<token t_id="574" sentence="29" number="12">as</token>
<token t_id="575" sentence="29" number="13">the</token>
<token t_id="576" sentence="29" number="14">only</token>
<token t_id="577" sentence="29" number="15">players</token>
<token t_id="578" sentence="29" number="16">with</token>
<token t_id="579" sentence="29" number="17">three</token>
<token t_id="580" sentence="29" number="18">runs</token>
<token t_id="581" sentence="29" number="19">of</token>
<token t_id="582" sentence="29" number="20">80</token>
<token t_id="583" sentence="29" number="21">or</token>
<token t_id="584" sentence="29" number="22">more</token>
<token t_id="585" sentence="29" number="23">yards</token>
<token t_id="586" sentence="29" number="24">in</token>
<token t_id="587" sentence="29" number="25">a</token>
<token t_id="588" sentence="29" number="26">season</token>
<token t_id="589" sentence="29" number="27">.</token>
<token t_id="590" sentence="30" number="0">His</token>
<token t_id="591" sentence="30" number="1">third</token>
<token t_id="592" sentence="30" number="2">career</token>
<token t_id="593" sentence="30" number="3">200</token>
<token t_id="594" sentence="30" number="4">-</token>
<token t_id="595" sentence="30" number="5">yard</token>
<token t_id="596" sentence="30" number="6">game</token>
<token t_id="597" sentence="30" number="7">also</token>
<token t_id="598" sentence="30" number="8">set</token>
<token t_id="599" sentence="30" number="9">a</token>
<token t_id="600" sentence="30" number="10">franchise</token>
<token t_id="601" sentence="30" number="11">record</token>
<token t_id="602" sentence="30" number="12">,</token>
<token t_id="603" sentence="30" number="13">which</token>
<token t_id="604" sentence="30" number="14">he</token>
<token t_id="605" sentence="30" number="15">had</token>
<token t_id="606" sentence="30" number="16">shared</token>
<token t_id="607" sentence="30" number="17">with</token>
<token t_id="608" sentence="30" number="18">Larry</token>
<token t_id="609" sentence="30" number="19">Johnson</token>
<token t_id="610" sentence="30" number="20">.</token>
<token t_id="611" sentence="31" number="0">Peyton</token>
<token t_id="612" sentence="31" number="1">Hillis</token>
<token t_id="613" sentence="31" number="2">added</token>
<token t_id="614" sentence="31" number="3">101</token>
<token t_id="615" sentence="31" number="4">yards</token>
<token t_id="616" sentence="31" number="5">on</token>
<token t_id="617" sentence="31" number="6">the</token>
<token t_id="618" sentence="31" number="7">ground</token>
<token t_id="619" sentence="31" number="8">for</token>
<token t_id="620" sentence="31" number="9">the</token>
<token t_id="621" sentence="31" number="10">Chiefs</token>
<token t_id="622" sentence="31" number="11">(</token>
<token t_id="623" sentence="31" number="12">2</token>
<token t_id="624" sentence="31" number="13">-</token>
<token t_id="625" sentence="31" number="14">13</token>
<token t_id="626" sentence="31" number="15">)</token>
<token t_id="627" sentence="31" number="16">,</token>
<token t_id="628" sentence="31" number="17">who</token>
<token t_id="629" sentence="31" number="18">had</token>
<token t_id="630" sentence="31" number="19">352</token>
<token t_id="631" sentence="31" number="20">yards</token>
<token t_id="632" sentence="31" number="21">rushing</token>
<token t_id="633" sentence="31" number="22">in</token>
<token t_id="634" sentence="31" number="23">a</token>
<token t_id="635" sentence="31" number="24">losing</token>
<token t_id="636" sentence="31" number="25">effort</token>
<token t_id="637" sentence="31" number="26">-</token>
<token t_id="638" sentence="31" number="27">the</token>
<token t_id="639" sentence="31" number="28">first</token>
<token t_id="640" sentence="31" number="29">time</token>
<token t_id="641" sentence="31" number="30">that's</token>
<token t_id="642" sentence="31" number="31">happened</token>
<token t_id="643" sentence="31" number="32">in</token>
<token t_id="644" sentence="31" number="33">NFL</token>
<token t_id="645" sentence="31" number="34">history</token>
<token t_id="646" sentence="31" number="35">.</token>
<token t_id="647" sentence="32" number="0">A</token>
<token t_id="648" sentence="32" number="1">big</token>
<token t_id="649" sentence="32" number="2">reason</token>
<token t_id="650" sentence="32" number="3">why</token>
<token t_id="651" sentence="32" number="4">was</token>
<token t_id="652" sentence="32" number="5">Quinn</token>
<token t_id="653" sentence="32" number="6">,</token>
<token t_id="654" sentence="32" number="7">who</token>
<token t_id="655" sentence="32" number="8">was</token>
<token t_id="656" sentence="32" number="9">just</token>
<token t_id="657" sentence="32" number="10">10</token>
<token t_id="658" sentence="32" number="11">of</token>
<token t_id="659" sentence="32" number="12">22</token>
<token t_id="660" sentence="32" number="13">for</token>
<token t_id="661" sentence="32" number="14">162</token>
<token t_id="662" sentence="32" number="15">yards</token>
<token t_id="663" sentence="32" number="16">with</token>
<token t_id="664" sentence="32" number="17">two</token>
<token t_id="665" sentence="32" number="18">interceptions</token>
<token t_id="666" sentence="32" number="19">.</token>
<token t_id="667" sentence="33" number="0">"This</token>
<token t_id="668" sentence="33" number="1">game</token>
<token t_id="669" sentence="33" number="2">was</token>
<token t_id="670" sentence="33" number="3">without</token>
<token t_id="671" sentence="33" number="4">a</token>
<token t_id="672" sentence="33" number="5">doubt</token>
<token t_id="673" sentence="33" number="6">,</token>
<token t_id="674" sentence="33" number="7">100</token>
<token t_id="675" sentence="33" number="8">percent</token>
<token t_id="676" sentence="33" number="9">on</token>
<token t_id="677" sentence="33" number="10">my</token>
<token t_id="678" sentence="33" number="11">shoulders</token>
<token t_id="679" sentence="33" number="12">,</token>
<token t_id="680" sentence="33" number="13">"</token>
<token t_id="681" sentence="33" number="14">he</token>
<token t_id="682" sentence="33" number="15">said</token>
<token t_id="683" sentence="33" number="16">.</token>
<token t_id="684" sentence="34" number="0">"You</token>
<token t_id="685" sentence="34" number="1">can't</token>
<token t_id="686" sentence="34" number="2">play</token>
<token t_id="687" sentence="34" number="3">the</token>
<token t_id="688" sentence="34" number="4">way</token>
<token t_id="689" sentence="34" number="5">I</token>
<token t_id="690" sentence="34" number="6">played</token>
<token t_id="691" sentence="34" number="7">today</token>
<token t_id="692" sentence="34" number="8">and</token>
<token t_id="693" sentence="34" number="9">win</token>
<token t_id="694" sentence="34" number="10">a</token>
<token t_id="695" sentence="34" number="11">football</token>
<token t_id="696" sentence="34" number="12">game</token>
<token t_id="697" sentence="34" number="13">.</token>
<token t_id="698" sentence="34" number="14">"</token>
<token t_id="699" sentence="35" number="0">His</token>
<token t_id="700" sentence="35" number="1">trouble</token>
<token t_id="701" sentence="35" number="2">began</token>
<token t_id="702" sentence="35" number="3">with</token>
<token t_id="703" sentence="35" number="4">the</token>
<token t_id="704" sentence="35" number="5">Chiefs'</token>
<token t_id="705" sentence="35" number="6">fifth</token>
<token t_id="706" sentence="35" number="7">offensive</token>
<token t_id="707" sentence="35" number="8">play</token>
<token t_id="708" sentence="35" number="9">,</token>
<token t_id="709" sentence="35" number="10">when</token>
<token t_id="710" sentence="35" number="11">he</token>
<token t_id="711" sentence="35" number="12">threw</token>
<token t_id="712" sentence="35" number="13">woefully</token>
<token t_id="713" sentence="35" number="14">behind</token>
<token t_id="714" sentence="35" number="15">Dexter</token>
<token t_id="715" sentence="35" number="16">McCluster</token>
<token t_id="716" sentence="35" number="17">-</token>
<token t_id="717" sentence="35" number="18">who</token>
<token t_id="718" sentence="35" number="19">wasn't</token>
<token t_id="719" sentence="35" number="20">even</token>
<token t_id="720" sentence="35" number="21">looking</token>
<token t_id="721" sentence="35" number="22">for</token>
<token t_id="722" sentence="35" number="23">the</token>
<token t_id="723" sentence="35" number="24">ball</token>
<token t_id="724" sentence="35" number="25">.</token>
<token t_id="725" sentence="36" number="0">Butler</token>
<token t_id="726" sentence="36" number="1">picked</token>
<token t_id="727" sentence="36" number="2">off</token>
<token t_id="728" sentence="36" number="3">the</token>
<token t_id="729" sentence="36" number="4">pass</token>
<token t_id="730" sentence="36" number="5">in</token>
<token t_id="731" sentence="36" number="6">stride</token>
<token t_id="732" sentence="36" number="7">,</token>
<token t_id="733" sentence="36" number="8">taking</token>
<token t_id="734" sentence="36" number="9">it</token>
<token t_id="735" sentence="36" number="10">untouched</token>
<token t_id="736" sentence="36" number="11">to</token>
<token t_id="737" sentence="36" number="12">the</token>
<token t_id="738" sentence="36" number="13">end</token>
<token t_id="739" sentence="36" number="14">zone</token>
<token t_id="740" sentence="36" number="15">for</token>
<token t_id="741" sentence="36" number="16">a</token>
<token t_id="742" sentence="36" number="17">7</token>
<token t_id="743" sentence="36" number="18">-</token>
<token t_id="744" sentence="36" number="19">0</token>
<token t_id="745" sentence="36" number="20">lead</token>
<token t_id="746" sentence="36" number="21">.</token>
<token t_id="747" sentence="37" number="0">Kansas</token>
<token t_id="748" sentence="37" number="1">City</token>
<token t_id="749" sentence="37" number="2">managed</token>
<token t_id="750" sentence="37" number="3">a</token>
<token t_id="751" sentence="37" number="4">field</token>
<token t_id="752" sentence="37" number="5">goal</token>
<token t_id="753" sentence="37" number="6">by</token>
<token t_id="754" sentence="37" number="7">Ryan</token>
<token t_id="755" sentence="37" number="8">Succop</token>
<token t_id="756" sentence="37" number="9">,</token>
<token t_id="757" sentence="37" number="10">but</token>
<token t_id="758" sentence="37" number="11">he</token>
<token t_id="759" sentence="37" number="12">missed</token>
<token t_id="760" sentence="37" number="13">his</token>
<token t_id="761" sentence="37" number="14">next</token>
<token t_id="762" sentence="37" number="15">try</token>
<token t_id="763" sentence="37" number="16">and</token>
<token t_id="764" sentence="37" number="17">the</token>
<token t_id="765" sentence="37" number="18">Colts</token>
<token t_id="766" sentence="37" number="19">went</token>
<token t_id="767" sentence="37" number="20">the</token>
<token t_id="768" sentence="37" number="21">other</token>
<token t_id="769" sentence="37" number="22">direction</token>
<token t_id="770" sentence="37" number="23">to</token>
<token t_id="771" sentence="37" number="24">set</token>
<token t_id="772" sentence="37" number="25">up</token>
<token t_id="773" sentence="37" number="26">the</token>
<token t_id="774" sentence="37" number="27">first</token>
<token t_id="775" sentence="37" number="28">of</token>
<token t_id="776" sentence="37" number="29">Adam</token>
<token t_id="777" sentence="37" number="30">Vinatieri</token>
<token t_id="778" sentence="37" number="31">'s</token>
<token t_id="779" sentence="37" number="32">two</token>
<token t_id="780" sentence="37" number="33">field</token>
<token t_id="781" sentence="37" number="34">goals</token>
<token t_id="782" sentence="37" number="35">.</token>
<token t_id="783" sentence="38" number="0">Charles</token>
<token t_id="784" sentence="38" number="1">fumbled</token>
<token t_id="785" sentence="38" number="2">in</token>
<token t_id="786" sentence="38" number="3">the</token>
<token t_id="787" sentence="38" number="4">red</token>
<token t_id="788" sentence="38" number="5">zone</token>
<token t_id="789" sentence="38" number="6">later</token>
<token t_id="790" sentence="38" number="7">in</token>
<token t_id="791" sentence="38" number="8">the</token>
<token t_id="792" sentence="38" number="9">second</token>
<token t_id="793" sentence="38" number="10">quarter</token>
<token t_id="794" sentence="38" number="11">,</token>
<token t_id="795" sentence="38" number="12">and</token>
<token t_id="796" sentence="38" number="13">the</token>
<token t_id="797" sentence="38" number="14">Colts</token>
<token t_id="798" sentence="38" number="15">moved</token>
<token t_id="799" sentence="38" number="16">into</token>
<token t_id="800" sentence="38" number="17">Vinatieri's</token>
<token t_id="801" sentence="38" number="18">range</token>
<token t_id="802" sentence="38" number="19">for</token>
<token t_id="803" sentence="38" number="20">a</token>
<token t_id="804" sentence="38" number="21">36</token>
<token t_id="805" sentence="38" number="22">-</token>
<token t_id="806" sentence="38" number="23">yard</token>
<token t_id="807" sentence="38" number="24">field</token>
<token t_id="808" sentence="38" number="25">goal</token>
<token t_id="809" sentence="38" number="26">and</token>
<token t_id="810" sentence="38" number="27">a</token>
<token t_id="811" sentence="38" number="28">13</token>
<token t_id="812" sentence="38" number="29">-</token>
<token t_id="813" sentence="38" number="30">3</token>
<token t_id="814" sentence="38" number="31">halftime</token>
<token t_id="815" sentence="38" number="32">lead</token>
<token t_id="816" sentence="38" number="33">.</token>
<token t_id="817" sentence="39" number="0">Charles</token>
<token t_id="818" sentence="39" number="1">electrified</token>
<token t_id="819" sentence="39" number="2">a</token>
<token t_id="820" sentence="39" number="3">sparse</token>
<token t_id="821" sentence="39" number="4">crowd</token>
<token t_id="822" sentence="39" number="5">on</token>
<token t_id="823" sentence="39" number="6">the</token>
<token t_id="824" sentence="39" number="7">first</token>
<token t_id="825" sentence="39" number="8">play</token>
<token t_id="826" sentence="39" number="9">of</token>
<token t_id="827" sentence="39" number="10">the</token>
<token t_id="828" sentence="39" number="11">second</token>
<token t_id="829" sentence="39" number="12">half</token>
<token t_id="830" sentence="39" number="13">.</token>
<token t_id="831" sentence="40" number="0">He</token>
<token t_id="832" sentence="40" number="1">angled</token>
<token t_id="833" sentence="40" number="2">to</token>
<token t_id="834" sentence="40" number="3">the</token>
<token t_id="835" sentence="40" number="4">left</token>
<token t_id="836" sentence="40" number="5">and</token>
<token t_id="837" sentence="40" number="6">then</token>
<token t_id="838" sentence="40" number="7">found</token>
<token t_id="839" sentence="40" number="8">room</token>
<token t_id="840" sentence="40" number="9">down</token>
<token t_id="841" sentence="40" number="10">the</token>
<token t_id="842" sentence="40" number="11">sideline</token>
<token t_id="843" sentence="40" number="12">,</token>
<token t_id="844" sentence="40" number="13">cutting</token>
<token t_id="845" sentence="40" number="14">back</token>
<token t_id="846" sentence="40" number="15">toward</token>
<token t_id="847" sentence="40" number="16">the</token>
<token t_id="848" sentence="40" number="17">middle</token>
<token t_id="849" sentence="40" number="18">of</token>
<token t_id="850" sentence="40" number="19">the</token>
<token t_id="851" sentence="40" number="20">field</token>
<token t_id="852" sentence="40" number="21">and</token>
<token t_id="853" sentence="40" number="22">winning</token>
<token t_id="854" sentence="40" number="23">a</token>
<token t_id="855" sentence="40" number="24">foot</token>
<token t_id="856" sentence="40" number="25">-</token>
<token t_id="857" sentence="40" number="26">race</token>
<token t_id="858" sentence="40" number="27">with</token>
<token t_id="859" sentence="40" number="28">the</token>
<token t_id="860" sentence="40" number="29">Indianapolis</token>
<token t_id="861" sentence="40" number="30">defense</token>
<token t_id="862" sentence="40" number="31">for</token>
<token t_id="863" sentence="40" number="32">an</token>
<token t_id="864" sentence="40" number="33">86</token>
<token t_id="865" sentence="40" number="34">-</token>
<token t_id="866" sentence="40" number="35">yard</token>
<token t_id="867" sentence="40" number="36">touchdown</token>
<token t_id="868" sentence="40" number="37">run</token>
<token t_id="869" sentence="40" number="38">.</token>
<token t_id="870" sentence="41" number="0">The</token>
<token t_id="871" sentence="41" number="1">Chiefs</token>
<token t_id="872" sentence="41" number="2">were</token>
<token t_id="873" sentence="41" number="3">in</token>
<token t_id="874" sentence="41" number="4">position</token>
<token t_id="875" sentence="41" number="5">to</token>
<token t_id="876" sentence="41" number="6">take</token>
<token t_id="877" sentence="41" number="7">the</token>
<token t_id="878" sentence="41" number="8">lead</token>
<token t_id="879" sentence="41" number="9">later</token>
<token t_id="880" sentence="41" number="10">in</token>
<token t_id="881" sentence="41" number="11">the</token>
<token t_id="882" sentence="41" number="12">third</token>
<token t_id="883" sentence="41" number="13">quarter</token>
<token t_id="884" sentence="41" number="14">,</token>
<token t_id="885" sentence="41" number="15">but</token>
<token t_id="886" sentence="41" number="16">Quinn</token>
<token t_id="887" sentence="41" number="17">was</token>
<token t_id="888" sentence="41" number="18">picked</token>
<token t_id="889" sentence="41" number="19">off</token>
<token t_id="890" sentence="41" number="20">by</token>
<token t_id="891" sentence="41" number="21">Vontae</token>
<token t_id="892" sentence="41" number="22">Davis</token>
<token t_id="893" sentence="41" number="23">in</token>
<token t_id="894" sentence="41" number="24">the</token>
<token t_id="895" sentence="41" number="25">end</token>
<token t_id="896" sentence="41" number="26">zone</token>
<token t_id="897" sentence="41" number="27">.</token>
<token t_id="898" sentence="42" number="0">The</token>
<token t_id="899" sentence="42" number="1">defense</token>
<token t_id="900" sentence="42" number="2">forced</token>
<token t_id="901" sentence="42" number="3">a</token>
<token t_id="902" sentence="42" number="4">three</token>
<token t_id="903" sentence="42" number="5">-</token>
<token t_id="904" sentence="42" number="6">and</token>
<token t_id="905" sentence="42" number="7">-</token>
<token t_id="906" sentence="42" number="8">out</token>
<token t_id="907" sentence="42" number="9">and</token>
<token t_id="908" sentence="42" number="10">Kansas</token>
<token t_id="909" sentence="42" number="11">City</token>
<token t_id="910" sentence="42" number="12">was</token>
<token t_id="911" sentence="42" number="13">driving</token>
<token t_id="912" sentence="42" number="14">again</token>
<token t_id="913" sentence="42" number="15">before</token>
<token t_id="914" sentence="42" number="16">settling</token>
<token t_id="915" sentence="42" number="17">for</token>
<token t_id="916" sentence="42" number="18">Succop's</token>
<token t_id="917" sentence="42" number="19">tying</token>
<token t_id="918" sentence="42" number="20">47</token>
<token t_id="919" sentence="42" number="21">-</token>
<token t_id="920" sentence="42" number="22">yard</token>
<token t_id="921" sentence="42" number="23">field</token>
<token t_id="922" sentence="42" number="24">goal</token>
<token t_id="923" sentence="42" number="25">.</token>
<token t_id="924" sentence="43" number="0">The</token>
<token t_id="925" sentence="43" number="1">Chiefs</token>
<token t_id="926" sentence="43" number="2">got</token>
<token t_id="927" sentence="43" number="3">the</token>
<token t_id="928" sentence="43" number="4">ball</token>
<token t_id="929" sentence="43" number="5">back</token>
<token t_id="930" sentence="43" number="6">again</token>
<token t_id="931" sentence="43" number="7">late</token>
<token t_id="932" sentence="43" number="8">in</token>
<token t_id="933" sentence="43" number="9">the</token>
<token t_id="934" sentence="43" number="10">fourth</token>
<token t_id="935" sentence="43" number="11">quarter</token>
<token t_id="936" sentence="43" number="12">,</token>
<token t_id="937" sentence="43" number="13">but</token>
<token t_id="938" sentence="43" number="14">Quinn</token>
<token t_id="939" sentence="43" number="15">was</token>
<token t_id="940" sentence="43" number="16">stuffed</token>
<token t_id="941" sentence="43" number="17">on</token>
<token t_id="942" sentence="43" number="18">a</token>
<token t_id="943" sentence="43" number="19">quarterback</token>
<token t_id="944" sentence="43" number="20">sneak</token>
<token t_id="945" sentence="43" number="21">on</token>
<token t_id="946" sentence="43" number="22">fourth</token>
<token t_id="947" sentence="43" number="23">-</token>
<token t_id="948" sentence="43" number="24">and</token>
<token t_id="949" sentence="43" number="25">-</token>
<token t_id="950" sentence="43" number="26">inches</token>
<token t_id="951" sentence="43" number="27">from</token>
<token t_id="952" sentence="43" number="28">the</token>
<token t_id="953" sentence="43" number="29">Indianapolis</token>
<token t_id="954" sentence="43" number="30">27</token>
<token t_id="955" sentence="43" number="31">.</token>
<token t_id="956" sentence="44" number="0">That</token>
<token t_id="957" sentence="44" number="1">turned</token>
<token t_id="958" sentence="44" number="2">the</token>
<token t_id="959" sentence="44" number="3">ball</token>
<token t_id="960" sentence="44" number="4">over</token>
<token t_id="961" sentence="44" number="5">to</token>
<token t_id="962" sentence="44" number="6">Luck</token>
<token t_id="963" sentence="44" number="7">,</token>
<token t_id="964" sentence="44" number="8">who</token>
<token t_id="965" sentence="44" number="9">completed</token>
<token t_id="966" sentence="44" number="10">an</token>
<token t_id="967" sentence="44" number="11">11</token>
<token t_id="968" sentence="44" number="12">-</token>
<token t_id="969" sentence="44" number="13">yard</token>
<token t_id="970" sentence="44" number="14">pass</token>
<token t_id="971" sentence="44" number="15">to</token>
<token t_id="972" sentence="44" number="16">T</token>
<token t_id="973" sentence="44" number="17">.</token>
<token t_id="974" sentence="44" number="18">Y</token>
<token t_id="975" sentence="44" number="19">.</token>
<token t_id="976" sentence="44" number="20">Hilton</token>
<token t_id="977" sentence="44" number="21">to</token>
<token t_id="978" sentence="44" number="22">convert</token>
<token t_id="979" sentence="44" number="23">a</token>
<token t_id="980" sentence="44" number="24">third</token>
<token t_id="981" sentence="44" number="25">down</token>
<token t_id="982" sentence="44" number="26">before</token>
<token t_id="983" sentence="44" number="27">he</token>
<token t_id="984" sentence="44" number="28">and</token>
<token t_id="985" sentence="44" number="29">Wayne</token>
<token t_id="986" sentence="44" number="30">won</token>
<token t_id="987" sentence="44" number="31">it</token>
<token t_id="988" sentence="44" number="32">.</token>
<token t_id="989" sentence="45" number="0">"At</token>
<token t_id="990" sentence="45" number="1">times</token>
<token t_id="991" sentence="45" number="2">it</token>
<token t_id="992" sentence="45" number="3">looked</token>
<token t_id="993" sentence="45" number="4">a</token>
<token t_id="994" sentence="45" number="5">little</token>
<token t_id="995" sentence="45" number="6">bleak</token>
<token t_id="996" sentence="45" number="7">,</token>
<token t_id="997" sentence="45" number="8">"</token>
<token t_id="998" sentence="45" number="9">Arians</token>
<token t_id="999" sentence="45" number="10">said</token>
<token t_id="1000" sentence="45" number="11">.</token>
<token t_id="1001" sentence="46" number="0">"Guys</token>
<token t_id="1002" sentence="46" number="1">hung</token>
<token t_id="1003" sentence="46" number="2">in</token>
<token t_id="1004" sentence="46" number="3">there</token>
<token t_id="1005" sentence="46" number="4">,</token>
<token t_id="1006" sentence="46" number="5">made</token>
<token t_id="1007" sentence="46" number="6">plays</token>
<token t_id="1008" sentence="46" number="7">when</token>
<token t_id="1009" sentence="46" number="8">they</token>
<token t_id="1010" sentence="46" number="9">had</token>
<token t_id="1011" sentence="46" number="10">to</token>
<token t_id="1012" sentence="46" number="11">make</token>
<token t_id="1013" sentence="46" number="12">them</token>
<token t_id="1014" sentence="46" number="13">.</token>
<token t_id="1015" sentence="47" number="0">Offensively</token>
<token t_id="1016" sentence="47" number="1">we</token>
<token t_id="1017" sentence="47" number="2">struggled</token>
<token t_id="1018" sentence="47" number="3">,</token>
<token t_id="1019" sentence="47" number="4">and</token>
<token t_id="1020" sentence="47" number="5">then</token>
<token t_id="1021" sentence="47" number="6">put</token>
<token t_id="1022" sentence="47" number="7">together</token>
<token t_id="1023" sentence="47" number="8">a</token>
<token t_id="1024" sentence="47" number="9">drive</token>
<token t_id="1025" sentence="47" number="10">,</token>
<token t_id="1026" sentence="47" number="11">like</token>
<token t_id="1027" sentence="47" number="12">we</token>
<token t_id="1028" sentence="47" number="13">have</token>
<token t_id="1029" sentence="47" number="14">all</token>
<token t_id="1030" sentence="47" number="15">year</token>
<token t_id="1031" sentence="47" number="16">.</token>
<token t_id="1032" sentence="47" number="17">"</token>
<token t_id="1033" sentence="48" number="0">Notes</token>
<token t_id="1034" sentence="48" number="1">:</token>
<token t_id="1035" sentence="48" number="2">Chiefs</token>
<token t_id="1036" sentence="48" number="3">WR</token>
<token t_id="1037" sentence="48" number="4">Terrance</token>
<token t_id="1038" sentence="48" number="5">Copper</token>
<token t_id="1039" sentence="48" number="6">(</token>
<token t_id="1040" sentence="48" number="7">left</token>
<token t_id="1041" sentence="48" number="8">knee</token>
<token t_id="1042" sentence="48" number="9">)</token>
<token t_id="1043" sentence="48" number="10">and</token>
<token t_id="1044" sentence="48" number="11">DT</token>
<token t_id="1045" sentence="48" number="12">Tyson</token>
<token t_id="1046" sentence="48" number="13">Jackson</token>
<token t_id="1047" sentence="48" number="14">(</token>
<token t_id="1048" sentence="48" number="15">left</token>
<token t_id="1049" sentence="48" number="16">foot</token>
<token t_id="1050" sentence="48" number="17">)</token>
<token t_id="1051" sentence="48" number="18">left</token>
<token t_id="1052" sentence="48" number="19">with</token>
<token t_id="1053" sentence="48" number="20">injuries</token>
<token t_id="1054" sentence="48" number="21">.</token>
<token t_id="1055" sentence="48" number="22">.</token>
<token t_id="1056" sentence="48" number="23">.</token>
<token t_id="1057" sentence="48" number="24">.</token>
<token t_id="1058" sentence="49" number="0">Wayne</token>
<token t_id="1059" sentence="49" number="1">had</token>
<token t_id="1060" sentence="49" number="2">five</token>
<token t_id="1061" sentence="49" number="3">catches</token>
<token t_id="1062" sentence="49" number="4">to</token>
<token t_id="1063" sentence="49" number="5">become</token>
<token t_id="1064" sentence="49" number="6">the</token>
<token t_id="1065" sentence="49" number="7">fifth</token>
<token t_id="1066" sentence="49" number="8">player</token>
<token t_id="1067" sentence="49" number="9">in</token>
<token t_id="1068" sentence="49" number="10">NFL</token>
<token t_id="1069" sentence="49" number="11">history</token>
<token t_id="1070" sentence="49" number="12">with</token>
<token t_id="1071" sentence="49" number="13">four</token>
<token t_id="1072" sentence="49" number="14">100</token>
<token t_id="1073" sentence="49" number="15">-</token>
<token t_id="1074" sentence="49" number="16">catch</token>
<token t_id="1075" sentence="49" number="17">seasons</token>
<token t_id="1076" sentence="49" number="18">.</token>
<token t_id="1077" sentence="50" number="0">He</token>
<token t_id="1078" sentence="50" number="1">also</token>
<token t_id="1079" sentence="50" number="2">became</token>
<token t_id="1080" sentence="50" number="3">the</token>
<token t_id="1081" sentence="50" number="4">14th</token>
<token t_id="1082" sentence="50" number="5">player</token>
<token t_id="1083" sentence="50" number="6">to</token>
<token t_id="1084" sentence="50" number="7">reach</token>
<token t_id="1085" sentence="50" number="8">13</token>
<token t_id="1086" sentence="50" number="9">,</token>
<token t_id="1087" sentence="50" number="10">000</token>
<token t_id="1088" sentence="50" number="11">yards</token>
<token t_id="1089" sentence="50" number="12">receiving</token>
<token t_id="1090" sentence="50" number="13">.</token>
<Markables>
<ACTION_GENERIC m_id="50"  >
  <token_anchor t_id="57"/>
  <token_anchor t_id="58"/>
</ACTION_GENERIC>
<ACTION_OCCURRENCE m_id="9"  >
  <token_anchor t_id="62"/>
</ACTION_OCCURRENCE>
<ACTION_OCCURRENCE m_id="41"  >
  <token_anchor t_id="158"/>
</ACTION_OCCURRENCE>
<ACTION_OCCURRENCE m_id="10"  >
  <token_anchor t_id="67"/>
</ACTION_OCCURRENCE>
<ACTION_OCCURRENCE m_id="42"  >
  <token_anchor t_id="162"/>
</ACTION_OCCURRENCE>
<ACTION_OCCURRENCE m_id="11"  >
  <token_anchor t_id="69"/>
</ACTION_OCCURRENCE>
<ACTION_OCCURRENCE m_id="12"  >
  <token_anchor t_id="70"/>
  <token_anchor t_id="71"/>
</ACTION_OCCURRENCE>
<ACTION_OCCURRENCE m_id="13"  >
  <token_anchor t_id="78"/>
</ACTION_OCCURRENCE>
<ACTION_OCCURRENCE m_id="14"  >
  <token_anchor t_id="84"/>
</ACTION_OCCURRENCE>
<ACTION_OCCURRENCE m_id="15"  >
  <token_anchor t_id="95"/>
</ACTION_OCCURRENCE>
<ACTION_OCCURRENCE m_id="16"  >
  <token_anchor t_id="108"/>
</ACTION_OCCURRENCE>
<ACTION_OCCURRENCE m_id="48"  >
  <token_anchor t_id="133"/>
  <token_anchor t_id="134"/>
  <token_anchor t_id="135"/>
  <token_anchor t_id="136"/>
  <token_anchor t_id="137"/>
</ACTION_OCCURRENCE>
<ACTION_OCCURRENCE m_id="18"  >
  <token_anchor t_id="87"/>
</ACTION_OCCURRENCE>
<ACTION_OCCURRENCE m_id="19"  >
  <token_anchor t_id="189"/>
</ACTION_OCCURRENCE>
<ACTION_OCCURRENCE m_id="20"  >
  <token_anchor t_id="191"/>
</ACTION_OCCURRENCE>
<ACTION_OCCURRENCE m_id="21"  >
  <token_anchor t_id="197"/>
</ACTION_OCCURRENCE>
<ACTION_OCCURRENCE m_id="22"  >
  <token_anchor t_id="172"/>
</ACTION_OCCURRENCE>
<ACTION_OCCURRENCE m_id="59"  >
  <token_anchor t_id="157"/>
</ACTION_OCCURRENCE>
<ACTION_OCCURRENCE m_id="64"  >
  <token_anchor t_id="36"/>
</ACTION_OCCURRENCE>
<ACTION_OCCURRENCE m_id="65"  >
  <token_anchor t_id="150"/>
</ACTION_OCCURRENCE>
<ACTION_OCCURRENCE m_id="5"  >
  <token_anchor t_id="29"/>
</ACTION_OCCURRENCE>
<ACTION_OCCURRENCE m_id="37"  >
  <token_anchor t_id="173"/>
</ACTION_OCCURRENCE>
<ACTION_OCCURRENCE m_id="6"  >
  <token_anchor t_id="35"/>
</ACTION_OCCURRENCE>
<ACTION_OCCURRENCE m_id="38"  >
  <token_anchor t_id="116"/>
</ACTION_OCCURRENCE>
<ACTION_OCCURRENCE m_id="39"  >
  <token_anchor t_id="127"/>
  <token_anchor t_id="128"/>
</ACTION_OCCURRENCE>
<ACTION_OCCURRENCE m_id="8"  >
  <token_anchor t_id="40"/>
  <token_anchor t_id="41"/>
</ACTION_OCCURRENCE>
<ACTION_OCCURRENCE m_id="40"  >
  <token_anchor t_id="143"/>
</ACTION_OCCURRENCE>
<ACTION_PERCEPTION m_id="23"  >
  <token_anchor t_id="45"/>
</ACTION_PERCEPTION>
<ACTION_REPORTING m_id="45"  >
  <token_anchor t_id="183"/>
</ACTION_REPORTING>
<ACTION_STATE m_id="46"  >
  <token_anchor t_id="46"/>
</ACTION_STATE>
<ACTION_STATE m_id="47"  >
  <token_anchor t_id="104"/>
</ACTION_STATE>
<HUMAN_PART_GENERIC m_id="44"  >
  <token_anchor t_id="166"/>
  <token_anchor t_id="167"/>
</HUMAN_PART_GENERIC>
<HUMAN_PART_GENERIC m_id="66"  >
  <token_anchor t_id="98"/>
  <token_anchor t_id="99"/>
  <token_anchor t_id="100"/>
  <token_anchor t_id="101"/>
</HUMAN_PART_GENERIC>
<HUMAN_PART_ORG m_id="54"  >
  <token_anchor t_id="145"/>
</HUMAN_PART_ORG>
<HUMAN_PART_ORG m_id="55"  >
  <token_anchor t_id="153"/>
  <token_anchor t_id="154"/>
  <token_anchor t_id="155"/>
</HUMAN_PART_ORG>
<HUMAN_PART_ORG m_id="1"  >
  <token_anchor t_id="28"/>
</HUMAN_PART_ORG>
<HUMAN_PART_ORG m_id="2"  >
  <token_anchor t_id="30"/>
</HUMAN_PART_ORG>
<HUMAN_PART_ORG m_id="3"  >
  <token_anchor t_id="55"/>
</HUMAN_PART_ORG>
<HUMAN_PART_ORG m_id="4"  >
  <token_anchor t_id="80"/>
</HUMAN_PART_ORG>
<HUMAN_PART_PER m_id="49"  >
  <token_anchor t_id="42"/>
  <token_anchor t_id="43"/>
</HUMAN_PART_PER>
<HUMAN_PART_PER m_id="24"  >
  <token_anchor t_id="50"/>
</HUMAN_PART_PER>
<HUMAN_PART_PER m_id="25"  >
  <token_anchor t_id="52"/>
  <token_anchor t_id="53"/>
</HUMAN_PART_PER>
<HUMAN_PART_PER m_id="26"  >
  <token_anchor t_id="61"/>
</HUMAN_PART_PER>
<HUMAN_PART_PER m_id="27"  >
  <token_anchor t_id="88"/>
  <token_anchor t_id="89"/>
</HUMAN_PART_PER>
<HUMAN_PART_PER m_id="28"  >
  <token_anchor t_id="107"/>
</HUMAN_PART_PER>
<HUMAN_PART_PER m_id="29"  >
  <token_anchor t_id="115"/>
</HUMAN_PART_PER>
<HUMAN_PART_PER m_id="30"  >
  <token_anchor t_id="130"/>
  <token_anchor t_id="131"/>
</HUMAN_PART_PER>
<HUMAN_PART_PER m_id="31"  >
  <token_anchor t_id="170"/>
</HUMAN_PART_PER>
<HUMAN_PART_PER m_id="33"  >
  <token_anchor t_id="181"/>
  <token_anchor t_id="182"/>
</HUMAN_PART_PER>
<HUMAN_PART_PER m_id="34"  >
  <token_anchor t_id="190"/>
</HUMAN_PART_PER>
<HUMAN_PART_PER m_id="35"  >
  <token_anchor t_id="175"/>
</HUMAN_PART_PER>
<HUMAN_PART_PER m_id="36"  >
  <token_anchor t_id="188"/>
</HUMAN_PART_PER>
<NEG_ACTION_OCCURRENCE m_id="43"  >
  <token_anchor t_id="164"/>
</NEG_ACTION_OCCURRENCE>
<NEG_ACTION_STATE m_id="56"  >
  <token_anchor t_id="174"/>
</NEG_ACTION_STATE>
<NON_HUMAN_PART m_id="67"  >
  <token_anchor t_id="37"/>
</NON_HUMAN_PART>
<NON_HUMAN_PART_GENERIC m_id="51"  >
  <token_anchor t_id="64"/>
</NON_HUMAN_PART_GENERIC>
<TIME_DATE m_id="57"  >
  <token_anchor t_id="72"/>
  <token_anchor t_id="73"/>
</TIME_DATE>
<TIME_OF_THE_DAY m_id="53"  >
  <token_anchor t_id="138"/>
  <token_anchor t_id="139"/>
  <token_anchor t_id="140"/>
  <token_anchor t_id="141"/>
  <token_anchor t_id="142"/>
</TIME_OF_THE_DAY>


<ACTION_STATE m_id="68" note="byCROMER" >
  <token_anchor t_id="113"/>
</ACTION_STATE>
<NON_HUMAN_PART m_id="69" note="byCROMER" >
  <token_anchor t_id="118"/>
  <token_anchor t_id="119"/>
</NON_HUMAN_PART>
<HUMAN_PART_ORG m_id="70" note="byCROMER" >
  <token_anchor t_id="159"/>
</HUMAN_PART_ORG>
<ACTION_STATE m_id="71" note="byCROMER" >
  <token_anchor t_id="39"/>
</ACTION_STATE>
<NON_HUMAN_PART m_id="72" note="byCROMER" >
  <token_anchor t_id="31"/>
  <token_anchor t_id="32"/>
  <token_anchor t_id="33"/>
</NON_HUMAN_PART>
<TIME_OF_THE_DAY m_id="73" note="byCROMER" >
  <token_anchor t_id="120"/>
</TIME_OF_THE_DAY>


<HUMAN_PART_PER m_id="81" RELATED_TO="" TAG_DESCRIPTOR="t29_wayne" instance_id="HUM16976901520377444" />
<HUMAN_PART_PER m_id="80" RELATED_TO="" TAG_DESCRIPTOR="t29_cam_newton" instance_id="HUM16978333005120136" />
<NON_HUMAN_PART m_id="94" RELATED_TO="" TAG_DESCRIPTOR="t29_playoff_berth" instance_id="NON16976915577800368" />
<ACTION_OCCURRENCE m_id="93" RELATED_TO="" TAG_DESCRIPTOR="t29_luck_leading" instance_id="ACT28599883886798517" />
<ACTION_OCCURRENCE m_id="92" RELATED_TO="" TAG_DESCRIPTOR="t29_luck_threw" instance_id="ACT28600357720752661" />
<HUMAN_PART_ORG m_id="91" RELATED_TO="" TAG_DESCRIPTOR="t29_chiefs" instance_id="HUM18263750557257525" />
<ACTION_OCCURRENCE m_id="90" RELATED_TO="" TAG_DESCRIPTOR="t29_luck_touchdown" instance_id="ACT16976893498911011" />
<HUMAN_PART_PER m_id="79" RELATED_TO="" TAG_DESCRIPTOR="t29_luck" instance_id="HUM16976884072437799" />
<TIME_OF_THE_DAY m_id="78" RELATED_TO="" TAG_DESCRIPTOR="t29_friday_afternoon" instance_id="TIM28601414770446778" />
<ACTION_OCCURRENCE m_id="77" RELATED_TO="" TAG_DESCRIPTOR="t29_breaking_record" instance_id="ACT17015517190841928" />
<HUMAN_PART_GENERIC m_id="76" RELATED_TO="" TAG_DESCRIPTOR="t29_first_years_player" instance_id="HUM28602796625515803" />
<NON_HUMAN_PART m_id="75" RELATED_TO="" TAG_DESCRIPTOR="t29_20_13" instance_id="NON28597088168559097" />
<ACTION_OCCURRENCE m_id="74" RELATED_TO="" TAG_DESCRIPTOR="t29_exceeded_expectations" instance_id="ACT28602909445634327" />
<ACTION_OCCURRENCE m_id="89" RELATED_TO="" TAG_DESCRIPTOR="t29_record" instance_id="ACT17015526930368354" />
<HUMAN_PART_PER m_id="88" RELATED_TO="" TAG_DESCRIPTOR="t29_peyton_manning" instance_id="HUM16978321630641403" />
<ACTION_OCCURRENCE m_id="87" RELATED_TO="" TAG_DESCRIPTOR="t29_2012_playoffs" instance_id="ACT16976828207985668" />
<ACTION_OCCURRENCE m_id="86" RELATED_TO="" TAG_DESCRIPTOR="t29_clinch" instance_id="ACT16976816649304572" />
<ACTION_STATE m_id="85" RELATED_TO="" TAG_DESCRIPTOR="t29_expectations_luck" instance_id="ACT28602757618850452" />
<ACTION_OCCURRENCE m_id="84" RELATED_TO="" TAG_DESCRIPTOR="t29_colts_victory" instance_id="ACT16976684395747580" />
<NON_HUMAN_PART m_id="83" RELATED_TO="" TAG_DESCRIPTOR="t29_yards_luck_threw" instance_id="NON28600487540263245" />
<HUMAN_PART_ORG m_id="82" RELATED_TO="" TAG_DESCRIPTOR="t29_colts" instance_id="HUM18524150423965861" />
</Markables>

<Relations>
<CROSS_DOC_COREF r_id="25589" note="ACT28602909445634327" >
  <source m_id="16" />
  <target m_id="74" />
</CROSS_DOC_COREF>
<CROSS_DOC_COREF r_id="25590" note="NON28597088168559097" >
  <source m_id="72" />
  <target m_id="75" />
</CROSS_DOC_COREF>
<CROSS_DOC_COREF r_id="25591" note="HUM28602796625515803" >
  <source m_id="66" />
  <target m_id="76" />
</CROSS_DOC_COREF>
<CROSS_DOC_COREF r_id="25592" note="ACT17015517190841928" >
  <source m_id="18" />
  <target m_id="77" />
</CROSS_DOC_COREF>
<CROSS_DOC_COREF r_id="25593" note="TIM28601414770446778" >
  <source m_id="73" />
  <target m_id="78" />
</CROSS_DOC_COREF>
<CROSS_DOC_COREF r_id="25594" note="HUM16976884072437799" >
  <source m_id="29" />
  <source m_id="28" />
  <source m_id="24" />
  <target m_id="79" />
</CROSS_DOC_COREF>
<CROSS_DOC_COREF r_id="25595" note="HUM16978333005120136" >
  <source m_id="27" />
  <target m_id="80" />
</CROSS_DOC_COREF>
<CROSS_DOC_COREF r_id="25596" note="HUM16976901520377444" >
  <source m_id="30" />
  <target m_id="81" />
</CROSS_DOC_COREF>
<CROSS_DOC_COREF r_id="25597" note="HUM18524150423965861" >
  <source m_id="70" />
  <source m_id="4" />
  <source m_id="54" />
  <source m_id="1" />
  <target m_id="82" />
</CROSS_DOC_COREF>
<CROSS_DOC_COREF r_id="25598" note="NON28600487540263245" >
  <source m_id="69" />
  <target m_id="83" />
</CROSS_DOC_COREF>
<CROSS_DOC_COREF r_id="25599" note="ACT16976684395747580" >
  <source m_id="59" />
  <source m_id="65" />
  <source m_id="5" />
  <target m_id="84" />
</CROSS_DOC_COREF>
<CROSS_DOC_COREF r_id="25600" note="ACT28602757618850452" >
  <source m_id="68" />
  <source m_id="71" />
  <target m_id="85" />
</CROSS_DOC_COREF>
<CROSS_DOC_COREF r_id="25601" note="ACT16976816649304572" >
  <source m_id="6" />
  <target m_id="86" />
</CROSS_DOC_COREF>
<CROSS_DOC_COREF r_id="25602" note="ACT16976828207985668" >
  <source m_id="64" />
  <source m_id="14" />
  <source m_id="42" />
  <target m_id="87" />
</CROSS_DOC_COREF>
<CROSS_DOC_COREF r_id="25603" note="HUM16978321630641403" >
  <source m_id="25" />
  <target m_id="88" />
</CROSS_DOC_COREF>
<CROSS_DOC_COREF r_id="25604" note="ACT17015526930368354" >
  <source m_id="15" />
  <target m_id="89" />
</CROSS_DOC_COREF>
<CROSS_DOC_COREF r_id="25605" note="ACT16976893498911011" >
  <source m_id="39" />
  <target m_id="90" />
</CROSS_DOC_COREF>
<CROSS_DOC_COREF r_id="25606" note="HUM18263750557257525" >
  <source m_id="55" />
  <source m_id="2" />
  <target m_id="91" />
</CROSS_DOC_COREF>
<CROSS_DOC_COREF r_id="25607" note="ACT28600357720752661" >
  <source m_id="38" />
  <target m_id="92" />
</CROSS_DOC_COREF>
<CROSS_DOC_COREF r_id="25608" note="ACT28599883886798517" >
  <source m_id="13" />
  <target m_id="93" />
</CROSS_DOC_COREF>
<CROSS_DOC_COREF r_id="25609" note="NON16976915577800368" >
  <source m_id="67" />
  <target m_id="94" />
</CROSS_DOC_COREF>

</Relations>
</Document>
