<Document doc_name="10_17ecbplus.xml" doc_id="DOC15646126569719819">
<token t_id="1" sentence="0" number="0">http</token>
<token t_id="2" sentence="0" number="1">:</token>
<token t_id="3" sentence="0" number="2">/</token>
<token t_id="4" sentence="0" number="3">/</token>
<token t_id="5" sentence="0" number="4">joyofsox</token>
<token t_id="6" sentence="0" number="5">.</token>
<token t_id="7" sentence="0" number="6">blogspot</token>
<token t_id="8" sentence="0" number="7">.</token>
<token t_id="9" sentence="0" number="8">nl</token>
<token t_id="10" sentence="0" number="9">/</token>
<token t_id="11" sentence="0" number="10">2008</token>
<token t_id="12" sentence="0" number="11">/</token>
<token t_id="13" sentence="0" number="12">12</token>
<token t_id="14" sentence="0" number="13">/</token>
<token t_id="15" sentence="0" number="14">herald</token>
<token t_id="16" sentence="0" number="15">-</token>
<token t_id="17" sentence="0" number="16">sox</token>
<token t_id="18" sentence="0" number="17">-</token>
<token t_id="19" sentence="0" number="18">make</token>
<token t_id="20" sentence="0" number="19">-</token>
<token t_id="21" sentence="0" number="20">8</token>
<token t_id="22" sentence="0" number="21">-</token>
<token t_id="23" sentence="0" number="22">year</token>
<token t_id="24" sentence="0" number="23">-</token>
<token t_id="25" sentence="0" number="24">offer</token>
<token t_id="26" sentence="0" number="25">-</token>
<token t_id="27" sentence="0" number="26">to</token>
<token t_id="28" sentence="0" number="27">.</token>
<token t_id="29" sentence="0" number="28">html</token>
<token t_id="30" sentence="1" number="0">DECEMBER</token>
<token t_id="31" sentence="1" number="1">16</token>
<token t_id="32" sentence="1" number="2">,</token>
<token t_id="33" sentence="1" number="3">2008</token>
<token t_id="34" sentence="2" number="0">Herald</token>
<token t_id="35" sentence="2" number="1">:</token>
<token t_id="36" sentence="2" number="2">Sox</token>
<token t_id="37" sentence="2" number="3">Make</token>
<token t_id="38" sentence="2" number="4">Offer</token>
<token t_id="39" sentence="2" number="5">To</token>
<token t_id="40" sentence="2" number="6">Teixeira</token>
<token t_id="41" sentence="2" number="7">(</token>
<token t_id="42" sentence="2" number="8">8</token>
<token t_id="43" sentence="2" number="9">Years</token>
<token t_id="44" sentence="2" number="10">?</token>
<token t_id="45" sentence="2" number="11">)</token>
<token t_id="46" sentence="3" number="0">Michael</token>
<token t_id="47" sentence="3" number="1">Silverman</token>
<token t_id="48" sentence="3" number="2">reports</token>
<token t_id="49" sentence="3" number="3">that</token>
<token t_id="50" sentence="3" number="4">the</token>
<token t_id="51" sentence="3" number="5">Red</token>
<token t_id="52" sentence="3" number="6">Sox</token>
<token t_id="53" sentence="4" number="0">have</token>
<token t_id="54" sentence="4" number="1">made</token>
<token t_id="55" sentence="4" number="2">an</token>
<token t_id="56" sentence="4" number="3">offer</token>
<token t_id="57" sentence="4" number="4">[</token>
<token t_id="58" sentence="4" number="5">for</token>
<token t_id="59" sentence="4" number="6">Mark</token>
<token t_id="60" sentence="4" number="7">Teixeira</token>
<token t_id="61" sentence="4" number="8">]</token>
<token t_id="62" sentence="4" number="9">,</token>
<token t_id="63" sentence="4" number="10">the</token>
<token t_id="64" sentence="4" number="11">biggest</token>
<token t_id="65" sentence="4" number="12">and</token>
<token t_id="66" sentence="4" number="13">longest</token>
<token t_id="67" sentence="4" number="14">yet</token>
<token t_id="68" sentence="4" number="15">for</token>
<token t_id="69" sentence="4" number="16">this</token>
<token t_id="70" sentence="4" number="17">current</token>
<token t_id="71" sentence="4" number="18">ownership</token>
<token t_id="72" sentence="4" number="19">group</token>
<token t_id="73" sentence="4" number="20">.</token>
<token t_id="74" sentence="5" number="0">The</token>
<token t_id="75" sentence="5" number="1">offer</token>
<token t_id="76" sentence="5" number="2">is</token>
<token t_id="77" sentence="5" number="3">believed</token>
<token t_id="78" sentence="5" number="4">to</token>
<token t_id="79" sentence="5" number="5">be</token>
<token t_id="80" sentence="5" number="6">for</token>
<token t_id="81" sentence="5" number="7">at</token>
<token t_id="82" sentence="5" number="8">least</token>
<token t_id="83" sentence="5" number="9">eight</token>
<token t_id="84" sentence="5" number="10">years</token>
<token t_id="85" sentence="5" number="11">.</token>
<token t_id="86" sentence="5" number="12">.</token>
<token t_id="87" sentence="5" number="13">.</token>
<token t_id="88" sentence="6" number="0">Teixeira</token>
<token t_id="89" sentence="6" number="1">is</token>
<token t_id="90" sentence="6" number="2">believed</token>
<token t_id="91" sentence="6" number="3">to</token>
<token t_id="92" sentence="6" number="4">be</token>
<token t_id="93" sentence="6" number="5">seeking</token>
<token t_id="94" sentence="6" number="6">an</token>
<token t_id="95" sentence="6" number="7">average</token>
<token t_id="96" sentence="6" number="8">annual</token>
<token t_id="97" sentence="6" number="9">value</token>
<token t_id="98" sentence="6" number="10">of</token>
<token t_id="99" sentence="6" number="11">more</token>
<token t_id="100" sentence="6" number="12">than</token>
<token t_id="101" sentence="6" number="13">the</token>
<token t_id="102" sentence="6" number="14">$21</token>
<token t_id="103" sentence="6" number="15">million</token>
<token t_id="104" sentence="6" number="16">that</token>
<token t_id="105" sentence="6" number="17">left</token>
<token t_id="106" sentence="6" number="18">-</token>
<token t_id="107" sentence="6" number="19">hander</token>
<token t_id="108" sentence="6" number="20">CC</token>
<token t_id="109" sentence="6" number="21">Sabathia</token>
<token t_id="110" sentence="6" number="22">is</token>
<token t_id="111" sentence="6" number="23">close</token>
<token t_id="112" sentence="6" number="24">to</token>
<token t_id="113" sentence="6" number="25">finalizing</token>
<token t_id="114" sentence="6" number="26">with</token>
<token t_id="115" sentence="6" number="27">the</token>
<token t_id="116" sentence="6" number="28">New</token>
<token t_id="117" sentence="6" number="29">York</token>
<token t_id="118" sentence="6" number="30">Yankees</token>
<token t_id="119" sentence="6" number="31">for</token>
<token t_id="120" sentence="6" number="32">the</token>
<token t_id="121" sentence="6" number="33">next</token>
<token t_id="122" sentence="6" number="34">seven</token>
<token t_id="123" sentence="6" number="35">years</token>
<token t_id="124" sentence="6" number="36">,</token>
<token t_id="125" sentence="6" number="37">and</token>
<token t_id="126" sentence="6" number="38">a</token>
<token t_id="127" sentence="6" number="39">lot</token>
<token t_id="128" sentence="6" number="40">closer</token>
<token t_id="129" sentence="6" number="41">to</token>
<token t_id="130" sentence="6" number="42">the</token>
<token t_id="131" sentence="6" number="43">$27</token>
<token t_id="132" sentence="6" number="44">.</token>
<token t_id="133" sentence="6" number="45">5</token>
<token t_id="134" sentence="6" number="46">million</token>
<token t_id="135" sentence="6" number="47">that</token>
<token t_id="136" sentence="6" number="48">third</token>
<token t_id="137" sentence="6" number="49">baseman</token>
<token t_id="138" sentence="6" number="50">Alex</token>
<token t_id="139" sentence="6" number="51">Rodriguez</token>
<token t_id="140" sentence="6" number="52">is</token>
<token t_id="141" sentence="6" number="53">guaranteed</token>
<token t_id="142" sentence="6" number="54">to</token>
<token t_id="143" sentence="6" number="55">make</token>
<token t_id="144" sentence="6" number="56">through</token>
<token t_id="145" sentence="6" number="57">2017</token>
<token t_id="146" sentence="6" number="58">with</token>
<token t_id="147" sentence="6" number="59">the</token>
<token t_id="148" sentence="6" number="60">Yankees</token>
<token t_id="149" sentence="6" number="61">.</token>
<token t_id="150" sentence="6" number="62">.</token>
<token t_id="151" sentence="6" number="63">.</token>
<token t_id="152" sentence="6" number="64">.</token>
<token t_id="153" sentence="7" number="0">There</token>
<token t_id="154" sentence="7" number="1">is</token>
<token t_id="155" sentence="7" number="2">every</token>
<token t_id="156" sentence="7" number="3">indication</token>
<token t_id="157" sentence="7" number="4">that</token>
<token t_id="158" sentence="7" number="5">the</token>
<token t_id="159" sentence="7" number="6">Red</token>
<token t_id="160" sentence="7" number="7">Sox</token>
<token t_id="161" sentence="7" number="8">view</token>
<token t_id="162" sentence="7" number="9">Teixiera</token>
<token t_id="163" sentence="7" number="10">in</token>
<token t_id="164" sentence="7" number="11">the</token>
<token t_id="165" sentence="7" number="12">same</token>
<token t_id="166" sentence="7" number="13">"must</token>
<token t_id="167" sentence="7" number="14">-</token>
<token t_id="168" sentence="7" number="15">have"</token>
<token t_id="169" sentence="7" number="16">light</token>
<token t_id="170" sentence="7" number="17">as</token>
<token t_id="171" sentence="7" number="18">they</token>
<token t_id="172" sentence="7" number="19">did</token>
<token t_id="173" sentence="7" number="20">Matsuzaka</token>
<token t_id="174" sentence="7" number="21">.</token>
<token t_id="175" sentence="8" number="0">MLB's</token>
<token t_id="176" sentence="8" number="1">Ian</token>
<token t_id="177" sentence="8" number="2">Browne</token>
<token t_id="178" sentence="8" number="3">notes</token>
<token t_id="179" sentence="8" number="4">the</token>
<token t_id="180" sentence="8" number="5">sticky</token>
<token t_id="181" sentence="8" number="6">situation</token>
<token t_id="182" sentence="8" number="7">that</token>
<token t_id="183" sentence="8" number="8">would</token>
<token t_id="184" sentence="8" number="9">arise</token>
<token t_id="185" sentence="8" number="10">with</token>
<token t_id="186" sentence="8" number="11">only</token>
<token t_id="187" sentence="8" number="12">two</token>
<token t_id="188" sentence="8" number="13">infield</token>
<token t_id="189" sentence="8" number="14">positions</token>
<token t_id="190" sentence="8" number="15">for</token>
<token t_id="191" sentence="8" number="16">Teixeira</token>
<token t_id="192" sentence="8" number="17">,</token>
<token t_id="193" sentence="8" number="18">Mike</token>
<token t_id="194" sentence="8" number="19">Lowell</token>
<token t_id="195" sentence="8" number="20">and</token>
<token t_id="196" sentence="8" number="21">Kevin</token>
<token t_id="197" sentence="8" number="22">Youkilis</token>
<token t_id="198" sentence="8" number="23">.</token>
<Markables>
<ACTION_OCCURRENCE m_id="15"  >
  <token_anchor t_id="54"/>
</ACTION_OCCURRENCE>
<ACTION_OCCURRENCE m_id="16"  >
  <token_anchor t_id="56"/>
</ACTION_OCCURRENCE>
<ACTION_REPORTING m_id="10"  >
  <token_anchor t_id="48"/>
</ACTION_REPORTING>
<HUMAN_PART_ORG m_id="9"  >
  <token_anchor t_id="51"/>
  <token_anchor t_id="52"/>
</HUMAN_PART_ORG>
<HUMAN_PART_ORG m_id="11"  >
  <token_anchor t_id="72"/>
</HUMAN_PART_ORG>
<HUMAN_PART_ORG m_id="2"  >
  <token_anchor t_id="34"/>
</HUMAN_PART_ORG>
<HUMAN_PART_ORG m_id="3"  >
  <token_anchor t_id="36"/>
</HUMAN_PART_ORG>
<HUMAN_PART_PER m_id="5"  >
  <token_anchor t_id="40"/>
</HUMAN_PART_PER>
<HUMAN_PART_PER m_id="7"  >
  <token_anchor t_id="46"/>
  <token_anchor t_id="47"/>
</HUMAN_PART_PER>
<HUMAN_PART_PER m_id="8"  >
  <token_anchor t_id="59"/>
  <token_anchor t_id="60"/>
</HUMAN_PART_PER>
<TIME_DATE m_id="1"  >
  <token_anchor t_id="30"/>
  <token_anchor t_id="31"/>
  <token_anchor t_id="32"/>
  <token_anchor t_id="33"/>
</TIME_DATE>
<TIME_DURATION m_id="6"  >
  <token_anchor t_id="42"/>
  <token_anchor t_id="43"/>
</TIME_DURATION>


<ACTION_OCCURRENCE m_id="17" note="byCROMER" >
  <token_anchor t_id="37"/>
</ACTION_OCCURRENCE>
<ACTION_OCCURRENCE m_id="18" note="byCROMER" >
  <token_anchor t_id="38"/>
</ACTION_OCCURRENCE>


<ACTION_OCCURRENCE m_id="24" RELATED_TO="" TAG_DESCRIPTOR="t10_extend_offer" instance_id="ACT17228268927342610" />
<HUMAN_PART_ORG m_id="23" RELATED_TO="" TAG_DESCRIPTOR="t10_red_sox" instance_id="HUM17227556758659704" />
<HUMAN_PART_PER m_id="22" RELATED_TO="" TAG_DESCRIPTOR="t10_teixeira" instance_id="HUM17227544654464282" />
<TIME_DURATION m_id="19" RELATED_TO="" TAG_DESCRIPTOR="t10_8_year" instance_id="TIM17227593624160638" />
<HUMAN_PART_ORG m_id="21" RELATED_TO="" TAG_DESCRIPTOR="t10_boston_herald" instance_id="HUM17228289052548531" />
<ACTION_OCCURRENCE m_id="20" RELATED_TO="" TAG_DESCRIPTOR="t10_offered_teixeira_8_years" instance_id="ACT17227533690017485" />
</Markables>

<Relations>
<CROSS_DOC_COREF r_id="24832" note="TIM17227593624160638" >
  <source m_id="6" />
  <target m_id="19" />
</CROSS_DOC_COREF>
<CROSS_DOC_COREF r_id="24833" note="ACT17227533690017485" >
  <source m_id="16" />
  <source m_id="18" />
  <target m_id="20" />
</CROSS_DOC_COREF>
<CROSS_DOC_COREF r_id="24834" note="HUM17228289052548531" >
  <source m_id="2" />
  <target m_id="21" />
</CROSS_DOC_COREF>
<CROSS_DOC_COREF r_id="24835" note="HUM17227544654464282" >
  <source m_id="8" />
  <source m_id="5" />
  <target m_id="22" />
</CROSS_DOC_COREF>
<CROSS_DOC_COREF r_id="24836" note="HUM17227556758659704" >
  <source m_id="9" />
  <source m_id="3" />
  <target m_id="23" />
</CROSS_DOC_COREF>
<CROSS_DOC_COREF r_id="24837" note="ACT17228268927342610" >
  <source m_id="15" />
  <source m_id="17" />
  <target m_id="24" />
</CROSS_DOC_COREF>

</Relations>
</Document>
