<Document doc_name="10_1ecb.xml" doc_id="DOC15654093444147889">
<token t_id="1" sentence="0" number="0">According</token>
<token t_id="2" sentence="0" number="1">to</token>
<token t_id="3" sentence="0" number="2">this</token>
<token t_id="4" sentence="0" number="3">L.A.</token>
<token t_id="5" sentence="0" number="4">Times</token>
<token t_id="6" sentence="0" number="5">story</token>
<token t_id="7" sentence="0" number="6">(</token>
<token t_id="8" sentence="0" number="7">which</token>
<token t_id="9" sentence="0" number="8">credits</token>
<token t_id="10" sentence="0" number="9">the</token>
<token t_id="11" sentence="0" number="10">team-owned</token>
<token t_id="12" sentence="0" number="11">flagship</token>
<token t_id="13" sentence="0" number="12">radio</token>
<token t_id="14" sentence="0" number="13">station</token>
<token t_id="15" sentence="0" number="14">)</token>
<token t_id="16" sentence="0" number="15">,</token>
<token t_id="17" sentence="0" number="16">the</token>
<token t_id="18" sentence="0" number="17">Angels</token>
<token t_id="19" sentence="0" number="18">have</token>
<token t_id="20" sentence="0" number="19">made</token>
<token t_id="21" sentence="0" number="20">an</token>
<token t_id="22" sentence="0" number="21">eight-year</token>
<token t_id="23" sentence="0" number="22">offer</token>
<token t_id="24" sentence="0" number="23">to</token>
<token t_id="25" sentence="0" number="24">free</token>
<token t_id="26" sentence="0" number="25">agent</token>
<token t_id="27" sentence="0" number="26">first</token>
<token t_id="28" sentence="0" number="27">baseman</token>
<token t_id="29" sentence="0" number="28">Mark</token>
<token t_id="30" sentence="0" number="29">Teixeira</token>
<token t_id="31" sentence="0" number="30">.</token>
<token t_id="32" sentence="1" number="0">The</token>
<token t_id="33" sentence="1" number="1">dollar</token>
<token t_id="34" sentence="1" number="2">amount</token>
<token t_id="35" sentence="1" number="3">was</token>
<token t_id="36" sentence="1" number="4">unspecified</token>
<token t_id="37" sentence="1" number="5">,</token>
<token t_id="38" sentence="1" number="6">but</token>
<token t_id="39" sentence="1" number="7">Bill</token>
<token t_id="40" sentence="1" number="8">Shaikin</token>
<token t_id="41" sentence="1" number="9">,</token>
<token t_id="42" sentence="1" number="10">the</token>
<token t_id="43" sentence="1" number="11">fine</token>
<token t_id="44" sentence="1" number="12">reporter</token>
<token t_id="45" sentence="1" number="13">who</token>
<token t_id="46" sentence="1" number="14">wrote</token>
<token t_id="47" sentence="1" number="15">the</token>
<token t_id="48" sentence="1" number="16">story</token>
<token t_id="49" sentence="1" number="17">,</token>
<token t_id="50" sentence="1" number="18">says</token>
<token t_id="51" sentence="1" number="19">the</token>
<token t_id="52" sentence="1" number="20">team</token>
<token t_id="53" sentence="1" number="21">was</token>
<token t_id="54" sentence="1" number="22">believed</token>
<token t_id="55" sentence="1" number="23">to</token>
<token t_id="56" sentence="1" number="24">have</token>
<token t_id="57" sentence="1" number="25">offered</token>
<token t_id="58" sentence="1" number="26">at</token>
<token t_id="59" sentence="1" number="27">least</token>
<token t_id="60" sentence="1" number="28">$</token>
<token t_id="61" sentence="1" number="29">160</token>
<token t_id="62" sentence="1" number="30">million</token>
<token t_id="63" sentence="1" number="31">.</token>
<token t_id="64" sentence="2" number="0">This</token>
<token t_id="65" sentence="2" number="1">,</token>
<token t_id="66" sentence="2" number="2">obviously</token>
<token t_id="67" sentence="2" number="3">,</token>
<token t_id="68" sentence="2" number="4">changes</token>
<token t_id="69" sentence="2" number="5">the</token>
<token t_id="70" sentence="2" number="6">landscape</token>
<token t_id="71" sentence="2" number="7">of</token>
<token t_id="72" sentence="2" number="8">the</token>
<token t_id="73" sentence="2" number="9">Teixeira</token>
<token t_id="74" sentence="2" number="10">sweepstakes</token>
<token t_id="75" sentence="2" number="11">,</token>
<token t_id="76" sentence="2" number="12">as</token>
<token t_id="77" sentence="2" number="13">the</token>
<token t_id="78" sentence="2" number="14">Nationals</token>
<token t_id="79" sentence="2" number="15">'</token>
<token t_id="80" sentence="2" number="16">best</token>
<token t_id="81" sentence="2" number="17">chance</token>
<token t_id="82" sentence="2" number="18">for</token>
<token t_id="83" sentence="2" number="19">landing</token>
<token t_id="84" sentence="2" number="20">him</token>
<token t_id="85" sentence="2" number="21">was</token>
<token t_id="86" sentence="2" number="22">to</token>
<token t_id="87" sentence="2" number="23">blow</token>
<token t_id="88" sentence="2" number="24">everyone</token>
<token t_id="89" sentence="2" number="25">else</token>
<token t_id="90" sentence="2" number="26">out</token>
<token t_id="91" sentence="2" number="27">of</token>
<token t_id="92" sentence="2" number="28">the</token>
<token t_id="93" sentence="2" number="29">water</token>
<token t_id="94" sentence="2" number="30">with</token>
<token t_id="95" sentence="2" number="31">their</token>
<token t_id="96" sentence="2" number="32">offer</token>
<token t_id="97" sentence="2" number="33">--</token>
<token t_id="98" sentence="2" number="34">which</token>
<token t_id="99" sentence="2" number="35">,</token>
<token t_id="100" sentence="2" number="36">apparently</token>
<token t_id="101" sentence="2" number="37">,</token>
<token t_id="102" sentence="2" number="38">has</token>
<token t_id="103" sentence="2" number="39">not</token>
<token t_id="104" sentence="2" number="40">happened</token>
<token t_id="105" sentence="2" number="41">.</token>
<token t_id="106" sentence="3" number="0">That</token>
<token t_id="107" sentence="3" number="1">'s</token>
<token t_id="108" sentence="3" number="2">not</token>
<token t_id="109" sentence="3" number="3">to</token>
<token t_id="110" sentence="3" number="4">say</token>
<token t_id="111" sentence="3" number="5">the</token>
<token t_id="112" sentence="3" number="6">Nationals</token>
<token t_id="113" sentence="3" number="7">can</token>
<token t_id="114" sentence="3" number="8">not</token>
<token t_id="115" sentence="3" number="9">sweeten</token>
<token t_id="116" sentence="3" number="10">their</token>
<token t_id="117" sentence="3" number="11">offer</token>
<token t_id="118" sentence="3" number="12">,</token>
<token t_id="119" sentence="3" number="13">but</token>
<token t_id="120" sentence="3" number="14">team</token>
<token t_id="121" sentence="3" number="15">officials</token>
<token t_id="122" sentence="3" number="16">have</token>
<token t_id="123" sentence="3" number="17">indicated</token>
<token t_id="124" sentence="3" number="18">an</token>
<token t_id="125" sentence="3" number="19">unwillingness</token>
<token t_id="126" sentence="3" number="20">to</token>
<token t_id="127" sentence="3" number="21">get</token>
<token t_id="128" sentence="3" number="22">into</token>
<token t_id="129" sentence="3" number="23">a</token>
<token t_id="130" sentence="3" number="24">bidding</token>
<token t_id="131" sentence="3" number="25">war</token>
<token t_id="132" sentence="3" number="26">with</token>
<token t_id="133" sentence="3" number="27">higher-revenue</token>
<token t_id="134" sentence="3" number="28">teams</token>
<token t_id="135" sentence="3" number="29">.</token>
<token t_id="136" sentence="4" number="0">Of</token>
<token t_id="137" sentence="4" number="1">course</token>
<token t_id="138" sentence="4" number="2">,</token>
<token t_id="139" sentence="4" number="3">we</token>
<token t_id="140" sentence="4" number="4">still</token>
<token t_id="141" sentence="4" number="5">have</token>
<token t_id="142" sentence="4" number="6">yet</token>
<token t_id="143" sentence="4" number="7">to</token>
<token t_id="144" sentence="4" number="8">hear</token>
<token t_id="145" sentence="4" number="9">from</token>
<token t_id="146" sentence="4" number="10">the</token>
<token t_id="147" sentence="4" number="11">Red</token>
<token t_id="148" sentence="4" number="12">Sox</token>
<token t_id="149" sentence="4" number="13">--</token>
<token t_id="150" sentence="4" number="14">or</token>
<token t_id="151" sentence="4" number="15">even</token>
<token t_id="152" sentence="4" number="16">the</token>
<token t_id="153" sentence="4" number="17">Yankees</token>
<token t_id="154" sentence="4" number="18">,</token>
<token t_id="155" sentence="4" number="19">as</token>
<token t_id="156" sentence="4" number="20">I</token>
<token t_id="157" sentence="4" number="21">hypothesized</token>
<token t_id="158" sentence="4" number="22">in</token>
<token t_id="159" sentence="4" number="23">today</token>
<token t_id="160" sentence="4" number="24">'s</token>
<token t_id="161" sentence="4" number="25">print</token>
<token t_id="162" sentence="4" number="26">edition</token>
<token t_id="163" sentence="4" number="27">.</token>
<token t_id="164" sentence="5" number="0">In</token>
<token t_id="165" sentence="5" number="1">any</token>
<token t_id="166" sentence="5" number="2">case</token>
<token t_id="167" sentence="5" number="3">,</token>
<token t_id="168" sentence="5" number="4">it</token>
<token t_id="169" sentence="5" number="5">appears</token>
<token t_id="170" sentence="5" number="6">this</token>
<token t_id="171" sentence="5" number="7">thing</token>
<token t_id="172" sentence="5" number="8">is</token>
<token t_id="173" sentence="5" number="9">far</token>
<token t_id="174" sentence="5" number="10">from</token>
<token t_id="175" sentence="5" number="11">over</token>
<token t_id="176" sentence="5" number="12">.</token>
<Markables>
<ACTION_OCCURRENCE m_id="11"  >
  <token_anchor t_id="20"/>
</ACTION_OCCURRENCE>
<ACTION_OCCURRENCE m_id="13"  >
  <token_anchor t_id="9"/>
</ACTION_OCCURRENCE>
<HUMAN_PART_ORG m_id="8"  >
  <token_anchor t_id="13"/>
  <token_anchor t_id="14"/>
</HUMAN_PART_ORG>
<HUMAN_PART_ORG m_id="10"  >
  <token_anchor t_id="17"/>
  <token_anchor t_id="18"/>
</HUMAN_PART_ORG>
<HUMAN_PART_PER m_id="14"  >
  <token_anchor t_id="29"/>
  <token_anchor t_id="30"/>
</HUMAN_PART_PER>
<NON_HUMAN_PART m_id="9"  >
  <token_anchor t_id="6"/>
</NON_HUMAN_PART>
<ACTION_OCCURRENCE m_id="15" note="byCROMER" >
  <token_anchor t_id="23"/>
</ACTION_OCCURRENCE>


<ACTION_OCCURRENCE m_id="19" RELATED_TO="" TAG_DESCRIPTOR="t10b_made_the_offer" instance_id="ACT17229825635405215" />
<ACTION_OCCURRENCE m_id="18" RELATED_TO="" TAG_DESCRIPTOR="t10_angels_offer" instance_id="ACT18506703165453432" />
<HUMAN_PART_PER m_id="17" RELATED_TO="" TAG_DESCRIPTOR="t10_teixeira" instance_id="HUM17227544654464282" />
<HUMAN_PART_ORG m_id="16" RELATED_TO="" TAG_DESCRIPTOR="t10_angels" instance_id="HUM17230155331352194" />
</Markables>

<Relations>
<CROSS_DOC_COREF r_id="41534" note="HUM17230155331352194" >
  <source m_id="10" />
  <target m_id="16" />
</CROSS_DOC_COREF>
<CROSS_DOC_COREF r_id="41535" note="HUM17227544654464282" >
  <source m_id="14" />
  <target m_id="17" />
</CROSS_DOC_COREF>
<CROSS_DOC_COREF r_id="41536" note="ACT18506703165453432" >
  <source m_id="15" />
  <target m_id="18" />
</CROSS_DOC_COREF>
<CROSS_DOC_COREF r_id="41537" note="ACT17229825635405215" >
  <source m_id="11" />
  <target m_id="19" />
</CROSS_DOC_COREF>

</Relations>
</Document>
