<Document doc_name="10_6ecbplus.xml" doc_id="DOC15646126073743366">
<token t_id="1" sentence="0" number="0">http</token>
<token t_id="2" sentence="0" number="1">:</token>
<token t_id="3" sentence="0" number="2">/</token>
<token t_id="4" sentence="0" number="3">/</token>
<token t_id="5" sentence="0" number="4">riveraveblues</token>
<token t_id="6" sentence="0" number="5">.</token>
<token t_id="7" sentence="0" number="6">com</token>
<token t_id="8" sentence="0" number="7">/</token>
<token t_id="9" sentence="0" number="8">2008</token>
<token t_id="10" sentence="0" number="9">/</token>
<token t_id="11" sentence="0" number="10">12</token>
<token t_id="12" sentence="0" number="11">/</token>
<token t_id="13" sentence="0" number="12">teixeira</token>
<token t_id="14" sentence="0" number="13">-</token>
<token t_id="15" sentence="0" number="14">not</token>
<token t_id="16" sentence="0" number="15">-</token>
<token t_id="17" sentence="0" number="16">headed</token>
<token t_id="18" sentence="0" number="17">-</token>
<token t_id="19" sentence="0" number="18">to</token>
<token t_id="20" sentence="0" number="19">-</token>
<token t_id="21" sentence="0" number="20">boston</token>
<token t_id="22" sentence="0" number="21">-</token>
<token t_id="23" sentence="0" number="22">6361</token>
<token t_id="24" sentence="0" number="23">/</token>
<token t_id="25" sentence="1" number="0">Teixeira</token>
<token t_id="26" sentence="1" number="1">not</token>
<token t_id="27" sentence="1" number="2">headed</token>
<token t_id="28" sentence="1" number="3">to</token>
<token t_id="29" sentence="1" number="4">Boston</token>
<token t_id="30" sentence="2" number="0">Can</token>
<token t_id="31" sentence="2" number="1">you</token>
<token t_id="32" sentence="2" number="2">believe</token>
<token t_id="33" sentence="2" number="3">it</token>
<token t_id="34" sentence="2" number="4">?</token>
<token t_id="35" sentence="3" number="0">I</token>
<token t_id="36" sentence="3" number="1">can</token>
<token t_id="37" sentence="3" number="2">’</token>
<token t_id="38" sentence="3" number="3">t</token>
<token t_id="39" sentence="3" number="4">.</token>
<token t_id="40" sentence="4" number="0">Yet</token>
<token t_id="41" sentence="4" number="1">it</token>
<token t_id="42" sentence="4" number="2">’</token>
<token t_id="43" sentence="4" number="3">s</token>
<token t_id="44" sentence="4" number="4">coming</token>
<token t_id="45" sentence="4" number="5">from</token>
<token t_id="46" sentence="4" number="6">up</token>
<token t_id="47" sentence="4" number="7">top</token>
<token t_id="48" sentence="4" number="8">.</token>
<token t_id="49" sentence="5" number="0">Red</token>
<token t_id="50" sentence="5" number="1">Sox</token>
<token t_id="51" sentence="5" number="2">owner</token>
<token t_id="52" sentence="5" number="3">John</token>
<token t_id="53" sentence="5" number="4">Henry</token>
<token t_id="54" sentence="5" number="5">has</token>
<token t_id="55" sentence="5" number="6">said</token>
<token t_id="56" sentence="5" number="7">,</token>
<token t_id="57" sentence="5" number="8">in</token>
<token t_id="58" sentence="5" number="9">so</token>
<token t_id="59" sentence="5" number="10">many</token>
<token t_id="60" sentence="5" number="11">words</token>
<token t_id="61" sentence="5" number="12">,</token>
<token t_id="62" sentence="5" number="13">that</token>
<token t_id="63" sentence="5" number="14">his</token>
<token t_id="64" sentence="5" number="15">team</token>
<token t_id="65" sentence="5" number="16">will</token>
<token t_id="66" sentence="5" number="17">not</token>
<token t_id="67" sentence="5" number="18">sign</token>
<token t_id="68" sentence="5" number="19">Mark</token>
<token t_id="69" sentence="5" number="20">Teixeira</token>
<token t_id="70" sentence="5" number="21">.</token>
<token t_id="71" sentence="6" number="0">His</token>
<token t_id="72" sentence="6" number="1">exact</token>
<token t_id="73" sentence="6" number="2">words</token>
<token t_id="74" sentence="6" number="3">:</token>
<token t_id="75" sentence="7" number="0">“</token>
<token t_id="76" sentence="7" number="1">We</token>
<token t_id="77" sentence="7" number="2">met</token>
<token t_id="78" sentence="7" number="3">with</token>
<token t_id="79" sentence="7" number="4">Mr</token>
<token t_id="80" sentence="7" number="5">.</token>
<token t_id="81" sentence="7" number="6">Teixeira</token>
<token t_id="82" sentence="7" number="7">and</token>
<token t_id="83" sentence="7" number="8">were</token>
<token t_id="84" sentence="7" number="9">very</token>
<token t_id="85" sentence="7" number="10">much</token>
<token t_id="86" sentence="7" number="11">impressed</token>
<token t_id="87" sentence="7" number="12">with</token>
<token t_id="88" sentence="7" number="13">him</token>
<token t_id="89" sentence="7" number="14">.</token>
<token t_id="90" sentence="8" number="0">After</token>
<token t_id="91" sentence="8" number="1">hearing</token>
<token t_id="92" sentence="8" number="2">about</token>
<token t_id="93" sentence="8" number="3">his</token>
<token t_id="94" sentence="8" number="4">other</token>
<token t_id="95" sentence="8" number="5">offers</token>
<token t_id="96" sentence="8" number="6">,</token>
<token t_id="97" sentence="8" number="7">however</token>
<token t_id="98" sentence="8" number="8">,</token>
<token t_id="99" sentence="8" number="9">it</token>
<token t_id="100" sentence="8" number="10">seems</token>
<token t_id="101" sentence="8" number="11">clear</token>
<token t_id="102" sentence="8" number="12">that</token>
<token t_id="103" sentence="8" number="13">we</token>
<token t_id="104" sentence="8" number="14">are</token>
<token t_id="105" sentence="8" number="15">not</token>
<token t_id="106" sentence="8" number="16">going</token>
<token t_id="107" sentence="8" number="17">to</token>
<token t_id="108" sentence="8" number="18">be</token>
<token t_id="109" sentence="8" number="19">a</token>
<token t_id="110" sentence="8" number="20">factor</token>
<token t_id="111" sentence="8" number="21">.</token>
<token t_id="112" sentence="8" number="22">”</token>
<token t_id="113" sentence="9" number="0">You</token>
<token t_id="114" sentence="9" number="1">can</token>
<token t_id="115" sentence="9" number="2">follow</token>
<token t_id="116" sentence="9" number="3">the</token>
<token t_id="117" sentence="9" number="4">entire</token>
<token t_id="118" sentence="9" number="5">saga</token>
<token t_id="119" sentence="9" number="6">on</token>
<token t_id="120" sentence="9" number="7">MLB</token>
<token t_id="121" sentence="9" number="8">Trade</token>
<token t_id="122" sentence="9" number="9">Rumors</token>
<token t_id="123" sentence="9" number="10">.</token>
<token t_id="124" sentence="10" number="0">No</token>
<token t_id="125" sentence="10" number="1">one</token>
<token t_id="126" sentence="10" number="2">expected</token>
<token t_id="127" sentence="10" number="3">this</token>
<token t_id="128" sentence="10" number="4">,</token>
<token t_id="129" sentence="10" number="5">at</token>
<token t_id="130" sentence="10" number="6">least</token>
<token t_id="131" sentence="10" number="7">not</token>
<token t_id="132" sentence="10" number="8">this</token>
<token t_id="133" sentence="10" number="9">soon</token>
<token t_id="134" sentence="10" number="10">.</token>
<token t_id="135" sentence="11" number="0">The</token>
<token t_id="136" sentence="11" number="1">Red</token>
<token t_id="137" sentence="11" number="2">Sox</token>
<token t_id="138" sentence="11" number="3">,</token>
<token t_id="139" sentence="11" number="4">the</token>
<token t_id="140" sentence="11" number="5">team</token>
<token t_id="141" sentence="11" number="6">so</token>
<token t_id="142" sentence="11" number="7">many</token>
<token t_id="143" sentence="11" number="8">considered</token>
<token t_id="144" sentence="11" number="9">the</token>
<token t_id="145" sentence="11" number="10">frontrunners</token>
<token t_id="146" sentence="11" number="11">for</token>
<token t_id="147" sentence="11" number="12">Teixeira</token>
<token t_id="148" sentence="11" number="13">,</token>
<token t_id="149" sentence="11" number="14">will</token>
<token t_id="150" sentence="11" number="15">,</token>
<token t_id="151" sentence="11" number="16">in</token>
<token t_id="152" sentence="11" number="17">the</token>
<token t_id="153" sentence="11" number="18">words</token>
<token t_id="154" sentence="11" number="19">of</token>
<token t_id="155" sentence="11" number="20">the</token>
<token t_id="156" sentence="11" number="21">owner</token>
<token t_id="157" sentence="11" number="22">himself</token>
<token t_id="158" sentence="11" number="23">,</token>
<token t_id="159" sentence="11" number="24">not</token>
<token t_id="160" sentence="11" number="25">be</token>
<token t_id="161" sentence="11" number="26">factors</token>
<token t_id="162" sentence="11" number="27">.</token>
<token t_id="163" sentence="12" number="0">It</token>
<token t_id="164" sentence="12" number="1">appears</token>
<token t_id="165" sentence="12" number="2">,</token>
<token t_id="166" sentence="12" number="3">from</token>
<token t_id="167" sentence="12" number="4">Henry</token>
<token t_id="168" sentence="12" number="5">’</token>
<token t_id="169" sentence="12" number="6">s</token>
<token t_id="170" sentence="12" number="7">words</token>
<token t_id="171" sentence="12" number="8">,</token>
<token t_id="172" sentence="12" number="9">the</token>
<token t_id="173" sentence="12" number="10">price</token>
<token t_id="174" sentence="12" number="11">tag</token>
<token t_id="175" sentence="12" number="12">is</token>
<token t_id="176" sentence="12" number="13">a</token>
<token t_id="177" sentence="12" number="14">bit</token>
<token t_id="178" sentence="12" number="15">too</token>
<token t_id="179" sentence="12" number="16">high</token>
<token t_id="180" sentence="12" number="17">.</token>
<token t_id="181" sentence="13" number="0">Reports</token>
<token t_id="182" sentence="13" number="1">of</token>
<token t_id="183" sentence="13" number="2">the</token>
<token t_id="184" sentence="13" number="3">Red</token>
<token t_id="185" sentence="13" number="4">Sox</token>
<token t_id="186" sentence="13" number="5">offer</token>
<token t_id="187" sentence="13" number="6">varied</token>
<token t_id="188" sentence="13" number="7">,</token>
<token t_id="189" sentence="13" number="8">though</token>
<token t_id="190" sentence="13" number="9">WCVB</token>
<token t_id="191" sentence="13" number="10">-</token>
<token t_id="192" sentence="13" number="11">TV</token>
<token t_id="193" sentence="13" number="12">claims</token>
<token t_id="194" sentence="13" number="13">it</token>
<token t_id="195" sentence="13" number="14">was</token>
<token t_id="196" sentence="13" number="15">eight</token>
<token t_id="197" sentence="13" number="16">years</token>
<token t_id="198" sentence="13" number="17">and</token>
<token t_id="199" sentence="13" number="18">$184</token>
<token t_id="200" sentence="13" number="19">million</token>
<token t_id="201" sentence="13" number="20">,</token>
<token t_id="202" sentence="13" number="21">or</token>
<token t_id="203" sentence="13" number="22">a</token>
<token t_id="204" sentence="13" number="23">$23</token>
<token t_id="205" sentence="13" number="24">million</token>
<token t_id="206" sentence="13" number="25">average</token>
<token t_id="207" sentence="13" number="26">annual</token>
<token t_id="208" sentence="13" number="27">value</token>
<token t_id="209" sentence="13" number="28">.</token>
<token t_id="210" sentence="14" number="0">Boston</token>
<token t_id="211" sentence="14" number="1">could</token>
<token t_id="212" sentence="14" number="2">obviously</token>
<token t_id="213" sentence="14" number="3">jump</token>
<token t_id="214" sentence="14" number="4">back</token>
<token t_id="215" sentence="14" number="5">into</token>
<token t_id="216" sentence="14" number="6">the</token>
<token t_id="217" sentence="14" number="7">picture</token>
<token t_id="218" sentence="14" number="8">,</token>
<token t_id="219" sentence="14" number="9">but</token>
<token t_id="220" sentence="14" number="10">for</token>
<token t_id="221" sentence="14" number="11">now</token>
<token t_id="222" sentence="14" number="12">it</token>
<token t_id="223" sentence="14" number="13">appears</token>
<token t_id="224" sentence="14" number="14">they</token>
<token t_id="225" sentence="14" number="15">’</token>
<token t_id="226" sentence="14" number="16">ll</token>
<token t_id="227" sentence="14" number="17">let</token>
<token t_id="228" sentence="14" number="18">the</token>
<token t_id="229" sentence="14" number="19">first</token>
<token t_id="230" sentence="14" number="20">baseman</token>
<token t_id="231" sentence="14" number="21">sign</token>
<token t_id="232" sentence="14" number="22">elsewhere</token>
<token t_id="233" sentence="14" number="23">.</token>
<token t_id="234" sentence="15" number="0">Clearly</token>
<token t_id="235" sentence="15" number="1">,</token>
<token t_id="236" sentence="15" number="2">I</token>
<token t_id="237" sentence="15" number="3">expect</token>
<token t_id="238" sentence="15" number="4">a</token>
<token t_id="239" sentence="15" number="5">flurry</token>
<token t_id="240" sentence="15" number="6">of</token>
<token t_id="241" sentence="15" number="7">“</token>
<token t_id="242" sentence="15" number="8">now</token>
<token t_id="243" sentence="15" number="9">the</token>
<token t_id="244" sentence="15" number="10">Yankees</token>
<token t_id="245" sentence="15" number="11">have</token>
<token t_id="246" sentence="15" number="12">to</token>
<token t_id="247" sentence="15" number="13">get</token>
<token t_id="248" sentence="15" number="14">him</token>
<token t_id="249" sentence="15" number="15">”</token>
<token t_id="250" sentence="15" number="16">comments</token>
<token t_id="251" sentence="15" number="17">.</token>
<token t_id="252" sentence="16" number="0">Think</token>
<token t_id="253" sentence="16" number="1">about</token>
<token t_id="254" sentence="16" number="2">this</token>
<token t_id="255" sentence="16" number="3">,</token>
<token t_id="256" sentence="16" number="4">though</token>
<token t_id="257" sentence="16" number="5">.</token>
<token t_id="258" sentence="17" number="0">There</token>
<token t_id="259" sentence="17" number="1">’</token>
<token t_id="260" sentence="17" number="2">s</token>
<token t_id="261" sentence="17" number="3">at</token>
<token t_id="262" sentence="17" number="4">least</token>
<token t_id="263" sentence="17" number="5">one</token>
<token t_id="264" sentence="17" number="6">offer</token>
<token t_id="265" sentence="17" number="7">out</token>
<token t_id="266" sentence="17" number="8">there</token>
<token t_id="267" sentence="17" number="9">better</token>
<token t_id="268" sentence="17" number="10">than</token>
<token t_id="269" sentence="17" number="11">eight</token>
<token t_id="270" sentence="17" number="12">years</token>
<token t_id="271" sentence="17" number="13">and</token>
<token t_id="272" sentence="17" number="14">$184</token>
<token t_id="273" sentence="17" number="15">million</token>
<token t_id="274" sentence="17" number="16">.</token>
<token t_id="275" sentence="18" number="0">Should</token>
<token t_id="276" sentence="18" number="1">the</token>
<token t_id="277" sentence="18" number="2">Yankees</token>
<token t_id="278" sentence="18" number="3">go</token>
<token t_id="279" sentence="18" number="4">higher</token>
<token t_id="280" sentence="18" number="5">than</token>
<token t_id="281" sentence="18" number="6">$25</token>
<token t_id="282" sentence="18" number="7">million</token>
<token t_id="283" sentence="18" number="8">a</token>
<token t_id="284" sentence="18" number="9">season</token>
<token t_id="285" sentence="18" number="10">for</token>
<token t_id="286" sentence="18" number="11">Teixeira</token>
<token t_id="287" sentence="18" number="12">?</token>
<Markables>
<ACTION_REPORTING m_id="7"  >
  <token_anchor t_id="55"/>
</ACTION_REPORTING>
<ACTION_STATE m_id="11"  >
  <token_anchor t_id="143"/>
</ACTION_STATE>
<HUMAN_PART_GENERIC m_id="10"  >
  <token_anchor t_id="142"/>
</HUMAN_PART_GENERIC>
<HUMAN_PART_GENERIC m_id="15"  >
  <token_anchor t_id="161"/>
</HUMAN_PART_GENERIC>
<HUMAN_PART_ORG m_id="9"  >
  <token_anchor t_id="136"/>
  <token_anchor t_id="137"/>
</HUMAN_PART_ORG>
<HUMAN_PART_ORG m_id="14"  >
  <token_anchor t_id="145"/>
</HUMAN_PART_ORG>
<HUMAN_PART_ORG m_id="8"  >
  <token_anchor t_id="64"/>
</HUMAN_PART_ORG>
<HUMAN_PART_PER m_id="12"  >
  <token_anchor t_id="147"/>
</HUMAN_PART_PER>
<HUMAN_PART_PER m_id="13"  >
  <token_anchor t_id="156"/>
</HUMAN_PART_PER>
<HUMAN_PART_PER m_id="1"  >
  <token_anchor t_id="25"/>
</HUMAN_PART_PER>
<HUMAN_PART_PER m_id="4"  >
  <token_anchor t_id="52"/>
  <token_anchor t_id="53"/>
</HUMAN_PART_PER>
<HUMAN_PART_PER m_id="5"  >
  <token_anchor t_id="68"/>
  <token_anchor t_id="69"/>
</HUMAN_PART_PER>
<LOC_GEO m_id="3"  >
  <token_anchor t_id="29"/>
</LOC_GEO>
<NEG_ACTION_OCCURRENCE m_id="2"  >
  <token_anchor t_id="27"/>
</NEG_ACTION_OCCURRENCE>
<NEG_ACTION_OCCURRENCE m_id="6"  >
  <token_anchor t_id="67"/>
</NEG_ACTION_OCCURRENCE>




<NEG_ACTION_OCCURRENCE m_id="21" RELATED_TO="" TAG_DESCRIPTOR="t10_not_going_red_sox" instance_id="NEG17227800752530699" />
<HUMAN_PART_ORG m_id="20" RELATED_TO="" TAG_DESCRIPTOR="t10_red_sox" instance_id="HUM17227556758659704" />
<HUMAN_PART_PER m_id="19" RELATED_TO="" TAG_DESCRIPTOR="t10_teixeira" instance_id="HUM17227544654464282" />
<LOC_GEO m_id="18" RELATED_TO="" TAG_DESCRIPTOR="t10_boston" instance_id="LOC17227773736672471" />
<HUMAN_PART_PER m_id="17" RELATED_TO="" TAG_DESCRIPTOR="t10_john_henry" instance_id="HUM17227761226960871" />
</Markables>

<Relations>
<CROSS_DOC_COREF r_id="24851" note="HUM17227761226960871" >
  <source m_id="13" />
  <source m_id="4" />
  <target m_id="17" />
</CROSS_DOC_COREF>
<CROSS_DOC_COREF r_id="24852" note="LOC17227773736672471" >
  <source m_id="3" />
  <target m_id="18" />
</CROSS_DOC_COREF>
<CROSS_DOC_COREF r_id="24853" note="HUM17227544654464282" >
  <source m_id="5" />
  <source m_id="12" />
  <source m_id="1" />
  <target m_id="19" />
</CROSS_DOC_COREF>
<CROSS_DOC_COREF r_id="24854" note="HUM17227556758659704" >
  <source m_id="9" />
  <source m_id="8" />
  <target m_id="20" />
</CROSS_DOC_COREF>
<CROSS_DOC_COREF r_id="24855" note="NEG17227800752530699" >
  <source m_id="6" />
  <source m_id="2" />
  <target m_id="21" />
</CROSS_DOC_COREF>

</Relations>
</Document>
