<Document doc_name="10_6ecb.xml" doc_id="DOC15654093658669035">
<token t_id="1" sentence="0" number="0">The</token>
<token t_id="2" sentence="0" number="1">Los</token>
<token t_id="3" sentence="0" number="2">Angeles</token>
<token t_id="4" sentence="0" number="3">Angels</token>
<token t_id="5" sentence="0" number="4">made</token>
<token t_id="6" sentence="0" number="5">an</token>
<token t_id="7" sentence="0" number="6">eight-year</token>
<token t_id="8" sentence="0" number="7">offer</token>
<token t_id="9" sentence="0" number="8">to</token>
<token t_id="10" sentence="0" number="9">first</token>
<token t_id="11" sentence="0" number="10">baseman</token>
<token t_id="12" sentence="0" number="11">Mark</token>
<token t_id="13" sentence="0" number="12">Teixeira</token>
<token t_id="14" sentence="0" number="13">during</token>
<token t_id="15" sentence="0" number="14">winter</token>
<token t_id="16" sentence="0" number="15">meetings</token>
<token t_id="17" sentence="0" number="16">in</token>
<token t_id="18" sentence="0" number="17">Las</token>
<token t_id="19" sentence="0" number="18">Vegas</token>
<token t_id="20" sentence="0" number="19">.</token>
<token t_id="21" sentence="1" number="0">Team</token>
<token t_id="22" sentence="1" number="1">spokesman</token>
<token t_id="23" sentence="1" number="2">Tim</token>
<token t_id="24" sentence="1" number="3">Mead</token>
<token t_id="25" sentence="1" number="4">confirmed</token>
<token t_id="26" sentence="1" number="5">Sunday</token>
<token t_id="27" sentence="1" number="6">the</token>
<token t_id="28" sentence="1" number="7">Angels</token>
<token t_id="29" sentence="1" number="8">have</token>
<token t_id="30" sentence="1" number="9">withdrawn</token>
<token t_id="31" sentence="1" number="10">their</token>
<token t_id="32" sentence="1" number="11">offer</token>
<token t_id="33" sentence="1" number="12">and</token>
<token t_id="34" sentence="1" number="13">are</token>
<token t_id="35" sentence="1" number="14">``</token>
<token t_id="36" sentence="1" number="15">out</token>
<token t_id="37" sentence="1" number="16">of</token>
<token t_id="38" sentence="1" number="17">the</token>
<token t_id="39" sentence="1" number="18">Mark</token>
<token t_id="40" sentence="1" number="19">Teixeira</token>
<token t_id="41" sentence="1" number="20">derby</token>
<token t_id="42" sentence="1" number="21">.</token>
<token t_id="43" sentence="1" number="22">''</token>
<token t_id="44" sentence="2" number="0">The</token>
<token t_id="45" sentence="2" number="1">team</token>
<token t_id="46" sentence="2" number="2">made</token>
<token t_id="47" sentence="2" number="3">its</token>
<token t_id="48" sentence="2" number="4">offer</token>
<token t_id="49" sentence="2" number="5">,</token>
<token t_id="50" sentence="2" number="6">reportedly</token>
<token t_id="51" sentence="2" number="7">worth</token>
<token t_id="52" sentence="2" number="8">about</token>
<token t_id="53" sentence="2" number="9">US</token>
<token t_id="54" sentence="2" number="10">$</token>
<token t_id="55" sentence="2" number="11">160</token>
<token t_id="56" sentence="2" number="12">million</token>
<token t_id="57" sentence="2" number="13">,</token>
<token t_id="58" sentence="2" number="14">during</token>
<token t_id="59" sentence="2" number="15">the</token>
<token t_id="60" sentence="2" number="16">winter</token>
<token t_id="61" sentence="2" number="17">meetings</token>
<token t_id="62" sentence="2" number="18">in</token>
<token t_id="63" sentence="2" number="19">Las</token>
<token t_id="64" sentence="2" number="20">Vegas</token>
<token t_id="65" sentence="2" number="21">earlier</token>
<token t_id="66" sentence="2" number="22">this</token>
<token t_id="67" sentence="2" number="23">month</token>
<token t_id="68" sentence="2" number="24">.</token>
<token t_id="69" sentence="3" number="0">The</token>
<token t_id="70" sentence="3" number="1">Red</token>
<token t_id="71" sentence="3" number="2">Sox</token>
<token t_id="72" sentence="3" number="3">said</token>
<token t_id="73" sentence="3" number="4">last</token>
<token t_id="74" sentence="3" number="5">week</token>
<token t_id="75" sentence="3" number="6">that</token>
<token t_id="76" sentence="3" number="7">they</token>
<token t_id="77" sentence="3" number="8">``</token>
<token t_id="78" sentence="3" number="9">are</token>
<token t_id="79" sentence="3" number="10">not</token>
<token t_id="80" sentence="3" number="11">going</token>
<token t_id="81" sentence="3" number="12">to</token>
<token t_id="82" sentence="3" number="13">be</token>
<token t_id="83" sentence="3" number="14">a</token>
<token t_id="84" sentence="3" number="15">factor</token>
<token t_id="85" sentence="3" number="16">''</token>
<token t_id="86" sentence="3" number="17">in</token>
<token t_id="87" sentence="3" number="18">signing</token>
<token t_id="88" sentence="3" number="19">the</token>
<token t_id="89" sentence="3" number="20">28-year-old</token>
<token t_id="90" sentence="3" number="21">Maryland</token>
<token t_id="91" sentence="3" number="22">native</token>
<token t_id="92" sentence="3" number="23">.</token>
<token t_id="93" sentence="4" number="0">Washington</token>
<token t_id="94" sentence="4" number="1">and</token>
<token t_id="95" sentence="4" number="2">Baltimore</token>
<token t_id="96" sentence="4" number="3">have</token>
<token t_id="97" sentence="4" number="4">expressed</token>
<token t_id="98" sentence="4" number="5">interest</token>
<token t_id="99" sentence="4" number="6">in</token>
<token t_id="100" sentence="4" number="7">Teixeira</token>
<token t_id="101" sentence="4" number="8">.</token>
<token t_id="102" sentence="5" number="0">The</token>
<token t_id="103" sentence="5" number="1">Angels</token>
<token t_id="104" sentence="5" number="2">obtained</token>
<token t_id="105" sentence="5" number="3">Teixeira</token>
<token t_id="106" sentence="5" number="4">from</token>
<token t_id="107" sentence="5" number="5">the</token>
<token t_id="108" sentence="5" number="6">Atlanta</token>
<token t_id="109" sentence="5" number="7">Braves</token>
<token t_id="110" sentence="5" number="8">in</token>
<token t_id="111" sentence="5" number="9">late</token>
<token t_id="112" sentence="5" number="10">July</token>
<token t_id="113" sentence="5" number="11">.</token>
<token t_id="114" sentence="6" number="0">Playing</token>
<token t_id="115" sentence="6" number="1">in</token>
<token t_id="116" sentence="6" number="2">a</token>
<token t_id="117" sentence="6" number="3">combined</token>
<token t_id="118" sentence="6" number="4">157</token>
<token t_id="119" sentence="6" number="5">games</token>
<token t_id="120" sentence="6" number="6">with</token>
<token t_id="121" sentence="6" number="7">the</token>
<token t_id="122" sentence="6" number="8">Angels</token>
<token t_id="123" sentence="6" number="9">and</token>
<token t_id="124" sentence="6" number="10">Braves</token>
<token t_id="125" sentence="6" number="11">,</token>
<token t_id="126" sentence="6" number="12">Teixeira</token>
<token t_id="127" sentence="6" number="13">had</token>
<token t_id="128" sentence="6" number="14">33</token>
<token t_id="129" sentence="6" number="15">homers</token>
<token t_id="130" sentence="6" number="16">and</token>
<token t_id="131" sentence="6" number="17">121</token>
<token t_id="132" sentence="6" number="18">RBIs</token>
<token t_id="133" sentence="6" number="19">along</token>
<token t_id="134" sentence="6" number="20">with</token>
<token t_id="135" sentence="6" number="21">a</token>
<token t_id="136" sentence="6" number="22">career-best</token>
<token t_id="137" sentence="6" number="23">.308</token>
<token t_id="138" sentence="6" number="24">average</token>
<token t_id="139" sentence="6" number="25">.</token>
<Markables>
<ACTION_OCCURRENCE m_id="6"  >
  <token_anchor t_id="15"/>
  <token_anchor t_id="16"/>
</ACTION_OCCURRENCE>
<ACTION_OCCURRENCE m_id="9"  >
  <token_anchor t_id="8"/>
</ACTION_OCCURRENCE>
<HUMAN_PART_ORG m_id="10"  >
  <token_anchor t_id="2"/>
  <token_anchor t_id="3"/>
  <token_anchor t_id="4"/>
</HUMAN_PART_ORG>
<HUMAN_PART_PER m_id="8"  >
  <token_anchor t_id="12"/>
  <token_anchor t_id="13"/>
</HUMAN_PART_PER>
<LOC_GEO m_id="7"  >
  <token_anchor t_id="18"/>
  <token_anchor t_id="19"/>
</LOC_GEO>


<ACTION_OCCURRENCE m_id="11" note="byCROMER" >
  <token_anchor t_id="5"/>
</ACTION_OCCURRENCE>


<ACTION_OCCURRENCE m_id="17" RELATED_TO="" TAG_DESCRIPTOR="t10b_made_the_offer" instance_id="ACT17229825635405215" />
<ACTION_OCCURRENCE m_id="16" RELATED_TO="" TAG_DESCRIPTOR="t10_angels_offer" instance_id="ACT18506703165453432" />
<HUMAN_PART_PER m_id="15" RELATED_TO="" TAG_DESCRIPTOR="t10_teixeira" instance_id="HUM17227544654464282" />
<HUMAN_PART_ORG m_id="14" RELATED_TO="" TAG_DESCRIPTOR="t10_angels" instance_id="HUM17230155331352194" />
<ACTION_OCCURRENCE m_id="13" RELATED_TO="" TAG_DESCRIPTOR="t10b_winter_meetings" instance_id="ACT27312858054518375" />
<LOC_GEO m_id="12" RELATED_TO="" TAG_DESCRIPTOR="t10_las_vegas" instance_id="LOC17230499206108216" />
</Markables>

<Relations>
<CROSS_DOC_COREF r_id="34049" note="LOC17230499206108216" >
  <source m_id="7" />
  <target m_id="12" />
</CROSS_DOC_COREF>
<CROSS_DOC_COREF r_id="34050" note="ACT27312858054518375" >
  <source m_id="6" />
  <target m_id="13" />
</CROSS_DOC_COREF>
<CROSS_DOC_COREF r_id="34051" note="HUM17230155331352194" >
  <source m_id="10" />
  <target m_id="14" />
</CROSS_DOC_COREF>
<CROSS_DOC_COREF r_id="34052" note="HUM17227544654464282" >
  <source m_id="8" />
  <target m_id="15" />
</CROSS_DOC_COREF>
<CROSS_DOC_COREF r_id="34053" note="ACT18506703165453432" >
  <source m_id="9" />
  <target m_id="16" />
</CROSS_DOC_COREF>
<CROSS_DOC_COREF r_id="34054" note="ACT17229825635405215" >
  <source m_id="11" />
  <target m_id="17" />
</CROSS_DOC_COREF>

</Relations>
</Document>
