<Document doc_name="10_7ecb.xml" doc_id="DOC15654093860806636">
<token t_id="1" sentence="0" number="0">So</token>
<token t_id="2" sentence="0" number="1">as</token>
<token t_id="3" sentence="0" number="2">things</token>
<token t_id="4" sentence="0" number="3">turn</token>
<token t_id="5" sentence="0" number="4">out</token>
<token t_id="6" sentence="0" number="5">,</token>
<token t_id="7" sentence="0" number="6">apparently</token>
<token t_id="8" sentence="0" number="7">there</token>
<token t_id="9" sentence="0" number="8">are</token>
<token t_id="10" sentence="0" number="9">teams</token>
<token t_id="11" sentence="0" number="10">in</token>
<token t_id="12" sentence="0" number="11">Major</token>
<token t_id="13" sentence="0" number="12">League</token>
<token t_id="14" sentence="0" number="13">Baseball</token>
<token t_id="15" sentence="0" number="14">not</token>
<token t_id="16" sentence="0" number="15">named</token>
<token t_id="17" sentence="0" number="16">the</token>
<token t_id="18" sentence="0" number="17">New</token>
<token t_id="19" sentence="0" number="18">York</token>
<token t_id="20" sentence="0" number="19">Yankees</token>
<token t_id="21" sentence="0" number="20">who</token>
<token t_id="22" sentence="0" number="21">are</token>
<token t_id="23" sentence="0" number="22">willing</token>
<token t_id="24" sentence="0" number="23">to</token>
<token t_id="25" sentence="0" number="24">spend</token>
<token t_id="26" sentence="0" number="25">money</token>
<token t_id="27" sentence="0" number="26">this</token>
<token t_id="28" sentence="0" number="27">winter</token>
<token t_id="29" sentence="0" number="28">.</token>
<token t_id="30" sentence="1" number="0">After</token>
<token t_id="31" sentence="1" number="1">letting</token>
<token t_id="32" sentence="1" number="2">Francisco</token>
<token t_id="33" sentence="1" number="3">Rodriguez</token>
<token t_id="34" sentence="1" number="4">leave</token>
<token t_id="35" sentence="1" number="5">to</token>
<token t_id="36" sentence="1" number="6">join</token>
<token t_id="37" sentence="1" number="7">the</token>
<token t_id="38" sentence="1" number="8">New</token>
<token t_id="39" sentence="1" number="9">York</token>
<token t_id="40" sentence="1" number="10">Mets</token>
<token t_id="41" sentence="1" number="11">and</token>
<token t_id="42" sentence="1" number="12">failing</token>
<token t_id="43" sentence="1" number="13">to</token>
<token t_id="44" sentence="1" number="14">sign</token>
<token t_id="45" sentence="1" number="15">CC</token>
<token t_id="46" sentence="1" number="16">Sabathia</token>
<token t_id="47" sentence="1" number="17">,</token>
<token t_id="48" sentence="1" number="18">the</token>
<token t_id="49" sentence="1" number="19">Angels</token>
<token t_id="50" sentence="1" number="20">find</token>
<token t_id="51" sentence="1" number="21">themselves</token>
<token t_id="52" sentence="1" number="22">with</token>
<token t_id="53" sentence="1" number="23">some</token>
<token t_id="54" sentence="1" number="24">money</token>
<token t_id="55" sentence="1" number="25">laying</token>
<token t_id="56" sentence="1" number="26">around</token>
<token t_id="57" sentence="1" number="27">,</token>
<token t_id="58" sentence="1" number="28">and</token>
<token t_id="59" sentence="1" number="29">they</token>
<token t_id="60" sentence="1" number="30">'ve</token>
<token t_id="61" sentence="1" number="31">decided</token>
<token t_id="62" sentence="1" number="32">to</token>
<token t_id="63" sentence="1" number="33">spend</token>
<token t_id="64" sentence="1" number="34">it</token>
<token t_id="65" sentence="1" number="35">on</token>
<token t_id="66" sentence="1" number="36">Mark</token>
<token t_id="67" sentence="1" number="37">Teixeira</token>
<token t_id="68" sentence="1" number="38">.</token>
<token t_id="69" sentence="2" number="0">According</token>
<token t_id="70" sentence="2" number="1">to</token>
<token t_id="71" sentence="2" number="2">a</token>
<token t_id="72" sentence="2" number="3">report</token>
<token t_id="73" sentence="2" number="4">in</token>
<token t_id="74" sentence="2" number="5">the</token>
<token t_id="75" sentence="2" number="6">Los</token>
<token t_id="76" sentence="2" number="7">Angeles</token>
<token t_id="77" sentence="2" number="8">Times</token>
<token t_id="78" sentence="2" number="9">,</token>
<token t_id="79" sentence="2" number="10">the</token>
<token t_id="80" sentence="2" number="11">Angels</token>
<token t_id="81" sentence="2" number="12">have</token>
<token t_id="82" sentence="2" number="13">made</token>
<token t_id="83" sentence="2" number="14">an</token>
<token t_id="84" sentence="2" number="15">offer</token>
<token t_id="85" sentence="2" number="16">to</token>
<token t_id="86" sentence="2" number="17">the</token>
<token t_id="87" sentence="2" number="18">free</token>
<token t_id="88" sentence="2" number="19">agent</token>
<token t_id="89" sentence="2" number="20">first</token>
<token t_id="90" sentence="2" number="21">baseman</token>
<token t_id="91" sentence="2" number="22">that</token>
<token t_id="92" sentence="2" number="23">would</token>
<token t_id="93" sentence="2" number="24">be</token>
<token t_id="94" sentence="2" number="25">the</token>
<token t_id="95" sentence="2" number="26">biggest</token>
<token t_id="96" sentence="2" number="27">contract</token>
<token t_id="97" sentence="2" number="28">in</token>
<token t_id="98" sentence="2" number="29">the</token>
<token t_id="99" sentence="2" number="30">history</token>
<token t_id="100" sentence="2" number="31">of</token>
<token t_id="101" sentence="2" number="32">the</token>
<token t_id="102" sentence="2" number="33">franchise</token>
<token t_id="103" sentence="2" number="34">,</token>
<token t_id="104" sentence="2" number="35">surpassing</token>
<token t_id="105" sentence="2" number="36">the</token>
<token t_id="106" sentence="2" number="37">$</token>
<token t_id="107" sentence="2" number="38">90</token>
<token t_id="108" sentence="2" number="39">million</token>
<token t_id="109" sentence="2" number="40">deal</token>
<token t_id="110" sentence="2" number="41">they</token>
<token t_id="111" sentence="2" number="42">gave</token>
<token t_id="112" sentence="2" number="43">to</token>
<token t_id="113" sentence="2" number="44">Torii</token>
<token t_id="114" sentence="2" number="45">Hunter</token>
<token t_id="115" sentence="2" number="46">last</token>
<token t_id="116" sentence="2" number="47">season</token>
<token t_id="117" sentence="2" number="48">.</token>
<token t_id="118" sentence="3" number="0">While</token>
<token t_id="119" sentence="3" number="1">the</token>
<token t_id="120" sentence="3" number="2">numbers</token>
<token t_id="121" sentence="3" number="3">are</token>
<token t_id="122" sentence="3" number="4">n't</token>
<token t_id="123" sentence="3" number="5">confirmed</token>
<token t_id="124" sentence="3" number="6">,</token>
<token t_id="125" sentence="3" number="7">the</token>
<token t_id="126" sentence="3" number="8">deal</token>
<token t_id="127" sentence="3" number="9">is</token>
<token t_id="128" sentence="3" number="10">believed</token>
<token t_id="129" sentence="3" number="11">to</token>
<token t_id="130" sentence="3" number="12">be</token>
<token t_id="131" sentence="3" number="13">an</token>
<token t_id="132" sentence="3" number="14">offer</token>
<token t_id="133" sentence="3" number="15">of</token>
<token t_id="134" sentence="3" number="16">eight</token>
<token t_id="135" sentence="3" number="17">years</token>
<token t_id="136" sentence="3" number="18">and</token>
<token t_id="137" sentence="3" number="19">around</token>
<token t_id="138" sentence="3" number="20">$</token>
<token t_id="139" sentence="3" number="21">160</token>
<token t_id="140" sentence="3" number="22">million</token>
<token t_id="141" sentence="3" number="23">.</token>
<token t_id="142" sentence="4" number="0">Owner</token>
<token t_id="143" sentence="4" number="1">Arte</token>
<token t_id="144" sentence="4" number="2">Moreno</token>
<token t_id="145" sentence="4" number="3">flew</token>
<token t_id="146" sentence="4" number="4">from</token>
<token t_id="147" sentence="4" number="5">his</token>
<token t_id="148" sentence="4" number="6">Arizona</token>
<token t_id="149" sentence="4" number="7">home</token>
<token t_id="150" sentence="4" number="8">to</token>
<token t_id="151" sentence="4" number="9">Las</token>
<token t_id="152" sentence="4" number="10">Vegas</token>
<token t_id="153" sentence="4" number="11">on</token>
<token t_id="154" sentence="4" number="12">Tuesday</token>
<token t_id="155" sentence="4" number="13">and</token>
<token t_id="156" sentence="4" number="14">met</token>
<token t_id="157" sentence="4" number="15">personally</token>
<token t_id="158" sentence="4" number="16">with</token>
<token t_id="159" sentence="4" number="17">Scott</token>
<token t_id="160" sentence="4" number="18">Boras</token>
<token t_id="161" sentence="4" number="19">,</token>
<token t_id="162" sentence="4" number="20">the</token>
<token t_id="163" sentence="4" number="21">agent</token>
<token t_id="164" sentence="4" number="22">for</token>
<token t_id="165" sentence="4" number="23">Teixeira</token>
<token t_id="166" sentence="4" number="24">.</token>
<token t_id="167" sentence="5" number="0">Angels</token>
<token t_id="168" sentence="5" number="1">spokesman</token>
<token t_id="169" sentence="5" number="2">Tim</token>
<token t_id="170" sentence="5" number="3">Mead</token>
<token t_id="171" sentence="5" number="4">said</token>
<token t_id="172" sentence="5" number="5">he</token>
<token t_id="173" sentence="5" number="6">believed</token>
<token t_id="174" sentence="5" number="7">Moreno</token>
<token t_id="175" sentence="5" number="8">presented</token>
<token t_id="176" sentence="5" number="9">the</token>
<token t_id="177" sentence="5" number="10">offer</token>
<token t_id="178" sentence="5" number="11">to</token>
<token t_id="179" sentence="5" number="12">Boras</token>
<token t_id="180" sentence="5" number="13">at</token>
<token t_id="181" sentence="5" number="14">that</token>
<token t_id="182" sentence="5" number="15">time</token>
<token t_id="183" sentence="5" number="16">.</token>
<token t_id="184" sentence="6" number="0">Mead</token>
<token t_id="185" sentence="6" number="1">also</token>
<token t_id="186" sentence="6" number="2">said</token>
<token t_id="187" sentence="6" number="3">he</token>
<token t_id="188" sentence="6" number="4">did</token>
<token t_id="189" sentence="6" number="5">not</token>
<token t_id="190" sentence="6" number="6">know</token>
<token t_id="191" sentence="6" number="7">when</token>
<token t_id="192" sentence="6" number="8">the</token>
<token t_id="193" sentence="6" number="9">offer</token>
<token t_id="194" sentence="6" number="10">might</token>
<token t_id="195" sentence="6" number="11">expire</token>
<token t_id="196" sentence="6" number="12">.</token>
<token t_id="197" sentence="7" number="0">The</token>
<token t_id="198" sentence="7" number="1">Angels</token>
<token t_id="199" sentence="7" number="2">,</token>
<token t_id="200" sentence="7" number="3">of</token>
<token t_id="201" sentence="7" number="4">course</token>
<token t_id="202" sentence="7" number="5">,</token>
<token t_id="203" sentence="7" number="6">are</token>
<token t_id="204" sentence="7" number="7">one</token>
<token t_id="205" sentence="7" number="8">of</token>
<token t_id="206" sentence="7" number="9">four</token>
<token t_id="207" sentence="7" number="10">teams</token>
<token t_id="208" sentence="7" number="11">that</token>
<token t_id="209" sentence="7" number="12">are</token>
<token t_id="210" sentence="7" number="13">known</token>
<token t_id="211" sentence="7" number="14">to</token>
<token t_id="212" sentence="7" number="15">be</token>
<token t_id="213" sentence="7" number="16">pursuing</token>
<token t_id="214" sentence="7" number="17">Teixeira</token>
<token t_id="215" sentence="7" number="18">.</token>
<token t_id="216" sentence="8" number="0">The</token>
<token t_id="217" sentence="8" number="1">Nationals</token>
<token t_id="218" sentence="8" number="2">offered</token>
<token t_id="219" sentence="8" number="3">him</token>
<token t_id="220" sentence="8" number="4">the</token>
<token t_id="221" sentence="8" number="5">same</token>
<token t_id="222" sentence="8" number="6">deal</token>
<token t_id="223" sentence="8" number="7">as</token>
<token t_id="224" sentence="8" number="8">the</token>
<token t_id="225" sentence="8" number="9">Angels</token>
<token t_id="226" sentence="8" number="10">,</token>
<token t_id="227" sentence="8" number="11">the</token>
<token t_id="228" sentence="8" number="12">Orioles</token>
<token t_id="229" sentence="8" number="13">have</token>
<token t_id="230" sentence="8" number="14">made</token>
<token t_id="231" sentence="8" number="15">an</token>
<token t_id="232" sentence="8" number="16">offer</token>
<token t_id="233" sentence="8" number="17">between</token>
<token t_id="234" sentence="8" number="18">$</token>
<token t_id="235" sentence="8" number="19">140</token>
<token t_id="236" sentence="8" number="20">and</token>
<token t_id="237" sentence="8" number="21">$</token>
<token t_id="238" sentence="8" number="22">150</token>
<token t_id="239" sentence="8" number="23">million</token>
<token t_id="240" sentence="8" number="24">over</token>
<token t_id="241" sentence="8" number="25">seven</token>
<token t_id="242" sentence="8" number="26">years</token>
<token t_id="243" sentence="8" number="27">,</token>
<token t_id="244" sentence="8" number="28">and</token>
<token t_id="245" sentence="8" number="29">nobody</token>
<token t_id="246" sentence="8" number="30">knows</token>
<token t_id="247" sentence="8" number="31">for</token>
<token t_id="248" sentence="8" number="32">sure</token>
<token t_id="249" sentence="8" number="33">what</token>
<token t_id="250" sentence="8" number="34">the</token>
<token t_id="251" sentence="8" number="35">Red</token>
<token t_id="252" sentence="8" number="36">Sox</token>
<token t_id="253" sentence="8" number="37">have</token>
<token t_id="254" sentence="8" number="38">offered</token>
<token t_id="255" sentence="8" number="39">.</token>
<token t_id="256" sentence="9" number="0">I</token>
<token t_id="257" sentence="9" number="1">'m</token>
<token t_id="258" sentence="9" number="2">pretty</token>
<token t_id="259" sentence="9" number="3">sure</token>
<token t_id="260" sentence="9" number="4">the</token>
<token t_id="261" sentence="9" number="5">Red</token>
<token t_id="262" sentence="9" number="6">Sox</token>
<token t_id="263" sentence="9" number="7">offer</token>
<token t_id="264" sentence="9" number="8">will</token>
<token t_id="265" sentence="9" number="9">be</token>
<token t_id="266" sentence="9" number="10">the</token>
<token t_id="267" sentence="9" number="11">only</token>
<token t_id="268" sentence="9" number="12">one</token>
<token t_id="269" sentence="9" number="13">the</token>
<token t_id="270" sentence="9" number="14">Angels</token>
<token t_id="271" sentence="9" number="15">have</token>
<token t_id="272" sentence="9" number="16">to</token>
<token t_id="273" sentence="9" number="17">compete</token>
<token t_id="274" sentence="9" number="18">with</token>
<token t_id="275" sentence="9" number="19">because</token>
<token t_id="276" sentence="9" number="20">even</token>
<token t_id="277" sentence="9" number="21">though</token>
<token t_id="278" sentence="9" number="22">the</token>
<token t_id="279" sentence="9" number="23">Nationals</token>
<token t_id="280" sentence="9" number="24">and</token>
<token t_id="281" sentence="9" number="25">Orioles</token>
<token t_id="282" sentence="9" number="26">are</token>
<token t_id="283" sentence="9" number="27">close</token>
<token t_id="284" sentence="9" number="28">to</token>
<token t_id="285" sentence="9" number="29">Teixeira</token>
<token t_id="286" sentence="9" number="30">'s</token>
<token t_id="287" sentence="9" number="31">home</token>
<token t_id="288" sentence="9" number="32">,</token>
<token t_id="289" sentence="9" number="33">neither</token>
<token t_id="290" sentence="9" number="34">have</token>
<token t_id="291" sentence="9" number="35">any</token>
<token t_id="292" sentence="9" number="36">realistic</token>
<token t_id="293" sentence="9" number="37">expectation</token>
<token t_id="294" sentence="9" number="38">of</token>
<token t_id="295" sentence="9" number="39">competing</token>
<token t_id="296" sentence="9" number="40">for</token>
<token t_id="297" sentence="9" number="41">a</token>
<token t_id="298" sentence="9" number="42">World</token>
<token t_id="299" sentence="9" number="43">Series</token>
<token t_id="300" sentence="9" number="44">next</token>
<token t_id="301" sentence="9" number="45">season</token>
<token t_id="302" sentence="9" number="46">,</token>
<token t_id="303" sentence="9" number="47">with</token>
<token t_id="304" sentence="9" number="48">or</token>
<token t_id="305" sentence="9" number="49">without</token>
<token t_id="306" sentence="9" number="50">Teixeira</token>
<token t_id="307" sentence="9" number="51">.</token>
<token t_id="308" sentence="10" number="0">In</token>
<token t_id="309" sentence="10" number="1">other</token>
<token t_id="310" sentence="10" number="2">news</token>
<token t_id="311" sentence="10" number="3">,</token>
<token t_id="312" sentence="10" number="4">somewhere</token>
<token t_id="313" sentence="10" number="5">Manny</token>
<token t_id="314" sentence="10" number="6">Ramirez</token>
<token t_id="315" sentence="10" number="7">just</token>
<token t_id="316" sentence="10" number="8">punched</token>
<token t_id="317" sentence="10" number="9">something</token>
<token t_id="318" sentence="10" number="10">.</token>
<Markables>
<ACTION_OCCURRENCE m_id="21"  >
  <token_anchor t_id="99"/>
</ACTION_OCCURRENCE>
<ACTION_OCCURRENCE m_id="22"  >
  <token_anchor t_id="109"/>
</ACTION_OCCURRENCE>
<ACTION_OCCURRENCE m_id="24"  >
  <token_anchor t_id="116"/>
</ACTION_OCCURRENCE>
<ACTION_OCCURRENCE m_id="15"  >
  <token_anchor t_id="104"/>
</ACTION_OCCURRENCE>
<ACTION_OCCURRENCE m_id="20"  >
  <token_anchor t_id="84"/>
</ACTION_OCCURRENCE>
<HUMAN_PART_ORG m_id="23"  >
  <token_anchor t_id="102"/>
</HUMAN_PART_ORG>
<HUMAN_PART_ORG m_id="17"  >
  <token_anchor t_id="75"/>
  <token_anchor t_id="76"/>
  <token_anchor t_id="77"/>
</HUMAN_PART_ORG>
<HUMAN_PART_ORG m_id="18"  >
  <token_anchor t_id="79"/>
  <token_anchor t_id="80"/>
</HUMAN_PART_ORG>
<HUMAN_PART_ORG m_id="19"  >
  <token_anchor t_id="110"/>
</HUMAN_PART_ORG>
<HUMAN_PART_PER m_id="13"  >
  <token_anchor t_id="90"/>
</HUMAN_PART_PER>
<HUMAN_PART_PER m_id="14"  >
  <token_anchor t_id="113"/>
  <token_anchor t_id="114"/>
</HUMAN_PART_PER>
<NON_HUMAN_PART m_id="16"  >
  <token_anchor t_id="72"/>
</NON_HUMAN_PART>


<NON_HUMAN_PART m_id="25" note="byCROMER" >
  <token_anchor t_id="96"/>
</NON_HUMAN_PART>
<ACTION_OCCURRENCE m_id="26" note="byCROMER" >
  <token_anchor t_id="82"/>
</ACTION_OCCURRENCE>


<ACTION_OCCURRENCE m_id="33" RELATED_TO="" TAG_DESCRIPTOR="t10b_made_the_offer" instance_id="ACT17229825635405215" />
<ACTION_OCCURRENCE m_id="32" RELATED_TO="" TAG_DESCRIPTOR="t10_angels_offer" instance_id="ACT18506703165453432" />
<HUMAN_PART_PER m_id="31" RELATED_TO="" TAG_DESCRIPTOR="t10_teixeira" instance_id="HUM17227544654464282" />
<HUMAN_PART_ORG m_id="30" RELATED_TO="" TAG_DESCRIPTOR="t10_angels" instance_id="HUM17230155331352194" />
<HUMAN_PART_ORG m_id="29" RELATED_TO="" TAG_DESCRIPTOR="t10_la_times" instance_id="HUM17230683578154481" />
<ACTION_OCCURRENCE m_id="28" RELATED_TO="" TAG_DESCRIPTOR="t10_red_sox_history" instance_id="ACT17228249286360396" />
<NON_HUMAN_PART m_id="27" RELATED_TO="" TAG_DESCRIPTOR="t10b_contract_angels_teixeira" instance_id="NON27312439168997997" />
</Markables>

<Relations>
<CROSS_DOC_COREF r_id="34060" note="NON27312439168997997" >
  <source m_id="25" />
  <target m_id="27" />
</CROSS_DOC_COREF>
<CROSS_DOC_COREF r_id="34061" note="ACT17228249286360396" >
  <source m_id="21" />
  <target m_id="28" />
</CROSS_DOC_COREF>
<CROSS_DOC_COREF r_id="34062" note="HUM17230683578154481" >
  <source m_id="17" />
  <target m_id="29" />
</CROSS_DOC_COREF>
<CROSS_DOC_COREF r_id="34063" note="HUM17230155331352194" >
  <source m_id="18" />
  <source m_id="19" />
  <source m_id="23" />
  <target m_id="30" />
</CROSS_DOC_COREF>
<CROSS_DOC_COREF r_id="34064" note="HUM17227544654464282" >
  <source m_id="13" />
  <target m_id="31" />
</CROSS_DOC_COREF>
<CROSS_DOC_COREF r_id="34065" note="ACT18506703165453432" >
  <source m_id="20" />
  <target m_id="32" />
</CROSS_DOC_COREF>
<CROSS_DOC_COREF r_id="34066" note="ACT17229825635405215" >
  <source m_id="26" />
  <target m_id="33" />
</CROSS_DOC_COREF>

</Relations>
</Document>
