<Document doc_name="10_8ecb.xml" doc_id="DOC15654093582640604">
<token t_id="1" sentence="0" number="0">With</token>
<token t_id="2" sentence="0" number="1">last</token>
<token t_id="3" sentence="0" number="2">night</token>
<token t_id="4" sentence="0" number="3">'s</token>
<token t_id="5" sentence="0" number="4">news</token>
<token t_id="6" sentence="0" number="5">from</token>
<token t_id="7" sentence="0" number="6">Los</token>
<token t_id="8" sentence="0" number="7">Angeles</token>
<token t_id="9" sentence="0" number="8">Angels</token>
<token t_id="10" sentence="0" number="9">GM</token>
<token t_id="11" sentence="0" number="10">Tony</token>
<token t_id="12" sentence="0" number="11">Reagins</token>
<token t_id="13" sentence="0" number="12">that</token>
<token t_id="14" sentence="0" number="13">the</token>
<token t_id="15" sentence="0" number="14">team</token>
<token t_id="16" sentence="0" number="15">has</token>
<token t_id="17" sentence="0" number="16">made</token>
<token t_id="18" sentence="0" number="17">an</token>
<token t_id="19" sentence="0" number="18">eight-year</token>
<token t_id="20" sentence="0" number="19">contract</token>
<token t_id="21" sentence="0" number="20">offer</token>
<token t_id="22" sentence="0" number="21">(</token>
<token t_id="23" sentence="0" number="22">dollars</token>
<token t_id="24" sentence="0" number="23">undisclosed</token>
<token t_id="25" sentence="0" number="24">)</token>
<token t_id="26" sentence="0" number="25">to</token>
<token t_id="27" sentence="0" number="26">1B</token>
<token t_id="28" sentence="0" number="27">Mark</token>
<token t_id="29" sentence="0" number="28">Teixeira</token>
<token t_id="30" sentence="0" number="29">,</token>
<token t_id="31" sentence="0" number="30">the</token>
<token t_id="32" sentence="0" number="31">trade</token>
<token t_id="33" sentence="0" number="32">rumor</token>
<token t_id="34" sentence="0" number="33">being</token>
<token t_id="35" sentence="0" number="34">reported</token>
<token t_id="36" sentence="0" number="35">,</token>
<token t_id="37" sentence="0" number="36">most</token>
<token t_id="38" sentence="0" number="37">recently</token>
<token t_id="39" sentence="0" number="38">by</token>
<token t_id="40" sentence="0" number="39">John</token>
<token t_id="41" sentence="0" number="40">Perrotto</token>
<token t_id="42" sentence="0" number="41">at</token>
<token t_id="43" sentence="0" number="42">Baseball</token>
<token t_id="44" sentence="0" number="43">Prospectus</token>
<token t_id="45" sentence="0" number="44">,</token>
<token t_id="46" sentence="0" number="45">about</token>
<token t_id="47" sentence="0" number="46">the</token>
<token t_id="48" sentence="0" number="47">Angels</token>
<token t_id="49" sentence="0" number="48">going</token>
<token t_id="50" sentence="0" number="49">after</token>
<token t_id="51" sentence="0" number="50">San</token>
<token t_id="52" sentence="0" number="51">Diego</token>
<token t_id="53" sentence="0" number="52">Padres</token>
<token t_id="54" sentence="0" number="53">'</token>
<token t_id="55" sentence="0" number="54">ace</token>
<token t_id="56" sentence="0" number="55">is</token>
<token t_id="57" sentence="0" number="56">likely</token>
<token t_id="58" sentence="0" number="57">caput</token>
<token t_id="59" sentence="0" number="58">.</token>
<token t_id="60" sentence="1" number="0">Perrotto</token>
<token t_id="61" sentence="1" number="1">'s</token>
<token t_id="62" sentence="1" number="2">iteration</token>
<token t_id="63" sentence="1" number="3">had</token>
<token t_id="64" sentence="1" number="4">AAA</token>
<token t_id="65" sentence="1" number="5">RHP</token>
<token t_id="66" sentence="1" number="6">Nick</token>
<token t_id="67" sentence="1" number="7">Adenhart</token>
<token t_id="68" sentence="1" number="8">and</token>
<token t_id="69" sentence="1" number="9">AAA</token>
<token t_id="70" sentence="1" number="10">SS</token>
<token t_id="71" sentence="1" number="11">Brandon</token>
<token t_id="72" sentence="1" number="12">Wood</token>
<token t_id="73" sentence="1" number="13">heading</token>
<token t_id="74" sentence="1" number="14">a</token>
<token t_id="75" sentence="1" number="15">package</token>
<token t_id="76" sentence="1" number="16">that</token>
<token t_id="77" sentence="1" number="17">would</token>
<token t_id="78" sentence="1" number="18">lead</token>
<token t_id="79" sentence="1" number="19">to</token>
<token t_id="80" sentence="1" number="20">Peavy</token>
<token t_id="81" sentence="1" number="21">topping</token>
<token t_id="82" sentence="1" number="22">the</token>
<token t_id="83" sentence="1" number="23">Angels</token>
<token t_id="84" sentence="1" number="24">'</token>
<token t_id="85" sentence="1" number="25">rotation</token>
<token t_id="86" sentence="1" number="26">.</token>
<token t_id="87" sentence="2" number="0">While</token>
<token t_id="88" sentence="2" number="1">the</token>
<token t_id="89" sentence="2" number="2">Angels</token>
<token t_id="90" sentence="2" number="3">are</token>
<token t_id="91" sentence="2" number="4">being</token>
<token t_id="92" sentence="2" number="5">lumped</token>
<token t_id="93" sentence="2" number="6">in</token>
<token t_id="94" sentence="2" number="7">with</token>
<token t_id="95" sentence="2" number="8">the</token>
<token t_id="96" sentence="2" number="9">big</token>
<token t_id="97" sentence="2" number="10">spenders</token>
<token t_id="98" sentence="2" number="11">of</token>
<token t_id="99" sentence="2" number="12">baseball</token>
<token t_id="100" sentence="2" number="13">(</token>
<token t_id="101" sentence="2" number="14">read</token>
<token t_id="102" sentence="2" number="15">:</token>
<token t_id="103" sentence="2" number="16">New</token>
<token t_id="104" sentence="2" number="17">York</token>
<token t_id="105" sentence="2" number="18">Yankees</token>
<token t_id="106" sentence="2" number="19">and</token>
<token t_id="107" sentence="2" number="20">Boston</token>
<token t_id="108" sentence="2" number="21">Red</token>
<token t_id="109" sentence="2" number="22">Sox</token>
<token t_id="110" sentence="2" number="23">)</token>
<token t_id="111" sentence="2" number="24">,</token>
<token t_id="112" sentence="2" number="25">there</token>
<token t_id="113" sentence="2" number="26">is</token>
<token t_id="114" sentence="2" number="27">little</token>
<token t_id="115" sentence="2" number="28">to</token>
<token t_id="116" sentence="2" number="29">indicate</token>
<token t_id="117" sentence="2" number="30">the</token>
<token t_id="118" sentence="2" number="31">Angels</token>
<token t_id="119" sentence="2" number="32">'</token>
<token t_id="120" sentence="2" number="33">off-season</token>
<token t_id="121" sentence="2" number="34">plans</token>
<token t_id="122" sentence="2" number="35">included</token>
<token t_id="123" sentence="2" number="36">dropping</token>
<token t_id="124" sentence="2" number="37">$</token>
<token t_id="125" sentence="2" number="38">20MM</token>
<token t_id="126" sentence="2" number="39">per</token>
<token t_id="127" sentence="2" number="40">on</token>
<token t_id="128" sentence="2" number="41">Teixeira</token>
<token t_id="129" sentence="2" number="42">and</token>
<token t_id="130" sentence="2" number="43">another</token>
<token t_id="131" sentence="2" number="44">$</token>
<token t_id="132" sentence="2" number="45">15</token>
<token t_id="133" sentence="2" number="46">+</token>
<token t_id="134" sentence="2" number="47">MM</token>
<token t_id="135" sentence="2" number="48">on</token>
<token t_id="136" sentence="2" number="49">a</token>
<token t_id="137" sentence="2" number="50">starting</token>
<token t_id="138" sentence="2" number="51">pitcher</token>
<token t_id="139" sentence="2" number="52">.</token>
<token t_id="140" sentence="3" number="0">As</token>
<token t_id="141" sentence="3" number="1">a</token>
<token t_id="142" sentence="3" number="2">back-up</token>
<token t_id="143" sentence="3" number="3">plan</token>
<token t_id="144" sentence="3" number="4">to</token>
<token t_id="145" sentence="3" number="5">a</token>
<token t_id="146" sentence="3" number="6">failure</token>
<token t_id="147" sentence="3" number="7">to</token>
<token t_id="148" sentence="3" number="8">land</token>
<token t_id="149" sentence="3" number="9">Teixeira</token>
<token t_id="150" sentence="3" number="10">,</token>
<token t_id="151" sentence="3" number="11">yes</token>
<token t_id="152" sentence="3" number="12">.</token>
<token t_id="153" sentence="4" number="0">However</token>
<token t_id="154" sentence="4" number="1">,</token>
<token t_id="155" sentence="4" number="2">an</token>
<token t_id="156" sentence="4" number="3">interesting</token>
<token t_id="157" sentence="4" number="4">scenario</token>
<token t_id="158" sentence="4" number="5">develops</token>
<token t_id="159" sentence="4" number="6">if</token>
<token t_id="160" sentence="4" number="7">Teixeira</token>
<token t_id="161" sentence="4" number="8">spurs</token>
<token t_id="162" sentence="4" number="9">the</token>
<token t_id="163" sentence="4" number="10">West</token>
<token t_id="164" sentence="4" number="11">Coast</token>
<token t_id="165" sentence="4" number="12">in</token>
<token t_id="166" sentence="4" number="13">favor</token>
<token t_id="167" sentence="4" number="14">of</token>
<token t_id="168" sentence="4" number="15">working</token>
<token t_id="169" sentence="4" number="16">closer</token>
<token t_id="170" sentence="4" number="17">to</token>
<token t_id="171" sentence="4" number="18">home</token>
<token t_id="172" sentence="4" number="19">for</token>
<token t_id="173" sentence="4" number="20">the</token>
<token t_id="174" sentence="4" number="21">Washington</token>
<token t_id="175" sentence="4" number="22">Nationals</token>
<token t_id="176" sentence="4" number="23">or</token>
<token t_id="177" sentence="4" number="24">Baltimore</token>
<token t_id="178" sentence="4" number="25">Orioles</token>
<token t_id="179" sentence="4" number="26">.</token>
<token t_id="180" sentence="5" number="0">In</token>
<token t_id="181" sentence="5" number="1">this</token>
<token t_id="182" sentence="5" number="2">scenario</token>
<token t_id="183" sentence="5" number="3">,</token>
<token t_id="184" sentence="5" number="4">the</token>
<token t_id="185" sentence="5" number="5">Angels</token>
<token t_id="186" sentence="5" number="6">would</token>
<token t_id="187" sentence="5" number="7">have</token>
<token t_id="188" sentence="5" number="8">the</token>
<token t_id="189" sentence="5" number="9">luxury</token>
<token t_id="190" sentence="5" number="10">of</token>
<token t_id="191" sentence="5" number="11">dealing</token>
<token t_id="192" sentence="5" number="12">Peavy</token>
<token t_id="193" sentence="5" number="13">to</token>
<token t_id="194" sentence="5" number="14">the</token>
<token t_id="195" sentence="5" number="15">Padres</token>
<token t_id="196" sentence="5" number="16">for</token>
<token t_id="197" sentence="5" number="17">a</token>
<token t_id="198" sentence="5" number="18">Wood/Adenhart/Reggie</token>
<token t_id="199" sentence="5" number="19">Willits/Reliever</token>
<token t_id="200" sentence="5" number="20">package</token>
<token t_id="201" sentence="5" number="21">,</token>
<token t_id="202" sentence="5" number="22">and</token>
<token t_id="203" sentence="5" number="23">reviving</token>
<token t_id="204" sentence="5" number="24">its</token>
<token t_id="205" sentence="5" number="25">offense</token>
<token t_id="206" sentence="5" number="26">with</token>
<token t_id="207" sentence="5" number="27">the</token>
<token t_id="208" sentence="5" number="28">signings</token>
<token t_id="209" sentence="5" number="29">of</token>
<token t_id="210" sentence="5" number="30">non-tender</token>
<token t_id="211" sentence="5" number="31">3B/2B</token>
<token t_id="212" sentence="5" number="32">Ty</token>
<token t_id="213" sentence="5" number="33">Wigginton</token>
<token t_id="214" sentence="5" number="34">and</token>
<token t_id="215" sentence="5" number="35">Jonny</token>
<token t_id="216" sentence="5" number="36">Gomes</token>
<token t_id="217" sentence="5" number="37">.</token>
<Markables>
<ACTION_OCCURRENCE m_id="31"  >
  <token_anchor t_id="5"/>
</ACTION_OCCURRENCE>
<ACTION_OCCURRENCE m_id="22"  >
  <token_anchor t_id="21"/>
</ACTION_OCCURRENCE>
<ACTION_OCCURRENCE m_id="24"  >
  <token_anchor t_id="33"/>
</ACTION_OCCURRENCE>
<ACTION_OCCURRENCE m_id="25"  >
  <token_anchor t_id="49"/>
</ACTION_OCCURRENCE>
<ACTION_REPORTING m_id="23"  >
  <token_anchor t_id="35"/>
</ACTION_REPORTING>
<ACTION_STATE m_id="18"  >
  <token_anchor t_id="24"/>
</ACTION_STATE>
<HUMAN_PART_ORG m_id="28"  >
  <token_anchor t_id="43"/>
  <token_anchor t_id="44"/>
</HUMAN_PART_ORG>
<HUMAN_PART_ORG m_id="19"  >
  <token_anchor t_id="15"/>
</HUMAN_PART_ORG>
<HUMAN_PART_ORG m_id="20"  >
  <token_anchor t_id="47"/>
  <token_anchor t_id="48"/>
</HUMAN_PART_ORG>
<HUMAN_PART_PER m_id="26"  >
  <token_anchor t_id="55"/>
</HUMAN_PART_PER>
<HUMAN_PART_PER m_id="27"  >
  <token_anchor t_id="28"/>
  <token_anchor t_id="29"/>
</HUMAN_PART_PER>
<HUMAN_PART_PER m_id="29"  >
  <token_anchor t_id="40"/>
  <token_anchor t_id="41"/>
</HUMAN_PART_PER>
<HUMAN_PART_PER m_id="21"  >
  <token_anchor t_id="11"/>
  <token_anchor t_id="12"/>
</HUMAN_PART_PER>
<NON_HUMAN_PART m_id="30"  >
  <token_anchor t_id="23"/>
</NON_HUMAN_PART>


<NON_HUMAN_PART m_id="32" note="byCROMER" >
  <token_anchor t_id="20"/>
</NON_HUMAN_PART>
<ACTION_OCCURRENCE m_id="33" note="byCROMER" >
  <token_anchor t_id="17"/>
</ACTION_OCCURRENCE>


<ACTION_OCCURRENCE m_id="39" RELATED_TO="" TAG_DESCRIPTOR="t10b_made_the_offer" instance_id="ACT17229825635405215" />
<ACTION_OCCURRENCE m_id="38" RELATED_TO="" TAG_DESCRIPTOR="t10_angels_offer" instance_id="ACT18506703165453432" />
<HUMAN_PART_PER m_id="37" RELATED_TO="" TAG_DESCRIPTOR="t10_teixeira" instance_id="HUM17227544654464282" />
<HUMAN_PART_ORG m_id="36" RELATED_TO="" TAG_DESCRIPTOR="t10_angels" instance_id="HUM17230155331352194" />
<HUMAN_PART_PER m_id="35" RELATED_TO="" TAG_DESCRIPTOR="t10_tony_reagins" instance_id="HUM17230538151741014" />
<NON_HUMAN_PART m_id="34" RELATED_TO="" TAG_DESCRIPTOR="t10b_contract_angels_teixeira" instance_id="NON27312439168997997" />
</Markables>

<Relations>
<CROSS_DOC_COREF r_id="41535" note="NON27312439168997997" >
  <source m_id="32" />
  <target m_id="34" />
</CROSS_DOC_COREF>
<CROSS_DOC_COREF r_id="41536" note="HUM17230538151741014" >
  <source m_id="21" />
  <target m_id="35" />
</CROSS_DOC_COREF>
<CROSS_DOC_COREF r_id="41537" note="HUM17230155331352194" >
  <source m_id="19" />
  <source m_id="20" />
  <target m_id="36" />
</CROSS_DOC_COREF>
<CROSS_DOC_COREF r_id="41538" note="HUM17227544654464282" >
  <source m_id="27" />
  <source m_id="26" />
  <target m_id="37" />
</CROSS_DOC_COREF>
<CROSS_DOC_COREF r_id="41539" note="ACT18506703165453432" >
  <source m_id="22" />
  <target m_id="38" />
</CROSS_DOC_COREF>
<CROSS_DOC_COREF r_id="41540" note="ACT17229825635405215" >
  <source m_id="33" />
  <target m_id="39" />
</CROSS_DOC_COREF>

</Relations>
</Document>
