<Document doc_name="1_10ecbplus.xml" doc_id="DOC15645929861804939">
<token t_id="1" sentence="0" number="0">http</token>
<token t_id="2" sentence="0" number="1">:</token>
<token t_id="3" sentence="0" number="2">/</token>
<token t_id="4" sentence="0" number="3">/</token>
<token t_id="5" sentence="0" number="4">articles</token>
<token t_id="6" sentence="0" number="5">.</token>
<token t_id="7" sentence="0" number="6">latimes</token>
<token t_id="8" sentence="0" number="7">.</token>
<token t_id="9" sentence="0" number="8">com</token>
<token t_id="10" sentence="0" number="9">/</token>
<token t_id="11" sentence="0" number="10">2013</token>
<token t_id="12" sentence="0" number="11">/</token>
<token t_id="13" sentence="0" number="12">may</token>
<token t_id="14" sentence="0" number="13">/</token>
<token t_id="15" sentence="0" number="14">03</token>
<token t_id="16" sentence="0" number="15">/</token>
<token t_id="17" sentence="0" number="16">local</token>
<token t_id="18" sentence="0" number="17">/</token>
<token t_id="19" sentence="0" number="18">la</token>
<token t_id="20" sentence="0" number="19">-</token>
<token t_id="21" sentence="0" number="20">me</token>
<token t_id="22" sentence="0" number="21">-</token>
<token t_id="23" sentence="0" number="22">0504</token>
<token t_id="24" sentence="0" number="23">-</token>
<token t_id="25" sentence="0" number="24">lohan</token>
<token t_id="26" sentence="0" number="25">-</token>
<token t_id="27" sentence="0" number="26">rehab</token>
<token t_id="28" sentence="0" number="27">-</token>
<token t_id="29" sentence="0" number="28">20130504</token>
<token t_id="30" sentence="1" number="0">Lindsay</token>
<token t_id="31" sentence="1" number="1">Lohan</token>
<token t_id="32" sentence="1" number="2">checks</token>
<token t_id="33" sentence="1" number="3">into</token>
<token t_id="34" sentence="1" number="4">Betty</token>
<token t_id="35" sentence="1" number="5">Ford</token>
<token t_id="36" sentence="1" number="6">Center</token>
<token t_id="37" sentence="2" number="0">May</token>
<token t_id="38" sentence="2" number="1">03</token>
<token t_id="39" sentence="2" number="2">,</token>
<token t_id="40" sentence="2" number="3">2013</token>
<token t_id="41" sentence="3" number="0">After</token>
<token t_id="42" sentence="3" number="1">skipping</token>
<token t_id="43" sentence="3" number="2">out</token>
<token t_id="44" sentence="3" number="3">on</token>
<token t_id="45" sentence="3" number="4">entering</token>
<token t_id="46" sentence="3" number="5">a</token>
<token t_id="47" sentence="3" number="6">Newport</token>
<token t_id="48" sentence="3" number="7">Beach</token>
<token t_id="49" sentence="3" number="8">rehabilitation</token>
<token t_id="50" sentence="3" number="9">facility</token>
<token t_id="51" sentence="3" number="10">and</token>
<token t_id="52" sentence="3" number="11">facing</token>
<token t_id="53" sentence="3" number="12">the</token>
<token t_id="54" sentence="3" number="13">prospect</token>
<token t_id="55" sentence="3" number="14">of</token>
<token t_id="56" sentence="3" number="15">arrest</token>
<token t_id="57" sentence="3" number="16">for</token>
<token t_id="58" sentence="3" number="17">violating</token>
<token t_id="59" sentence="3" number="18">her</token>
<token t_id="60" sentence="3" number="19">probation</token>
<token t_id="61" sentence="3" number="20">,</token>
<token t_id="62" sentence="3" number="21">Lindsay</token>
<token t_id="63" sentence="3" number="22">Lohan</token>
<token t_id="64" sentence="3" number="23">has</token>
<token t_id="65" sentence="3" number="24">checked</token>
<token t_id="66" sentence="3" number="25">into</token>
<token t_id="67" sentence="3" number="26">the</token>
<token t_id="68" sentence="3" number="27">Betty</token>
<token t_id="69" sentence="3" number="28">Ford</token>
<token t_id="70" sentence="3" number="29">Center</token>
<token t_id="71" sentence="3" number="30">to</token>
<token t_id="72" sentence="3" number="31">begin</token>
<token t_id="73" sentence="3" number="32">a</token>
<token t_id="74" sentence="3" number="33">90</token>
<token t_id="75" sentence="3" number="34">-</token>
<token t_id="76" sentence="3" number="35">day</token>
<token t_id="77" sentence="3" number="36">court</token>
<token t_id="78" sentence="3" number="37">-</token>
<token t_id="79" sentence="3" number="38">mandated</token>
<token t_id="80" sentence="3" number="39">stay</token>
<token t_id="81" sentence="3" number="40">in</token>
<token t_id="82" sentence="3" number="41">her</token>
<token t_id="83" sentence="3" number="42">reckless</token>
<token t_id="84" sentence="3" number="43">driving</token>
<token t_id="85" sentence="3" number="44">conviction</token>
<token t_id="86" sentence="3" number="45">.</token>
<token t_id="87" sentence="4" number="0">Lohan</token>
<token t_id="88" sentence="4" number="1">was</token>
<token t_id="89" sentence="4" number="2">previously</token>
<token t_id="90" sentence="4" number="3">at</token>
<token t_id="91" sentence="4" number="4">Betty</token>
<token t_id="92" sentence="4" number="5">Ford</token>
<token t_id="93" sentence="4" number="6">from</token>
<token t_id="94" sentence="4" number="7">September</token>
<token t_id="95" sentence="4" number="8">2010</token>
<token t_id="96" sentence="4" number="9">to</token>
<token t_id="97" sentence="4" number="10">January</token>
<token t_id="98" sentence="4" number="11">2011</token>
<token t_id="99" sentence="4" number="12">after</token>
<token t_id="100" sentence="4" number="13">a</token>
<token t_id="101" sentence="4" number="14">probation</token>
<token t_id="102" sentence="4" number="15">violation</token>
<token t_id="103" sentence="4" number="16">in</token>
<token t_id="104" sentence="4" number="17">a</token>
<token t_id="105" sentence="4" number="18">prior</token>
<token t_id="106" sentence="4" number="19">drunk</token>
<token t_id="107" sentence="4" number="20">driving</token>
<token t_id="108" sentence="4" number="21">case</token>
<token t_id="109" sentence="4" number="22">.</token>
<token t_id="110" sentence="5" number="0">Her</token>
<token t_id="111" sentence="5" number="1">latest</token>
<token t_id="112" sentence="5" number="2">stay</token>
<token t_id="113" sentence="5" number="3">at</token>
<token t_id="114" sentence="5" number="4">Betty</token>
<token t_id="115" sentence="5" number="5">Ford</token>
<token t_id="116" sentence="5" number="6">comes</token>
<token t_id="117" sentence="5" number="7">after</token>
<token t_id="118" sentence="5" number="8">Lohan</token>
<token t_id="119" sentence="5" number="9">rear</token>
<token t_id="120" sentence="5" number="10">-</token>
<token t_id="121" sentence="5" number="11">ended</token>
<token t_id="122" sentence="5" number="12">a</token>
<token t_id="123" sentence="5" number="13">truck</token>
<token t_id="124" sentence="5" number="14">with</token>
<token t_id="125" sentence="5" number="15">her</token>
<token t_id="126" sentence="5" number="16">Porsche</token>
<token t_id="127" sentence="5" number="17">on</token>
<token t_id="128" sentence="5" number="18">Pacific</token>
<token t_id="129" sentence="5" number="19">Coast</token>
<token t_id="130" sentence="5" number="20">Highway</token>
<token t_id="131" sentence="5" number="21">on</token>
<token t_id="132" sentence="5" number="22">June</token>
<token t_id="133" sentence="5" number="23">8</token>
<token t_id="134" sentence="5" number="24">,</token>
<token t_id="135" sentence="5" number="25">and</token>
<token t_id="136" sentence="5" number="26">then</token>
<token t_id="137" sentence="5" number="27">lied</token>
<token t_id="138" sentence="5" number="28">to</token>
<token t_id="139" sentence="5" number="29">police</token>
<token t_id="140" sentence="5" number="30">,</token>
<token t_id="141" sentence="5" number="31">telling</token>
<token t_id="142" sentence="5" number="32">them</token>
<token t_id="143" sentence="5" number="33">she</token>
<token t_id="144" sentence="5" number="34">was</token>
<token t_id="145" sentence="5" number="35">not</token>
<token t_id="146" sentence="5" number="36">driving</token>
<token t_id="147" sentence="5" number="37">.</token>
<Markables>
<ACTION_ASPECTUAL m_id="16"  >
  <token_anchor t_id="72"/>
</ACTION_ASPECTUAL>
<ACTION_ASPECTUAL m_id="23"  >
  <token_anchor t_id="116"/>
</ACTION_ASPECTUAL>
<ACTION_OCCURRENCE m_id="13"  >
  <token_anchor t_id="45"/>
</ACTION_OCCURRENCE>
<ACTION_OCCURRENCE m_id="14"  >
  <token_anchor t_id="52"/>
</ACTION_OCCURRENCE>
<ACTION_OCCURRENCE m_id="15"  >
  <token_anchor t_id="65"/>
  <token_anchor t_id="66"/>
</ACTION_OCCURRENCE>
<ACTION_OCCURRENCE m_id="17"  >
  <token_anchor t_id="58"/>
</ACTION_OCCURRENCE>
<ACTION_OCCURRENCE m_id="22"  >
  <token_anchor t_id="112"/>
</ACTION_OCCURRENCE>
<ACTION_OCCURRENCE m_id="24"  >
  <token_anchor t_id="119"/>
  <token_anchor t_id="120"/>
  <token_anchor t_id="121"/>
</ACTION_OCCURRENCE>
<ACTION_OCCURRENCE m_id="29"  >
  <token_anchor t_id="141"/>
</ACTION_OCCURRENCE>
<ACTION_OCCURRENCE m_id="30"  >
  <token_anchor t_id="137"/>
</ACTION_OCCURRENCE>
<ACTION_OCCURRENCE m_id="35"  >
  <token_anchor t_id="107"/>
</ACTION_OCCURRENCE>
<ACTION_OCCURRENCE m_id="36"  >
  <token_anchor t_id="108"/>
</ACTION_OCCURRENCE>
<ACTION_OCCURRENCE m_id="37"  >
  <token_anchor t_id="102"/>
</ACTION_OCCURRENCE>
<ACTION_OCCURRENCE m_id="2"  >
  <token_anchor t_id="32"/>
  <token_anchor t_id="33"/>
</ACTION_OCCURRENCE>
<ACTION_OCCURRENCE m_id="44"  >
  <token_anchor t_id="84"/>
</ACTION_OCCURRENCE>
<ACTION_OCCURRENCE m_id="45"  >
  <token_anchor t_id="85"/>
</ACTION_OCCURRENCE>
<ACTION_STATE m_id="47"  >
  <token_anchor t_id="101"/>
</ACTION_STATE>
<ACTION_STATE m_id="34"  >
  <token_anchor t_id="106"/>
</ACTION_STATE>
<ACTION_STATE m_id="41"  >
  <token_anchor t_id="60"/>
</ACTION_STATE>
<HUMAN_PART_PER m_id="9"  >
  <token_anchor t_id="143"/>
</HUMAN_PART_PER>
<HUMAN_PART_PER m_id="46"  >
  <token_anchor t_id="59"/>
</HUMAN_PART_PER>
<HUMAN_PART_PER m_id="26"  >
  <token_anchor t_id="125"/>
</HUMAN_PART_PER>
<HUMAN_PART_PER m_id="27"  >
  <token_anchor t_id="139"/>
</HUMAN_PART_PER>
<HUMAN_PART_PER m_id="28"  >
  <token_anchor t_id="142"/>
</HUMAN_PART_PER>
<HUMAN_PART_PER m_id="1"  >
  <token_anchor t_id="30"/>
  <token_anchor t_id="31"/>
</HUMAN_PART_PER>
<HUMAN_PART_PER m_id="5"  >
  <token_anchor t_id="62"/>
  <token_anchor t_id="63"/>
</HUMAN_PART_PER>
<HUMAN_PART_PER m_id="6"  >
  <token_anchor t_id="87"/>
</HUMAN_PART_PER>
<HUMAN_PART_PER m_id="7"  >
  <token_anchor t_id="110"/>
</HUMAN_PART_PER>
<HUMAN_PART_PER m_id="8"  >
  <token_anchor t_id="118"/>
</HUMAN_PART_PER>
<LOC_FAC m_id="11"  >
  <token_anchor t_id="114"/>
  <token_anchor t_id="115"/>
</LOC_FAC>
<LOC_FAC m_id="49"  >
  <token_anchor t_id="90"/>
  <token_anchor t_id="91"/>
  <token_anchor t_id="92"/>
</LOC_FAC>
<LOC_FAC m_id="39"  >
  <token_anchor t_id="46"/>
  <token_anchor t_id="47"/>
  <token_anchor t_id="48"/>
  <token_anchor t_id="49"/>
  <token_anchor t_id="50"/>
</LOC_FAC>
<LOC_FAC m_id="3"  >
  <token_anchor t_id="34"/>
  <token_anchor t_id="35"/>
  <token_anchor t_id="36"/>
</LOC_FAC>
<LOC_FAC m_id="42"  >
  <token_anchor t_id="67"/>
  <token_anchor t_id="68"/>
  <token_anchor t_id="69"/>
  <token_anchor t_id="70"/>
</LOC_FAC>
<LOC_GEO m_id="38"  >
  <token_anchor t_id="127"/>
  <token_anchor t_id="128"/>
  <token_anchor t_id="129"/>
  <token_anchor t_id="130"/>
</LOC_GEO>
<NEG_ACTION_OCCURRENCE m_id="48"  >
  <token_anchor t_id="146"/>
</NEG_ACTION_OCCURRENCE>
<NON_HUMAN_PART m_id="18"  >
  <token_anchor t_id="126"/>
</NON_HUMAN_PART>
<NON_HUMAN_PART m_id="25"  >
  <token_anchor t_id="123"/>
</NON_HUMAN_PART>
<TIME_DATE m_id="19"  >
  <token_anchor t_id="131"/>
  <token_anchor t_id="132"/>
  <token_anchor t_id="133"/>
</TIME_DATE>
<TIME_DATE m_id="21"  >
  <token_anchor t_id="93"/>
  <token_anchor t_id="94"/>
  <token_anchor t_id="95"/>
  <token_anchor t_id="96"/>
  <token_anchor t_id="97"/>
  <token_anchor t_id="98"/>
</TIME_DATE>
<TIME_DATE m_id="4"  >
  <token_anchor t_id="37"/>
  <token_anchor t_id="38"/>
  <token_anchor t_id="39"/>
  <token_anchor t_id="40"/>
</TIME_DATE>
<TIME_DURATION m_id="20"  >
  <token_anchor t_id="74"/>
  <token_anchor t_id="75"/>
  <token_anchor t_id="76"/>
</TIME_DURATION>


<NEG_ACTION_OCCURRENCE m_id="50" note="byCROMER" >
  <token_anchor t_id="56"/>
</NEG_ACTION_OCCURRENCE>
<ACTION_OCCURRENCE m_id="51" note="byCROMER" >
  <token_anchor t_id="80"/>
</ACTION_OCCURRENCE>


<NON_HUMAN_PART m_id="69" RELATED_TO="" TAG_DESCRIPTOR="t1_truck" instance_id="NON15993524874813320" />
<ACTION_ASPECTUAL m_id="68" RELATED_TO="" TAG_DESCRIPTOR="t1_comes_after_accident" instance_id="ACT15992969576351641" />
<ACTION_OCCURRENCE m_id="67" RELATED_TO="" TAG_DESCRIPTOR="t1_treatment" instance_id="ACT15736700251185985" />
<TIME_DURATION m_id="66" RELATED_TO="" TAG_DESCRIPTOR="t1_90_days" instance_id="TIM15737539387899295" />
<ACTION_OCCURRENCE m_id="65" RELATED_TO="" TAG_DESCRIPTOR="t1_probation_violation_2011" instance_id="ACT15992931590941820" />
<NON_HUMAN_PART m_id="64" RELATED_TO="" TAG_DESCRIPTOR="t1_porsche" instance_id="NON15993516338307198" />
<ACTION_OCCURRENCE m_id="63" RELATED_TO="" TAG_DESCRIPTOR="t1_conviction_reckless_driving" instance_id="ACT15993650409892802" />
<LOC_GEO m_id="62" RELATED_TO="" TAG_DESCRIPTOR="t1_pacific_coast_highway" instance_id="LOC15993283945522268" />
<TIME_DATE m_id="61" RELATED_TO="" TAG_DESCRIPTOR="t1_june_8" instance_id="TIM15993577423493063" />
<ACTION_STATE m_id="60" RELATED_TO="" TAG_DESCRIPTOR="t1_probation" instance_id="ACT15993252785693471" />
<HUMAN_PART_PER m_id="78" RELATED_TO="" TAG_DESCRIPTOR="t1_police" instance_id="HUM15993265340220455" />
<ACTION_OCCURRENCE m_id="77" RELATED_TO="" TAG_DESCRIPTOR="t1_rear_ended" instance_id="ACT15992749343646756" />
<ACTION_OCCURRENCE m_id="76" RELATED_TO="" TAG_DESCRIPTOR="t1_facing_arrest" instance_id="ACT15992713150306962" />
<LOC_FAC m_id="75" RELATED_TO="" TAG_DESCRIPTOR="t1_betty_ford" instance_id="LOC15734326865367655" />
<HUMAN_PART_PER m_id="74" RELATED_TO="" TAG_DESCRIPTOR="t1_lindsay_lohan" instance_id="HUM15732980283919140" />
<ACTION_OCCURRENCE m_id="73" RELATED_TO="" TAG_DESCRIPTOR="t1_probation_violation" instance_id="ACT15992916565253818" />
<LOC_FAC m_id="72" RELATED_TO="" TAG_DESCRIPTOR="t1_morningside" instance_id="LOC15733316663614047" />
<NEG_ACTION_OCCURRENCE m_id="71" RELATED_TO="" TAG_DESCRIPTOR="t1_arrest" instance_id="NEG15992276401966735" />
<ACTION_OCCURRENCE m_id="70" RELATED_TO="" TAG_DESCRIPTOR="t1_lie_police" instance_id="ACT15992735112506944" />
<ACTION_OCCURRENCE m_id="59" RELATED_TO="" TAG_DESCRIPTOR="t1_drunk_driving" instance_id="ACT15732766174435569" />
<ACTION_OCCURRENCE m_id="58" RELATED_TO="" TAG_DESCRIPTOR="t1_checking_into_betty_ford" instance_id="ACT15738091639707092" />
<NEG_ACTION_OCCURRENCE m_id="57" RELATED_TO="" TAG_DESCRIPTOR="t1_not_driving" instance_id="NEG15993306270773347" />
<ACTION_OCCURRENCE m_id="56" RELATED_TO="" TAG_DESCRIPTOR="t1_drunk_driving_case" instance_id="ACT15731894703034277" />
<TIME_DATE m_id="55" RELATED_TO="" TAG_DESCRIPTOR="t1_september_2010_to_january_2011" instance_id="TIM15993566170047502" />
<ACTION_STATE m_id="54" RELATED_TO="" TAG_DESCRIPTOR="t1_drunk" instance_id="ACT15993233429945712" />
<ACTION_OCCURRENCE m_id="53" RELATED_TO="" TAG_DESCRIPTOR="t1_checking_into_morningside_or_showing_up" instance_id="ACT15832182464413376" />
<ACTION_ASPECTUAL m_id="52" RELATED_TO="" TAG_DESCRIPTOR="t1_begin_90_days" instance_id="ACT15992988761097172" />
</Markables>

<Relations>
<CROSS_DOC_COREF r_id="21039" note="ACT15992988761097172" >
  <source m_id="16" />
  <target m_id="52" />
</CROSS_DOC_COREF>
<CROSS_DOC_COREF r_id="21040" note="ACT15832182464413376" >
  <source m_id="13" />
  <target m_id="53" />
</CROSS_DOC_COREF>
<CROSS_DOC_COREF r_id="21041" note="ACT15993233429945712" >
  <source m_id="34" />
  <target m_id="54" />
</CROSS_DOC_COREF>
<CROSS_DOC_COREF r_id="21042" note="TIM15993566170047502" >
  <source m_id="21" />
  <target m_id="55" />
</CROSS_DOC_COREF>
<CROSS_DOC_COREF r_id="21043" note="ACT15731894703034277" >
  <source m_id="36" />
  <target m_id="56" />
</CROSS_DOC_COREF>
<CROSS_DOC_COREF r_id="21044" note="NEG15993306270773347" >
  <source m_id="48" />
  <target m_id="57" />
</CROSS_DOC_COREF>
<CROSS_DOC_COREF r_id="21045" note="ACT15738091639707092" >
  <source m_id="15" />
  <source m_id="2" />
  <target m_id="58" />
</CROSS_DOC_COREF>
<CROSS_DOC_COREF r_id="21046" note="ACT15732766174435569" >
  <source m_id="44" />
  <target m_id="59" />
</CROSS_DOC_COREF>
<CROSS_DOC_COREF r_id="21047" note="ACT15993252785693471" >
  <source m_id="41" />
  <target m_id="60" />
</CROSS_DOC_COREF>
<CROSS_DOC_COREF r_id="21048" note="TIM15993577423493063" >
  <source m_id="19" />
  <target m_id="61" />
</CROSS_DOC_COREF>
<CROSS_DOC_COREF r_id="21049" note="LOC15993283945522268" >
  <source m_id="38" />
  <target m_id="62" />
</CROSS_DOC_COREF>
<CROSS_DOC_COREF r_id="21050" note="ACT15993650409892802" >
  <source m_id="45" />
  <target m_id="63" />
</CROSS_DOC_COREF>
<CROSS_DOC_COREF r_id="21051" note="NON15993516338307198" >
  <source m_id="18" />
  <target m_id="64" />
</CROSS_DOC_COREF>
<CROSS_DOC_COREF r_id="21052" note="ACT15992931590941820" >
  <source m_id="37" />
  <target m_id="65" />
</CROSS_DOC_COREF>
<CROSS_DOC_COREF r_id="21053" note="TIM15737539387899295" >
  <source m_id="20" />
  <target m_id="66" />
</CROSS_DOC_COREF>
<CROSS_DOC_COREF r_id="21054" note="ACT15736700251185985" >
  <source m_id="22" />
  <source m_id="51" />
  <target m_id="67" />
</CROSS_DOC_COREF>
<CROSS_DOC_COREF r_id="21055" note="ACT15992969576351641" >
  <source m_id="23" />
  <target m_id="68" />
</CROSS_DOC_COREF>
<CROSS_DOC_COREF r_id="21056" note="NON15993524874813320" >
  <source m_id="25" />
  <target m_id="69" />
</CROSS_DOC_COREF>
<CROSS_DOC_COREF r_id="21057" note="ACT15992735112506944" >
  <source m_id="30" />
  <source m_id="29" />
  <target m_id="70" />
</CROSS_DOC_COREF>
<CROSS_DOC_COREF r_id="21058" note="NEG15992276401966735" >
  <source m_id="50" />
  <target m_id="71" />
</CROSS_DOC_COREF>
<CROSS_DOC_COREF r_id="21059" note="LOC15733316663614047" >
  <source m_id="39" />
  <target m_id="72" />
</CROSS_DOC_COREF>
<CROSS_DOC_COREF r_id="21060" note="ACT15992916565253818" >
  <source m_id="17" />
  <target m_id="73" />
</CROSS_DOC_COREF>
<CROSS_DOC_COREF r_id="21061" note="HUM15732980283919140" >
  <source m_id="46" />
  <source m_id="7" />
  <source m_id="8" />
  <source m_id="5" />
  <source m_id="1" />
  <source m_id="6" />
  <source m_id="26" />
  <source m_id="9" />
  <target m_id="74" />
</CROSS_DOC_COREF>
<CROSS_DOC_COREF r_id="21062" note="LOC15734326865367655" >
  <source m_id="49" />
  <source m_id="11" />
  <source m_id="42" />
  <source m_id="3" />
  <target m_id="75" />
</CROSS_DOC_COREF>
<CROSS_DOC_COREF r_id="21063" note="ACT15992713150306962" >
  <source m_id="14" />
  <target m_id="76" />
</CROSS_DOC_COREF>
<CROSS_DOC_COREF r_id="21064" note="ACT15992749343646756" >
  <source m_id="24" />
  <target m_id="77" />
</CROSS_DOC_COREF>
<CROSS_DOC_COREF r_id="21065" note="HUM15993265340220455" >
  <source m_id="27" />
  <source m_id="28" />
  <target m_id="78" />
</CROSS_DOC_COREF>

</Relations>
</Document>
