<Document doc_name="1_13ecb.xml" doc_id="DOC15653231772810804">
<token t_id="1" sentence="0" number="0">It</token>
<token t_id="2" sentence="0" number="1">'s</token>
<token t_id="3" sentence="0" number="2">about</token>
<token t_id="4" sentence="0" number="3">time</token>
<token t_id="5" sentence="0" number="4">,</token>
<token t_id="6" sentence="0" number="5">right</token>
<token t_id="7" sentence="0" number="6">?</token>
<token t_id="8" sentence="1" number="0">Perpetual</token>
<token t_id="9" sentence="1" number="1">mess</token>
<token t_id="10" sentence="1" number="2">Tara</token>
<token t_id="11" sentence="1" number="3">Reid</token>
<token t_id="12" sentence="1" number="4">has</token>
<token t_id="13" sentence="1" number="5">finally</token>
<token t_id="14" sentence="1" number="6">decided</token>
<token t_id="15" sentence="1" number="7">to</token>
<token t_id="16" sentence="1" number="8">try</token>
<token t_id="17" sentence="1" number="9">and</token>
<token t_id="18" sentence="1" number="10">shed</token>
<token t_id="19" sentence="1" number="11">her</token>
<token t_id="20" sentence="1" number="12">drunk-girl</token>
<token t_id="21" sentence="1" number="13">image</token>
<token t_id="22" sentence="1" number="14">and</token>
<token t_id="23" sentence="1" number="15">has</token>
<token t_id="24" sentence="1" number="16">entered</token>
<token t_id="25" sentence="1" number="17">rehab</token>
<token t_id="26" sentence="1" number="18">.</token>
<token t_id="27" sentence="2" number="0">``</token>
<token t_id="28" sentence="2" number="1">Tara</token>
<token t_id="29" sentence="2" number="2">Reid</token>
<token t_id="30" sentence="2" number="3">has</token>
<token t_id="31" sentence="2" number="4">checked</token>
<token t_id="32" sentence="2" number="5">herself</token>
<token t_id="33" sentence="2" number="6">into</token>
<token t_id="34" sentence="2" number="7">Promises</token>
<token t_id="35" sentence="2" number="8">Treatment</token>
<token t_id="36" sentence="2" number="9">Center</token>
<token t_id="37" sentence="2" number="10">,</token>
<token t_id="38" sentence="2" number="11">''</token>
<token t_id="39" sentence="2" number="12">her</token>
<token t_id="40" sentence="2" number="13">rep</token>
<token t_id="41" sentence="2" number="14">told</token>
<token t_id="42" sentence="2" number="15">UsMagazine.com</token>
<token t_id="43" sentence="2" number="16">.</token>
<token t_id="44" sentence="3" number="0">``</token>
<token t_id="45" sentence="3" number="1">We</token>
<token t_id="46" sentence="3" number="2">appreciate</token>
<token t_id="47" sentence="3" number="3">your</token>
<token t_id="48" sentence="3" number="4">respect</token>
<token t_id="49" sentence="3" number="5">to</token>
<token t_id="50" sentence="3" number="6">her</token>
<token t_id="51" sentence="3" number="7">and</token>
<token t_id="52" sentence="3" number="8">her</token>
<token t_id="53" sentence="3" number="9">family</token>
<token t_id="54" sentence="3" number="10">'s</token>
<token t_id="55" sentence="3" number="11">privacy</token>
<token t_id="56" sentence="3" number="12">at</token>
<token t_id="57" sentence="3" number="13">this</token>
<token t_id="58" sentence="3" number="14">time</token>
<token t_id="59" sentence="3" number="15">.</token>
<token t_id="60" sentence="3" number="16">''</token>
<token t_id="61" sentence="4" number="0">The</token>
<token t_id="62" sentence="4" number="1">actress</token>
<token t_id="63" sentence="4" number="2">,</token>
<token t_id="64" sentence="4" number="3">who</token>
<token t_id="65" sentence="4" number="4">has</token>
<token t_id="66" sentence="4" number="5">n't</token>
<token t_id="67" sentence="4" number="6">done</token>
<token t_id="68" sentence="4" number="7">anything</token>
<token t_id="69" sentence="4" number="8">to</token>
<token t_id="70" sentence="4" number="9">speak</token>
<token t_id="71" sentence="4" number="10">of</token>
<token t_id="72" sentence="4" number="11">in</token>
<token t_id="73" sentence="4" number="12">years</token>
<token t_id="74" sentence="4" number="13">,</token>
<token t_id="75" sentence="4" number="14">has</token>
<token t_id="76" sentence="4" number="15">been</token>
<token t_id="77" sentence="4" number="16">seen</token>
<token t_id="78" sentence="4" number="17">,</token>
<token t_id="79" sentence="4" number="18">on</token>
<token t_id="80" sentence="4" number="19">so</token>
<token t_id="81" sentence="4" number="20">many</token>
<token t_id="82" sentence="4" number="21">occasions</token>
<token t_id="83" sentence="4" number="22">,</token>
<token t_id="84" sentence="4" number="23">wasted</token>
<token t_id="85" sentence="4" number="24">out</token>
<token t_id="86" sentence="4" number="25">of</token>
<token t_id="87" sentence="4" number="26">her</token>
<token t_id="88" sentence="4" number="27">mind</token>
<token t_id="89" sentence="4" number="28">,</token>
<token t_id="90" sentence="4" number="29">unwittingly</token>
<token t_id="91" sentence="4" number="30">flashing</token>
<token t_id="92" sentence="4" number="31">the</token>
<token t_id="93" sentence="4" number="32">paparazzi</token>
<token t_id="94" sentence="4" number="33">on</token>
<token t_id="95" sentence="4" number="34">the</token>
<token t_id="96" sentence="4" number="35">red</token>
<token t_id="97" sentence="4" number="36">carpet</token>
<token t_id="98" sentence="4" number="37">,</token>
<token t_id="99" sentence="4" number="38">looking</token>
<token t_id="100" sentence="4" number="39">scary-skinny</token>
<token t_id="101" sentence="4" number="40">,</token>
<token t_id="102" sentence="4" number="41">and</token>
<token t_id="103" sentence="4" number="42">making</token>
<token t_id="104" sentence="4" number="43">really</token>
<token t_id="105" sentence="4" number="44">D-list</token>
<token t_id="106" sentence="4" number="45">personal</token>
<token t_id="107" sentence="4" number="46">appearances</token>
<token t_id="108" sentence="4" number="47">.</token>
<token t_id="109" sentence="5" number="0">Rehab</token>
<token t_id="110" sentence="5" number="1">has</token>
<token t_id="111" sentence="5" number="2">been</token>
<token t_id="112" sentence="5" number="3">calling</token>
<token t_id="113" sentence="5" number="4">her</token>
<token t_id="114" sentence="5" number="5">name</token>
<token t_id="115" sentence="5" number="6">loud</token>
<token t_id="116" sentence="5" number="7">and</token>
<token t_id="117" sentence="5" number="8">clear</token>
<token t_id="118" sentence="5" number="9">for</token>
<token t_id="119" sentence="5" number="10">years</token>
<token t_id="120" sentence="5" number="11">.</token>
<token t_id="121" sentence="6" number="0">Best</token>
<token t_id="122" sentence="6" number="1">decision</token>
<token t_id="123" sentence="6" number="2">ever</token>
<token t_id="124" sentence="6" number="3">.</token>
<token t_id="125" sentence="7" number="0">Good</token>
<token t_id="126" sentence="7" number="1">luck</token>
<token t_id="127" sentence="7" number="2">,</token>
<token t_id="128" sentence="7" number="3">Tara</token>
<token t_id="129" sentence="7" number="4">.</token>
<Markables>
<ACTION_OCCURRENCE m_id="9"  >
  <token_anchor t_id="14"/>
</ACTION_OCCURRENCE>
<ACTION_OCCURRENCE m_id="10"  >
  <token_anchor t_id="24"/>
</ACTION_OCCURRENCE>
<ACTION_OCCURRENCE m_id="11"  >
  <token_anchor t_id="18"/>
</ACTION_OCCURRENCE>
<HUMAN_PART_GENERIC m_id="14"  >
  <token_anchor t_id="20"/>
</HUMAN_PART_GENERIC>
<HUMAN_PART_PER m_id="7"  >
  <token_anchor t_id="10"/>
  <token_anchor t_id="11"/>
</HUMAN_PART_PER>
<HUMAN_PART_PER m_id="8"  >
  <token_anchor t_id="19"/>
</HUMAN_PART_PER>
<LOC_FAC m_id="12"  >
  <token_anchor t_id="25"/>
</LOC_FAC>
<NON_HUMAN_PART m_id="13"  >
  <token_anchor t_id="21"/>
</NON_HUMAN_PART>


<HUMAN_PART_PER m_id="15" note="byCROMER" >
  <token_anchor t_id="28"/>
  <token_anchor t_id="29"/>
</HUMAN_PART_PER>
<HUMAN_PART_PER m_id="16" note="byCROMER" >
  <token_anchor t_id="32"/>
</HUMAN_PART_PER>
<HUMAN_PART_PER m_id="17" note="byCROMER" >
  <token_anchor t_id="40"/>
</HUMAN_PART_PER>


<ACTION_OCCURRENCE m_id="22" RELATED_TO="" TAG_DESCRIPTOR="t1b_checking_in_promises" instance_id="ACT16236402809085484" />
<HUMAN_PART_PER m_id="21" RELATED_TO="" TAG_DESCRIPTOR="t1b_rep" instance_id="HUM16284637796168708" />
<HUMAN_PART_PER m_id="19" RELATED_TO="" TAG_DESCRIPTOR="t1b_tara_reid" instance_id="HUM16236184328979740" />
<ACTION_OCCURRENCE m_id="20" RELATED_TO="" TAG_DESCRIPTOR="t1b_decided" instance_id="ACT17393001387097507" />
<LOC_FAC m_id="18" RELATED_TO="" TAG_DESCRIPTOR="t1b_promises_maliby" instance_id="LOC16235213289813758" />
</Markables>

<Relations>
<CROSS_DOC_COREF r_id="37632" note="LOC16235213289813758" >
  <source m_id="12" />
  <target m_id="18" />
</CROSS_DOC_COREF>
<CROSS_DOC_COREF r_id="37633" note="HUM16236184328979740" >
  <source m_id="7" />
  <source m_id="15" />
  <source m_id="16" />
  <source m_id="8" />
  <target m_id="19" />
</CROSS_DOC_COREF>
<CROSS_DOC_COREF r_id="37634" note="ACT17393001387097507" >
  <source m_id="9" />
  <target m_id="20" />
</CROSS_DOC_COREF>
<CROSS_DOC_COREF r_id="37635" note="HUM16284637796168708" >
  <source m_id="17" />
  <target m_id="21" />
</CROSS_DOC_COREF>
<CROSS_DOC_COREF r_id="37636" note="ACT16236402809085484" >
  <source m_id="10" />
  <target m_id="22" />
</CROSS_DOC_COREF>

</Relations>
</Document>
