<Document doc_name="1_13ecbplus.xml" doc_id="DOC15645930278133838">
<token t_id="1" sentence="0" number="0">http</token>
<token t_id="2" sentence="0" number="1">:</token>
<token t_id="3" sentence="0" number="2">/</token>
<token t_id="4" sentence="0" number="3">/</token>
<token t_id="5" sentence="0" number="4">www</token>
<token t_id="6" sentence="0" number="5">.</token>
<token t_id="7" sentence="0" number="6">ontheredcarpet</token>
<token t_id="8" sentence="0" number="7">.</token>
<token t_id="9" sentence="0" number="8">com</token>
<token t_id="10" sentence="0" number="9">/</token>
<token t_id="11" sentence="0" number="10">Lindsay</token>
<token t_id="12" sentence="0" number="11">-</token>
<token t_id="13" sentence="0" number="12">Lohan</token>
<token t_id="14" sentence="0" number="13">-</token>
<token t_id="15" sentence="0" number="14">checks</token>
<token t_id="16" sentence="0" number="15">-</token>
<token t_id="17" sentence="0" number="16">into</token>
<token t_id="18" sentence="0" number="17">-</token>
<token t_id="19" sentence="0" number="18">rehab</token>
<token t_id="20" sentence="0" number="19">-</token>
<token t_id="21" sentence="0" number="20">to</token>
<token t_id="22" sentence="0" number="21">-</token>
<token t_id="23" sentence="0" number="22">begin</token>
<token t_id="24" sentence="0" number="23">-</token>
<token t_id="25" sentence="0" number="24">90</token>
<token t_id="26" sentence="0" number="25">-</token>
<token t_id="27" sentence="0" number="26">day</token>
<token t_id="28" sentence="0" number="27">-</token>
<token t_id="29" sentence="0" number="28">stint</token>
<token t_id="30" sentence="0" number="29">-</token>
<token t_id="31" sentence="0" number="30">-</token>
<token t_id="32" sentence="0" number="31">lawyer</token>
<token t_id="33" sentence="0" number="32">-</token>
<token t_id="34" sentence="0" number="33">says</token>
<token t_id="35" sentence="0" number="34">/</token>
<token t_id="36" sentence="0" number="35">9087997</token>
<token t_id="37" sentence="1" number="0">Lindsay</token>
<token t_id="38" sentence="1" number="1">Lohan</token>
<token t_id="39" sentence="1" number="2">checks</token>
<token t_id="40" sentence="1" number="3">into</token>
<token t_id="41" sentence="1" number="4">rehab</token>
<token t_id="42" sentence="1" number="5">to</token>
<token t_id="43" sentence="1" number="6">begin</token>
<token t_id="44" sentence="1" number="7">90</token>
<token t_id="45" sentence="1" number="8">-</token>
<token t_id="46" sentence="1" number="9">day</token>
<token t_id="47" sentence="1" number="10">stint</token>
<token t_id="48" sentence="1" number="11">,</token>
<token t_id="49" sentence="1" number="12">lawyer</token>
<token t_id="50" sentence="1" number="13">says</token>
<token t_id="51" sentence="2" number="0">05</token>
<token t_id="52" sentence="2" number="1">/</token>
<token t_id="53" sentence="2" number="2">02</token>
<token t_id="54" sentence="2" number="3">/</token>
<token t_id="55" sentence="2" number="4">2013</token>
<token t_id="56" sentence="3" number="0">Lindsay</token>
<token t_id="57" sentence="3" number="1">Lohan</token>
<token t_id="58" sentence="3" number="2">has</token>
<token t_id="59" sentence="3" number="3">checked</token>
<token t_id="60" sentence="3" number="4">into</token>
<token t_id="61" sentence="3" number="5">a</token>
<token t_id="62" sentence="3" number="6">rehab</token>
<token t_id="63" sentence="3" number="7">facility</token>
<token t_id="64" sentence="3" number="8">to</token>
<token t_id="65" sentence="3" number="9">begin</token>
<token t_id="66" sentence="3" number="10">a</token>
<token t_id="67" sentence="3" number="11">90</token>
<token t_id="68" sentence="3" number="12">-</token>
<token t_id="69" sentence="3" number="13">day</token>
<token t_id="70" sentence="3" number="14">court</token>
<token t_id="71" sentence="3" number="15">-</token>
<token t_id="72" sentence="3" number="16">ordered</token>
<token t_id="73" sentence="3" number="17">stint</token>
<token t_id="74" sentence="3" number="18">,</token>
<token t_id="75" sentence="3" number="19">handed</token>
<token t_id="76" sentence="3" number="20">down</token>
<token t_id="77" sentence="3" number="21">as</token>
<token t_id="78" sentence="3" number="22">part</token>
<token t_id="79" sentence="3" number="23">of</token>
<token t_id="80" sentence="3" number="24">a</token>
<token t_id="81" sentence="3" number="25">sentence</token>
<token t_id="82" sentence="3" number="26">for</token>
<token t_id="83" sentence="3" number="27">a</token>
<token t_id="84" sentence="3" number="28">2012</token>
<token t_id="85" sentence="3" number="29">car</token>
<token t_id="86" sentence="3" number="30">crash</token>
<token t_id="87" sentence="3" number="31">case</token>
<token t_id="88" sentence="3" number="32">.</token>
<token t_id="89" sentence="4" number="0">However</token>
<token t_id="90" sentence="4" number="1">,</token>
<token t_id="91" sentence="4" number="2">it</token>
<token t_id="92" sentence="4" number="3">remains</token>
<token t_id="93" sentence="4" number="4">unclear</token>
<token t_id="94" sentence="4" number="5">whether</token>
<token t_id="95" sentence="4" number="6">a</token>
<token t_id="96" sentence="4" number="7">judge</token>
<token t_id="97" sentence="4" number="8">will</token>
<token t_id="98" sentence="4" number="9">accept</token>
<token t_id="99" sentence="4" number="10">her</token>
<token t_id="100" sentence="4" number="11">placement</token>
<token t_id="101" sentence="4" number="12">at</token>
<token t_id="102" sentence="4" number="13">the</token>
<token t_id="103" sentence="4" number="14">center</token>
<token t_id="104" sentence="4" number="15">,</token>
<token t_id="105" sentence="4" number="16">whose</token>
<token t_id="106" sentence="4" number="17">location</token>
<token t_id="107" sentence="4" number="18">was</token>
<token t_id="108" sentence="4" number="19">not</token>
<token t_id="109" sentence="4" number="20">revealed</token>
<token t_id="110" sentence="4" number="21">publicly</token>
<token t_id="111" sentence="4" number="22">,</token>
<token t_id="112" sentence="4" number="23">the</token>
<token t_id="113" sentence="4" number="24">Associated</token>
<token t_id="114" sentence="4" number="25">Press</token>
<token t_id="115" sentence="4" number="26">reported</token>
<token t_id="116" sentence="4" number="27">,</token>
<token t_id="117" sentence="4" number="28">quoting</token>
<token t_id="118" sentence="4" number="29">her</token>
<token t_id="119" sentence="4" number="30">lawyer</token>
<token t_id="120" sentence="4" number="31">Mark</token>
<token t_id="121" sentence="4" number="32">Heller</token>
<token t_id="122" sentence="4" number="33">as</token>
<token t_id="123" sentence="4" number="34">saying</token>
<token t_id="124" sentence="4" number="35">on</token>
<token t_id="125" sentence="4" number="36">May</token>
<token t_id="126" sentence="4" number="37">2</token>
<token t_id="127" sentence="4" number="38">that</token>
<token t_id="128" sentence="4" number="39">prosecutors</token>
<token t_id="129" sentence="4" number="40">have</token>
<token t_id="130" sentence="4" number="41">not</token>
<token t_id="131" sentence="4" number="42">approved</token>
<token t_id="132" sentence="4" number="43">it</token>
<token t_id="133" sentence="4" number="44">yet</token>
<token t_id="134" sentence="4" number="45">.</token>
<token t_id="135" sentence="5" number="0">One</token>
<token t_id="136" sentence="5" number="1">of</token>
<token t_id="137" sentence="5" number="2">them</token>
<token t_id="138" sentence="5" number="3">told</token>
<token t_id="139" sentence="5" number="4">the</token>
<token t_id="140" sentence="5" number="5">judge</token>
<token t_id="141" sentence="5" number="6">he</token>
<token t_id="142" sentence="5" number="7">needed</token>
<token t_id="143" sentence="5" number="8">more</token>
<token t_id="144" sentence="5" number="9">time</token>
<token t_id="145" sentence="5" number="10">to</token>
<token t_id="146" sentence="5" number="11">investigate</token>
<token t_id="147" sentence="5" number="12">the</token>
<token t_id="148" sentence="5" number="13">place</token>
<token t_id="149" sentence="5" number="14">and</token>
<token t_id="150" sentence="5" number="15">the</token>
<token t_id="151" sentence="5" number="16">judge</token>
<token t_id="152" sentence="5" number="17">has</token>
<token t_id="153" sentence="5" number="18">given</token>
<token t_id="154" sentence="5" number="19">him</token>
<token t_id="155" sentence="5" number="20">a</token>
<token t_id="156" sentence="5" number="21">May</token>
<token t_id="157" sentence="5" number="22">10</token>
<token t_id="158" sentence="5" number="23">deadline</token>
<token t_id="159" sentence="5" number="24">,</token>
<token t_id="160" sentence="5" number="25">the</token>
<token t_id="161" sentence="5" number="26">news</token>
<token t_id="162" sentence="5" number="27">wire</token>
<token t_id="163" sentence="5" number="28">said</token>
<token t_id="164" sentence="5" number="29">.</token>
<Markables>
<ACTION_ASPECTUAL m_id="9"  >
  <token_anchor t_id="65"/>
</ACTION_ASPECTUAL>
<ACTION_ASPECTUAL m_id="14"  >
  <token_anchor t_id="43"/>
</ACTION_ASPECTUAL>
<ACTION_ASPECTUAL m_id="15"  >
  <token_anchor t_id="92"/>
</ACTION_ASPECTUAL>
<ACTION_OCCURRENCE m_id="10"  >
  <token_anchor t_id="98"/>
</ACTION_OCCURRENCE>
<ACTION_OCCURRENCE m_id="47"  >
  <token_anchor t_id="81"/>
</ACTION_OCCURRENCE>
<ACTION_OCCURRENCE m_id="11"  >
  <token_anchor t_id="146"/>
</ACTION_OCCURRENCE>
<ACTION_OCCURRENCE m_id="12"  >
  <token_anchor t_id="153"/>
</ACTION_OCCURRENCE>
<ACTION_OCCURRENCE m_id="51"  >
  <token_anchor t_id="86"/>
</ACTION_OCCURRENCE>
<ACTION_OCCURRENCE m_id="52"  >
  <token_anchor t_id="87"/>
</ACTION_OCCURRENCE>
<ACTION_OCCURRENCE m_id="24"  >
  <token_anchor t_id="109"/>
</ACTION_OCCURRENCE>
<ACTION_OCCURRENCE m_id="30"  >
  <token_anchor t_id="100"/>
</ACTION_OCCURRENCE>
<ACTION_OCCURRENCE m_id="31"  >
  <token_anchor t_id="73"/>
</ACTION_OCCURRENCE>
<ACTION_OCCURRENCE m_id="32"  >
  <token_anchor t_id="47"/>
</ACTION_OCCURRENCE>
<ACTION_OCCURRENCE m_id="36"  >
  <token_anchor t_id="142"/>
</ACTION_OCCURRENCE>
<ACTION_OCCURRENCE m_id="6"  >
  <token_anchor t_id="39"/>
  <token_anchor t_id="40"/>
</ACTION_OCCURRENCE>
<ACTION_OCCURRENCE m_id="7"  >
  <token_anchor t_id="59"/>
  <token_anchor t_id="60"/>
</ACTION_OCCURRENCE>
<ACTION_OCCURRENCE m_id="8"  >
  <token_anchor t_id="75"/>
  <token_anchor t_id="76"/>
</ACTION_OCCURRENCE>
<ACTION_REPORTING m_id="16"  >
  <token_anchor t_id="123"/>
</ACTION_REPORTING>
<ACTION_REPORTING m_id="17"  >
  <token_anchor t_id="117"/>
</ACTION_REPORTING>
<ACTION_REPORTING m_id="18"  >
  <token_anchor t_id="138"/>
</ACTION_REPORTING>
<ACTION_REPORTING m_id="20"  >
  <token_anchor t_id="50"/>
</ACTION_REPORTING>
<ACTION_REPORTING m_id="26"  >
  <token_anchor t_id="115"/>
</ACTION_REPORTING>
<HUMAN_PART_ORG m_id="25"  >
  <token_anchor t_id="112"/>
  <token_anchor t_id="113"/>
  <token_anchor t_id="114"/>
</HUMAN_PART_ORG>
<HUMAN_PART_ORG m_id="41"  >
  <token_anchor t_id="160"/>
  <token_anchor t_id="161"/>
  <token_anchor t_id="162"/>
</HUMAN_PART_ORG>
<HUMAN_PART_PER m_id="57"  >
  <token_anchor t_id="141"/>
</HUMAN_PART_PER>
<HUMAN_PART_PER m_id="22"  >
  <token_anchor t_id="49"/>
</HUMAN_PART_PER>
<HUMAN_PART_PER m_id="23"  >
  <token_anchor t_id="96"/>
</HUMAN_PART_PER>
<HUMAN_PART_PER m_id="27"  >
  <token_anchor t_id="120"/>
  <token_anchor t_id="121"/>
</HUMAN_PART_PER>
<HUMAN_PART_PER m_id="29"  >
  <token_anchor t_id="128"/>
</HUMAN_PART_PER>
<HUMAN_PART_PER m_id="2"  >
  <token_anchor t_id="37"/>
  <token_anchor t_id="38"/>
</HUMAN_PART_PER>
<HUMAN_PART_PER m_id="37"  >
  <token_anchor t_id="140"/>
</HUMAN_PART_PER>
<HUMAN_PART_PER m_id="3"  >
  <token_anchor t_id="56"/>
  <token_anchor t_id="57"/>
</HUMAN_PART_PER>
<HUMAN_PART_PER m_id="38"  >
  <token_anchor t_id="137"/>
</HUMAN_PART_PER>
<HUMAN_PART_PER m_id="4"  >
  <token_anchor t_id="99"/>
</HUMAN_PART_PER>
<HUMAN_PART_PER m_id="39"  >
  <token_anchor t_id="151"/>
</HUMAN_PART_PER>
<HUMAN_PART_PER m_id="5"  >
  <token_anchor t_id="118"/>
</HUMAN_PART_PER>
<LOC_FAC m_id="46"  >
  <token_anchor t_id="61"/>
  <token_anchor t_id="62"/>
  <token_anchor t_id="63"/>
</LOC_FAC>
<LOC_FAC m_id="49"  >
  <token_anchor t_id="147"/>
  <token_anchor t_id="148"/>
</LOC_FAC>
<LOC_FAC m_id="13"  >
  <token_anchor t_id="41"/>
</LOC_FAC>
<LOC_FAC m_id="50"  >
  <token_anchor t_id="101"/>
  <token_anchor t_id="102"/>
  <token_anchor t_id="103"/>
</LOC_FAC>
<LOC_FAC m_id="53"  >
  <token_anchor t_id="132"/>
</LOC_FAC>
<LOC_OTHER m_id="43"  >
  <token_anchor t_id="106"/>
</LOC_OTHER>
<NEG_ACTION_OCCURRENCE m_id="45"  >
  <token_anchor t_id="131"/>
</NEG_ACTION_OCCURRENCE>
<NEG_ACTION_STATE m_id="54"  >
  <token_anchor t_id="93"/>
</NEG_ACTION_STATE>
<TIME_DATE m_id="48"  >
  <token_anchor t_id="83"/>
  <token_anchor t_id="84"/>
</TIME_DATE>
<TIME_DATE m_id="28"  >
  <token_anchor t_id="125"/>
  <token_anchor t_id="126"/>
</TIME_DATE>
<TIME_DATE m_id="1"  >
  <token_anchor t_id="51"/>
  <token_anchor t_id="52"/>
  <token_anchor t_id="53"/>
  <token_anchor t_id="54"/>
  <token_anchor t_id="55"/>
</TIME_DATE>
<TIME_DATE m_id="40"  >
  <token_anchor t_id="156"/>
  <token_anchor t_id="157"/>
</TIME_DATE>
<TIME_DURATION m_id="58"  >
  <token_anchor t_id="66"/>
  <token_anchor t_id="67"/>
  <token_anchor t_id="68"/>
  <token_anchor t_id="69"/>
</TIME_DURATION>
<TIME_DURATION m_id="21"  >
  <token_anchor t_id="44"/>
  <token_anchor t_id="45"/>
  <token_anchor t_id="46"/>
</TIME_DURATION>


<HUMAN_PART_PER m_id="60" note="byCROMER" >
  <token_anchor t_id="119"/>
</HUMAN_PART_PER>
<ACTION_OCCURRENCE m_id="61" note="byCROMER" >
  <token_anchor t_id="163"/>
</ACTION_OCCURRENCE>


<LOC_FAC m_id="89" RELATED_TO="" TAG_DESCRIPTOR="t1_morningside" instance_id="LOC15733316663614047" />
<ACTION_OCCURRENCE m_id="88" RELATED_TO="" TAG_DESCRIPTOR="t1_given_may_10_deadline" instance_id="ACT16001973974346190" />
<ACTION_OCCURRENCE m_id="87" RELATED_TO="" TAG_DESCRIPTOR="t1_car_accident" instance_id="ACT15736222522732990" />
<ACTION_REPORTING m_id="86" RELATED_TO="" TAG_DESCRIPTOR="t1_quoting_heller_facility_unapproved" instance_id="ACT16002154014825032" />
<ACTION_OCCURRENCE m_id="85" RELATED_TO="" TAG_DESCRIPTOR="t1_treatment" instance_id="ACT15736700251185985" />
<TIME_DURATION m_id="84" RELATED_TO="" TAG_DESCRIPTOR="t1_90_days" instance_id="TIM15737539387899295" />
<ACTION_OCCURRENCE m_id="83" RELATED_TO="" TAG_DESCRIPTOR="t1_facility_not_revealed" instance_id="ACT16002037469094344" />
<ACTION_OCCURRENCE m_id="82" RELATED_TO="" TAG_DESCRIPTOR="t1_placement_at_facility" instance_id="ACT15732877992804405" />
<TIME_DATE m_id="81" RELATED_TO="" TAG_DESCRIPTOR="t1_may_10" instance_id="TIM16002606944646020" />
<ACTION_REPORTING m_id="80" RELATED_TO="" TAG_DESCRIPTOR="t1_heller_says_lohan_starts_rehab" instance_id="ACT16002321655727728" />
<ACTION_OCCURRENCE m_id="79" RELATED_TO="" TAG_DESCRIPTOR="t1_handed_down_sentence" instance_id="ACT16001988265709298" />
<TIME_DATE m_id="78" RELATED_TO="" TAG_DESCRIPTOR="t1_june_2012" instance_id="TIM15737493546220407" />
<ACTION_REPORTING m_id="77" RELATED_TO="" TAG_DESCRIPTOR="t1_prosecutor_told_judge_time_needed" instance_id="ACT16002342399974821" />
<ACTION_ASPECTUAL m_id="76" RELATED_TO="" TAG_DESCRIPTOR="t1_remains_unclear" instance_id="ACT16001756787648053" />
<ACTION_OCCURRENCE m_id="75" RELATED_TO="" TAG_DESCRIPTOR="t1_sentence" instance_id="ACT15732906075350951" />
<ACTION_REPORTING m_id="74" RELATED_TO="" TAG_DESCRIPTOR="t1_heller_said_unapproved" instance_id="ACT16002294838654016" />
<HUMAN_PART_PER m_id="73" RELATED_TO="" TAG_DESCRIPTOR="t1_a_judge" instance_id="HUM16002409593260103" />
<NEG_ACTION_STATE m_id="72" RELATED_TO="" TAG_DESCRIPTOR="t1_unclear" instance_id="NEG16002509761057535" />
<HUMAN_PART_PER m_id="71" RELATED_TO="" TAG_DESCRIPTOR="t1_heller" instance_id="HUM15733047695318433" />
<ACTION_OCCURRENCE m_id="70" RELATED_TO="" TAG_DESCRIPTOR="t1_approve_morningside" instance_id="ACT15989594703923168" />
<TIME_DATE m_id="69" RELATED_TO="" TAG_DESCRIPTOR="t1_may_2_date" instance_id="TIM16002615815900831" />
<ACTION_OCCURRENCE m_id="68" RELATED_TO="" TAG_DESCRIPTOR="t1_investigate_new_facility" instance_id="ACT16002004844660059" />
<ACTION_OCCURRENCE m_id="67" RELATED_TO="" TAG_DESCRIPTOR="t1_drunk_driving_case" instance_id="ACT15731894703034277" />
<ACTION_REPORTING m_id="66" RELATED_TO="" TAG_DESCRIPTOR="t1_reported_associated_press" instance_id="ACT16002245543779745" />
<NEG_ACTION_OCCURRENCE m_id="65" RELATED_TO="" TAG_DESCRIPTOR="t1_approved" instance_id="NEG16002520759437010" />
<ACTION_OCCURRENCE m_id="64" RELATED_TO="" TAG_DESCRIPTOR="t1_needed_more_time" instance_id="ACT16002018566183117" />
<ACTION_OCCURRENCE m_id="63" RELATED_TO="" TAG_DESCRIPTOR="t1_checking_into_morningside_or_showing_up" instance_id="ACT15832182464413376" />
<ACTION_ASPECTUAL m_id="62" RELATED_TO="" TAG_DESCRIPTOR="t1_begin_90_days" instance_id="ACT15992988761097172" />
<LOC_OTHER m_id="93" RELATED_TO="" TAG_DESCRIPTOR="t1_location_of_unnamed_facility" instance_id="LOC16002470157721523" />
<HUMAN_PART_PER m_id="92" RELATED_TO="" TAG_DESCRIPTOR="t1_lindsay_lohan" instance_id="HUM15732980283919140" />
<HUMAN_PART_PER m_id="91" RELATED_TO="" TAG_DESCRIPTOR="t1_prosecutor" instance_id="HUM15733182573500964" />
<HUMAN_PART_ORG m_id="90" RELATED_TO="" TAG_DESCRIPTOR="t1_associated_press" instance_id="HUM15986292916798586" />
</Markables>

<Relations>
<CROSS_DOC_COREF r_id="21611" note="ACT15992988761097172" >
  <source m_id="14" />
  <source m_id="9" />
  <target m_id="62" />
</CROSS_DOC_COREF>
<CROSS_DOC_COREF r_id="21612" note="ACT15832182464413376" >
  <source m_id="6" />
  <source m_id="7" />
  <target m_id="63" />
</CROSS_DOC_COREF>
<CROSS_DOC_COREF r_id="21613" note="ACT16002018566183117" >
  <source m_id="36" />
  <target m_id="64" />
</CROSS_DOC_COREF>
<CROSS_DOC_COREF r_id="21614" note="NEG16002520759437010" >
  <source m_id="45" />
  <target m_id="65" />
</CROSS_DOC_COREF>
<CROSS_DOC_COREF r_id="21615" note="ACT16002245543779745" >
  <source m_id="26" />
  <target m_id="66" />
</CROSS_DOC_COREF>
<CROSS_DOC_COREF r_id="21616" note="ACT15731894703034277" >
  <source m_id="52" />
  <target m_id="67" />
</CROSS_DOC_COREF>
<CROSS_DOC_COREF r_id="21617" note="ACT16002004844660059" >
  <source m_id="11" />
  <target m_id="68" />
</CROSS_DOC_COREF>
<CROSS_DOC_COREF r_id="21618" note="TIM16002615815900831" >
  <source m_id="28" />
  <target m_id="69" />
</CROSS_DOC_COREF>
<CROSS_DOC_COREF r_id="21619" note="ACT15989594703923168" >
  <source m_id="10" />
  <target m_id="70" />
</CROSS_DOC_COREF>
<CROSS_DOC_COREF r_id="21620" note="HUM15733047695318433" >
  <source m_id="60" />
  <source m_id="27" />
  <source m_id="22" />
  <target m_id="71" />
</CROSS_DOC_COREF>
<CROSS_DOC_COREF r_id="21621" note="NEG16002509761057535" >
  <source m_id="54" />
  <target m_id="72" />
</CROSS_DOC_COREF>
<CROSS_DOC_COREF r_id="21622" note="HUM16002409593260103" >
  <source m_id="23" />
  <target m_id="73" />
</CROSS_DOC_COREF>
<CROSS_DOC_COREF r_id="21623" note="ACT16002294838654016" >
  <source m_id="16" />
  <target m_id="74" />
</CROSS_DOC_COREF>
<CROSS_DOC_COREF r_id="21624" note="ACT15732906075350951" >
  <source m_id="47" />
  <target m_id="75" />
</CROSS_DOC_COREF>
<CROSS_DOC_COREF r_id="21625" note="ACT16001756787648053" >
  <source m_id="15" />
  <target m_id="76" />
</CROSS_DOC_COREF>
<CROSS_DOC_COREF r_id="21626" note="ACT16002342399974821" >
  <source m_id="18" />
  <target m_id="77" />
</CROSS_DOC_COREF>
<CROSS_DOC_COREF r_id="21627" note="TIM15737493546220407" >
  <source m_id="48" />
  <target m_id="78" />
</CROSS_DOC_COREF>
<CROSS_DOC_COREF r_id="21628" note="ACT16001988265709298" >
  <source m_id="8" />
  <target m_id="79" />
</CROSS_DOC_COREF>
<CROSS_DOC_COREF r_id="21629" note="ACT16002321655727728" >
  <source m_id="20" />
  <target m_id="80" />
</CROSS_DOC_COREF>
<CROSS_DOC_COREF r_id="21630" note="TIM16002606944646020" >
  <source m_id="40" />
  <target m_id="81" />
</CROSS_DOC_COREF>
<CROSS_DOC_COREF r_id="21631" note="ACT15732877992804405" >
  <source m_id="30" />
  <target m_id="82" />
</CROSS_DOC_COREF>
<CROSS_DOC_COREF r_id="21632" note="ACT16002037469094344" >
  <source m_id="61" />
  <source m_id="24" />
  <target m_id="83" />
</CROSS_DOC_COREF>
<CROSS_DOC_COREF r_id="21633" note="TIM15737539387899295" >
  <source m_id="58" />
  <source m_id="21" />
  <target m_id="84" />
</CROSS_DOC_COREF>
<CROSS_DOC_COREF r_id="21634" note="ACT15736700251185985" >
  <source m_id="31" />
  <source m_id="32" />
  <target m_id="85" />
</CROSS_DOC_COREF>
<CROSS_DOC_COREF r_id="21635" note="ACT16002154014825032" >
  <source m_id="17" />
  <target m_id="86" />
</CROSS_DOC_COREF>
<CROSS_DOC_COREF r_id="21636" note="ACT15736222522732990" >
  <source m_id="51" />
  <target m_id="87" />
</CROSS_DOC_COREF>
<CROSS_DOC_COREF r_id="21637" note="ACT16001973974346190" >
  <source m_id="12" />
  <target m_id="88" />
</CROSS_DOC_COREF>
<CROSS_DOC_COREF r_id="21638" note="LOC15733316663614047" >
  <source m_id="50" />
  <source m_id="13" />
  <source m_id="49" />
  <source m_id="46" />
  <source m_id="53" />
  <target m_id="89" />
</CROSS_DOC_COREF>
<CROSS_DOC_COREF r_id="21639" note="HUM15986292916798586" >
  <source m_id="41" />
  <source m_id="25" />
  <target m_id="90" />
</CROSS_DOC_COREF>
<CROSS_DOC_COREF r_id="21640" note="HUM15733182573500964" >
  <source m_id="29" />
  <source m_id="38" />
  <source m_id="57" />
  <target m_id="91" />
</CROSS_DOC_COREF>
<CROSS_DOC_COREF r_id="21641" note="HUM15732980283919140" >
  <source m_id="5" />
  <source m_id="3" />
  <source m_id="2" />
  <source m_id="4" />
  <target m_id="92" />
</CROSS_DOC_COREF>
<CROSS_DOC_COREF r_id="21642" note="LOC16002470157721523" >
  <source m_id="43" />
  <target m_id="93" />
</CROSS_DOC_COREF>

</Relations>
</Document>
