<Document doc_name="1_15ecb.xml" doc_id="DOC15653232059232658">
<token t_id="1" sentence="0" number="0">The</token>
<token t_id="2" sentence="0" number="1">beautiful</token>
<token t_id="3" sentence="0" number="2">party</token>
<token t_id="4" sentence="0" number="3">girl</token>
<token t_id="5" sentence="0" number="4">Tara</token>
<token t_id="6" sentence="0" number="5">Reid</token>
<token t_id="7" sentence="0" number="6">is</token>
<token t_id="8" sentence="0" number="7">taking</token>
<token t_id="9" sentence="0" number="8">the</token>
<token t_id="10" sentence="0" number="9">time</token>
<token t_id="11" sentence="0" number="10">this</token>
<token t_id="12" sentence="0" number="11">season</token>
<token t_id="13" sentence="0" number="12">and</token>
<token t_id="14" sentence="0" number="13">checking</token>
<token t_id="15" sentence="0" number="14">herself</token>
<token t_id="16" sentence="0" number="15">into</token>
<token t_id="17" sentence="0" number="16">rehab</token>
<token t_id="18" sentence="0" number="17">.</token>
<token t_id="19" sentence="1" number="0">Yesterday</token>
<token t_id="20" sentence="1" number="1">,</token>
<token t_id="21" sentence="1" number="2">on</token>
<token t_id="22" sentence="1" number="3">Friday</token>
<token t_id="23" sentence="1" number="4">,</token>
<token t_id="24" sentence="1" number="5">Reid</token>
<token t_id="25" sentence="1" number="6">apparently</token>
<token t_id="26" sentence="1" number="7">felt</token>
<token t_id="27" sentence="1" number="8">she</token>
<token t_id="28" sentence="1" number="9">needed</token>
<token t_id="29" sentence="1" number="10">to</token>
<token t_id="30" sentence="1" number="11">be</token>
<token t_id="31" sentence="1" number="12">checked</token>
<token t_id="32" sentence="1" number="13">in</token>
<token t_id="33" sentence="1" number="14">without</token>
<token t_id="34" sentence="1" number="15">really</token>
<token t_id="35" sentence="1" number="16">saying</token>
<token t_id="36" sentence="1" number="17">why</token>
<token t_id="37" sentence="1" number="18">she</token>
<token t_id="38" sentence="1" number="19">was</token>
<token t_id="39" sentence="1" number="20">going</token>
<token t_id="40" sentence="1" number="21">in</token>
<token t_id="41" sentence="1" number="22">.</token>
<token t_id="42" sentence="2" number="0">People</token>
<token t_id="43" sentence="2" number="1">are</token>
<token t_id="44" sentence="2" number="2">assuming</token>
<token t_id="45" sentence="2" number="3">it</token>
<token t_id="46" sentence="2" number="4">'s</token>
<token t_id="47" sentence="2" number="5">her</token>
<token t_id="48" sentence="2" number="6">party</token>
<token t_id="49" sentence="2" number="7">life</token>
<token t_id="50" sentence="2" number="8">that</token>
<token t_id="51" sentence="2" number="9">is</token>
<token t_id="52" sentence="2" number="10">bringing</token>
<token t_id="53" sentence="2" number="11">her</token>
<token t_id="54" sentence="2" number="12">into</token>
<token t_id="55" sentence="2" number="13">rehab</token>
<token t_id="56" sentence="2" number="14">,</token>
<token t_id="57" sentence="2" number="15">or</token>
<token t_id="58" sentence="2" number="16">maybe</token>
<token t_id="59" sentence="2" number="17">she</token>
<token t_id="60" sentence="2" number="18">'s</token>
<token t_id="61" sentence="2" number="19">just</token>
<token t_id="62" sentence="2" number="20">going</token>
<token t_id="63" sentence="2" number="21">crazy</token>
<token t_id="64" sentence="2" number="22">.</token>
<token t_id="65" sentence="3" number="0">According</token>
<token t_id="66" sentence="3" number="1">to</token>
<token t_id="67" sentence="3" number="2">various</token>
<token t_id="68" sentence="3" number="3">reports</token>
<token t_id="69" sentence="3" number="4">Tara</token>
<token t_id="70" sentence="3" number="5">Reid</token>
<token t_id="71" sentence="3" number="6">'s</token>
<token t_id="72" sentence="3" number="7">representative</token>
<token t_id="73" sentence="3" number="8">Jack</token>
<token t_id="74" sentence="3" number="9">Ketsoyan</token>
<token t_id="75" sentence="3" number="10">left</token>
<token t_id="76" sentence="3" number="11">a</token>
<token t_id="77" sentence="3" number="12">statement</token>
<token t_id="78" sentence="3" number="13">for</token>
<token t_id="79" sentence="3" number="14">the</token>
<token t_id="80" sentence="3" number="15">press</token>
<token t_id="81" sentence="3" number="16">,</token>
<token t_id="82" sentence="3" number="17">he</token>
<token t_id="83" sentence="3" number="18">said</token>
<token t_id="84" sentence="4" number="0">``</token>
<token t_id="85" sentence="4" number="1">We</token>
<token t_id="86" sentence="4" number="2">appreciate</token>
<token t_id="87" sentence="4" number="3">your</token>
<token t_id="88" sentence="4" number="4">respect</token>
<token t_id="89" sentence="4" number="5">to</token>
<token t_id="90" sentence="4" number="6">her</token>
<token t_id="91" sentence="4" number="7">(</token>
<token t_id="92" sentence="4" number="8">Tara</token>
<token t_id="93" sentence="4" number="9">Reid</token>
<token t_id="94" sentence="4" number="10">)</token>
<token t_id="95" sentence="4" number="11">and</token>
<token t_id="96" sentence="4" number="12">her</token>
<token t_id="97" sentence="4" number="13">family</token>
<token t_id="98" sentence="4" number="14">'s</token>
<token t_id="99" sentence="4" number="15">privacy</token>
<token t_id="100" sentence="4" number="16">at</token>
<token t_id="101" sentence="4" number="17">this</token>
<token t_id="102" sentence="4" number="18">time</token>
<token t_id="103" sentence="4" number="19">.</token>
<token t_id="104" sentence="4" number="20">''</token>
<token t_id="105" sentence="5" number="0">Apparently</token>
<token t_id="106" sentence="5" number="1">the</token>
<token t_id="107" sentence="5" number="2">beautiful</token>
<token t_id="108" sentence="5" number="3">breast</token>
<token t_id="109" sentence="5" number="4">slippin</token>
<token t_id="110" sentence="5" number="5">babe</token>
<token t_id="111" sentence="5" number="6">'s</token>
<token t_id="112" sentence="5" number="7">problem</token>
<token t_id="113" sentence="5" number="8">is</token>
<token t_id="114" sentence="5" number="9">not</token>
<token t_id="115" sentence="5" number="10">getting</token>
<token t_id="116" sentence="5" number="11">out</token>
<token t_id="117" sentence="5" number="12">much</token>
<token t_id="118" sentence="5" number="13">like</token>
<token t_id="119" sentence="5" number="14">Spears</token>
<token t_id="120" sentence="5" number="15">problems</token>
<token t_id="121" sentence="5" number="16">were</token>
<token t_id="122" sentence="5" number="17">laid</token>
<token t_id="123" sentence="5" number="18">out</token>
<token t_id="124" sentence="5" number="19">in</token>
<token t_id="125" sentence="5" number="20">the</token>
<token t_id="126" sentence="5" number="21">media</token>
<token t_id="127" sentence="5" number="22">by</token>
<token t_id="128" sentence="5" number="23">the</token>
<token t_id="129" sentence="5" number="24">paparazzi</token>
<token t_id="130" sentence="5" number="25">and</token>
<token t_id="131" sentence="5" number="26">friends</token>
<token t_id="132" sentence="5" number="27">of</token>
<token t_id="133" sentence="5" number="28">the</token>
<token t_id="134" sentence="5" number="29">family</token>
<token t_id="135" sentence="5" number="30">.</token>
<token t_id="136" sentence="6" number="0">Of</token>
<token t_id="137" sentence="6" number="1">course</token>
<token t_id="138" sentence="6" number="2">who</token>
<token t_id="139" sentence="6" number="3">could</token>
<token t_id="140" sentence="6" number="4">forget</token>
<token t_id="141" sentence="6" number="5">the</token>
<token t_id="142" sentence="6" number="6">breast</token>
<token t_id="143" sentence="6" number="7">slip</token>
<token t_id="144" sentence="6" number="8">photo</token>
<token t_id="145" sentence="6" number="9">of</token>
<token t_id="146" sentence="6" number="10">Tara</token>
<token t_id="147" sentence="6" number="11">Reid</token>
<token t_id="148" sentence="6" number="12">on</token>
<token t_id="149" sentence="6" number="13">the</token>
<token t_id="150" sentence="6" number="14">red</token>
<token t_id="151" sentence="6" number="15">carpet</token>
<token t_id="152" sentence="6" number="16">where</token>
<token t_id="153" sentence="6" number="17">she</token>
<token t_id="154" sentence="6" number="18">had</token>
<token t_id="155" sentence="6" number="19">no</token>
<token t_id="156" sentence="6" number="20">idea</token>
<token t_id="157" sentence="6" number="21">her</token>
<token t_id="158" sentence="6" number="22">entire</token>
<token t_id="159" sentence="6" number="23">left</token>
<token t_id="160" sentence="6" number="24">boob</token>
<token t_id="161" sentence="6" number="25">was</token>
<token t_id="162" sentence="6" number="26">hanging</token>
<token t_id="163" sentence="6" number="27">out</token>
<token t_id="164" sentence="6" number="28">as</token>
<token t_id="165" sentence="6" number="29">reporters</token>
<token t_id="166" sentence="6" number="30">snapped</token>
<token t_id="167" sentence="6" number="31">tons</token>
<token t_id="168" sentence="6" number="32">of</token>
<token t_id="169" sentence="6" number="33">pictures</token>
<token t_id="170" sentence="6" number="34">and</token>
<token t_id="171" sentence="6" number="35">were</token>
<token t_id="172" sentence="6" number="36">laughing</token>
<token t_id="173" sentence="6" number="37">at</token>
<token t_id="174" sentence="6" number="38">her.</token>
<token t_id="175" sentence="6" number="39">(</token>
<token t_id="176" sentence="6" number="40">c</token>
<token t_id="177" sentence="6" number="41">)</token>
<token t_id="178" sentence="6" number="42">tPC</token>
<Markables>
<ACTION_OCCURRENCE m_id="29"  >
  <token_anchor t_id="28"/>
</ACTION_OCCURRENCE>
<ACTION_OCCURRENCE m_id="15"  >
  <token_anchor t_id="14"/>
  <token_anchor t_id="16"/>
</ACTION_OCCURRENCE>
<ACTION_OCCURRENCE m_id="16"  >
  <token_anchor t_id="31"/>
  <token_anchor t_id="32"/>
</ACTION_OCCURRENCE>
<ACTION_OCCURRENCE m_id="17"  >
  <token_anchor t_id="39"/>
  <token_anchor t_id="40"/>
</ACTION_OCCURRENCE>
<ACTION_OCCURRENCE m_id="20"  >
  <token_anchor t_id="8"/>
  <token_anchor t_id="10"/>
</ACTION_OCCURRENCE>
<ACTION_PERCEPTION m_id="28"  >
  <token_anchor t_id="26"/>
</ACTION_PERCEPTION>
<HUMAN_PART_PER m_id="23"  >
  <token_anchor t_id="24"/>
</HUMAN_PART_PER>
<HUMAN_PART_PER m_id="24"  >
  <token_anchor t_id="27"/>
</HUMAN_PART_PER>
<HUMAN_PART_PER m_id="25"  >
  <token_anchor t_id="37"/>
</HUMAN_PART_PER>
<HUMAN_PART_PER m_id="21"  >
  <token_anchor t_id="5"/>
  <token_anchor t_id="6"/>
</HUMAN_PART_PER>
<HUMAN_PART_PER m_id="22"  >
  <token_anchor t_id="15"/>
</HUMAN_PART_PER>
<LOC_FAC m_id="18"  >
  <token_anchor t_id="17"/>
</LOC_FAC>
<NEG_ACTION_REPORTING m_id="30"  >
  <token_anchor t_id="35"/>
</NEG_ACTION_REPORTING>
<TIME_DATE m_id="26"  >
  <token_anchor t_id="19"/>
</TIME_DATE>
<TIME_DATE m_id="27"  >
  <token_anchor t_id="21"/>
  <token_anchor t_id="22"/>
</TIME_DATE>
<TIME_DATE m_id="19"  >
  <token_anchor t_id="11"/>
  <token_anchor t_id="12"/>
</TIME_DATE>




<ACTION_OCCURRENCE m_id="35" RELATED_TO="" TAG_DESCRIPTOR="t1b_checking_in_promises" instance_id="ACT16236402809085484" />
<TIME_DATE m_id="34" RELATED_TO="" TAG_DESCRIPTOR="t1b_friday" instance_id="TIM16236441119149059" />
<HUMAN_PART_PER m_id="33" RELATED_TO="" TAG_DESCRIPTOR="t1b_tara_reid" instance_id="HUM16236184328979740" />
<LOC_FAC m_id="32" RELATED_TO="" TAG_DESCRIPTOR="t1b_promises_maliby" instance_id="LOC16235213289813758" />
<NEG_ACTION_REPORTING m_id="31" RELATED_TO="" TAG_DESCRIPTOR="t1b_undisclosed_why_in_rehab" instance_id="NEG16237477263722686" />
</Markables>

<Relations>
<CROSS_DOC_COREF r_id="37652" note="NEG16237477263722686" >
  <source m_id="30" />
  <target m_id="31" />
</CROSS_DOC_COREF>
<CROSS_DOC_COREF r_id="37653" note="LOC16235213289813758" >
  <source m_id="18" />
  <target m_id="32" />
</CROSS_DOC_COREF>
<CROSS_DOC_COREF r_id="37654" note="HUM16236184328979740" >
  <source m_id="21" />
  <source m_id="22" />
  <source m_id="23" />
  <source m_id="24" />
  <source m_id="25" />
  <target m_id="33" />
</CROSS_DOC_COREF>
<CROSS_DOC_COREF r_id="37655" note="TIM16236441119149059" >
  <source m_id="26" />
  <source m_id="27" />
  <target m_id="34" />
</CROSS_DOC_COREF>
<CROSS_DOC_COREF r_id="37656" note="ACT16236402809085484" >
  <source m_id="16" />
  <source m_id="15" />
  <source m_id="17" />
  <target m_id="35" />
</CROSS_DOC_COREF>

</Relations>
</Document>
