<Document doc_name="1_15ecbplus.xml" doc_id="DOC15645930353778038">
<token t_id="1" sentence="0" number="0">http</token>
<token t_id="2" sentence="0" number="1">:</token>
<token t_id="3" sentence="0" number="2">/</token>
<token t_id="4" sentence="0" number="3">/</token>
<token t_id="5" sentence="0" number="4">www</token>
<token t_id="6" sentence="0" number="5">.</token>
<token t_id="7" sentence="0" number="6">starpulse</token>
<token t_id="8" sentence="0" number="7">.</token>
<token t_id="9" sentence="0" number="8">com</token>
<token t_id="10" sentence="0" number="9">/</token>
<token t_id="11" sentence="0" number="10">news</token>
<token t_id="12" sentence="0" number="11">/</token>
<token t_id="13" sentence="0" number="12">index</token>
<token t_id="14" sentence="0" number="13">.</token>
<token t_id="15" sentence="0" number="14">php</token>
<token t_id="16" sentence="0" number="15">/</token>
<token t_id="17" sentence="0" number="16">2013</token>
<token t_id="18" sentence="0" number="17">/</token>
<token t_id="19" sentence="0" number="18">05</token>
<token t_id="20" sentence="0" number="19">/</token>
<token t_id="21" sentence="0" number="20">03</token>
<token t_id="22" sentence="0" number="21">/</token>
<token t_id="23" sentence="0" number="22">lindsay</token>
<token t_id="24" sentence="0" number="23">_</token>
<token t_id="25" sentence="0" number="24">lohan</token>
<token t_id="26" sentence="0" number="25">_</token>
<token t_id="27" sentence="0" number="26">check</token>
<token t_id="28" sentence="0" number="27">_</token>
<token t_id="29" sentence="0" number="28">into</token>
<token t_id="30" sentence="0" number="29">_</token>
<token t_id="31" sentence="0" number="30">betty</token>
<token t_id="32" sentence="0" number="31">_</token>
<token t_id="33" sentence="0" number="32">ford</token>
<token t_id="34" sentence="0" number="33">_</token>
<token t_id="35" sentence="0" number="34">af</token>
<token t_id="36" sentence="1" number="0">Lindsay</token>
<token t_id="37" sentence="1" number="1">Lohan</token>
<token t_id="38" sentence="1" number="2">Check</token>
<token t_id="39" sentence="1" number="3">Into</token>
<token t_id="40" sentence="1" number="4">Betty</token>
<token t_id="41" sentence="1" number="5">Ford</token>
<token t_id="42" sentence="1" number="6">After</token>
<token t_id="43" sentence="1" number="7">Fleeing</token>
<token t_id="44" sentence="1" number="8">Other</token>
<token t_id="45" sentence="1" number="9">Rehab</token>
<token t_id="46" sentence="1" number="10">Facility</token>
<token t_id="47" sentence="2" number="0">May</token>
<token t_id="48" sentence="2" number="1">3rd</token>
<token t_id="49" sentence="2" number="2">,</token>
<token t_id="50" sentence="2" number="3">2013</token>
<token t_id="51" sentence="2" number="4">2</token>
<token t_id="52" sentence="2" number="5">:</token>
<token t_id="53" sentence="2" number="6">00pm</token>
<token t_id="54" sentence="2" number="7">EDT</token>
<token t_id="55" sentence="3" number="0">After</token>
<token t_id="56" sentence="3" number="1">leaving</token>
<token t_id="57" sentence="3" number="2">rehab</token>
<token t_id="58" sentence="3" number="3">in</token>
<token t_id="59" sentence="3" number="4">Newport</token>
<token t_id="60" sentence="3" number="5">Beach</token>
<token t_id="61" sentence="3" number="6">,</token>
<token t_id="62" sentence="3" number="7">Calif</token>
<token t_id="63" sentence="3" number="8">.</token>
<token t_id="64" sentence="3" number="9">,</token>
<token t_id="65" sentence="3" number="10">less</token>
<token t_id="66" sentence="3" number="11">than</token>
<token t_id="67" sentence="3" number="12">an</token>
<token t_id="68" sentence="3" number="13">hour</token>
<token t_id="69" sentence="3" number="14">after</token>
<token t_id="70" sentence="3" number="15">checking</token>
<token t_id="71" sentence="3" number="16">in</token>
<token t_id="72" sentence="3" number="17">on</token>
<token t_id="73" sentence="3" number="18">Thursday</token>
<token t_id="74" sentence="3" number="19">,</token>
<token t_id="75" sentence="3" number="20">Lindsay</token>
<token t_id="76" sentence="3" number="21">Lohan</token>
<token t_id="77" sentence="3" number="22">admitted</token>
<token t_id="78" sentence="3" number="23">herself</token>
<token t_id="79" sentence="3" number="24">to</token>
<token t_id="80" sentence="3" number="25">the</token>
<token t_id="81" sentence="3" number="26">Betty</token>
<token t_id="82" sentence="3" number="27">Ford</token>
<token t_id="83" sentence="3" number="28">Center</token>
<token t_id="84" sentence="3" number="29">,</token>
<token t_id="85" sentence="3" number="30">according</token>
<token t_id="86" sentence="3" number="31">to</token>
<token t_id="87" sentence="3" number="32">TMZ</token>
<token t_id="88" sentence="3" number="33">.</token>
<token t_id="89" sentence="3" number="34">com</token>
<token t_id="90" sentence="3" number="35">.</token>
<token t_id="91" sentence="4" number="0">Her</token>
<token t_id="92" sentence="4" number="1">lawyer</token>
<token t_id="93" sentence="4" number="2">negotiated</token>
<token t_id="94" sentence="4" number="3">with</token>
<token t_id="95" sentence="4" number="4">court</token>
<token t_id="96" sentence="4" number="5">officials</token>
<token t_id="97" sentence="4" number="6">to</token>
<token t_id="98" sentence="4" number="7">change</token>
<token t_id="99" sentence="4" number="8">the</token>
<token t_id="100" sentence="4" number="9">venue</token>
<token t_id="101" sentence="4" number="10">of</token>
<token t_id="102" sentence="4" number="11">her</token>
<token t_id="103" sentence="4" number="12">90</token>
<token t_id="104" sentence="4" number="13">-</token>
<token t_id="105" sentence="4" number="14">day</token>
<token t_id="106" sentence="4" number="15">treatment</token>
<token t_id="107" sentence="4" number="16">,</token>
<token t_id="108" sentence="4" number="17">and</token>
<token t_id="109" sentence="4" number="18">the</token>
<token t_id="110" sentence="4" number="19">actress</token>
<token t_id="111" sentence="4" number="20">traveled</token>
<token t_id="112" sentence="4" number="21">to</token>
<token t_id="113" sentence="4" number="22">nearby</token>
<token t_id="114" sentence="4" number="23">Rancho</token>
<token t_id="115" sentence="4" number="24">Mirage</token>
<token t_id="116" sentence="4" number="25">to</token>
<token t_id="117" sentence="4" number="26">register</token>
<token t_id="118" sentence="4" number="27">as</token>
<token t_id="119" sentence="4" number="28">a</token>
<token t_id="120" sentence="4" number="29">patient</token>
<token t_id="121" sentence="4" number="30">.</token>
<token t_id="122" sentence="5" number="0">The</token>
<token t_id="123" sentence="5" number="1">actress</token>
<token t_id="124" sentence="5" number="2">spent</token>
<token t_id="125" sentence="5" number="3">time</token>
<token t_id="126" sentence="5" number="4">at</token>
<token t_id="127" sentence="5" number="5">the</token>
<token t_id="128" sentence="5" number="6">Betty</token>
<token t_id="129" sentence="5" number="7">Ford</token>
<token t_id="130" sentence="5" number="8">Center</token>
<token t_id="131" sentence="5" number="9">in</token>
<token t_id="132" sentence="5" number="10">2010</token>
<token t_id="133" sentence="5" number="11">;</token>
<token t_id="134" sentence="5" number="12">however</token>
<token t_id="135" sentence="5" number="13">,</token>
<token t_id="136" sentence="5" number="14">a</token>
<token t_id="137" sentence="5" number="15">member</token>
<token t_id="138" sentence="5" number="16">of</token>
<token t_id="139" sentence="5" number="17">the</token>
<token t_id="140" sentence="5" number="18">staff</token>
<token t_id="141" sentence="5" number="19">ended</token>
<token t_id="142" sentence="5" number="20">up</token>
<token t_id="143" sentence="5" number="21">suing</token>
<token t_id="144" sentence="5" number="22">her</token>
<token t_id="145" sentence="5" number="23">for</token>
<token t_id="146" sentence="5" number="24">assault</token>
<token t_id="147" sentence="5" number="25">.</token>
<Markables>
<ACTION_OCCURRENCE m_id="9"  >
  <token_anchor t_id="93"/>
</ACTION_OCCURRENCE>
<ACTION_OCCURRENCE m_id="10"  >
  <token_anchor t_id="98"/>
</ACTION_OCCURRENCE>
<ACTION_OCCURRENCE m_id="11"  >
  <token_anchor t_id="111"/>
</ACTION_OCCURRENCE>
<ACTION_OCCURRENCE m_id="12"  >
  <token_anchor t_id="117"/>
</ACTION_OCCURRENCE>
<ACTION_OCCURRENCE m_id="13"  >
  <token_anchor t_id="124"/>
  <token_anchor t_id="125"/>
</ACTION_OCCURRENCE>
<ACTION_OCCURRENCE m_id="14"  >
  <token_anchor t_id="143"/>
</ACTION_OCCURRENCE>
<ACTION_OCCURRENCE m_id="17"  >
  <token_anchor t_id="70"/>
  <token_anchor t_id="71"/>
</ACTION_OCCURRENCE>
<ACTION_OCCURRENCE m_id="26"  >
  <token_anchor t_id="106"/>
</ACTION_OCCURRENCE>
<ACTION_OCCURRENCE m_id="32"  >
  <token_anchor t_id="146"/>
</ACTION_OCCURRENCE>
<ACTION_OCCURRENCE m_id="3"  >
  <token_anchor t_id="38"/>
  <token_anchor t_id="39"/>
</ACTION_OCCURRENCE>
<ACTION_OCCURRENCE m_id="6"  >
  <token_anchor t_id="43"/>
</ACTION_OCCURRENCE>
<ACTION_OCCURRENCE m_id="7"  >
  <token_anchor t_id="56"/>
</ACTION_OCCURRENCE>
<ACTION_OCCURRENCE m_id="8"  >
  <token_anchor t_id="77"/>
</ACTION_OCCURRENCE>
<ACTION_REPORTING m_id="21"  >
  <token_anchor t_id="85"/>
</ACTION_REPORTING>
<HUMAN_PART_GENERIC m_id="28"  >
  <token_anchor t_id="120"/>
</HUMAN_PART_GENERIC>
<HUMAN_PART_ORG m_id="22"  >
  <token_anchor t_id="87"/>
  <token_anchor t_id="88"/>
  <token_anchor t_id="89"/>
</HUMAN_PART_ORG>
<HUMAN_PART_PER m_id="19"  >
  <token_anchor t_id="75"/>
  <token_anchor t_id="76"/>
</HUMAN_PART_PER>
<HUMAN_PART_PER m_id="20"  >
  <token_anchor t_id="78"/>
</HUMAN_PART_PER>
<HUMAN_PART_PER m_id="23"  >
  <token_anchor t_id="92"/>
</HUMAN_PART_PER>
<HUMAN_PART_PER m_id="24"  >
  <token_anchor t_id="96"/>
</HUMAN_PART_PER>
<HUMAN_PART_PER m_id="27"  >
  <token_anchor t_id="110"/>
</HUMAN_PART_PER>
<HUMAN_PART_PER m_id="29"  >
  <token_anchor t_id="123"/>
</HUMAN_PART_PER>
<HUMAN_PART_PER m_id="30"  >
  <token_anchor t_id="144"/>
</HUMAN_PART_PER>
<HUMAN_PART_PER m_id="33"  >
  <token_anchor t_id="137"/>
</HUMAN_PART_PER>
<HUMAN_PART_PER m_id="2"  >
  <token_anchor t_id="36"/>
  <token_anchor t_id="37"/>
</HUMAN_PART_PER>
<LOC_FAC m_id="15"  >
  <token_anchor t_id="100"/>
</LOC_FAC>
<LOC_FAC m_id="16"  >
  <token_anchor t_id="114"/>
  <token_anchor t_id="115"/>
</LOC_FAC>
<LOC_FAC m_id="37"  >
  <token_anchor t_id="80"/>
  <token_anchor t_id="81"/>
  <token_anchor t_id="82"/>
  <token_anchor t_id="83"/>
</LOC_FAC>
<LOC_FAC m_id="4"  >
  <token_anchor t_id="40"/>
  <token_anchor t_id="41"/>
</LOC_FAC>
<LOC_FAC m_id="38"  >
  <token_anchor t_id="126"/>
  <token_anchor t_id="127"/>
  <token_anchor t_id="128"/>
  <token_anchor t_id="129"/>
  <token_anchor t_id="130"/>
</LOC_FAC>
<LOC_FAC m_id="5"  >
  <token_anchor t_id="44"/>
  <token_anchor t_id="45"/>
  <token_anchor t_id="46"/>
</LOC_FAC>
<LOC_FAC m_id="39"  >
  <token_anchor t_id="57"/>
  <token_anchor t_id="58"/>
  <token_anchor t_id="59"/>
  <token_anchor t_id="60"/>
  <token_anchor t_id="61"/>
  <token_anchor t_id="62"/>
</LOC_FAC>
<TIME_DATE m_id="18"  >
  <token_anchor t_id="72"/>
  <token_anchor t_id="73"/>
</TIME_DATE>
<TIME_DATE m_id="31"  >
  <token_anchor t_id="132"/>
</TIME_DATE>
<TIME_DURATION m_id="25"  >
  <token_anchor t_id="103"/>
  <token_anchor t_id="104"/>
  <token_anchor t_id="105"/>
</TIME_DURATION>
<TIME_OF_THE_DAY m_id="1"  >
  <token_anchor t_id="47"/>
  <token_anchor t_id="48"/>
  <token_anchor t_id="49"/>
  <token_anchor t_id="50"/>
  <token_anchor t_id="51"/>
  <token_anchor t_id="52"/>
  <token_anchor t_id="53"/>
  <token_anchor t_id="54"/>
</TIME_OF_THE_DAY>
<TIME_OF_THE_DAY m_id="36"  >
  <token_anchor t_id="65"/>
  <token_anchor t_id="66"/>
  <token_anchor t_id="67"/>
  <token_anchor t_id="68"/>
  <token_anchor t_id="69"/>
</TIME_OF_THE_DAY>




<TIME_DURATION m_id="50" RELATED_TO="" TAG_DESCRIPTOR="t1_90_days" instance_id="TIM15737539387899295" />
<TIME_DATE m_id="65" RELATED_TO="" TAG_DESCRIPTOR="t1_2010" instance_id="TIM15998029857574811" />
<ACTION_OCCURRENCE m_id="64" RELATED_TO="" TAG_DESCRIPTOR="t1_suing_assault" instance_id="ACT16025299092946394" />
<HUMAN_PART_ORG m_id="63" RELATED_TO="" TAG_DESCRIPTOR="t1_tmz" instance_id="HUM15829977106103480" />
<LOC_FAC m_id="62" RELATED_TO="" TAG_DESCRIPTOR="t1_betty_ford" instance_id="LOC15734326865367655" />
<HUMAN_PART_PER m_id="61" RELATED_TO="" TAG_DESCRIPTOR="t1_lindsay_lohan" instance_id="HUM15732980283919140" />
<LOC_FAC m_id="60" RELATED_TO="" TAG_DESCRIPTOR="t1_morningside" instance_id="LOC15733316663614047" />
<ACTION_OCCURRENCE m_id="49" RELATED_TO="" TAG_DESCRIPTOR="t1_checking_into_betty_ford" instance_id="ACT15738091639707092" />
<ACTION_REPORTING m_id="48" RELATED_TO="" TAG_DESCRIPTOR="t1_reported_tmz" instance_id="ACT15829806620339793" />
<HUMAN_PART_PER m_id="47" RELATED_TO="" TAG_DESCRIPTOR="t1_heller" instance_id="HUM15733047695318433" />
<ACTION_OCCURRENCE m_id="46" RELATED_TO="" TAG_DESCRIPTOR="t1_checking_out_morningside" instance_id="ACT15987605913923543" />
<HUMAN_PART_PER m_id="45" RELATED_TO="" TAG_DESCRIPTOR="t1_court_officials" instance_id="HUM16025449340476210" />
<HUMAN_PART_PER m_id="44" RELATED_TO="" TAG_DESCRIPTOR="t1_staffer" instance_id="HUM15997968596304373" />
<LOC_FAC m_id="43" RELATED_TO="" TAG_DESCRIPTOR="t1_general_rehab_facility" instance_id="LOC15733512459860651" />
<ACTION_OCCURRENCE m_id="42" RELATED_TO="" TAG_DESCRIPTOR="t1_checking_into_morningside_or_showing_up" instance_id="ACT15832182464413376" />
<ACTION_OCCURRENCE m_id="59" RELATED_TO="" TAG_DESCRIPTOR="t1_stay_betty_ford_previously" instance_id="ACT15995170905193947" />
<ACTION_OCCURRENCE m_id="58" RELATED_TO="" TAG_DESCRIPTOR="t1_travel_to_betty_ford" instance_id="ACT16025355421056486" />
<ACTION_OCCURRENCE m_id="57" RELATED_TO="" TAG_DESCRIPTOR="t1_assault" instance_id="ACT16025132437537187" />
<ACTION_OCCURRENCE m_id="56" RELATED_TO="" TAG_DESCRIPTOR="t1_heller_negotiated_facility_change" instance_id="ACT16025226145882826" />
<LOC_FAC m_id="55" RELATED_TO="" TAG_DESCRIPTOR="t1_rancho_mirage" instance_id="LOC16025470405880671" />
<HUMAN_PART_GENERIC m_id="54" RELATED_TO="" TAG_DESCRIPTOR="t1_patient" instance_id="HUM16025419164734660" />
<ACTION_OCCURRENCE m_id="53" RELATED_TO="" TAG_DESCRIPTOR="t1_change_facilities" instance_id="ACT16025148802477733" />
<ACTION_OCCURRENCE m_id="52" RELATED_TO="" TAG_DESCRIPTOR="t1_treatment" instance_id="ACT15736700251185985" />
<TIME_DATE m_id="51" RELATED_TO="" TAG_DESCRIPTOR="t1_thursday" instance_id="TIM15830333309896982" />
</Markables>

<Relations>
<CROSS_DOC_COREF r_id="24513" note="ACT15832182464413376" >
  <source m_id="17" />
  <target m_id="42" />
</CROSS_DOC_COREF>
<CROSS_DOC_COREF r_id="24514" note="LOC15733512459860651" >
  <source m_id="15" />
  <target m_id="43" />
</CROSS_DOC_COREF>
<CROSS_DOC_COREF r_id="24515" note="HUM15997968596304373" >
  <source m_id="33" />
  <target m_id="44" />
</CROSS_DOC_COREF>
<CROSS_DOC_COREF r_id="24516" note="HUM16025449340476210" >
  <source m_id="24" />
  <target m_id="45" />
</CROSS_DOC_COREF>
<CROSS_DOC_COREF r_id="24517" note="ACT15987605913923543" >
  <source m_id="7" />
  <source m_id="6" />
  <target m_id="46" />
</CROSS_DOC_COREF>
<CROSS_DOC_COREF r_id="24518" note="HUM15733047695318433" >
  <source m_id="23" />
  <target m_id="47" />
</CROSS_DOC_COREF>
<CROSS_DOC_COREF r_id="24519" note="ACT15829806620339793" >
  <source m_id="21" />
  <target m_id="48" />
</CROSS_DOC_COREF>
<CROSS_DOC_COREF r_id="24520" note="ACT15738091639707092" >
  <source m_id="12" />
  <source m_id="8" />
  <source m_id="3" />
  <target m_id="49" />
</CROSS_DOC_COREF>
<CROSS_DOC_COREF r_id="24521" note="TIM15737539387899295" >
  <source m_id="25" />
  <target m_id="50" />
</CROSS_DOC_COREF>
<CROSS_DOC_COREF r_id="24522" note="TIM15830333309896982" >
  <source m_id="18" />
  <target m_id="51" />
</CROSS_DOC_COREF>
<CROSS_DOC_COREF r_id="24523" note="ACT15736700251185985" >
  <source m_id="26" />
  <target m_id="52" />
</CROSS_DOC_COREF>
<CROSS_DOC_COREF r_id="24524" note="ACT16025148802477733" >
  <source m_id="10" />
  <target m_id="53" />
</CROSS_DOC_COREF>
<CROSS_DOC_COREF r_id="24525" note="HUM16025419164734660" >
  <source m_id="28" />
  <target m_id="54" />
</CROSS_DOC_COREF>
<CROSS_DOC_COREF r_id="24526" note="LOC16025470405880671" >
  <source m_id="16" />
  <target m_id="55" />
</CROSS_DOC_COREF>
<CROSS_DOC_COREF r_id="24527" note="ACT16025226145882826" >
  <source m_id="9" />
  <target m_id="56" />
</CROSS_DOC_COREF>
<CROSS_DOC_COREF r_id="24528" note="ACT16025132437537187" >
  <source m_id="32" />
  <target m_id="57" />
</CROSS_DOC_COREF>
<CROSS_DOC_COREF r_id="24529" note="ACT16025355421056486" >
  <source m_id="11" />
  <target m_id="58" />
</CROSS_DOC_COREF>
<CROSS_DOC_COREF r_id="24530" note="ACT15995170905193947" >
  <source m_id="13" />
  <target m_id="59" />
</CROSS_DOC_COREF>
<CROSS_DOC_COREF r_id="24531" note="LOC15733316663614047" >
  <source m_id="5" />
  <source m_id="39" />
  <target m_id="60" />
</CROSS_DOC_COREF>
<CROSS_DOC_COREF r_id="24532" note="HUM15732980283919140" >
  <source m_id="20" />
  <source m_id="27" />
  <source m_id="2" />
  <source m_id="30" />
  <source m_id="19" />
  <source m_id="29" />
  <target m_id="61" />
</CROSS_DOC_COREF>
<CROSS_DOC_COREF r_id="24533" note="LOC15734326865367655" >
  <source m_id="37" />
  <source m_id="4" />
  <source m_id="38" />
  <target m_id="62" />
</CROSS_DOC_COREF>
<CROSS_DOC_COREF r_id="24534" note="HUM15829977106103480" >
  <source m_id="22" />
  <target m_id="63" />
</CROSS_DOC_COREF>
<CROSS_DOC_COREF r_id="24535" note="ACT16025299092946394" >
  <source m_id="14" />
  <target m_id="64" />
</CROSS_DOC_COREF>
<CROSS_DOC_COREF r_id="24536" note="TIM15998029857574811" >
  <source m_id="31" />
  <target m_id="65" />
</CROSS_DOC_COREF>

</Relations>
</Document>
