<Document doc_name="1_19ecb.xml" doc_id="DOC15653231156920454">
<token t_id="1" sentence="0" number="0">Tara</token>
<token t_id="2" sentence="0" number="1">Reid</token>
<token t_id="3" sentence="0" number="2">is</token>
<token t_id="4" sentence="0" number="3">seeking</token>
<token t_id="5" sentence="0" number="4">help</token>
<token t_id="6" sentence="0" number="5">at</token>
<token t_id="7" sentence="0" number="6">rehabilitation</token>
<token t_id="8" sentence="0" number="7">facility</token>
<token t_id="9" sentence="0" number="8">in</token>
<token t_id="10" sentence="0" number="9">California</token>
<token t_id="11" sentence="0" number="10">.</token>
<token t_id="12" sentence="1" number="0">The</token>
<token t_id="13" sentence="1" number="1">actress</token>
<token t_id="14" sentence="1" number="2">,</token>
<token t_id="15" sentence="1" number="3">who</token>
<token t_id="16" sentence="1" number="4">shot</token>
<token t_id="17" sentence="1" number="5">to</token>
<token t_id="18" sentence="1" number="6">fame</token>
<token t_id="19" sentence="1" number="7">in</token>
<token t_id="20" sentence="1" number="8">1999</token>
<token t_id="21" sentence="1" number="9">movie</token>
<token t_id="22" sentence="1" number="10">American</token>
<token t_id="23" sentence="1" number="11">Pie</token>
<token t_id="24" sentence="1" number="12">,</token>
<token t_id="25" sentence="1" number="13">decided</token>
<token t_id="26" sentence="1" number="14">to</token>
<token t_id="27" sentence="1" number="15">check</token>
<token t_id="28" sentence="1" number="16">in</token>
<token t_id="29" sentence="1" number="17">last</token>
<token t_id="30" sentence="1" number="18">week</token>
<token t_id="31" sentence="1" number="19">.</token>
<token t_id="32" sentence="2" number="0">It</token>
<token t_id="33" sentence="2" number="1">is</token>
<token t_id="34" sentence="2" number="2">unclear</token>
<token t_id="35" sentence="2" number="3">what</token>
<token t_id="36" sentence="2" number="4">she</token>
<token t_id="37" sentence="2" number="5">is</token>
<token t_id="38" sentence="2" number="6">being</token>
<token t_id="39" sentence="2" number="7">treated</token>
<token t_id="40" sentence="2" number="8">for</token>
<token t_id="41" sentence="2" number="9">.</token>
<token t_id="42" sentence="3" number="0">'Tara</token>
<token t_id="43" sentence="3" number="1">Reid</token>
<token t_id="44" sentence="3" number="2">has</token>
<token t_id="45" sentence="3" number="3">checked</token>
<token t_id="46" sentence="3" number="4">herself</token>
<token t_id="47" sentence="3" number="5">into</token>
<token t_id="48" sentence="3" number="6">the</token>
<token t_id="49" sentence="3" number="7">Promises</token>
<token t_id="50" sentence="3" number="8">Treatment</token>
<token t_id="51" sentence="3" number="9">Center</token>
<token t_id="52" sentence="3" number="10">,</token>
<token t_id="53" sentence="3" number="11">'</token>
<token t_id="54" sentence="3" number="12">her</token>
<token t_id="55" sentence="3" number="13">rep</token>
<token t_id="56" sentence="3" number="14">says</token>
<token t_id="57" sentence="3" number="15">in</token>
<token t_id="58" sentence="3" number="16">a</token>
<token t_id="59" sentence="3" number="17">statement</token>
<token t_id="60" sentence="3" number="18">.</token>
<token t_id="61" sentence="4" number="0">'We</token>
<token t_id="62" sentence="4" number="1">appreciate</token>
<token t_id="63" sentence="4" number="2">your</token>
<token t_id="64" sentence="4" number="3">respect</token>
<token t_id="65" sentence="4" number="4">to</token>
<token t_id="66" sentence="4" number="5">her</token>
<token t_id="67" sentence="4" number="6">and</token>
<token t_id="68" sentence="4" number="7">her</token>
<token t_id="69" sentence="4" number="8">family</token>
<token t_id="70" sentence="4" number="9">'s</token>
<token t_id="71" sentence="4" number="10">privacy</token>
<token t_id="72" sentence="4" number="11">at</token>
<token t_id="73" sentence="4" number="12">this</token>
<token t_id="74" sentence="4" number="13">time</token>
<token t_id="75" sentence="4" number="14">.</token>
<token t_id="76" sentence="4" number="15">'</token>
<token t_id="77" sentence="5" number="0">Tara</token>
<token t_id="78" sentence="5" number="1">,</token>
<token t_id="79" sentence="5" number="2">33</token>
<token t_id="80" sentence="5" number="3">,</token>
<token t_id="81" sentence="5" number="4">was</token>
<token t_id="82" sentence="5" number="5">previously</token>
<token t_id="83" sentence="5" number="6">engaged</token>
<token t_id="84" sentence="5" number="7">to</token>
<token t_id="85" sentence="5" number="8">MTV</token>
<token t_id="86" sentence="5" number="9">host</token>
<token t_id="87" sentence="5" number="10">Carson</token>
<token t_id="88" sentence="5" number="11">Daly</token>
<token t_id="89" sentence="5" number="12">in</token>
<token t_id="90" sentence="5" number="13">2001</token>
<token t_id="91" sentence="5" number="14">.</token>
<token t_id="92" sentence="6" number="0">But</token>
<token t_id="93" sentence="6" number="1">they</token>
<token t_id="94" sentence="6" number="2">called</token>
<token t_id="95" sentence="6" number="3">it</token>
<token t_id="96" sentence="6" number="4">off</token>
<token t_id="97" sentence="6" number="5">only</token>
<token t_id="98" sentence="6" number="6">months</token>
<token t_id="99" sentence="6" number="7">before</token>
<token t_id="100" sentence="6" number="8">their</token>
<token t_id="101" sentence="6" number="9">wedding</token>
<token t_id="102" sentence="6" number="10">.</token>
<token t_id="103" sentence="7" number="0">She</token>
<token t_id="104" sentence="7" number="1">is</token>
<token t_id="105" sentence="7" number="2">currently</token>
<token t_id="106" sentence="7" number="3">dating</token>
<token t_id="107" sentence="7" number="4">her</token>
<token t_id="108" sentence="7" number="5">business</token>
<token t_id="109" sentence="7" number="6">partner</token>
<token t_id="110" sentence="7" number="7">Julien</token>
<token t_id="111" sentence="7" number="8">Jarmoune</token>
<token t_id="112" sentence="7" number="9">,</token>
<token t_id="113" sentence="7" number="10">34</token>
<token t_id="114" sentence="7" number="11">.</token>
<Markables>
<ACTION_OCCURRENCE m_id="14"  >
  <token_anchor t_id="25"/>
</ACTION_OCCURRENCE>
<ACTION_OCCURRENCE m_id="16"  >
  <token_anchor t_id="27"/>
  <token_anchor t_id="28"/>
</ACTION_OCCURRENCE>
<ACTION_OCCURRENCE m_id="17"  >
  <token_anchor t_id="16"/>
  <token_anchor t_id="17"/>
  <token_anchor t_id="18"/>
</ACTION_OCCURRENCE>
<HUMAN_PART_PER m_id="20"  >
  <token_anchor t_id="1"/>
  <token_anchor t_id="2"/>
</HUMAN_PART_PER>
<HUMAN_PART_PER m_id="18"  >
  <token_anchor t_id="13"/>
</HUMAN_PART_PER>
<HUMAN_PART_PER m_id="19"  >
  <token_anchor t_id="15"/>
</HUMAN_PART_PER>
<LOC_FAC m_id="22"  >
  <token_anchor t_id="6"/>
  <token_anchor t_id="7"/>
  <token_anchor t_id="8"/>
  <token_anchor t_id="9"/>
  <token_anchor t_id="10"/>
</LOC_FAC>
<NON_HUMAN_PART m_id="15"  >
  <token_anchor t_id="22"/>
  <token_anchor t_id="23"/>
</NON_HUMAN_PART>
<TIME_DATE m_id="21"  >
  <token_anchor t_id="29"/>
  <token_anchor t_id="30"/>
</TIME_DATE>


<LOC_FAC m_id="23" note="byCROMER" >
  <token_anchor t_id="48"/>
  <token_anchor t_id="49"/>
  <token_anchor t_id="50"/>
  <token_anchor t_id="51"/>
</LOC_FAC>
<ACTION_OCCURRENCE m_id="24" note="byCROMER" >
  <token_anchor t_id="45"/>
  <token_anchor t_id="47"/>
</ACTION_OCCURRENCE>
<ACTION_REPORTING m_id="25" note="byCROMER" >
  <token_anchor t_id="59"/>
</ACTION_REPORTING>
<HUMAN_PART_PER m_id="26" note="byCROMER" >
  <token_anchor t_id="46"/>
</HUMAN_PART_PER>
<HUMAN_PART_PER m_id="27" note="byCROMER" >
  <token_anchor t_id="55"/>
</HUMAN_PART_PER>
<HUMAN_PART_PER m_id="28" note="byCROMER" >
  <token_anchor t_id="36"/>
</HUMAN_PART_PER>
<HUMAN_PART_PER m_id="29" note="byCROMER" >
  <token_anchor t_id="42"/>
  <token_anchor t_id="43"/>
</HUMAN_PART_PER>
<ACTION_STATE m_id="30" note="byCROMER" >
  <token_anchor t_id="64"/>
</ACTION_STATE>
<ACTION_STATE m_id="31" note="byCROMER" >
  <token_anchor t_id="71"/>
</ACTION_STATE>
<ACTION_OCCURRENCE m_id="32" note="byCROMER" >
  <token_anchor t_id="62"/>
</ACTION_OCCURRENCE>
<HUMAN_PART_GENERIC m_id="33" note="byCROMER" >
  <token_anchor t_id="63"/>
</HUMAN_PART_GENERIC>
<HUMAN_PART_PER m_id="34" note="byCROMER" >
  <token_anchor t_id="61"/>
</HUMAN_PART_PER>
<ACTION_OCCURRENCE m_id="35" note="byCROMER" >
  <token_anchor t_id="4"/>
  <token_anchor t_id="5"/>
</ACTION_OCCURRENCE>


<ACTION_OCCURRENCE m_id="50" RELATED_TO="" TAG_DESCRIPTOR="t1b_checking_in_promises" instance_id="ACT16236402809085484" />
<HUMAN_PART_PER m_id="39" RELATED_TO="" TAG_DESCRIPTOR="t1b_rep" instance_id="HUM16284637796168708" />
<ACTION_OCCURRENCE m_id="38" RELATED_TO="" TAG_DESCRIPTOR="t1b_appreciate_respect_privacy" instance_id="ACT16190317460457265" />
<LOC_FAC m_id="37" RELATED_TO="" TAG_DESCRIPTOR="t1b_promises_maliby" instance_id="LOC16235213289813758" />
<HUMAN_PART_PER m_id="36" RELATED_TO="" TAG_DESCRIPTOR="t1b_we_rep_and_reid" instance_id="HUM16190455117756553" />
<ACTION_OCCURRENCE m_id="49" RELATED_TO="" TAG_DESCRIPTOR="t1b_help" instance_id="ACT17757159242353715" />
<ACTION_STATE m_id="48" RELATED_TO="" TAG_DESCRIPTOR="t1b_privacy_reid_and_family" instance_id="ACT16190411685595212" />
<ACTION_STATE m_id="47" RELATED_TO="" TAG_DESCRIPTOR="t1b_respect_for_privacy" instance_id="ACT16190427408604618" />
<ACTION_OCCURRENCE m_id="46" RELATED_TO="" TAG_DESCRIPTOR="t1b_decided" instance_id="ACT17393001387097507" />
<NON_HUMAN_PART m_id="45" RELATED_TO="" TAG_DESCRIPTOR="t1b_american_pie" instance_id="NON16285643294051965" />
<HUMAN_PART_PER m_id="44" RELATED_TO="" TAG_DESCRIPTOR="t1b_tara_reid" instance_id="HUM16236184328979740" />
<ACTION_REPORTING m_id="43" RELATED_TO="" TAG_DESCRIPTOR="t1b_publicist_statement_reid_in_rehab_and_respect_privacy" instance_id="ACT16235311629112331" />
<ACTION_OCCURRENCE m_id="42" RELATED_TO="" TAG_DESCRIPTOR="t1b_shot_to_fame_1999" instance_id="ACT16236420680532686" />
<HUMAN_PART_GENERIC m_id="41" RELATED_TO="" TAG_DESCRIPTOR="t1b_your_respect" instance_id="HUM16190472604309407" />
<ACTION_OCCURRENCE m_id="40" RELATED_TO="" TAG_DESCRIPTOR="t1b_getting_help" instance_id="ACT17757148989750169" />
</Markables>

<Relations>
<CROSS_DOC_COREF r_id="37678" note="HUM16190455117756553" >
  <source m_id="34" />
  <target m_id="36" />
</CROSS_DOC_COREF>
<CROSS_DOC_COREF r_id="37679" note="LOC16235213289813758" >
  <source m_id="23" />
  <source m_id="22" />
  <target m_id="37" />
</CROSS_DOC_COREF>
<CROSS_DOC_COREF r_id="37680" note="ACT16190317460457265" >
  <source m_id="32" />
  <target m_id="38" />
</CROSS_DOC_COREF>
<CROSS_DOC_COREF r_id="37681" note="HUM16284637796168708" >
  <source m_id="27" />
  <target m_id="39" />
</CROSS_DOC_COREF>
<CROSS_DOC_COREF r_id="37682" note="ACT17757148989750169" >
  <target m_id="40" />
</CROSS_DOC_COREF>
<CROSS_DOC_COREF r_id="37683" note="HUM16190472604309407" >
  <source m_id="33" />
  <target m_id="41" />
</CROSS_DOC_COREF>
<CROSS_DOC_COREF r_id="37684" note="ACT16236420680532686" >
  <source m_id="17" />
  <target m_id="42" />
</CROSS_DOC_COREF>
<CROSS_DOC_COREF r_id="37685" note="ACT16235311629112331" >
  <source m_id="25" />
  <target m_id="43" />
</CROSS_DOC_COREF>
<CROSS_DOC_COREF r_id="37686" note="HUM16236184328979740" >
  <source m_id="26" />
  <source m_id="28" />
  <source m_id="19" />
  <source m_id="18" />
  <source m_id="20" />
  <source m_id="29" />
  <target m_id="44" />
</CROSS_DOC_COREF>
<CROSS_DOC_COREF r_id="37687" note="NON16285643294051965" >
  <source m_id="15" />
  <target m_id="45" />
</CROSS_DOC_COREF>
<CROSS_DOC_COREF r_id="37688" note="ACT17393001387097507" >
  <source m_id="14" />
  <target m_id="46" />
</CROSS_DOC_COREF>
<CROSS_DOC_COREF r_id="37689" note="ACT16190427408604618" >
  <source m_id="30" />
  <target m_id="47" />
</CROSS_DOC_COREF>
<CROSS_DOC_COREF r_id="37690" note="ACT16190411685595212" >
  <source m_id="31" />
  <target m_id="48" />
</CROSS_DOC_COREF>
<CROSS_DOC_COREF r_id="37691" note="ACT17757159242353715" >
  <target m_id="49" />
</CROSS_DOC_COREF>
<CROSS_DOC_COREF r_id="37692" note="ACT16236402809085484" >
  <source m_id="24" />
  <source m_id="16" />
  <source m_id="35" />
  <target m_id="50" />
</CROSS_DOC_COREF>

</Relations>
</Document>
