<Document doc_name="1_1ecb.xml" doc_id="DOC15653231215902085">
<token t_id="1" sentence="0" number="0">Another</token>
<token t_id="2" sentence="0" number="1">day</token>
<token t_id="3" sentence="0" number="2">in</token>
<token t_id="4" sentence="0" number="3">Hollywood</token>
<token t_id="5" sentence="0" number="4">;</token>
<token t_id="6" sentence="0" number="5">another</token>
<token t_id="7" sentence="0" number="6">star</token>
<token t_id="8" sentence="0" number="7">in</token>
<token t_id="9" sentence="0" number="8">rehab</token>
<token t_id="10" sentence="0" number="9">.</token>
<token t_id="11" sentence="1" number="0">Word</token>
<token t_id="12" sentence="1" number="1">comes</token>
<token t_id="13" sentence="1" number="2">from</token>
<token t_id="14" sentence="1" number="3">People</token>
<token t_id="15" sentence="1" number="4">magazine</token>
<token t_id="16" sentence="1" number="5">and</token>
<token t_id="17" sentence="1" number="6">other</token>
<token t_id="18" sentence="1" number="7">celebrity</token>
<token t_id="19" sentence="1" number="8">news</token>
<token t_id="20" sentence="1" number="9">outlets</token>
<token t_id="21" sentence="1" number="10">that</token>
<token t_id="22" sentence="1" number="11">Tara</token>
<token t_id="23" sentence="1" number="12">Reid</token>
<token t_id="24" sentence="1" number="13">,</token>
<token t_id="25" sentence="1" number="14">33</token>
<token t_id="26" sentence="1" number="15">,</token>
<token t_id="27" sentence="1" number="16">who</token>
<token t_id="28" sentence="1" number="17">starred</token>
<token t_id="29" sentence="1" number="18">in</token>
<token t_id="30" sentence="1" number="19">``</token>
<token t_id="31" sentence="1" number="20">American</token>
<token t_id="32" sentence="1" number="21">Pie</token>
<token t_id="33" sentence="1" number="22">''</token>
<token t_id="34" sentence="1" number="23">and</token>
<token t_id="35" sentence="1" number="24">appeared</token>
<token t_id="36" sentence="1" number="25">on</token>
<token t_id="37" sentence="1" number="26">U.S.</token>
<token t_id="38" sentence="1" number="27">TV</token>
<token t_id="39" sentence="1" number="28">show</token>
<token t_id="40" sentence="1" number="29">``</token>
<token t_id="41" sentence="1" number="30">Scrubs</token>
<token t_id="42" sentence="1" number="31">,</token>
<token t_id="43" sentence="1" number="32">'</token>
<token t_id="44" sentence="1" number="33">'</token>
<token t_id="45" sentence="1" number="34">has</token>
<token t_id="46" sentence="1" number="35">entered</token>
<token t_id="47" sentence="1" number="36">the</token>
<token t_id="48" sentence="1" number="37">Promises</token>
<token t_id="49" sentence="1" number="38">Treatment</token>
<token t_id="50" sentence="1" number="39">Center</token>
<token t_id="51" sentence="1" number="40">in</token>
<token t_id="52" sentence="1" number="41">Malibu</token>
<token t_id="53" sentence="1" number="42">,</token>
<token t_id="54" sentence="1" number="43">California</token>
<token t_id="55" sentence="1" number="44">-</token>
<token t_id="56" sentence="1" number="45">the</token>
<token t_id="57" sentence="1" number="46">same</token>
<token t_id="58" sentence="1" number="47">facility</token>
<token t_id="59" sentence="1" number="48">that</token>
<token t_id="60" sentence="1" number="49">in</token>
<token t_id="61" sentence="1" number="50">the</token>
<token t_id="62" sentence="1" number="51">past</token>
<token t_id="63" sentence="1" number="52">has</token>
<token t_id="64" sentence="1" number="53">been</token>
<token t_id="65" sentence="1" number="54">the</token>
<token t_id="66" sentence="1" number="55">rehab</token>
<token t_id="67" sentence="1" number="56">facility</token>
<token t_id="68" sentence="1" number="57">of</token>
<token t_id="69" sentence="1" number="58">choice</token>
<token t_id="70" sentence="1" number="59">for</token>
<token t_id="71" sentence="1" number="60">many</token>
<token t_id="72" sentence="1" number="61">a</token>
<token t_id="73" sentence="1" number="62">Hollywood</token>
<token t_id="74" sentence="1" number="63">star</token>
<token t_id="75" sentence="1" number="64">.</token>
<token t_id="76" sentence="2" number="0">People</token>
<token t_id="77" sentence="2" number="1">said</token>
<token t_id="78" sentence="2" number="2">Reid</token>
<token t_id="79" sentence="2" number="3">'s</token>
<token t_id="80" sentence="2" number="4">representative</token>
<token t_id="81" sentence="2" number="5">Jack</token>
<token t_id="82" sentence="2" number="6">Ketsoyan</token>
<token t_id="83" sentence="2" number="7">confirmed</token>
<token t_id="84" sentence="2" number="8">the</token>
<token t_id="85" sentence="2" number="9">actress</token>
<token t_id="86" sentence="2" number="10">'s</token>
<token t_id="87" sentence="2" number="11">stay</token>
<token t_id="88" sentence="2" number="12">at</token>
<token t_id="89" sentence="2" number="13">Promises</token>
<token t_id="90" sentence="2" number="14">.</token>
<Markables>
<ACTION_OCCURRENCE m_id="27"  >
  <token_anchor t_id="28"/>
</ACTION_OCCURRENCE>
<ACTION_OCCURRENCE m_id="28"  >
  <token_anchor t_id="35"/>
</ACTION_OCCURRENCE>
<ACTION_OCCURRENCE m_id="29"  >
  <token_anchor t_id="46"/>
</ACTION_OCCURRENCE>
<ACTION_OCCURRENCE m_id="35"  >
  <token_anchor t_id="87"/>
</ACTION_OCCURRENCE>
<ACTION_OCCURRENCE m_id="24"  >
  <token_anchor t_id="69"/>
</ACTION_OCCURRENCE>
<ACTION_REPORTING m_id="31"  >
  <token_anchor t_id="77"/>
</ACTION_REPORTING>
<ACTION_REPORTING m_id="20"  >
  <token_anchor t_id="12"/>
</ACTION_REPORTING>
<HUMAN_PART_PER m_id="32"  >
  <token_anchor t_id="81"/>
  <token_anchor t_id="82"/>
</HUMAN_PART_PER>
<HUMAN_PART_PER m_id="33"  >
  <token_anchor t_id="85"/>
</HUMAN_PART_PER>
<HUMAN_PART_PER m_id="18"  >
  <token_anchor t_id="22"/>
  <token_anchor t_id="23"/>
</HUMAN_PART_PER>
<HUMAN_PART_PER m_id="25"  >
  <token_anchor t_id="74"/>
</HUMAN_PART_PER>
<LOC_FAC m_id="37"  >
  <token_anchor t_id="88"/>
  <token_anchor t_id="89"/>
</LOC_FAC>
<LOC_FAC m_id="22"  >
  <token_anchor t_id="47"/>
  <token_anchor t_id="48"/>
  <token_anchor t_id="49"/>
  <token_anchor t_id="50"/>
  <token_anchor t_id="51"/>
  <token_anchor t_id="52"/>
  <token_anchor t_id="53"/>
  <token_anchor t_id="54"/>
</LOC_FAC>
<LOC_FAC m_id="23"  >
  <token_anchor t_id="58"/>
</LOC_FAC>
<NON_HUMAN_PART m_id="26"  >
  <token_anchor t_id="31"/>
  <token_anchor t_id="32"/>
</NON_HUMAN_PART>
<NON_HUMAN_PART m_id="34"  >
  <token_anchor t_id="41"/>
</NON_HUMAN_PART>
<NON_HUMAN_PART_GENERIC m_id="19"  >
  <token_anchor t_id="11"/>
</NON_HUMAN_PART_GENERIC>


<HUMAN_PART_ORG m_id="38" note="byCROMER" >
  <token_anchor t_id="14"/>
  <token_anchor t_id="15"/>
</HUMAN_PART_ORG>
<HUMAN_PART_PER m_id="39" note="byCROMER" >
  <token_anchor t_id="27"/>
</HUMAN_PART_PER>
<ACTION_REPORTING m_id="41" note="byCROMER" >
  <token_anchor t_id="83"/>
</ACTION_REPORTING>
<HUMAN_PART_ORG m_id="42" note="byCROMER" >
  <token_anchor t_id="76"/>
</HUMAN_PART_ORG>


<ACTION_OCCURRENCE m_id="50" RELATED_TO="" TAG_DESCRIPTOR="t1b_checking_in_promises" instance_id="ACT16236402809085484" />
<ACTION_OCCURRENCE m_id="49" RELATED_TO="" TAG_DESCRIPTOR="t1b_starred_american_pie" instance_id="ACT16284692120891174" />
<HUMAN_PART_PER m_id="48" RELATED_TO="" TAG_DESCRIPTOR="t1b_rep" instance_id="HUM16284637796168708" />
<HUMAN_PART_ORG m_id="47" RELATED_TO="" TAG_DESCRIPTOR="t1b_people" instance_id="HUM16236907954762763" />
<HUMAN_PART_PER m_id="46" RELATED_TO="" TAG_DESCRIPTOR="t1b_tara_reid" instance_id="HUM16236184328979740" />
<LOC_FAC m_id="45" RELATED_TO="" TAG_DESCRIPTOR="t1b_promises_maliby" instance_id="LOC16235213289813758" />
<ACTION_REPORTING m_id="44" RELATED_TO="" TAG_DESCRIPTOR="t1b_people_reports" instance_id="ACT16236892266224146" />
<ACTION_REPORTING m_id="43" RELATED_TO="" TAG_DESCRIPTOR="t1b_publicist_statement_reid_in_rehab_and_respect_privacy" instance_id="ACT16235311629112331" />
</Markables>

<Relations>
<CROSS_DOC_COREF r_id="37538" note="ACT16235311629112331" >
  <source m_id="41" />
  <target m_id="43" />
</CROSS_DOC_COREF>
<CROSS_DOC_COREF r_id="37539" note="ACT16236892266224146" >
  <source m_id="31" />
  <target m_id="44" />
</CROSS_DOC_COREF>
<CROSS_DOC_COREF r_id="37540" note="LOC16235213289813758" >
  <source m_id="23" />
  <source m_id="22" />
  <source m_id="37" />
  <target m_id="45" />
</CROSS_DOC_COREF>
<CROSS_DOC_COREF r_id="37541" note="HUM16236184328979740" >
  <source m_id="39" />
  <source m_id="18" />
  <source m_id="33" />
  <target m_id="46" />
</CROSS_DOC_COREF>
<CROSS_DOC_COREF r_id="37542" note="HUM16236907954762763" >
  <source m_id="38" />
  <source m_id="42" />
  <target m_id="47" />
</CROSS_DOC_COREF>
<CROSS_DOC_COREF r_id="37543" note="HUM16284637796168708" >
  <source m_id="32" />
  <target m_id="48" />
</CROSS_DOC_COREF>
<CROSS_DOC_COREF r_id="37544" note="ACT16284692120891174" >
  <source m_id="27" />
  <target m_id="49" />
</CROSS_DOC_COREF>
<CROSS_DOC_COREF r_id="37545" note="ACT16236402809085484" >
  <source m_id="29" />
  <source m_id="35" />
  <target m_id="50" />
</CROSS_DOC_COREF>

</Relations>
</Document>
