<Document doc_name="1_7ecbplus.xml" doc_id="DOC15645929390872951">
<token t_id="1" sentence="0" number="0">http</token>
<token t_id="2" sentence="0" number="1">:</token>
<token t_id="3" sentence="0" number="2">/</token>
<token t_id="4" sentence="0" number="3">/</token>
<token t_id="5" sentence="0" number="4">www</token>
<token t_id="6" sentence="0" number="5">.</token>
<token t_id="7" sentence="0" number="6">etonline</token>
<token t_id="8" sentence="0" number="7">.</token>
<token t_id="9" sentence="0" number="8">com</token>
<token t_id="10" sentence="0" number="9">/</token>
<token t_id="11" sentence="0" number="10">news</token>
<token t_id="12" sentence="0" number="11">/</token>
<token t_id="13" sentence="0" number="12">133594</token>
<token t_id="14" sentence="0" number="13">_</token>
<token t_id="15" sentence="0" number="14">Lindsay</token>
<token t_id="16" sentence="0" number="15">_</token>
<token t_id="17" sentence="0" number="16">Lohan</token>
<token t_id="18" sentence="0" number="17">_</token>
<token t_id="19" sentence="0" number="18">Checks</token>
<token t_id="20" sentence="0" number="19">_</token>
<token t_id="21" sentence="0" number="20">Into</token>
<token t_id="22" sentence="0" number="21">_</token>
<token t_id="23" sentence="0" number="22">California</token>
<token t_id="24" sentence="0" number="23">_</token>
<token t_id="25" sentence="0" number="24">Rehab</token>
<token t_id="26" sentence="0" number="25">_</token>
<token t_id="27" sentence="0" number="26">Facility</token>
<token t_id="28" sentence="0" number="27">/</token>
<token t_id="29" sentence="0" number="28">index</token>
<token t_id="30" sentence="0" number="29">.</token>
<token t_id="31" sentence="0" number="30">html</token>
<token t_id="32" sentence="1" number="0">Lindsay</token>
<token t_id="33" sentence="1" number="1">Lohan</token>
<token t_id="34" sentence="1" number="2">Checks</token>
<token t_id="35" sentence="1" number="3">Into</token>
<token t_id="36" sentence="1" number="4">Court</token>
<token t_id="37" sentence="1" number="5">-</token>
<token t_id="38" sentence="1" number="6">Ordered</token>
<token t_id="39" sentence="1" number="7">Rehab</token>
<token t_id="40" sentence="2" number="0">May</token>
<token t_id="41" sentence="2" number="1">02</token>
<token t_id="42" sentence="2" number="2">,</token>
<token t_id="43" sentence="2" number="3">2013</token>
<token t_id="44" sentence="3" number="0">Lindsay</token>
<token t_id="45" sentence="3" number="1">Lohan's</token>
<token t_id="46" sentence="3" number="2">lawyer</token>
<token t_id="47" sentence="3" number="3">says</token>
<token t_id="48" sentence="3" number="4">the</token>
<token t_id="49" sentence="3" number="5">actress</token>
<token t_id="50" sentence="3" number="6">checked</token>
<token t_id="51" sentence="3" number="7">into</token>
<token t_id="52" sentence="3" number="8">rehab</token>
<token t_id="53" sentence="3" number="9">on</token>
<token t_id="54" sentence="3" number="10">Thursday</token>
<token t_id="55" sentence="3" number="11">,</token>
<token t_id="56" sentence="3" number="12">but</token>
<token t_id="57" sentence="3" number="13">the</token>
<token t_id="58" sentence="3" number="14">facility</token>
<token t_id="59" sentence="3" number="15">has</token>
<token t_id="60" sentence="3" number="16">not</token>
<token t_id="61" sentence="3" number="17">been</token>
<token t_id="62" sentence="3" number="18">officially</token>
<token t_id="63" sentence="3" number="19">sanctioned</token>
<token t_id="64" sentence="3" number="20">by</token>
<token t_id="65" sentence="3" number="21">the</token>
<token t_id="66" sentence="3" number="22">court</token>
<token t_id="67" sentence="3" number="23">that</token>
<token t_id="68" sentence="3" number="24">ordered</token>
<token t_id="69" sentence="3" number="25">her</token>
<token t_id="70" sentence="3" number="26">to</token>
<token t_id="71" sentence="3" number="27">serve</token>
<token t_id="72" sentence="3" number="28">90</token>
<token t_id="73" sentence="3" number="29">days</token>
<token t_id="74" sentence="3" number="30">of</token>
<token t_id="75" sentence="3" number="31">treatment</token>
<token t_id="76" sentence="3" number="32">.</token>
<token t_id="77" sentence="4" number="0">Attorney</token>
<token t_id="78" sentence="4" number="1">Mark</token>
<token t_id="79" sentence="4" number="2">Jay</token>
<token t_id="80" sentence="4" number="3">Heller</token>
<token t_id="81" sentence="4" number="4">told</token>
<token t_id="82" sentence="4" number="5">LA</token>
<token t_id="83" sentence="4" number="6">Superior</token>
<token t_id="84" sentence="4" number="7">Court</token>
<token t_id="85" sentence="4" number="8">Judge</token>
<token t_id="86" sentence="4" number="9">James</token>
<token t_id="87" sentence="4" number="10">R</token>
<token t_id="88" sentence="4" number="11">.</token>
<token t_id="89" sentence="4" number="12">Dabney</token>
<token t_id="90" sentence="4" number="13">that</token>
<token t_id="91" sentence="4" number="14">Lohan</token>
<token t_id="92" sentence="4" number="15">,</token>
<token t_id="93" sentence="4" number="16">26</token>
<token t_id="94" sentence="4" number="17">,</token>
<token t_id="95" sentence="4" number="18">had</token>
<token t_id="96" sentence="4" number="19">checked</token>
<token t_id="97" sentence="4" number="20">into</token>
<token t_id="98" sentence="4" number="21">Morningside</token>
<token t_id="99" sentence="4" number="22">Recovery</token>
<token t_id="100" sentence="4" number="23">in</token>
<token t_id="101" sentence="4" number="24">Newport</token>
<token t_id="102" sentence="4" number="25">Beach</token>
<token t_id="103" sentence="4" number="26">,</token>
<token t_id="104" sentence="4" number="27">CA</token>
<token t_id="105" sentence="4" number="28">,</token>
<token t_id="106" sentence="4" number="29">according</token>
<token t_id="107" sentence="4" number="30">to</token>
<token t_id="108" sentence="4" number="31">the</token>
<token t_id="109" sentence="4" number="32">Associated</token>
<token t_id="110" sentence="4" number="33">Press</token>
<token t_id="111" sentence="4" number="34">.</token>
<Markables>
<ACTION_OCCURRENCE m_id="15"  >
  <token_anchor t_id="34"/>
  <token_anchor t_id="35"/>
</ACTION_OCCURRENCE>
<ACTION_OCCURRENCE m_id="16"  >
  <token_anchor t_id="50"/>
  <token_anchor t_id="51"/>
</ACTION_OCCURRENCE>
<ACTION_OCCURRENCE m_id="17"  >
  <token_anchor t_id="63"/>
</ACTION_OCCURRENCE>
<ACTION_OCCURRENCE m_id="18"  >
  <token_anchor t_id="68"/>
</ACTION_OCCURRENCE>
<ACTION_OCCURRENCE m_id="19"  >
  <token_anchor t_id="75"/>
</ACTION_OCCURRENCE>
<ACTION_OCCURRENCE m_id="20"  >
  <token_anchor t_id="96"/>
  <token_anchor t_id="97"/>
</ACTION_OCCURRENCE>
<ACTION_OCCURRENCE m_id="28"  >
  <token_anchor t_id="38"/>
</ACTION_OCCURRENCE>
<ACTION_REPORTING m_id="21"  >
  <token_anchor t_id="81"/>
</ACTION_REPORTING>
<ACTION_REPORTING m_id="22"  >
  <token_anchor t_id="47"/>
</ACTION_REPORTING>
<ACTION_STATE m_id="29"  >
  <token_anchor t_id="77"/>
</ACTION_STATE>
<HUMAN_PART_ORG m_id="9"  >
  <token_anchor t_id="109"/>
  <token_anchor t_id="110"/>
</HUMAN_PART_ORG>
<HUMAN_PART_ORG m_id="10"  >
  <token_anchor t_id="66"/>
</HUMAN_PART_ORG>
<HUMAN_PART_PER m_id="1"  >
  <token_anchor t_id="32"/>
  <token_anchor t_id="33"/>
</HUMAN_PART_PER>
<HUMAN_PART_PER m_id="2"  >
  <token_anchor t_id="44"/>
  <token_anchor t_id="45"/>
</HUMAN_PART_PER>
<HUMAN_PART_PER m_id="3"  >
  <token_anchor t_id="46"/>
</HUMAN_PART_PER>
<HUMAN_PART_PER m_id="4"  >
  <token_anchor t_id="49"/>
</HUMAN_PART_PER>
<HUMAN_PART_PER m_id="5"  >
  <token_anchor t_id="69"/>
</HUMAN_PART_PER>
<HUMAN_PART_PER m_id="7"  >
  <token_anchor t_id="86"/>
  <token_anchor t_id="87"/>
  <token_anchor t_id="88"/>
  <token_anchor t_id="89"/>
</HUMAN_PART_PER>
<HUMAN_PART_PER m_id="8"  >
  <token_anchor t_id="91"/>
</HUMAN_PART_PER>
<LOC_FAC m_id="12"  >
  <token_anchor t_id="52"/>
</LOC_FAC>
<LOC_FAC m_id="13"  >
  <token_anchor t_id="58"/>
</LOC_FAC>
<LOC_FAC m_id="14"  >
  <token_anchor t_id="98"/>
  <token_anchor t_id="99"/>
  <token_anchor t_id="100"/>
  <token_anchor t_id="101"/>
  <token_anchor t_id="102"/>
  <token_anchor t_id="103"/>
  <token_anchor t_id="104"/>
</LOC_FAC>
<LOC_FAC m_id="27"  >
  <token_anchor t_id="36"/>
</LOC_FAC>
<TIME_DATE m_id="23"  >
  <token_anchor t_id="54"/>
</TIME_DATE>
<TIME_DURATION m_id="24"  >
  <token_anchor t_id="72"/>
  <token_anchor t_id="73"/>
</TIME_DURATION>


<HUMAN_PART_PER m_id="31" note="byCROMER" >
  <token_anchor t_id="77"/>
  <token_anchor t_id="78"/>
  <token_anchor t_id="79"/>
  <token_anchor t_id="80"/>
</HUMAN_PART_PER>
<ACTION_OCCURRENCE m_id="32" note="byCROMER" >
  <token_anchor t_id="39"/>
</ACTION_OCCURRENCE>


<TIME_DATE m_id="39" RELATED_TO="" TAG_DESCRIPTOR="t1_thursday" instance_id="TIM15830333309896982" />
<TIME_DURATION m_id="38" RELATED_TO="" TAG_DESCRIPTOR="t1_90_days" instance_id="TIM15737539387899295" />
<HUMAN_PART_PER m_id="37" RELATED_TO="" TAG_DESCRIPTOR="t1_heller" instance_id="HUM15733047695318433" />
<ACTION_REPORTING m_id="36" RELATED_TO="" TAG_DESCRIPTOR="t1_said_heller_thursday" instance_id="ACT15829897728138111" />
<ACTION_OCCURRENCE m_id="35" RELATED_TO="" TAG_DESCRIPTOR="t1_sanctioned_by_court" instance_id="ACT15986200682468760" />
<LOC_FAC m_id="34" RELATED_TO="" TAG_DESCRIPTOR="t1_court" instance_id="LOC15986415595839818" />
<ACTION_OCCURRENCE m_id="33" RELATED_TO="" TAG_DESCRIPTOR="t1_checking_into_morningside_or_showing_up" instance_id="ACT15832182464413376" />
<HUMAN_PART_ORG m_id="47" RELATED_TO="" TAG_DESCRIPTOR="t1_court_part" instance_id="HUM16069777087388471" />
<HUMAN_PART_PER m_id="46" RELATED_TO="" TAG_DESCRIPTOR="t1_lindsay_lohan" instance_id="HUM15732980283919140" />
<HUMAN_PART_PER m_id="45" RELATED_TO="" TAG_DESCRIPTOR="t1_judge_dabney" instance_id="HUM15986365101070461" />
<HUMAN_PART_ORG m_id="44" RELATED_TO="" TAG_DESCRIPTOR="t1_associated_press" instance_id="HUM15986292916798586" />
<LOC_FAC m_id="43" RELATED_TO="" TAG_DESCRIPTOR="t1_morningside" instance_id="LOC15733316663614047" />
<ACTION_REPORTING m_id="42" RELATED_TO="" TAG_DESCRIPTOR="t1_told_settling_at_morningside" instance_id="ACT15829963463443966" />
<ACTION_OCCURRENCE m_id="41" RELATED_TO="" TAG_DESCRIPTOR="t1_court_ordered" instance_id="ACT15986155918997087" />
<ACTION_OCCURRENCE m_id="40" RELATED_TO="" TAG_DESCRIPTOR="t1_treatment" instance_id="ACT15736700251185985" />
</Markables>

<Relations>
<CROSS_DOC_COREF r_id="21785" note="ACT15832182464413376" >
  <source m_id="20" />
  <source m_id="15" />
  <source m_id="16" />
  <target m_id="33" />
</CROSS_DOC_COREF>
<CROSS_DOC_COREF r_id="21786" note="LOC15986415595839818" >
  <source m_id="27" />
  <target m_id="34" />
</CROSS_DOC_COREF>
<CROSS_DOC_COREF r_id="21787" note="ACT15986200682468760" >
  <source m_id="17" />
  <target m_id="35" />
</CROSS_DOC_COREF>
<CROSS_DOC_COREF r_id="21788" note="ACT15829897728138111" >
  <source m_id="22" />
  <target m_id="36" />
</CROSS_DOC_COREF>
<CROSS_DOC_COREF r_id="21789" note="HUM15733047695318433" >
  <source m_id="31" />
  <source m_id="3" />
  <target m_id="37" />
</CROSS_DOC_COREF>
<CROSS_DOC_COREF r_id="21790" note="TIM15737539387899295" >
  <source m_id="24" />
  <target m_id="38" />
</CROSS_DOC_COREF>
<CROSS_DOC_COREF r_id="21791" note="TIM15830333309896982" >
  <source m_id="23" />
  <target m_id="39" />
</CROSS_DOC_COREF>
<CROSS_DOC_COREF r_id="21792" note="ACT15736700251185985" >
  <source m_id="32" />
  <source m_id="19" />
  <target m_id="40" />
</CROSS_DOC_COREF>
<CROSS_DOC_COREF r_id="21793" note="ACT15986155918997087" >
  <source m_id="28" />
  <source m_id="18" />
  <target m_id="41" />
</CROSS_DOC_COREF>
<CROSS_DOC_COREF r_id="21794" note="ACT15829963463443966" >
  <source m_id="21" />
  <target m_id="42" />
</CROSS_DOC_COREF>
<CROSS_DOC_COREF r_id="21795" note="LOC15733316663614047" >
  <source m_id="13" />
  <source m_id="14" />
  <source m_id="12" />
  <target m_id="43" />
</CROSS_DOC_COREF>
<CROSS_DOC_COREF r_id="21796" note="HUM15986292916798586" >
  <source m_id="9" />
  <target m_id="44" />
</CROSS_DOC_COREF>
<CROSS_DOC_COREF r_id="21797" note="HUM15986365101070461" >
  <source m_id="7" />
  <target m_id="45" />
</CROSS_DOC_COREF>
<CROSS_DOC_COREF r_id="21798" note="HUM15732980283919140" >
  <source m_id="4" />
  <source m_id="5" />
  <source m_id="8" />
  <source m_id="1" />
  <source m_id="2" />
  <target m_id="46" />
</CROSS_DOC_COREF>
<CROSS_DOC_COREF r_id="21799" note="HUM16069777087388471" >
  <source m_id="10" />
  <target m_id="47" />
</CROSS_DOC_COREF>

</Relations>
</Document>
