<Document doc_name="1_7ecb.xml" doc_id="DOC15653231409679715">
<token t_id="1" sentence="0" number="0">The</token>
<token t_id="2" sentence="0" number="1">``</token>
<token t_id="3" sentence="0" number="2">American</token>
<token t_id="4" sentence="0" number="3">Pie</token>
<token t_id="5" sentence="0" number="4">''</token>
<token t_id="6" sentence="0" number="5">actress</token>
<token t_id="7" sentence="0" number="6">has</token>
<token t_id="8" sentence="0" number="7">entered</token>
<token t_id="9" sentence="0" number="8">Promises</token>
<token t_id="10" sentence="0" number="9">for</token>
<token t_id="11" sentence="0" number="10">undisclosed</token>
<token t_id="12" sentence="0" number="11">reasons</token>
<token t_id="13" sentence="1" number="0">The</token>
<token t_id="14" sentence="1" number="1">actress</token>
<token t_id="15" sentence="1" number="2">,</token>
<token t_id="16" sentence="1" number="3">33</token>
<token t_id="17" sentence="1" number="4">,</token>
<token t_id="18" sentence="1" number="5">reportedly</token>
<token t_id="19" sentence="1" number="6">headed</token>
<token t_id="20" sentence="1" number="7">to</token>
<token t_id="21" sentence="1" number="8">a</token>
<token t_id="22" sentence="1" number="9">Malibu</token>
<token t_id="23" sentence="1" number="10">treatment</token>
<token t_id="24" sentence="1" number="11">facility</token>
<token t_id="25" sentence="1" number="12">on</token>
<token t_id="26" sentence="1" number="13">Tuesday</token>
<token t_id="27" sentence="1" number="14">.</token>
<token t_id="28" sentence="2" number="0">``</token>
<token t_id="29" sentence="2" number="1">Tara</token>
<token t_id="30" sentence="2" number="2">Reid</token>
<token t_id="31" sentence="2" number="3">has</token>
<token t_id="32" sentence="2" number="4">checked</token>
<token t_id="33" sentence="2" number="5">herself</token>
<token t_id="34" sentence="2" number="6">into</token>
<token t_id="35" sentence="2" number="7">Promises</token>
<token t_id="36" sentence="2" number="8">Treatment</token>
<token t_id="37" sentence="2" number="9">Center</token>
<token t_id="38" sentence="2" number="10">.</token>
<token t_id="39" sentence="3" number="0">We</token>
<token t_id="40" sentence="3" number="1">appreciate</token>
<token t_id="41" sentence="3" number="2">your</token>
<token t_id="42" sentence="3" number="3">respect</token>
<token t_id="43" sentence="3" number="4">to</token>
<token t_id="44" sentence="3" number="5">her</token>
<token t_id="45" sentence="3" number="6">and</token>
<token t_id="46" sentence="3" number="7">her</token>
<token t_id="47" sentence="3" number="8">family</token>
<token t_id="48" sentence="3" number="9">'s</token>
<token t_id="49" sentence="3" number="10">privacy</token>
<token t_id="50" sentence="3" number="11">at</token>
<token t_id="51" sentence="3" number="12">this</token>
<token t_id="52" sentence="3" number="13">time</token>
<token t_id="53" sentence="3" number="14">,</token>
<token t_id="54" sentence="3" number="15">''</token>
<token t_id="55" sentence="3" number="16">the</token>
<token t_id="56" sentence="3" number="17">actress</token>
<token t_id="57" sentence="3" number="18">'s</token>
<token t_id="58" sentence="3" number="19">rep</token>
<token t_id="59" sentence="3" number="20">Jack</token>
<token t_id="60" sentence="3" number="21">Ketsoyan</token>
<token t_id="61" sentence="3" number="22">tells</token>
<token t_id="62" sentence="3" number="23">the</token>
<token t_id="63" sentence="3" number="24">mag</token>
<token t_id="64" sentence="3" number="25">.</token>
<token t_id="65" sentence="4" number="0">Although</token>
<token t_id="66" sentence="4" number="1">the</token>
<token t_id="67" sentence="4" number="2">rep</token>
<token t_id="68" sentence="4" number="3">would</token>
<token t_id="69" sentence="4" number="4">n't</token>
<token t_id="70" sentence="4" number="5">reveal</token>
<token t_id="71" sentence="4" number="6">why</token>
<token t_id="72" sentence="4" number="7">she</token>
<token t_id="73" sentence="4" number="8">entered</token>
<token t_id="74" sentence="4" number="9">rehab</token>
<token t_id="75" sentence="4" number="10">,</token>
<token t_id="76" sentence="4" number="11">a</token>
<token t_id="77" sentence="4" number="12">source</token>
<token t_id="78" sentence="4" number="13">from</token>
<token t_id="79" sentence="4" number="14">the</token>
<token t_id="80" sentence="4" number="15">magazine</token>
<token t_id="81" sentence="4" number="16">said</token>
<token t_id="82" sentence="4" number="17">that</token>
<token t_id="83" sentence="4" number="18">it</token>
<token t_id="84" sentence="4" number="19">was</token>
<token t_id="85" sentence="4" number="20">her</token>
<token t_id="86" sentence="4" number="21">decision</token>
<token t_id="87" sentence="4" number="22">to</token>
<token t_id="88" sentence="4" number="23">get</token>
<token t_id="89" sentence="4" number="24">help</token>
<token t_id="90" sentence="4" number="25">.</token>
<token t_id="91" sentence="5" number="0">Reid</token>
<token t_id="92" sentence="5" number="1">became</token>
<token t_id="93" sentence="5" number="2">famous</token>
<token t_id="94" sentence="5" number="3">from</token>
<token t_id="95" sentence="5" number="4">her</token>
<token t_id="96" sentence="5" number="5">1999</token>
<token t_id="97" sentence="5" number="6">role</token>
<token t_id="98" sentence="5" number="7">in</token>
<token t_id="99" sentence="5" number="8">``</token>
<token t_id="100" sentence="5" number="9">American</token>
<token t_id="101" sentence="5" number="10">Pie</token>
<token t_id="102" sentence="5" number="11">''</token>
<token t_id="103" sentence="5" number="12">and</token>
<token t_id="104" sentence="5" number="13">had</token>
<token t_id="105" sentence="5" number="14">her</token>
<token t_id="106" sentence="5" number="15">own</token>
<token t_id="107" sentence="5" number="16">reality</token>
<token t_id="108" sentence="5" number="17">show</token>
<token t_id="109" sentence="5" number="18">``</token>
<token t_id="110" sentence="5" number="19">Taradise</token>
<token t_id="111" sentence="5" number="20">''</token>
<token t_id="112" sentence="5" number="21">in</token>
<token t_id="113" sentence="5" number="22">2005</token>
<token t_id="114" sentence="5" number="23">.</token>
<Markables>
<ACTION_OCCURRENCE m_id="48"  >
  <token_anchor t_id="83"/>
</ACTION_OCCURRENCE>
<ACTION_OCCURRENCE m_id="49"  >
  <token_anchor t_id="86"/>
</ACTION_OCCURRENCE>
<ACTION_OCCURRENCE m_id="50"  >
  <token_anchor t_id="73"/>
</ACTION_OCCURRENCE>
<ACTION_OCCURRENCE m_id="51"  >
  <token_anchor t_id="32"/>
  <token_anchor t_id="34"/>
</ACTION_OCCURRENCE>
<ACTION_OCCURRENCE m_id="52"  >
  <token_anchor t_id="19"/>
</ACTION_OCCURRENCE>
<ACTION_OCCURRENCE m_id="53"  >
  <token_anchor t_id="8"/>
</ACTION_OCCURRENCE>
<ACTION_OCCURRENCE m_id="30"  >
  <token_anchor t_id="88"/>
</ACTION_OCCURRENCE>
<ACTION_OCCURRENCE m_id="62"  >
  <token_anchor t_id="92"/>
</ACTION_OCCURRENCE>
<ACTION_OCCURRENCE m_id="31"  >
  <token_anchor t_id="12"/>
</ACTION_OCCURRENCE>
<ACTION_OCCURRENCE m_id="36"  >
  <token_anchor t_id="89"/>
</ACTION_OCCURRENCE>
<ACTION_REPORTING m_id="60"  >
  <token_anchor t_id="81"/>
</ACTION_REPORTING>
<HUMAN_PART_PER m_id="38"  >
  <token_anchor t_id="72"/>
</HUMAN_PART_PER>
<HUMAN_PART_PER m_id="39"  >
  <token_anchor t_id="91"/>
</HUMAN_PART_PER>
<HUMAN_PART_PER m_id="40"  >
  <token_anchor t_id="33"/>
</HUMAN_PART_PER>
<HUMAN_PART_PER m_id="41"  >
  <token_anchor t_id="29"/>
  <token_anchor t_id="30"/>
</HUMAN_PART_PER>
<HUMAN_PART_PER m_id="42"  >
  <token_anchor t_id="85"/>
</HUMAN_PART_PER>
<HUMAN_PART_PER m_id="43"  >
  <token_anchor t_id="14"/>
</HUMAN_PART_PER>
<HUMAN_PART_PER m_id="44"  >
  <token_anchor t_id="6"/>
</HUMAN_PART_PER>
<HUMAN_PART_PER m_id="45"  >
  <token_anchor t_id="67"/>
</HUMAN_PART_PER>
<HUMAN_PART_PER m_id="54"  >
  <token_anchor t_id="77"/>
</HUMAN_PART_PER>
<HUMAN_PART_PER m_id="37"  >
  <token_anchor t_id="95"/>
</HUMAN_PART_PER>
<LOC_FAC m_id="63"  >
  <token_anchor t_id="20"/>
  <token_anchor t_id="21"/>
  <token_anchor t_id="22"/>
  <token_anchor t_id="23"/>
  <token_anchor t_id="24"/>
</LOC_FAC>
<LOC_FAC m_id="33"  >
  <token_anchor t_id="35"/>
  <token_anchor t_id="36"/>
  <token_anchor t_id="37"/>
</LOC_FAC>
<LOC_FAC m_id="34"  >
  <token_anchor t_id="9"/>
</LOC_FAC>
<LOC_FAC m_id="35"  >
  <token_anchor t_id="74"/>
</LOC_FAC>
<NEG_ACTION_REPORTING m_id="47"  >
  <token_anchor t_id="70"/>
</NEG_ACTION_REPORTING>
<NEG_ACTION_REPORTING m_id="32"  >
  <token_anchor t_id="11"/>
</NEG_ACTION_REPORTING>
<NON_HUMAN_PART m_id="56"  >
  <token_anchor t_id="110"/>
</NON_HUMAN_PART>
<NON_HUMAN_PART m_id="57"  >
  <token_anchor t_id="3"/>
  <token_anchor t_id="4"/>
</NON_HUMAN_PART>
<NON_HUMAN_PART m_id="58"  >
  <token_anchor t_id="100"/>
  <token_anchor t_id="101"/>
</NON_HUMAN_PART>
<NON_HUMAN_PART m_id="59"  >
  <token_anchor t_id="97"/>
</NON_HUMAN_PART>
<TIME_DATE m_id="46"  >
  <token_anchor t_id="25"/>
  <token_anchor t_id="26"/>
</TIME_DATE>
<TIME_DATE m_id="61"  >
  <token_anchor t_id="112"/>
  <token_anchor t_id="113"/>
</TIME_DATE>


<HUMAN_PART_ORG m_id="64" note="byCROMER" >
  <token_anchor t_id="80"/>
</HUMAN_PART_ORG>


<ACTION_OCCURRENCE m_id="78" RELATED_TO="" TAG_DESCRIPTOR="t1b_checking_in_promises" instance_id="ACT16236402809085484" />
<ACTION_OCCURRENCE m_id="77" RELATED_TO="" TAG_DESCRIPTOR="t1b_help" instance_id="ACT17757159242353715" />
<TIME_DATE m_id="76" RELATED_TO="" TAG_DESCRIPTOR="t1b_friday" instance_id="TIM16236441119149059" />
<NON_HUMAN_PART m_id="75" RELATED_TO="" TAG_DESCRIPTOR="t1b_taradise" instance_id="NON16285702960183809" />
<HUMAN_PART_ORG m_id="74" RELATED_TO="" TAG_DESCRIPTOR="t1b_people" instance_id="HUM16236907954762763" />
<NON_HUMAN_PART m_id="73" RELATED_TO="" TAG_DESCRIPTOR="t1b_american_pie" instance_id="NON16285643294051965" />
<ACTION_OCCURRENCE m_id="72" RELATED_TO="" TAG_DESCRIPTOR="t1b_decided" instance_id="ACT17393001387097507" />
<ACTION_OCCURRENCE m_id="71" RELATED_TO="" TAG_DESCRIPTOR="t1b_reasons_for_rehab" instance_id="ACT16238542452785616" />
<HUMAN_PART_PER m_id="70" RELATED_TO="" TAG_DESCRIPTOR="t1b_tara_reid" instance_id="HUM16236184328979740" />
<ACTION_OCCURRENCE m_id="69" RELATED_TO="" TAG_DESCRIPTOR="t1b_shot_to_fame_1999" instance_id="ACT16236420680532686" />
<ACTION_OCCURRENCE m_id="68" RELATED_TO="" TAG_DESCRIPTOR="t1b_getting_help" instance_id="ACT17757148989750169" />
<HUMAN_PART_PER m_id="67" RELATED_TO="" TAG_DESCRIPTOR="t1b_rep" instance_id="HUM16284637796168708" />
<LOC_FAC m_id="66" RELATED_TO="" TAG_DESCRIPTOR="t1b_promises_maliby" instance_id="LOC16235213289813758" />
<NEG_ACTION_REPORTING m_id="65" RELATED_TO="" TAG_DESCRIPTOR="t1b_undisclosed_why_in_rehab" instance_id="NEG16237477263722686" />
</Markables>

<Relations>
<CROSS_DOC_COREF r_id="37595" note="NEG16237477263722686" >
  <source m_id="32" />
  <source m_id="47" />
  <target m_id="65" />
</CROSS_DOC_COREF>
<CROSS_DOC_COREF r_id="37596" note="LOC16235213289813758" >
  <source m_id="63" />
  <source m_id="33" />
  <source m_id="34" />
  <source m_id="35" />
  <target m_id="66" />
</CROSS_DOC_COREF>
<CROSS_DOC_COREF r_id="37597" note="HUM16284637796168708" >
  <source m_id="45" />
  <target m_id="67" />
</CROSS_DOC_COREF>
<CROSS_DOC_COREF r_id="37598" note="ACT17757148989750169" >
  <source m_id="30" />
  <target m_id="68" />
</CROSS_DOC_COREF>
<CROSS_DOC_COREF r_id="37599" note="ACT16236420680532686" >
  <source m_id="62" />
  <target m_id="69" />
</CROSS_DOC_COREF>
<CROSS_DOC_COREF r_id="37600" note="HUM16236184328979740" >
  <source m_id="41" />
  <source m_id="40" />
  <source m_id="43" />
  <source m_id="42" />
  <source m_id="37" />
  <source m_id="39" />
  <source m_id="44" />
  <source m_id="38" />
  <target m_id="70" />
</CROSS_DOC_COREF>
<CROSS_DOC_COREF r_id="37601" note="ACT16238542452785616" >
  <source m_id="31" />
  <target m_id="71" />
</CROSS_DOC_COREF>
<CROSS_DOC_COREF r_id="37602" note="ACT17393001387097507" >
  <source m_id="48" />
  <source m_id="49" />
  <target m_id="72" />
</CROSS_DOC_COREF>
<CROSS_DOC_COREF r_id="37603" note="NON16285643294051965" >
  <source m_id="58" />
  <source m_id="57" />
  <target m_id="73" />
</CROSS_DOC_COREF>
<CROSS_DOC_COREF r_id="37604" note="HUM16236907954762763" >
  <source m_id="64" />
  <target m_id="74" />
</CROSS_DOC_COREF>
<CROSS_DOC_COREF r_id="37605" note="NON16285702960183809" >
  <source m_id="56" />
  <target m_id="75" />
</CROSS_DOC_COREF>
<CROSS_DOC_COREF r_id="37606" note="TIM16236441119149059" >
  <source m_id="46" />
  <target m_id="76" />
</CROSS_DOC_COREF>
<CROSS_DOC_COREF r_id="37607" note="ACT17757159242353715" >
  <source m_id="36" />
  <target m_id="77" />
</CROSS_DOC_COREF>
<CROSS_DOC_COREF r_id="37608" note="ACT16236402809085484" >
  <source m_id="52" />
  <source m_id="51" />
  <source m_id="53" />
  <source m_id="50" />
  <target m_id="78" />
</CROSS_DOC_COREF>

</Relations>
</Document>
