<Document doc_name="1_9ecb.xml" doc_id="DOC15653231587322165">
<token t_id="1" sentence="0" number="0">It</token>
<token t_id="2" sentence="0" number="1">'s</token>
<token t_id="3" sentence="0" number="2">a</token>
<token t_id="4" sentence="0" number="3">party</token>
<token t_id="5" sentence="0" number="4">...</token>
<token t_id="6" sentence="0" number="5">a</token>
<token t_id="7" sentence="0" number="6">rehab</token>
<token t_id="8" sentence="0" number="7">party</token>
<token t_id="9" sentence="0" number="8">!</token>
<token t_id="10" sentence="1" number="0">It</token>
<token t_id="11" sentence="1" number="1">'s</token>
<token t_id="12" sentence="1" number="2">one</token>
<token t_id="13" sentence="1" number="3">of</token>
<token t_id="14" sentence="1" number="4">the</token>
<token t_id="15" sentence="1" number="5">most</token>
<token t_id="16" sentence="1" number="6">exclusive</token>
<token t_id="17" sentence="1" number="7">rehab</token>
<token t_id="18" sentence="1" number="8">centers</token>
<token t_id="19" sentence="1" number="9">,</token>
<token t_id="20" sentence="1" number="10">and</token>
<token t_id="21" sentence="1" number="11">Tara</token>
<token t_id="22" sentence="1" number="12">Reid</token>
<token t_id="23" sentence="1" number="13">is</token>
<token t_id="24" sentence="1" number="14">in</token>
<token t_id="25" sentence="1" number="15">.</token>
<token t_id="26" sentence="2" number="0">Hey</token>
<token t_id="27" sentence="2" number="1">,</token>
<token t_id="28" sentence="2" number="2">if</token>
<token t_id="29" sentence="2" number="3">you</token>
<token t_id="30" sentence="2" number="4">'re</token>
<token t_id="31" sentence="2" number="5">going</token>
<token t_id="32" sentence="2" number="6">to</token>
<token t_id="33" sentence="2" number="7">rehab</token>
<token t_id="34" sentence="2" number="8">anyway</token>
<token t_id="35" sentence="2" number="9">,</token>
<token t_id="36" sentence="2" number="10">might</token>
<token t_id="37" sentence="2" number="11">as</token>
<token t_id="38" sentence="2" number="12">well</token>
<token t_id="39" sentence="2" number="13">get</token>
<token t_id="40" sentence="2" number="14">your</token>
<token t_id="41" sentence="2" number="15">ego</token>
<token t_id="42" sentence="2" number="16">stroked</token>
<token t_id="43" sentence="2" number="17">,</token>
<token t_id="44" sentence="2" number="18">too</token>
<token t_id="45" sentence="2" number="19">.</token>
<token t_id="46" sentence="3" number="0">Actress</token>
<token t_id="47" sentence="3" number="1">Tara</token>
<token t_id="48" sentence="3" number="2">Reid</token>
<token t_id="49" sentence="3" number="3">entered</token>
<token t_id="50" sentence="3" number="4">well-known</token>
<token t_id="51" sentence="3" number="5">Malibu</token>
<token t_id="52" sentence="3" number="6">rehab</token>
<token t_id="53" sentence="3" number="7">center</token>
<token t_id="54" sentence="3" number="8">Promises</token>
<token t_id="55" sentence="3" number="9">Treatment</token>
<token t_id="56" sentence="3" number="10">Center</token>
<token t_id="57" sentence="3" number="11">,</token>
<token t_id="58" sentence="3" number="12">reportedly</token>
<token t_id="59" sentence="3" number="13">of</token>
<token t_id="60" sentence="3" number="14">her</token>
<token t_id="61" sentence="3" number="15">own</token>
<token t_id="62" sentence="3" number="16">desire</token>
<token t_id="63" sentence="3" number="17">.</token>
<token t_id="64" sentence="4" number="0">The</token>
<token t_id="65" sentence="4" number="1">specific</token>
<token t_id="66" sentence="4" number="2">reason</token>
<token t_id="67" sentence="4" number="3">behind</token>
<token t_id="68" sentence="4" number="4">her</token>
<token t_id="69" sentence="4" number="5">checking</token>
<token t_id="70" sentence="4" number="6">in</token>
<token t_id="71" sentence="4" number="7">to</token>
<token t_id="72" sentence="4" number="8">the</token>
<token t_id="73" sentence="4" number="9">facility</token>
<token t_id="74" sentence="4" number="10">is</token>
<token t_id="75" sentence="4" number="11">currently</token>
<token t_id="76" sentence="4" number="12">unknown</token>
<token t_id="77" sentence="4" number="13">to</token>
<token t_id="78" sentence="4" number="14">the</token>
<token t_id="79" sentence="4" number="15">public</token>
<token t_id="80" sentence="4" number="16">.</token>
<token t_id="81" sentence="5" number="0">Reid</token>
<token t_id="82" sentence="5" number="1">may</token>
<token t_id="83" sentence="5" number="2">be</token>
<token t_id="84" sentence="5" number="3">best</token>
<token t_id="85" sentence="5" number="4">known</token>
<token t_id="86" sentence="5" number="5">for</token>
<token t_id="87" sentence="5" number="6">her</token>
<token t_id="88" sentence="5" number="7">romance</token>
<token t_id="89" sentence="5" number="8">with</token>
<token t_id="90" sentence="5" number="9">MTV</token>
<token t_id="91" sentence="5" number="10">'s</token>
<token t_id="92" sentence="5" number="11">``</token>
<token t_id="93" sentence="5" number="12">Carson</token>
<token t_id="94" sentence="5" number="13">Daly</token>
<token t_id="95" sentence="5" number="14">''</token>
<token t_id="96" sentence="5" number="15">and</token>
<token t_id="97" sentence="5" number="16">her</token>
<token t_id="98" sentence="5" number="17">roles</token>
<token t_id="99" sentence="5" number="18">in</token>
<token t_id="100" sentence="5" number="19">the</token>
<token t_id="101" sentence="5" number="20">``</token>
<token t_id="102" sentence="5" number="21">American</token>
<token t_id="103" sentence="5" number="22">Pie</token>
<token t_id="104" sentence="5" number="23">''</token>
<token t_id="105" sentence="5" number="24">movies</token>
<token t_id="106" sentence="5" number="25">.</token>
<token t_id="107" sentence="6" number="0">Her</token>
<token t_id="108" sentence="6" number="1">former</token>
<token t_id="109" sentence="6" number="2">producer</token>
<token t_id="110" sentence="6" number="3">,</token>
<token t_id="111" sentence="6" number="4">Chris</token>
<token t_id="112" sentence="6" number="5">Weitz</token>
<token t_id="113" sentence="6" number="6">,</token>
<token t_id="114" sentence="6" number="7">will</token>
<token t_id="115" sentence="6" number="8">now</token>
<token t_id="116" sentence="6" number="9">be</token>
<token t_id="117" sentence="6" number="10">helming</token>
<token t_id="118" sentence="6" number="11">the</token>
<token t_id="119" sentence="6" number="12">next</token>
<token t_id="120" sentence="6" number="13">film</token>
<token t_id="121" sentence="6" number="14">installment</token>
<token t_id="122" sentence="6" number="15">of</token>
<token t_id="123" sentence="6" number="16">the</token>
<token t_id="124" sentence="6" number="17">``</token>
<token t_id="125" sentence="6" number="18">Twilight</token>
<token t_id="126" sentence="6" number="19">''</token>
<token t_id="127" sentence="6" number="20">series</token>
<token t_id="128" sentence="6" number="21">.</token>
<Markables>
<ACTION_OCCURRENCE m_id="13"  >
  <token_anchor t_id="49"/>
</ACTION_OCCURRENCE>
<ACTION_OCCURRENCE m_id="15"  >
  <token_anchor t_id="66"/>
</ACTION_OCCURRENCE>
<ACTION_OCCURRENCE m_id="17"  >
  <token_anchor t_id="62"/>
</ACTION_OCCURRENCE>
<HUMAN_PART_MET m_id="20"  >
  <token_anchor t_id="79"/>
</HUMAN_PART_MET>
<HUMAN_PART_PER m_id="10"  >
  <token_anchor t_id="47"/>
  <token_anchor t_id="48"/>
</HUMAN_PART_PER>
<HUMAN_PART_PER m_id="11"  >
  <token_anchor t_id="60"/>
</HUMAN_PART_PER>
<HUMAN_PART_PER m_id="12"  >
  <token_anchor t_id="68"/>
</HUMAN_PART_PER>
<LOC_FAC m_id="18"  >
  <token_anchor t_id="73"/>
</LOC_FAC>
<LOC_FAC m_id="16"  >
  <token_anchor t_id="54"/>
  <token_anchor t_id="55"/>
  <token_anchor t_id="56"/>
</LOC_FAC>
<ACTION_OCCURRENCE m_id="21" note="byCROMER" >
  <token_anchor t_id="69"/>
  <token_anchor t_id="70"/>
  <token_anchor t_id="71"/>
</ACTION_OCCURRENCE>
<NEG_ACTION_REPORTING m_id="22" note="byCROMER" >
  <token_anchor t_id="76"/>
</NEG_ACTION_REPORTING>


<ACTION_OCCURRENCE m_id="29" RELATED_TO="" TAG_DESCRIPTOR="t1b_checking_in_promises" instance_id="ACT16236402809085484" />
<ACTION_OCCURRENCE m_id="28" RELATED_TO="" TAG_DESCRIPTOR="t1b_decided" instance_id="ACT17393001387097507" />
<ACTION_OCCURRENCE m_id="27" RELATED_TO="" TAG_DESCRIPTOR="t1b_reasons_for_rehab" instance_id="ACT16238542452785616" />
<HUMAN_PART_PER m_id="26" RELATED_TO="" TAG_DESCRIPTOR="t1b_tara_reid" instance_id="HUM16236184328979740" />
<LOC_FAC m_id="25" RELATED_TO="" TAG_DESCRIPTOR="t1b_promises_maliby" instance_id="LOC16235213289813758" />
<NEG_ACTION_REPORTING m_id="24" RELATED_TO="" TAG_DESCRIPTOR="t1b_undisclosed_why_in_rehab" instance_id="NEG16237477263722686" />
</Markables>

<Relations>
<CROSS_DOC_COREF r_id="37526" note="NEG16237477263722686" >
  <source m_id="22" />
  <target m_id="24" />
</CROSS_DOC_COREF>
<CROSS_DOC_COREF r_id="37527" note="LOC16235213289813758" >
  <source m_id="16" />
  <source m_id="18" />
  <target m_id="25" />
</CROSS_DOC_COREF>
<CROSS_DOC_COREF r_id="37528" note="HUM16236184328979740" >
  <source m_id="12" />
  <source m_id="11" />
  <source m_id="10" />
  <target m_id="26" />
</CROSS_DOC_COREF>
<CROSS_DOC_COREF r_id="37529" note="ACT16238542452785616" >
  <source m_id="15" />
  <target m_id="27" />
</CROSS_DOC_COREF>
<CROSS_DOC_COREF r_id="37530" note="ACT17393001387097507" >
  <source m_id="17" />
  <target m_id="28" />
</CROSS_DOC_COREF>
<CROSS_DOC_COREF r_id="37531" note="ACT16236402809085484" >
  <source m_id="13" />
  <source m_id="21" />
  <target m_id="29" />
</CROSS_DOC_COREF>

</Relations>
</Document>
