<Document doc_name="27_14ecb.xml" doc_id="DOC15654895793946758">
<token t_id="1" sentence="0" number="0">With</token>
<token t_id="2" sentence="0" number="1">Web</token>
<token t_id="3" sentence="0" number="2">attacks</token>
<token t_id="4" sentence="0" number="3">increasing</token>
<token t_id="5" sentence="0" number="4">,</token>
<token t_id="6" sentence="0" number="5">Microsoft</token>
<token t_id="7" sentence="0" number="6">fixes</token>
<token t_id="8" sentence="0" number="7">IE</token>
<token t_id="9" sentence="0" number="8">bug</token>
<token t_id="10" sentence="1" number="0">Security</token>
<token t_id="11" sentence="1" number="1">experts</token>
<token t_id="12" sentence="1" number="2">say</token>
<token t_id="13" sentence="1" number="3">that</token>
<token t_id="14" sentence="1" number="4">Web</token>
<token t_id="15" sentence="1" number="5">surfers</token>
<token t_id="16" sentence="1" number="6">should</token>
<token t_id="17" sentence="1" number="7">immediately</token>
<token t_id="18" sentence="1" number="8">install</token>
<token t_id="19" sentence="1" number="9">a</token>
<token t_id="20" sentence="1" number="10">new</token>
<token t_id="21" sentence="1" number="11">bug-fix</token>
<token t_id="22" sentence="1" number="12">for</token>
<token t_id="23" sentence="1" number="13">Microsoft</token>
<token t_id="24" sentence="1" number="14">'s</token>
<token t_id="25" sentence="1" number="15">Internet</token>
<token t_id="26" sentence="1" number="16">Explorer</token>
<token t_id="27" sentence="1" number="17">browser</token>
<token t_id="28" sentence="1" number="18">,</token>
<token t_id="29" sentence="1" number="19">released</token>
<token t_id="30" sentence="1" number="20">Wednesday</token>
<token t_id="31" sentence="1" number="21">morning</token>
<token t_id="32" sentence="1" number="22">.</token>
<token t_id="33" sentence="2" number="0">The</token>
<token t_id="34" sentence="2" number="1">flaw</token>
<token t_id="35" sentence="2" number="2">,</token>
<token t_id="36" sentence="2" number="3">which</token>
<token t_id="37" sentence="2" number="4">was</token>
<token t_id="38" sentence="2" number="5">accidentally</token>
<token t_id="39" sentence="2" number="6">made</token>
<token t_id="40" sentence="2" number="7">public</token>
<token t_id="41" sentence="2" number="8">by</token>
<token t_id="42" sentence="2" number="9">Chinese</token>
<token t_id="43" sentence="2" number="10">security</token>
<token t_id="44" sentence="2" number="11">researchers</token>
<token t_id="45" sentence="2" number="12">just</token>
<token t_id="46" sentence="2" number="13">over</token>
<token t_id="47" sentence="2" number="14">a</token>
<token t_id="48" sentence="2" number="15">week</token>
<token t_id="49" sentence="2" number="16">ago</token>
<token t_id="50" sentence="2" number="17">,</token>
<token t_id="51" sentence="2" number="18">has</token>
<token t_id="52" sentence="2" number="19">been</token>
<token t_id="53" sentence="2" number="20">used</token>
<token t_id="54" sentence="2" number="21">in</token>
<token t_id="55" sentence="2" number="22">a</token>
<token t_id="56" sentence="2" number="23">growing</token>
<token t_id="57" sentence="2" number="24">number</token>
<token t_id="58" sentence="2" number="25">of</token>
<token t_id="59" sentence="2" number="26">Web-based</token>
<token t_id="60" sentence="2" number="27">attacks</token>
<token t_id="61" sentence="2" number="28">over</token>
<token t_id="62" sentence="2" number="29">the</token>
<token t_id="63" sentence="2" number="30">past</token>
<token t_id="64" sentence="2" number="31">few</token>
<token t_id="65" sentence="2" number="32">days</token>
<token t_id="66" sentence="2" number="33">.</token>
<token t_id="67" sentence="3" number="0">Criminals</token>
<token t_id="68" sentence="3" number="1">have</token>
<token t_id="69" sentence="3" number="2">posted</token>
<token t_id="70" sentence="3" number="3">attack</token>
<token t_id="71" sentence="3" number="4">code</token>
<token t_id="72" sentence="3" number="5">that</token>
<token t_id="73" sentence="3" number="6">exploits</token>
<token t_id="74" sentence="3" number="7">this</token>
<token t_id="75" sentence="3" number="8">flaw</token>
<token t_id="76" sentence="3" number="9">on</token>
<token t_id="77" sentence="3" number="10">thousands</token>
<token t_id="78" sentence="3" number="11">of</token>
<token t_id="79" sentence="3" number="12">Web</token>
<token t_id="80" sentence="3" number="13">sites</token>
<token t_id="81" sentence="3" number="14">so</token>
<token t_id="82" sentence="3" number="15">far</token>
<token t_id="83" sentence="3" number="16">,</token>
<token t_id="84" sentence="3" number="17">according</token>
<token t_id="85" sentence="3" number="18">to</token>
<token t_id="86" sentence="3" number="19">Rick</token>
<token t_id="87" sentence="3" number="20">Howard</token>
<token t_id="88" sentence="3" number="21">,</token>
<token t_id="89" sentence="3" number="22">intelligence</token>
<token t_id="90" sentence="3" number="23">director</token>
<token t_id="91" sentence="3" number="24">with</token>
<token t_id="92" sentence="3" number="25">Verisign</token>
<token t_id="93" sentence="3" number="26">'s</token>
<token t_id="94" sentence="3" number="27">iDefense</token>
<token t_id="95" sentence="3" number="28">group</token>
<token t_id="96" sentence="3" number="29">.</token>
<token t_id="97" sentence="4" number="0">Verisign</token>
<token t_id="98" sentence="4" number="1">has</token>
<token t_id="99" sentence="4" number="2">now</token>
<token t_id="100" sentence="4" number="3">seen</token>
<token t_id="101" sentence="4" number="4">six</token>
<token t_id="102" sentence="4" number="5">variants</token>
<token t_id="103" sentence="4" number="6">of</token>
<token t_id="104" sentence="4" number="7">the</token>
<token t_id="105" sentence="4" number="8">attack</token>
<token t_id="106" sentence="4" number="9">software</token>
<token t_id="107" sentence="4" number="10">,</token>
<token t_id="108" sentence="4" number="11">all</token>
<token t_id="109" sentence="4" number="12">of</token>
<token t_id="110" sentence="4" number="13">which</token>
<token t_id="111" sentence="4" number="14">attempt</token>
<token t_id="112" sentence="4" number="15">to</token>
<token t_id="113" sentence="4" number="16">steal</token>
<token t_id="114" sentence="4" number="17">Chinese</token>
<token t_id="115" sentence="4" number="18">online</token>
<token t_id="116" sentence="4" number="19">gaming</token>
<token t_id="117" sentence="4" number="20">credentials</token>
<token t_id="118" sentence="4" number="21">.</token>
<token t_id="119" sentence="5" number="0">Often</token>
<token t_id="120" sentence="5" number="1">the</token>
<token t_id="121" sentence="5" number="2">attack</token>
<token t_id="122" sentence="5" number="3">is</token>
<token t_id="123" sentence="5" number="4">launched</token>
<token t_id="124" sentence="5" number="5">through</token>
<token t_id="125" sentence="5" number="6">a</token>
<token t_id="126" sentence="5" number="7">hidden</token>
<token t_id="127" sentence="5" number="8">iFrame</token>
<token t_id="128" sentence="5" number="9">component</token>
<token t_id="129" sentence="5" number="10">that</token>
<token t_id="130" sentence="5" number="11">is</token>
<token t_id="131" sentence="5" number="12">surreptitiously</token>
<token t_id="132" sentence="5" number="13">put</token>
<token t_id="133" sentence="5" number="14">on</token>
<token t_id="134" sentence="5" number="15">a</token>
<token t_id="135" sentence="5" number="16">Web</token>
<token t_id="136" sentence="5" number="17">site</token>
<token t_id="137" sentence="5" number="18">.</token>
<token t_id="138" sentence="6" number="0">Verisign</token>
<token t_id="139" sentence="6" number="1">has</token>
<token t_id="140" sentence="6" number="2">even</token>
<token t_id="141" sentence="6" number="3">spotted</token>
<token t_id="142" sentence="6" number="4">one</token>
<token t_id="143" sentence="6" number="5">such</token>
<token t_id="144" sentence="6" number="6">iFrame</token>
<token t_id="145" sentence="6" number="7">attack</token>
<token t_id="146" sentence="6" number="8">on</token>
<token t_id="147" sentence="6" number="9">a</token>
<token t_id="148" sentence="6" number="10">legitimate</token>
<token t_id="149" sentence="6" number="11">financial</token>
<token t_id="150" sentence="6" number="12">institution</token>
<token t_id="151" sentence="6" number="13">'s</token>
<token t_id="152" sentence="6" number="14">Web</token>
<token t_id="153" sentence="6" number="15">site</token>
<token t_id="154" sentence="6" number="16">,</token>
<token t_id="155" sentence="6" number="17">Howard</token>
<token t_id="156" sentence="6" number="18">said</token>
<token t_id="157" sentence="6" number="19">.</token>
<token t_id="158" sentence="7" number="0">``</token>
<token t_id="159" sentence="7" number="1">The</token>
<token t_id="160" sentence="7" number="2">volume</token>
<token t_id="161" sentence="7" number="3">of</token>
<token t_id="162" sentence="7" number="4">iFrames</token>
<token t_id="163" sentence="7" number="5">deploying</token>
<token t_id="164" sentence="7" number="6">this</token>
<token t_id="165" sentence="7" number="7">thing</token>
<token t_id="166" sentence="7" number="8">is</token>
<token t_id="167" sentence="7" number="9">really</token>
<token t_id="168" sentence="7" number="10">high</token>
<token t_id="169" sentence="7" number="11">.</token>
<token t_id="170" sentence="7" number="12">''</token>
<token t_id="171" sentence="8" number="0">The</token>
<token t_id="172" sentence="8" number="1">flaw</token>
<token t_id="173" sentence="8" number="2">lies</token>
<token t_id="174" sentence="8" number="3">in</token>
<token t_id="175" sentence="8" number="4">the</token>
<token t_id="176" sentence="8" number="5">way</token>
<token t_id="177" sentence="8" number="6">Internet</token>
<token t_id="178" sentence="8" number="7">Explorer</token>
<token t_id="179" sentence="8" number="8">'s</token>
<token t_id="180" sentence="8" number="9">data-binding</token>
<token t_id="181" sentence="8" number="10">function</token>
<token t_id="182" sentence="8" number="11">works</token>
<token t_id="183" sentence="8" number="12">,</token>
<token t_id="184" sentence="8" number="13">Microsoft</token>
<token t_id="185" sentence="8" number="14">said</token>
<token t_id="186" sentence="8" number="15">.</token>
<token t_id="187" sentence="9" number="0">When</token>
<token t_id="188" sentence="9" number="1">the</token>
<token t_id="189" sentence="9" number="2">browser</token>
<token t_id="190" sentence="9" number="3">is</token>
<token t_id="191" sentence="9" number="4">attacked</token>
<token t_id="192" sentence="9" number="5">it</token>
<token t_id="193" sentence="9" number="6">will</token>
<token t_id="194" sentence="9" number="7">crash</token>
<token t_id="195" sentence="9" number="8">,</token>
<token t_id="196" sentence="9" number="9">corrupting</token>
<token t_id="197" sentence="9" number="10">the</token>
<token t_id="198" sentence="9" number="11">computer</token>
<token t_id="199" sentence="9" number="12">'s</token>
<token t_id="200" sentence="9" number="13">memory</token>
<token t_id="201" sentence="9" number="14">and</token>
<token t_id="202" sentence="9" number="15">allowing</token>
<token t_id="203" sentence="9" number="16">the</token>
<token t_id="204" sentence="9" number="17">criminal</token>
<token t_id="205" sentence="9" number="18">to</token>
<token t_id="206" sentence="9" number="19">run</token>
<token t_id="207" sentence="9" number="20">unauthorized</token>
<token t_id="208" sentence="9" number="21">software</token>
<token t_id="209" sentence="9" number="22">.</token>
<token t_id="210" sentence="10" number="0">View</token>
<token t_id="211" sentence="10" number="1">more</token>
<token t_id="212" sentence="10" number="2">related</token>
<token t_id="213" sentence="10" number="3">contentView</token>
<token t_id="214" sentence="10" number="4">all</token>
<token t_id="215" sentence="10" number="5">related</token>
<token t_id="216" sentence="10" number="6">articles</token>
<token t_id="217" sentence="11" number="0">Because</token>
<token t_id="218" sentence="11" number="1">Internet</token>
<token t_id="219" sentence="11" number="2">Explorer</token>
<token t_id="220" sentence="11" number="3">is</token>
<token t_id="221" sentence="11" number="4">used</token>
<token t_id="222" sentence="11" number="5">by</token>
<token t_id="223" sentence="11" number="6">about</token>
<token t_id="224" sentence="11" number="7">70</token>
<token t_id="225" sentence="11" number="8">percent</token>
<token t_id="226" sentence="11" number="9">of</token>
<token t_id="227" sentence="11" number="10">Web</token>
<token t_id="228" sentence="11" number="11">surfers</token>
<token t_id="229" sentence="11" number="12">,</token>
<token t_id="230" sentence="11" number="13">this</token>
<token t_id="231" sentence="11" number="14">attack</token>
<token t_id="232" sentence="11" number="15">code</token>
<token t_id="233" sentence="11" number="16">will</token>
<token t_id="234" sentence="11" number="17">probably</token>
<token t_id="235" sentence="11" number="18">show</token>
<token t_id="236" sentence="11" number="19">up</token>
<token t_id="237" sentence="11" number="20">in</token>
<token t_id="238" sentence="11" number="21">widely</token>
<token t_id="239" sentence="11" number="22">used</token>
<token t_id="240" sentence="11" number="23">malicious</token>
<token t_id="241" sentence="11" number="24">software</token>
<token t_id="242" sentence="11" number="25">toolkits</token>
<token t_id="243" sentence="11" number="26">``</token>
<token t_id="244" sentence="11" number="27">very</token>
<token t_id="245" sentence="11" number="28">shortly</token>
<token t_id="246" sentence="11" number="29">,</token>
<token t_id="247" sentence="11" number="30">''</token>
<token t_id="248" sentence="11" number="31">Howard</token>
<token t_id="249" sentence="11" number="32">said</token>
<token t_id="250" sentence="11" number="33">.</token>
<token t_id="251" sentence="12" number="0">Other</token>
<token t_id="252" sentence="12" number="1">security</token>
<token t_id="253" sentence="12" number="2">companies</token>
<token t_id="254" sentence="12" number="3">agreed</token>
<token t_id="255" sentence="12" number="4">with</token>
<token t_id="256" sentence="12" number="5">Verisign</token>
<token t_id="257" sentence="12" number="6">'s</token>
<token t_id="258" sentence="12" number="7">assessment</token>
<token t_id="259" sentence="12" number="8">.</token>
<token t_id="260" sentence="13" number="0">``</token>
<token t_id="261" sentence="13" number="1">Microsoft</token>
<token t_id="262" sentence="13" number="2">'s</token>
<token t_id="263" sentence="13" number="3">latest</token>
<token t_id="264" sentence="13" number="4">IE</token>
<token t_id="265" sentence="13" number="5">out-of-band</token>
<token t_id="266" sentence="13" number="6">patch</token>
<token t_id="267" sentence="13" number="7">release</token>
<token t_id="268" sentence="13" number="8">needs</token>
<token t_id="269" sentence="13" number="9">to</token>
<token t_id="270" sentence="13" number="10">be</token>
<token t_id="271" sentence="13" number="11">installed</token>
<token t_id="272" sentence="13" number="12">right</token>
<token t_id="273" sentence="13" number="13">away</token>
<token t_id="274" sentence="13" number="14">,</token>
<token t_id="275" sentence="13" number="15">''</token>
<token t_id="276" sentence="13" number="16">said</token>
<token t_id="277" sentence="13" number="17">Shavlik</token>
<token t_id="278" sentence="13" number="18">Technologies</token>
<token t_id="279" sentence="13" number="19">in</token>
<token t_id="280" sentence="13" number="20">a</token>
<token t_id="281" sentence="13" number="21">statement</token>
<token t_id="282" sentence="13" number="22">.</token>
<token t_id="283" sentence="14" number="0">``</token>
<token t_id="284" sentence="14" number="1">The</token>
<token t_id="285" sentence="14" number="2">number</token>
<token t_id="286" sentence="14" number="3">of</token>
<token t_id="287" sentence="14" number="4">infected</token>
<token t_id="288" sentence="14" number="5">Web</token>
<token t_id="289" sentence="14" number="6">sites</token>
<token t_id="290" sentence="14" number="7">is</token>
<token t_id="291" sentence="14" number="8">growing</token>
<token t_id="292" sentence="14" number="9">at</token>
<token t_id="293" sentence="14" number="10">an</token>
<token t_id="294" sentence="14" number="11">alarming</token>
<token t_id="295" sentence="14" number="12">rate</token>
<token t_id="296" sentence="14" number="13">--</token>
<token t_id="297" sentence="14" number="14">even</token>
<token t_id="298" sentence="14" number="15">people</token>
<token t_id="299" sentence="14" number="16">visiting</token>
<token t_id="300" sentence="14" number="17">legitimate</token>
<token t_id="301" sentence="14" number="18">Web</token>
<token t_id="302" sentence="14" number="19">sites</token>
<token t_id="303" sentence="14" number="20">are</token>
<token t_id="304" sentence="14" number="21">getting</token>
<token t_id="305" sentence="14" number="22">hacked</token>
<token t_id="306" sentence="14" number="23">with</token>
<token t_id="307" sentence="14" number="24">this</token>
<token t_id="308" sentence="14" number="25">exploit</token>
<token t_id="309" sentence="14" number="26">.</token>
<token t_id="310" sentence="14" number="27">''</token>
<token t_id="311" sentence="15" number="0">The</token>
<token t_id="312" sentence="15" number="1">flaw</token>
<token t_id="313" sentence="15" number="2">is</token>
<token t_id="314" sentence="15" number="3">so</token>
<token t_id="315" sentence="15" number="4">serious</token>
<token t_id="316" sentence="15" number="5">,</token>
<token t_id="317" sentence="15" number="6">in</token>
<token t_id="318" sentence="15" number="7">fact</token>
<token t_id="319" sentence="15" number="8">,</token>
<token t_id="320" sentence="15" number="9">that</token>
<token t_id="321" sentence="15" number="10">Microsoft</token>
<token t_id="322" sentence="15" number="11">took</token>
<token t_id="323" sentence="15" number="12">the</token>
<token t_id="324" sentence="15" number="13">unusual</token>
<token t_id="325" sentence="15" number="14">step</token>
<token t_id="326" sentence="15" number="15">of</token>
<token t_id="327" sentence="15" number="16">issuing</token>
<token t_id="328" sentence="15" number="17">its</token>
<token t_id="329" sentence="15" number="18">security</token>
<token t_id="330" sentence="15" number="19">fix</token>
<token t_id="331" sentence="15" number="20">weeks</token>
<token t_id="332" sentence="15" number="21">ahead</token>
<token t_id="333" sentence="15" number="22">of</token>
<token t_id="334" sentence="15" number="23">schedule</token>
<token t_id="335" sentence="15" number="24">.</token>
<token t_id="336" sentence="16" number="0">Typically</token>
<token t_id="337" sentence="16" number="1">Microsoft</token>
<token t_id="338" sentence="16" number="2">releases</token>
<token t_id="339" sentence="16" number="3">security</token>
<token t_id="340" sentence="16" number="4">patches</token>
<token t_id="341" sentence="16" number="5">just</token>
<token t_id="342" sentence="16" number="6">once</token>
<token t_id="343" sentence="16" number="7">a</token>
<token t_id="344" sentence="16" number="8">month</token>
<token t_id="345" sentence="16" number="9">in</token>
<token t_id="346" sentence="16" number="10">order</token>
<token t_id="347" sentence="16" number="11">to</token>
<token t_id="348" sentence="16" number="12">simplify</token>
<token t_id="349" sentence="16" number="13">the</token>
<token t_id="350" sentence="16" number="14">lives</token>
<token t_id="351" sentence="16" number="15">of</token>
<token t_id="352" sentence="16" number="16">system</token>
<token t_id="353" sentence="16" number="17">administrators</token>
<token t_id="354" sentence="16" number="18">.</token>
<token t_id="355" sentence="17" number="0">Its</token>
<token t_id="356" sentence="17" number="1">next</token>
<token t_id="357" sentence="17" number="2">set</token>
<token t_id="358" sentence="17" number="3">of</token>
<token t_id="359" sentence="17" number="4">updates</token>
<token t_id="360" sentence="17" number="5">is</token>
<token t_id="361" sentence="17" number="6">due</token>
<token t_id="362" sentence="17" number="7">Jan.</token>
<token t_id="363" sentence="17" number="8">13</token>
<token t_id="364" sentence="17" number="9">.</token>
<token t_id="365" sentence="18" number="0">Criminals</token>
<token t_id="366" sentence="18" number="1">could</token>
<token t_id="367" sentence="18" number="2">also</token>
<token t_id="368" sentence="18" number="3">launch</token>
<token t_id="369" sentence="18" number="4">their</token>
<token t_id="370" sentence="18" number="5">attacks</token>
<token t_id="371" sentence="18" number="6">via</token>
<token t_id="372" sentence="18" number="7">e-mail</token>
<token t_id="373" sentence="18" number="8">,</token>
<token t_id="374" sentence="18" number="9">by</token>
<token t_id="375" sentence="18" number="10">sending</token>
<token t_id="376" sentence="18" number="11">victims</token>
<token t_id="377" sentence="18" number="12">maliciously</token>
<token t_id="378" sentence="18" number="13">encoded</token>
<token t_id="379" sentence="18" number="14">HTML</token>
<token t_id="380" sentence="18" number="15">documents</token>
<token t_id="381" sentence="18" number="16">,</token>
<token t_id="382" sentence="18" number="17">although</token>
<token t_id="383" sentence="18" number="18">this</token>
<token t_id="384" sentence="18" number="19">type</token>
<token t_id="385" sentence="18" number="20">of</token>
<token t_id="386" sentence="18" number="21">attack</token>
<token t_id="387" sentence="18" number="22">has</token>
<token t_id="388" sentence="18" number="23">not</token>
<token t_id="389" sentence="18" number="24">been</token>
<token t_id="390" sentence="18" number="25">reported</token>
<token t_id="391" sentence="18" number="26">.</token>
<token t_id="392" sentence="19" number="0">Microsoft</token>
<token t_id="393" sentence="19" number="1">'s</token>
<token t_id="394" sentence="19" number="2">patch</token>
<token t_id="395" sentence="19" number="3">is</token>
<token t_id="396" sentence="19" number="4">for</token>
<token t_id="397" sentence="19" number="5">users</token>
<token t_id="398" sentence="19" number="6">of</token>
<token t_id="399" sentence="19" number="7">IE</token>
<token t_id="400" sentence="19" number="8">version</token>
<token t_id="401" sentence="19" number="9">5</token>
<token t_id="402" sentence="19" number="10">and</token>
<token t_id="403" sentence="19" number="11">up</token>
<token t_id="404" sentence="19" number="12">.</token>
<Markables>
<ACTION_OCCURRENCE m_id="15"  >
  <token_anchor t_id="4"/>
</ACTION_OCCURRENCE>
<ACTION_OCCURRENCE m_id="18"  >
  <token_anchor t_id="7"/>
</ACTION_OCCURRENCE>
<ACTION_OCCURRENCE m_id="19"  >
  <token_anchor t_id="3"/>
</ACTION_OCCURRENCE>
<ACTION_OCCURRENCE m_id="21"  >
  <token_anchor t_id="271"/>
</ACTION_OCCURRENCE>
<ACTION_REPORTING m_id="25"  >
  <token_anchor t_id="281"/>
</ACTION_REPORTING>
<ACTION_REPORTING m_id="22"  >
  <token_anchor t_id="276"/>
</ACTION_REPORTING>
<HUMAN_PART_ORG m_id="23"  >
  <token_anchor t_id="277"/>
  <token_anchor t_id="278"/>
</HUMAN_PART_ORG>
<HUMAN_PART_ORG m_id="16"  >
  <token_anchor t_id="6"/>
</HUMAN_PART_ORG>
<HUMAN_PART_ORG m_id="17"  >
  <token_anchor t_id="261"/>
</HUMAN_PART_ORG>
<LOC_OTHER m_id="28"  >
  <token_anchor t_id="2"/>
</LOC_OTHER>
<NON_HUMAN_PART m_id="24"  >
  <token_anchor t_id="264"/>
</NON_HUMAN_PART>
<NON_HUMAN_PART m_id="27"  >
  <token_anchor t_id="8"/>
</NON_HUMAN_PART>
<NON_HUMAN_PART m_id="20"  >
  <token_anchor t_id="9"/>
</NON_HUMAN_PART>


<ACTION_OCCURRENCE m_id="29" note="byCROMER" >
  <token_anchor t_id="267"/>
</ACTION_OCCURRENCE>
<NON_HUMAN_PART m_id="30" note="byCROMER" >
  <token_anchor t_id="266"/>
</NON_HUMAN_PART>


<HUMAN_PART_ORG m_id="38" RELATED_TO="" TAG_DESCRIPTOR="t27_microsoft" instance_id="HUM16627702263331271" />
<ACTION_OCCURRENCE m_id="37" RELATED_TO="" TAG_DESCRIPTOR="t27b_attacks" instance_id="ACT16759674029446388" />
<NON_HUMAN_PART m_id="36" RELATED_TO="" TAG_DESCRIPTOR="t27_IE" instance_id="NON16628072497530110" />
<ACTION_OCCURRENCE m_id="35" RELATED_TO="" TAG_DESCRIPTOR="t27b_increasing_attacks" instance_id="ACT16759683188477295" />
<NON_HUMAN_PART m_id="34" RELATED_TO="" TAG_DESCRIPTOR="t27b_patch" instance_id="NON16727641175459595" />
<ACTION_OCCURRENCE m_id="33" RELATED_TO="" TAG_DESCRIPTOR="t27b_fix_vulnerability" instance_id="ACT16632539609441083" />
<NON_HUMAN_PART m_id="32" RELATED_TO="" TAG_DESCRIPTOR="t27b_flaw" instance_id="NON16727620231965862" />
<ACTION_OCCURRENCE m_id="31" RELATED_TO="" TAG_DESCRIPTOR="t27b_releases_update" instance_id="ACT16632487083891659" />
</Markables>

<Relations>
<CROSS_DOC_COREF r_id="37484" note="ACT16632487083891659" >
  <source m_id="29" />
  <target m_id="31" />
</CROSS_DOC_COREF>
<CROSS_DOC_COREF r_id="37485" note="NON16727620231965862" >
  <source m_id="20" />
  <target m_id="32" />
</CROSS_DOC_COREF>
<CROSS_DOC_COREF r_id="37486" note="ACT16632539609441083" >
  <source m_id="18" />
  <target m_id="33" />
</CROSS_DOC_COREF>
<CROSS_DOC_COREF r_id="37487" note="NON16727641175459595" >
  <source m_id="30" />
  <target m_id="34" />
</CROSS_DOC_COREF>
<CROSS_DOC_COREF r_id="37488" note="ACT16759683188477295" >
  <source m_id="15" />
  <target m_id="35" />
</CROSS_DOC_COREF>
<CROSS_DOC_COREF r_id="37489" note="NON16628072497530110" >
  <source m_id="27" />
  <source m_id="24" />
  <target m_id="36" />
</CROSS_DOC_COREF>
<CROSS_DOC_COREF r_id="37490" note="ACT16759674029446388" >
  <source m_id="19" />
  <target m_id="37" />
</CROSS_DOC_COREF>
<CROSS_DOC_COREF r_id="37491" note="HUM16627702263331271" >
  <source m_id="17" />
  <source m_id="16" />
  <target m_id="38" />
</CROSS_DOC_COREF>

</Relations>
</Document>
