<Document doc_name="27_1ecb.xml" doc_id="DOC15654894656889783">
<token t_id="1" sentence="0" number="0">Internet</token>
<token t_id="2" sentence="0" number="1">Explorer</token>
<token t_id="3" sentence="0" number="2">issue</token>
<token t_id="4" sentence="0" number="3">'fixed</token>
<token t_id="5" sentence="0" number="4">'</token>
<token t_id="6" sentence="0" number="5">,</token>
<token t_id="7" sentence="0" number="6">say</token>
<token t_id="8" sentence="0" number="7">Microsoft</token>
<token t_id="9" sentence="1" number="0">Microsoft</token>
<token t_id="10" sentence="1" number="1">has</token>
<token t_id="11" sentence="1" number="2">said</token>
<token t_id="12" sentence="1" number="3">that</token>
<token t_id="13" sentence="1" number="4">an</token>
<token t_id="14" sentence="1" number="5">emergency</token>
<token t_id="15" sentence="1" number="6">security</token>
<token t_id="16" sentence="1" number="7">update</token>
<token t_id="17" sentence="1" number="8">has</token>
<token t_id="18" sentence="1" number="9">fixed</token>
<token t_id="19" sentence="1" number="10">a</token>
<token t_id="20" sentence="1" number="11">flaw</token>
<token t_id="21" sentence="1" number="12">in</token>
<token t_id="22" sentence="1" number="13">Internet</token>
<token t_id="23" sentence="1" number="14">Explorer</token>
<token t_id="24" sentence="1" number="15">that</token>
<token t_id="25" sentence="1" number="16">left</token>
<token t_id="26" sentence="1" number="17">millions</token>
<token t_id="27" sentence="1" number="18">of</token>
<token t_id="28" sentence="1" number="19">computers</token>
<token t_id="29" sentence="1" number="20">vulnerable</token>
<token t_id="30" sentence="1" number="21">to</token>
<token t_id="31" sentence="1" number="22">hacking</token>
<token t_id="32" sentence="1" number="23">and</token>
<token t_id="33" sentence="1" number="24">hijack</token>
<token t_id="34" sentence="1" number="25">.</token>
<token t_id="35" sentence="2" number="0">The</token>
<token t_id="36" sentence="2" number="1">software</token>
<token t_id="37" sentence="2" number="2">patch</token>
<token t_id="38" sentence="2" number="3">,</token>
<token t_id="39" sentence="2" number="4">which</token>
<token t_id="40" sentence="2" number="5">was</token>
<token t_id="41" sentence="2" number="6">released</token>
<token t_id="42" sentence="2" number="7">last</token>
<token t_id="43" sentence="2" number="8">night</token>
<token t_id="44" sentence="2" number="9">,</token>
<token t_id="45" sentence="2" number="10">has</token>
<token t_id="46" sentence="2" number="11">closed</token>
<token t_id="47" sentence="2" number="12">a</token>
<token t_id="48" sentence="2" number="13">loophole</token>
<token t_id="49" sentence="2" number="14">that</token>
<token t_id="50" sentence="2" number="15">has</token>
<token t_id="51" sentence="2" number="16">seen</token>
<token t_id="52" sentence="2" number="17">the</token>
<token t_id="53" sentence="2" number="18">computers</token>
<token t_id="54" sentence="2" number="19">of</token>
<token t_id="55" sentence="2" number="20">at</token>
<token t_id="56" sentence="2" number="21">least</token>
<token t_id="57" sentence="2" number="22">two</token>
<token t_id="58" sentence="2" number="23">million</token>
<token t_id="59" sentence="2" number="24">users</token>
<token t_id="60" sentence="2" number="25">hacked</token>
<token t_id="61" sentence="2" number="26">by</token>
<token t_id="62" sentence="2" number="27">cyber</token>
<token t_id="63" sentence="2" number="28">criminals</token>
<token t_id="64" sentence="2" number="29">.</token>
<token t_id="65" sentence="3" number="0">The</token>
<token t_id="66" sentence="3" number="1">problem</token>
<token t_id="67" sentence="3" number="2">related</token>
<token t_id="68" sentence="3" number="3">to</token>
<token t_id="69" sentence="3" number="4">a</token>
<token t_id="70" sentence="3" number="5">``</token>
<token t_id="71" sentence="3" number="6">zero</token>
<token t_id="72" sentence="3" number="7">day</token>
<token t_id="73" sentence="3" number="8">''</token>
<token t_id="74" sentence="3" number="9">flaw</token>
<token t_id="75" sentence="3" number="10">that</token>
<token t_id="76" sentence="3" number="11">tricked</token>
<token t_id="77" sentence="3" number="12">people</token>
<token t_id="78" sentence="3" number="13">into</token>
<token t_id="79" sentence="3" number="14">visiting</token>
<token t_id="80" sentence="3" number="15">an</token>
<token t_id="81" sentence="3" number="16">infected</token>
<token t_id="82" sentence="3" number="17">website</token>
<token t_id="83" sentence="3" number="18">,</token>
<token t_id="84" sentence="3" number="19">enabling</token>
<token t_id="85" sentence="3" number="20">hackers</token>
<token t_id="86" sentence="3" number="21">to</token>
<token t_id="87" sentence="3" number="22">gain</token>
<token t_id="88" sentence="3" number="23">access</token>
<token t_id="89" sentence="3" number="24">to</token>
<token t_id="90" sentence="3" number="25">online</token>
<token t_id="91" sentence="3" number="26">banking</token>
<token t_id="92" sentence="3" number="27">passwords</token>
<token t_id="93" sentence="3" number="28">and</token>
<token t_id="94" sentence="3" number="29">e-shopping</token>
<token t_id="95" sentence="3" number="30">logon</token>
<token t_id="96" sentence="3" number="31">details</token>
<token t_id="97" sentence="3" number="32">.</token>
<token t_id="98" sentence="4" number="0">``</token>
<token t_id="99" sentence="4" number="1">Microsoft</token>
<token t_id="100" sentence="4" number="2">has</token>
<token t_id="101" sentence="4" number="3">released</token>
<token t_id="102" sentence="4" number="4">a</token>
<token t_id="103" sentence="4" number="5">security</token>
<token t_id="104" sentence="4" number="6">update</token>
<token t_id="105" sentence="4" number="7">for</token>
<token t_id="106" sentence="4" number="8">Internet</token>
<token t_id="107" sentence="4" number="9">Explorer</token>
<token t_id="108" sentence="4" number="10">that</token>
<token t_id="109" sentence="4" number="11">will</token>
<token t_id="110" sentence="4" number="12">help</token>
<token t_id="111" sentence="4" number="13">protect</token>
<token t_id="112" sentence="4" number="14">its</token>
<token t_id="113" sentence="4" number="15">customers</token>
<token t_id="114" sentence="4" number="16">from</token>
<token t_id="115" sentence="4" number="17">malicious</token>
<token t_id="116" sentence="4" number="18">attacks</token>
<token t_id="117" sentence="4" number="19">,</token>
<token t_id="118" sentence="4" number="20">''</token>
<token t_id="119" sentence="4" number="21">said</token>
<token t_id="120" sentence="4" number="22">the</token>
<token t_id="121" sentence="4" number="23">company</token>
<token t_id="122" sentence="4" number="24">in</token>
<token t_id="123" sentence="4" number="25">a</token>
<token t_id="124" sentence="4" number="26">statement</token>
<token t_id="125" sentence="4" number="27">.</token>
<token t_id="126" sentence="5" number="0">``</token>
<token t_id="127" sentence="5" number="1">Like</token>
<token t_id="128" sentence="5" number="2">a</token>
<token t_id="129" sentence="5" number="3">vaccine</token>
<token t_id="130" sentence="5" number="4">developed</token>
<token t_id="131" sentence="5" number="5">to</token>
<token t_id="132" sentence="5" number="6">fight</token>
<token t_id="133" sentence="5" number="7">a</token>
<token t_id="134" sentence="5" number="8">virus</token>
<token t_id="135" sentence="5" number="9">,</token>
<token t_id="136" sentence="5" number="10">this</token>
<token t_id="137" sentence="5" number="11">'security</token>
<token t_id="138" sentence="5" number="12">update</token>
<token t_id="139" sentence="5" number="13">'</token>
<token t_id="140" sentence="5" number="14">will</token>
<token t_id="141" sentence="5" number="15">protect</token>
<token t_id="142" sentence="5" number="16">computers</token>
<token t_id="143" sentence="5" number="17">only</token>
<token t_id="144" sentence="5" number="18">if</token>
<token t_id="145" sentence="5" number="19">it</token>
<token t_id="146" sentence="5" number="20">is</token>
<token t_id="147" sentence="5" number="21">installed</token>
<token t_id="148" sentence="5" number="22">.</token>
<token t_id="149" sentence="5" number="23">''</token>
<token t_id="150" sentence="6" number="0">Computers</token>
<token t_id="151" sentence="6" number="1">that</token>
<token t_id="152" sentence="6" number="2">are</token>
<token t_id="153" sentence="6" number="3">set</token>
<token t_id="154" sentence="6" number="4">to</token>
<token t_id="155" sentence="6" number="5">automatically</token>
<token t_id="156" sentence="6" number="6">update</token>
<token t_id="157" sentence="6" number="7">and</token>
<token t_id="158" sentence="6" number="8">install</token>
<token t_id="159" sentence="6" number="9">software</token>
<token t_id="160" sentence="6" number="10">will</token>
<token t_id="161" sentence="6" number="11">already</token>
<token t_id="162" sentence="6" number="12">be</token>
<token t_id="163" sentence="6" number="13">protected</token>
<token t_id="164" sentence="6" number="14">by</token>
<token t_id="165" sentence="6" number="15">the</token>
<token t_id="166" sentence="6" number="16">patch</token>
<token t_id="167" sentence="6" number="17">.</token>
<token t_id="168" sentence="7" number="0">Those</token>
<token t_id="169" sentence="7" number="1">users</token>
<token t_id="170" sentence="7" number="2">who</token>
<token t_id="171" sentence="7" number="3">manage</token>
<token t_id="172" sentence="7" number="4">their</token>
<token t_id="173" sentence="7" number="5">own</token>
<token t_id="174" sentence="7" number="6">updates</token>
<token t_id="175" sentence="7" number="7">are</token>
<token t_id="176" sentence="7" number="8">advised</token>
<token t_id="177" sentence="7" number="9">to</token>
<token t_id="178" sentence="7" number="10">download</token>
<token t_id="179" sentence="7" number="11">the</token>
<token t_id="180" sentence="7" number="12">fix</token>
<token t_id="181" sentence="7" number="13">as</token>
<token t_id="182" sentence="7" number="14">soon</token>
<token t_id="183" sentence="7" number="15">as</token>
<token t_id="184" sentence="7" number="16">possible</token>
<token t_id="185" sentence="7" number="17">from</token>
<token t_id="186" sentence="7" number="18">the</token>
<token t_id="187" sentence="7" number="19">Microsoft</token>
<token t_id="188" sentence="7" number="20">website</token>
<token t_id="189" sentence="7" number="21">.</token>
<token t_id="190" sentence="8" number="0">``</token>
<token t_id="191" sentence="8" number="1">When</token>
<token t_id="192" sentence="8" number="2">the</token>
<token t_id="193" sentence="8" number="3">patch</token>
<token t_id="194" sentence="8" number="4">is</token>
<token t_id="195" sentence="8" number="5">released</token>
<token t_id="196" sentence="8" number="6">,</token>
<token t_id="197" sentence="8" number="7">people</token>
<token t_id="198" sentence="8" number="8">should</token>
<token t_id="199" sentence="8" number="9">run</token>
<token t_id="200" sentence="8" number="10">,</token>
<token t_id="201" sentence="8" number="11">not</token>
<token t_id="202" sentence="8" number="12">walk</token>
<token t_id="203" sentence="8" number="13">,</token>
<token t_id="204" sentence="8" number="14">to</token>
<token t_id="205" sentence="8" number="15">get</token>
<token t_id="206" sentence="8" number="16">it</token>
<token t_id="207" sentence="8" number="17">installed</token>
<token t_id="208" sentence="8" number="18">,</token>
<token t_id="209" sentence="8" number="19">''</token>
<token t_id="210" sentence="8" number="20">said</token>
<token t_id="211" sentence="8" number="21">Paul</token>
<token t_id="212" sentence="8" number="22">Ferguson</token>
<token t_id="213" sentence="8" number="23">,</token>
<token t_id="214" sentence="8" number="24">a</token>
<token t_id="215" sentence="8" number="25">researcher</token>
<token t_id="216" sentence="8" number="26">with</token>
<token t_id="217" sentence="8" number="27">Trend</token>
<token t_id="218" sentence="8" number="28">Micro</token>
<token t_id="219" sentence="8" number="29">.</token>
<token t_id="220" sentence="9" number="0">``</token>
<token t_id="221" sentence="9" number="1">This</token>
<token t_id="222" sentence="9" number="2">vulnerability</token>
<token t_id="223" sentence="9" number="3">is</token>
<token t_id="224" sentence="9" number="4">being</token>
<token t_id="225" sentence="9" number="5">actively</token>
<token t_id="226" sentence="9" number="6">exploited</token>
<token t_id="227" sentence="9" number="7">by</token>
<token t_id="228" sentence="9" number="8">cyber</token>
<token t_id="229" sentence="9" number="9">criminals</token>
<token t_id="230" sentence="9" number="10">and</token>
<token t_id="231" sentence="9" number="11">getting</token>
<token t_id="232" sentence="9" number="12">worse</token>
<token t_id="233" sentence="9" number="13">every</token>
<token t_id="234" sentence="9" number="14">day</token>
<token t_id="235" sentence="9" number="15">.</token>
<token t_id="236" sentence="9" number="16">''</token>
<token t_id="237" sentence="10" number="0">It</token>
<token t_id="238" sentence="10" number="1">is</token>
<token t_id="239" sentence="10" number="2">thought</token>
<token t_id="240" sentence="10" number="3">that</token>
<token t_id="241" sentence="10" number="4">the</token>
<token t_id="242" sentence="10" number="5">security</token>
<token t_id="243" sentence="10" number="6">flaw</token>
<token t_id="244" sentence="10" number="7">,</token>
<token t_id="245" sentence="10" number="8">which</token>
<token t_id="246" sentence="10" number="9">came</token>
<token t_id="247" sentence="10" number="10">to</token>
<token t_id="248" sentence="10" number="11">light</token>
<token t_id="249" sentence="10" number="12">earlier</token>
<token t_id="250" sentence="10" number="13">this</token>
<token t_id="251" sentence="10" number="14">week</token>
<token t_id="252" sentence="10" number="15">,</token>
<token t_id="253" sentence="10" number="16">was</token>
<token t_id="254" sentence="10" number="17">exposed</token>
<token t_id="255" sentence="10" number="18">by</token>
<token t_id="256" sentence="10" number="19">accident</token>
<token t_id="257" sentence="10" number="20">,</token>
<token t_id="258" sentence="10" number="21">after</token>
<token t_id="259" sentence="10" number="22">a</token>
<token t_id="260" sentence="10" number="23">Chinese</token>
<token t_id="261" sentence="10" number="24">security</token>
<token t_id="262" sentence="10" number="25">firm</token>
<token t_id="263" sentence="10" number="26">,</token>
<token t_id="264" sentence="10" number="27">Knowsec</token>
<token t_id="265" sentence="10" number="28">,</token>
<token t_id="266" sentence="10" number="29">released</token>
<token t_id="267" sentence="10" number="30">details</token>
<token t_id="268" sentence="10" number="31">of</token>
<token t_id="269" sentence="10" number="32">the</token>
<token t_id="270" sentence="10" number="33">loophole</token>
<token t_id="271" sentence="10" number="34">believing</token>
<token t_id="272" sentence="10" number="35">Microsoft</token>
<token t_id="273" sentence="10" number="36">had</token>
<token t_id="274" sentence="10" number="37">already</token>
<token t_id="275" sentence="10" number="38">issued</token>
<token t_id="276" sentence="10" number="39">a</token>
<token t_id="277" sentence="10" number="40">software</token>
<token t_id="278" sentence="10" number="41">fix</token>
<token t_id="279" sentence="10" number="42">to</token>
<token t_id="280" sentence="10" number="43">resolve</token>
<token t_id="281" sentence="10" number="44">it</token>
<token t_id="282" sentence="10" number="45">.</token>
<token t_id="283" sentence="11" number="0">However</token>
<token t_id="284" sentence="11" number="1">,</token>
<token t_id="285" sentence="11" number="2">technology</token>
<token t_id="286" sentence="11" number="3">experts</token>
<token t_id="287" sentence="11" number="4">have</token>
<token t_id="288" sentence="11" number="5">warned</token>
<token t_id="289" sentence="11" number="6">that</token>
<token t_id="290" sentence="11" number="7">malware</token>
<token t_id="291" sentence="11" number="8">authors</token>
<token t_id="292" sentence="11" number="9">,</token>
<token t_id="293" sentence="11" number="10">who</token>
<token t_id="294" sentence="11" number="11">write</token>
<token t_id="295" sentence="11" number="12">the</token>
<token t_id="296" sentence="11" number="13">viruses</token>
<token t_id="297" sentence="11" number="14">and</token>
<token t_id="298" sentence="11" number="15">code</token>
<token t_id="299" sentence="11" number="16">that</token>
<token t_id="300" sentence="11" number="17">exploits</token>
<token t_id="301" sentence="11" number="18">security</token>
<token t_id="302" sentence="11" number="19">vulnerabilities</token>
<token t_id="303" sentence="11" number="20">,</token>
<token t_id="304" sentence="11" number="21">are</token>
<token t_id="305" sentence="11" number="22">already</token>
<token t_id="306" sentence="11" number="23">working</token>
<token t_id="307" sentence="11" number="24">on</token>
<token t_id="308" sentence="11" number="25">ways</token>
<token t_id="309" sentence="11" number="26">to</token>
<token t_id="310" sentence="11" number="27">get</token>
<token t_id="311" sentence="11" number="28">around</token>
<token t_id="312" sentence="11" number="29">the</token>
<token t_id="313" sentence="11" number="30">software</token>
<token t_id="314" sentence="11" number="31">update</token>
<token t_id="315" sentence="11" number="32">.</token>
<token t_id="316" sentence="12" number="0">``</token>
<token t_id="317" sentence="12" number="1">We</token>
<token t_id="318" sentence="12" number="2">are</token>
<token t_id="319" sentence="12" number="3">seeing</token>
<token t_id="320" sentence="12" number="4">customised</token>
<token t_id="321" sentence="12" number="5">versions</token>
<token t_id="322" sentence="12" number="6">of</token>
<token t_id="323" sentence="12" number="7">the</token>
<token t_id="324" sentence="12" number="8">IE</token>
<token t_id="325" sentence="12" number="9">7</token>
<token t_id="326" sentence="12" number="10">exploit</token>
<token t_id="327" sentence="12" number="11">with</token>
<token t_id="328" sentence="12" number="12">varying</token>
<token t_id="329" sentence="12" number="13">degrees</token>
<token t_id="330" sentence="12" number="14">of</token>
<token t_id="331" sentence="12" number="15">obfuscation</token>
<token t_id="332" sentence="12" number="16">,</token>
<token t_id="333" sentence="12" number="17">''</token>
<token t_id="334" sentence="12" number="18">wrote</token>
<token t_id="335" sentence="12" number="19">McAfee</token>
<token t_id="336" sentence="12" number="20">security</token>
<token t_id="337" sentence="12" number="21">expert</token>
<token t_id="338" sentence="12" number="22">Rahul</token>
<token t_id="339" sentence="12" number="23">Mohandas</token>
<token t_id="340" sentence="12" number="24">on</token>
<token t_id="341" sentence="12" number="25">the</token>
<token t_id="342" sentence="12" number="26">company</token>
<token t_id="343" sentence="12" number="27">blog</token>
<token t_id="344" sentence="12" number="28">.</token>
<token t_id="345" sentence="13" number="0">``</token>
<token t_id="346" sentence="13" number="1">Malware</token>
<token t_id="347" sentence="13" number="2">authors</token>
<token t_id="348" sentence="13" number="3">have</token>
<token t_id="349" sentence="13" number="4">been</token>
<token t_id="350" sentence="13" number="5">coming</token>
<token t_id="351" sentence="13" number="6">up</token>
<token t_id="352" sentence="13" number="7">with</token>
<token t_id="353" sentence="13" number="8">innovative</token>
<token t_id="354" sentence="13" number="9">mechanisms</token>
<token t_id="355" sentence="13" number="10">to</token>
<token t_id="356" sentence="13" number="11">leverage</token>
<token t_id="357" sentence="13" number="12">this</token>
<token t_id="358" sentence="13" number="13">exploit</token>
<token t_id="359" sentence="13" number="14">to</token>
<token t_id="360" sentence="13" number="15">social</token>
<token t_id="361" sentence="13" number="16">engineer</token>
<token t_id="362" sentence="13" number="17">the</token>
<token t_id="363" sentence="13" number="18">not</token>
<token t_id="364" sentence="13" number="19">so</token>
<token t_id="365" sentence="13" number="20">tech-savvy</token>
<token t_id="366" sentence="13" number="21">internet</token>
<token t_id="367" sentence="13" number="22">users</token>
<token t_id="368" sentence="13" number="23">.</token>
<token t_id="369" sentence="13" number="24">''</token>
<Markables>
<ACTION_OCCURRENCE m_id="39"  >
  <token_anchor t_id="60"/>
</ACTION_OCCURRENCE>
<ACTION_OCCURRENCE m_id="40"  >
  <token_anchor t_id="33"/>
</ACTION_OCCURRENCE>
<ACTION_OCCURRENCE m_id="41"  >
  <token_anchor t_id="116"/>
</ACTION_OCCURRENCE>
<ACTION_OCCURRENCE m_id="51"  >
  <token_anchor t_id="111"/>
</ACTION_OCCURRENCE>
<ACTION_OCCURRENCE m_id="54"  >
  <token_anchor t_id="41"/>
</ACTION_OCCURRENCE>
<ACTION_OCCURRENCE m_id="55"  >
  <token_anchor t_id="101"/>
</ACTION_OCCURRENCE>
<ACTION_OCCURRENCE m_id="32"  >
  <token_anchor t_id="18"/>
</ACTION_OCCURRENCE>
<ACTION_OCCURRENCE m_id="33"  >
  <token_anchor t_id="46"/>
</ACTION_OCCURRENCE>
<ACTION_OCCURRENCE m_id="38"  >
  <token_anchor t_id="31"/>
</ACTION_OCCURRENCE>
<ACTION_REPORTING m_id="52"  >
  <token_anchor t_id="11"/>
</ACTION_REPORTING>
<ACTION_REPORTING m_id="53"  >
  <token_anchor t_id="119"/>
</ACTION_REPORTING>
<ACTION_REPORTING m_id="56"  >
  <token_anchor t_id="124"/>
</ACTION_REPORTING>
<HUMAN_PART_ORG m_id="46"  >
  <token_anchor t_id="9"/>
</HUMAN_PART_ORG>
<HUMAN_PART_ORG m_id="47"  >
  <token_anchor t_id="99"/>
</HUMAN_PART_ORG>
<HUMAN_PART_ORG m_id="48"  >
  <token_anchor t_id="121"/>
</HUMAN_PART_ORG>
<HUMAN_PART_PER m_id="45"  >
  <token_anchor t_id="113"/>
</HUMAN_PART_PER>
<HUMAN_PART_PER m_id="57"  >
  <token_anchor t_id="59"/>
</HUMAN_PART_PER>
<HUMAN_PART_PER m_id="58"  >
  <token_anchor t_id="63"/>
</HUMAN_PART_PER>
<NON_HUMAN_PART m_id="43"  >
  <token_anchor t_id="53"/>
</NON_HUMAN_PART>
<NON_HUMAN_PART m_id="44"  >
  <token_anchor t_id="28"/>
</NON_HUMAN_PART>
<NON_HUMAN_PART m_id="49"  >
  <token_anchor t_id="22"/>
  <token_anchor t_id="23"/>
</NON_HUMAN_PART>
<NON_HUMAN_PART m_id="50"  >
  <token_anchor t_id="106"/>
  <token_anchor t_id="107"/>
</NON_HUMAN_PART>
<NON_HUMAN_PART m_id="34"  >
  <token_anchor t_id="16"/>
</NON_HUMAN_PART>
<NON_HUMAN_PART m_id="35"  >
  <token_anchor t_id="37"/>
</NON_HUMAN_PART>
<NON_HUMAN_PART m_id="36"  >
  <token_anchor t_id="104"/>
</NON_HUMAN_PART>
<NON_HUMAN_PART m_id="37"  >
  <token_anchor t_id="108"/>
</NON_HUMAN_PART>
<NON_HUMAN_PART m_id="59" note="byCROMER" >
  <token_anchor t_id="20"/>
</NON_HUMAN_PART>
<TIME_DATE m_id="60" note="byCROMER" >
  <token_anchor t_id="42"/>
  <token_anchor t_id="43"/>
</TIME_DATE>
<NON_HUMAN_PART m_id="61" note="byCROMER" >
  <token_anchor t_id="48"/>
</NON_HUMAN_PART>


<HUMAN_PART_ORG m_id="73" RELATED_TO="" TAG_DESCRIPTOR="t27_microsoft" instance_id="HUM16627702263331271" />
<HUMAN_PART_PER m_id="72" RELATED_TO="" TAG_DESCRIPTOR="t27_customers" instance_id="HUM16627778540077611" />
<NON_HUMAN_PART m_id="71" RELATED_TO="" TAG_DESCRIPTOR="t27_IE" instance_id="NON16628072497530110" />
<NON_HUMAN_PART m_id="70" RELATED_TO="" TAG_DESCRIPTOR="t27b_patch" instance_id="NON16727641175459595" />
<ACTION_OCCURRENCE m_id="69" RELATED_TO="" TAG_DESCRIPTOR="t27b_fix_vulnerability" instance_id="ACT16632539609441083" />
<NON_HUMAN_PART m_id="68" RELATED_TO="" TAG_DESCRIPTOR="t27b_flaw" instance_id="NON16727620231965862" />
<TIME_DATE m_id="67" RELATED_TO="" TAG_DESCRIPTOR="t27b_wednesday_patch" instance_id="TIM27376179174463069" />
<HUMAN_PART_PER m_id="66" RELATED_TO="" TAG_DESCRIPTOR="t27_hackers_or_attackers" instance_id="HUM16627963455277878" />
<ACTION_OCCURRENCE m_id="65" RELATED_TO="" TAG_DESCRIPTOR="t27b_computers_hacked" instance_id="ACT16632565623246075" />
<ACTION_OCCURRENCE m_id="64" RELATED_TO="" TAG_DESCRIPTOR="t27b_releases_update" instance_id="ACT16632487083891659" />
<NON_HUMAN_PART m_id="63" RELATED_TO="" TAG_DESCRIPTOR="t27b_computers" instance_id="NON16728230766371174" />
<ACTION_REPORTING m_id="62" RELATED_TO="" TAG_DESCRIPTOR="t27b_microsoft_says" instance_id="ACT16727656023335002" />
</Markables>

<Relations>
<CROSS_DOC_COREF r_id="37380" note="ACT16727656023335002" >
  <source m_id="52" />
  <source m_id="53" />
  <target m_id="62" />
</CROSS_DOC_COREF>
<CROSS_DOC_COREF r_id="37381" note="NON16728230766371174" >
  <source m_id="44" />
  <source m_id="43" />
  <target m_id="63" />
</CROSS_DOC_COREF>
<CROSS_DOC_COREF r_id="37382" note="ACT16632487083891659" >
  <source m_id="54" />
  <source m_id="55" />
  <target m_id="64" />
</CROSS_DOC_COREF>
<CROSS_DOC_COREF r_id="37383" note="ACT16632565623246075" >
  <source m_id="41" />
  <source m_id="40" />
  <source m_id="39" />
  <source m_id="38" />
  <target m_id="65" />
</CROSS_DOC_COREF>
<CROSS_DOC_COREF r_id="37384" note="HUM16627963455277878" >
  <source m_id="58" />
  <target m_id="66" />
</CROSS_DOC_COREF>
<CROSS_DOC_COREF r_id="37385" note="TIM27376179174463069" >
  <source m_id="60" />
  <target m_id="67" />
</CROSS_DOC_COREF>
<CROSS_DOC_COREF r_id="37386" note="NON16727620231965862" >
  <source m_id="59" />
  <source m_id="61" />
  <target m_id="68" />
</CROSS_DOC_COREF>
<CROSS_DOC_COREF r_id="37387" note="ACT16632539609441083" >
  <source m_id="32" />
  <source m_id="33" />
  <target m_id="69" />
</CROSS_DOC_COREF>
<CROSS_DOC_COREF r_id="37388" note="NON16727641175459595" >
  <source m_id="34" />
  <source m_id="35" />
  <source m_id="37" />
  <source m_id="36" />
  <target m_id="70" />
</CROSS_DOC_COREF>
<CROSS_DOC_COREF r_id="37389" note="NON16628072497530110" >
  <source m_id="50" />
  <source m_id="49" />
  <target m_id="71" />
</CROSS_DOC_COREF>
<CROSS_DOC_COREF r_id="37390" note="HUM16627778540077611" >
  <source m_id="57" />
  <source m_id="45" />
  <target m_id="72" />
</CROSS_DOC_COREF>
<CROSS_DOC_COREF r_id="37391" note="HUM16627702263331271" >
  <source m_id="47" />
  <source m_id="48" />
  <source m_id="46" />
  <target m_id="73" />
</CROSS_DOC_COREF>

</Relations>
</Document>
