<Document doc_name="27_12ecb.xml" doc_id="DOC15654895423398284">
<token t_id="1" sentence="0" number="0">Microsoft</token>
<token t_id="2" sentence="0" number="1">releases</token>
<token t_id="3" sentence="0" number="2">emergency</token>
<token t_id="4" sentence="0" number="3">patch</token>
<token t_id="5" sentence="0" number="4">for</token>
<token t_id="6" sentence="0" number="5">IE</token>
<token t_id="7" sentence="1" number="0">Microsoft</token>
<token t_id="8" sentence="1" number="1">has</token>
<token t_id="9" sentence="1" number="2">released</token>
<token t_id="10" sentence="1" number="3">an</token>
<token t_id="11" sentence="1" number="4">emergency</token>
<token t_id="12" sentence="1" number="5">patch</token>
<token t_id="13" sentence="1" number="6">to</token>
<token t_id="14" sentence="1" number="7">fix</token>
<token t_id="15" sentence="1" number="8">a</token>
<token t_id="16" sentence="1" number="9">software</token>
<token t_id="17" sentence="1" number="10">flaw</token>
<token t_id="18" sentence="1" number="11">that</token>
<token t_id="19" sentence="1" number="12">allows</token>
<token t_id="20" sentence="1" number="13">hackers</token>
<token t_id="21" sentence="1" number="14">to</token>
<token t_id="22" sentence="1" number="15">get</token>
<token t_id="23" sentence="1" number="16">into</token>
<token t_id="24" sentence="1" number="17">Internet</token>
<token t_id="25" sentence="1" number="18">Explorer</token>
<token t_id="26" sentence="1" number="19">browsers</token>
<token t_id="27" sentence="1" number="20">and</token>
<token t_id="28" sentence="1" number="21">take</token>
<token t_id="29" sentence="1" number="22">over</token>
<token t_id="30" sentence="1" number="23">computers</token>
<token t_id="31" sentence="1" number="24">.</token>
<token t_id="32" sentence="2" number="0">The</token>
<token t_id="33" sentence="2" number="1">head</token>
<token t_id="34" sentence="2" number="2">of</token>
<token t_id="35" sentence="2" number="3">Microsoft</token>
<token t_id="36" sentence="2" number="4">'s</token>
<token t_id="37" sentence="2" number="5">security</token>
<token t_id="38" sentence="2" number="6">response</token>
<token t_id="39" sentence="2" number="7">team</token>
<token t_id="40" sentence="2" number="8">says</token>
<token t_id="41" sentence="2" number="9">all</token>
<token t_id="42" sentence="2" number="10">users</token>
<token t_id="43" sentence="2" number="11">of</token>
<token t_id="44" sentence="2" number="12">Internet</token>
<token t_id="45" sentence="2" number="13">Explorer</token>
<token t_id="46" sentence="2" number="14">should</token>
<token t_id="47" sentence="2" number="15">test</token>
<token t_id="48" sentence="2" number="16">and</token>
<token t_id="49" sentence="2" number="17">install</token>
<token t_id="50" sentence="2" number="18">the</token>
<token t_id="51" sentence="2" number="19">update</token>
<token t_id="52" sentence="2" number="20">as</token>
<token t_id="53" sentence="2" number="21">soon</token>
<token t_id="54" sentence="2" number="22">as</token>
<token t_id="55" sentence="2" number="23">possible</token>
<token t_id="56" sentence="2" number="24">.</token>
<token t_id="57" sentence="3" number="0">Experts</token>
<token t_id="58" sentence="3" number="1">say</token>
<token t_id="59" sentence="3" number="2">without</token>
<token t_id="60" sentence="3" number="3">the</token>
<token t_id="61" sentence="3" number="4">emergency</token>
<token t_id="62" sentence="3" number="5">patch</token>
<token t_id="63" sentence="3" number="6">,</token>
<token t_id="64" sentence="3" number="7">the</token>
<token t_id="65" sentence="3" number="8">flaw</token>
<token t_id="66" sentence="3" number="9">could</token>
<token t_id="67" sentence="3" number="10">allow</token>
<token t_id="68" sentence="3" number="11">criminals</token>
<token t_id="69" sentence="3" number="12">to</token>
<token t_id="70" sentence="3" number="13">take</token>
<token t_id="71" sentence="3" number="14">control</token>
<token t_id="72" sentence="3" number="15">of</token>
<token t_id="73" sentence="3" number="16">computers</token>
<token t_id="74" sentence="3" number="17">and</token>
<token t_id="75" sentence="3" number="18">steal</token>
<token t_id="76" sentence="3" number="19">users</token>
<token t_id="77" sentence="3" number="20">'</token>
<token t_id="78" sentence="3" number="21">passwords</token>
<token t_id="79" sentence="3" number="22">even</token>
<token t_id="80" sentence="3" number="23">when</token>
<token t_id="81" sentence="3" number="24">they</token>
<token t_id="82" sentence="3" number="25">are</token>
<token t_id="83" sentence="3" number="26">not</token>
<token t_id="84" sentence="3" number="27">downloading</token>
<token t_id="85" sentence="3" number="28">material</token>
<token t_id="86" sentence="3" number="29">.</token>
<token t_id="87" sentence="4" number="0">Microsoft</token>
<token t_id="88" sentence="4" number="1">says</token>
<token t_id="89" sentence="4" number="2">less</token>
<token t_id="90" sentence="4" number="3">than</token>
<token t_id="91" sentence="4" number="4">1</token>
<token t_id="92" sentence="4" number="5">per</token>
<token t_id="93" sentence="4" number="6">cent</token>
<token t_id="94" sentence="4" number="7">of</token>
<token t_id="95" sentence="4" number="8">Australian</token>
<token t_id="96" sentence="4" number="9">PC</token>
<token t_id="97" sentence="4" number="10">users</token>
<token t_id="98" sentence="4" number="11">have</token>
<token t_id="99" sentence="4" number="12">been</token>
<token t_id="100" sentence="4" number="13">affected</token>
<token t_id="101" sentence="4" number="14">by</token>
<token t_id="102" sentence="4" number="15">the</token>
<token t_id="103" sentence="4" number="16">problem</token>
<token t_id="104" sentence="4" number="17">.</token>
<Markables>
<ACTION_OCCURRENCE m_id="24"  >
  <token_anchor t_id="9"/>
</ACTION_OCCURRENCE>
<ACTION_OCCURRENCE m_id="18"  >
  <token_anchor t_id="14"/>
</ACTION_OCCURRENCE>
<ACTION_OCCURRENCE m_id="19"  >
  <token_anchor t_id="28"/>
  <token_anchor t_id="29"/>
</ACTION_OCCURRENCE>
<ACTION_OCCURRENCE m_id="20"  >
  <token_anchor t_id="22"/>
  <token_anchor t_id="23"/>
</ACTION_OCCURRENCE>
<ACTION_STATE m_id="25"  >
  <token_anchor t_id="11"/>
</ACTION_STATE>
<HUMAN_PART_PER m_id="17"  >
  <token_anchor t_id="20"/>
</HUMAN_PART_PER>
<NON_HUMAN_PART m_id="22"  >
  <token_anchor t_id="30"/>
</NON_HUMAN_PART>
<NON_HUMAN_PART m_id="13"  >
  <token_anchor t_id="12"/>
</NON_HUMAN_PART>
<NON_HUMAN_PART m_id="14"  >
  <token_anchor t_id="17"/>
</NON_HUMAN_PART>
<NON_HUMAN_PART m_id="15"  >
  <token_anchor t_id="18"/>
</NON_HUMAN_PART>
<NON_HUMAN_PART m_id="16"  >
  <token_anchor t_id="24"/>
  <token_anchor t_id="25"/>
</NON_HUMAN_PART>


<HUMAN_PART_ORG m_id="26" note="byCROMER" >
  <token_anchor t_id="7"/>
</HUMAN_PART_ORG>
<ACTION_CAUSATIVE m_id="27" note="byCROMER" >
  <token_anchor t_id="19"/>
</ACTION_CAUSATIVE>


<HUMAN_PART_ORG m_id="38" RELATED_TO="" TAG_DESCRIPTOR="t27_microsoft" instance_id="HUM16627702263331271" />
<NON_HUMAN_PART m_id="37" RELATED_TO="" TAG_DESCRIPTOR="t27_IE" instance_id="NON16628072497530110" />
<ACTION_OCCURRENCE m_id="36" RELATED_TO="" TAG_DESCRIPTOR="t27b_hijack_ie" instance_id="ACT27376525645832010" />
<NON_HUMAN_PART m_id="35" RELATED_TO="" TAG_DESCRIPTOR="t27b_patch" instance_id="NON16727641175459595" />
<ACTION_OCCURRENCE m_id="34" RELATED_TO="" TAG_DESCRIPTOR="t27b_fix_vulnerability" instance_id="ACT16632539609441083" />
<NON_HUMAN_PART m_id="33" RELATED_TO="" TAG_DESCRIPTOR="t27b_flaw" instance_id="NON16727620231965862" />
<HUMAN_PART_PER m_id="32" RELATED_TO="" TAG_DESCRIPTOR="t27_hackers_or_attackers" instance_id="HUM16627963455277878" />
<ACTION_OCCURRENCE m_id="31" RELATED_TO="" TAG_DESCRIPTOR="t27b_computers_hacked" instance_id="ACT16632565623246075" />
<ACTION_CAUSATIVE m_id="30" RELATED_TO="" TAG_DESCRIPTOR="t27b_facilitating_attacks" instance_id="ACT27376725138038411" />
<ACTION_OCCURRENCE m_id="29" RELATED_TO="" TAG_DESCRIPTOR="t27b_releases_update" instance_id="ACT16632487083891659" />
<NON_HUMAN_PART m_id="28" RELATED_TO="" TAG_DESCRIPTOR="t27b_computers" instance_id="NON16728230766371174" />
</Markables>

<Relations>
<CROSS_DOC_COREF r_id="37456" note="NON16728230766371174" >
  <source m_id="22" />
  <target m_id="28" />
</CROSS_DOC_COREF>
<CROSS_DOC_COREF r_id="37457" note="ACT16632487083891659" >
  <source m_id="24" />
  <target m_id="29" />
</CROSS_DOC_COREF>
<CROSS_DOC_COREF r_id="37458" note="ACT27376725138038411" >
  <source m_id="27" />
  <target m_id="30" />
</CROSS_DOC_COREF>
<CROSS_DOC_COREF r_id="37459" note="ACT16632565623246075" >
  <source m_id="19" />
  <target m_id="31" />
</CROSS_DOC_COREF>
<CROSS_DOC_COREF r_id="37460" note="HUM16627963455277878" >
  <source m_id="17" />
  <target m_id="32" />
</CROSS_DOC_COREF>
<CROSS_DOC_COREF r_id="37461" note="NON16727620231965862" >
  <source m_id="14" />
  <source m_id="15" />
  <target m_id="33" />
</CROSS_DOC_COREF>
<CROSS_DOC_COREF r_id="37462" note="ACT16632539609441083" >
  <source m_id="18" />
  <target m_id="34" />
</CROSS_DOC_COREF>
<CROSS_DOC_COREF r_id="37463" note="NON16727641175459595" >
  <source m_id="13" />
  <target m_id="35" />
</CROSS_DOC_COREF>
<CROSS_DOC_COREF r_id="37464" note="ACT27376525645832010" >
  <source m_id="20" />
  <target m_id="36" />
</CROSS_DOC_COREF>
<CROSS_DOC_COREF r_id="37465" note="NON16628072497530110" >
  <source m_id="16" />
  <target m_id="37" />
</CROSS_DOC_COREF>
<CROSS_DOC_COREF r_id="37466" note="HUM16627702263331271" >
  <source m_id="26" />
  <target m_id="38" />
</CROSS_DOC_COREF>

</Relations>
</Document>
