<Document doc_name="27_4ecb.xml" doc_id="DOC15654894900674940">
<token t_id="1" sentence="0" number="0">Microsoft</token>
<token t_id="2" sentence="0" number="1">releases</token>
<token t_id="3" sentence="0" number="2">security</token>
<token t_id="4" sentence="0" number="3">update</token>
<token t_id="5" sentence="0" number="4">for</token>
<token t_id="6" sentence="0" number="5">Internet</token>
<token t_id="7" sentence="0" number="6">Explorer</token>
<token t_id="8" sentence="1" number="0">Microsoft</token>
<token t_id="9" sentence="1" number="1">has</token>
<token t_id="10" sentence="1" number="2">released</token>
<token t_id="11" sentence="1" number="3">an</token>
<token t_id="12" sentence="1" number="4">emergency</token>
<token t_id="13" sentence="1" number="5">security</token>
<token t_id="14" sentence="1" number="6">update</token>
<token t_id="15" sentence="1" number="7">to</token>
<token t_id="16" sentence="1" number="8">fix</token>
<token t_id="17" sentence="1" number="9">the</token>
<token t_id="18" sentence="1" number="10">vulnerability</token>
<token t_id="19" sentence="1" number="11">in</token>
<token t_id="20" sentence="1" number="12">Internet</token>
<token t_id="21" sentence="1" number="13">Explorer</token>
<token t_id="22" sentence="1" number="14">that</token>
<token t_id="23" sentence="1" number="15">has</token>
<token t_id="24" sentence="1" number="16">seen</token>
<token t_id="25" sentence="1" number="17">the</token>
<token t_id="26" sentence="1" number="18">computers</token>
<token t_id="27" sentence="1" number="19">of</token>
<token t_id="28" sentence="1" number="20">at</token>
<token t_id="29" sentence="1" number="21">least</token>
<token t_id="30" sentence="1" number="22">two</token>
<token t_id="31" sentence="1" number="23">million</token>
<token t_id="32" sentence="1" number="24">users</token>
<token t_id="33" sentence="1" number="25">hacked</token>
<token t_id="34" sentence="1" number="26">.</token>
<token t_id="35" sentence="2" number="0">The</token>
<token t_id="36" sentence="2" number="1">``</token>
<token t_id="37" sentence="2" number="2">zero</token>
<token t_id="38" sentence="2" number="3">day</token>
<token t_id="39" sentence="2" number="4">''</token>
<token t_id="40" sentence="2" number="5">flaw</token>
<token t_id="41" sentence="2" number="6">allows</token>
<token t_id="42" sentence="2" number="7">hackers</token>
<token t_id="43" sentence="2" number="8">to</token>
<token t_id="44" sentence="2" number="9">gain</token>
<token t_id="45" sentence="2" number="10">access</token>
<token t_id="46" sentence="2" number="11">to</token>
<token t_id="47" sentence="2" number="12">the</token>
<token t_id="48" sentence="2" number="13">computers</token>
<token t_id="49" sentence="2" number="14">of</token>
<token t_id="50" sentence="2" number="15">visitors</token>
<token t_id="51" sentence="2" number="16">to</token>
<token t_id="52" sentence="2" number="17">infected</token>
<token t_id="53" sentence="2" number="18">websites</token>
<token t_id="54" sentence="2" number="19">,</token>
<token t_id="55" sentence="2" number="20">jeopardising</token>
<token t_id="56" sentence="2" number="21">the</token>
<token t_id="57" sentence="2" number="22">security</token>
<token t_id="58" sentence="2" number="23">of</token>
<token t_id="59" sentence="2" number="24">passwords</token>
<token t_id="60" sentence="2" number="25">,</token>
<token t_id="61" sentence="2" number="26">bank</token>
<token t_id="62" sentence="2" number="27">details</token>
<token t_id="63" sentence="2" number="28">and</token>
<token t_id="64" sentence="2" number="29">other</token>
<token t_id="65" sentence="2" number="30">personal</token>
<token t_id="66" sentence="2" number="31">information</token>
<token t_id="67" sentence="2" number="32">.</token>
<token t_id="68" sentence="3" number="0">It</token>
<token t_id="69" sentence="3" number="1">is</token>
<token t_id="70" sentence="3" number="2">believed</token>
<token t_id="71" sentence="3" number="3">that</token>
<token t_id="72" sentence="3" number="4">as</token>
<token t_id="73" sentence="3" number="5">many</token>
<token t_id="74" sentence="3" number="6">as</token>
<token t_id="75" sentence="3" number="7">233,000</token>
<token t_id="76" sentence="3" number="8">web</token>
<token t_id="77" sentence="3" number="9">pages</token>
<token t_id="78" sentence="3" number="10">have</token>
<token t_id="79" sentence="3" number="11">been</token>
<token t_id="80" sentence="3" number="12">affected</token>
<token t_id="81" sentence="3" number="13">.</token>
<token t_id="82" sentence="4" number="0">Microsoft</token>
<token t_id="83" sentence="4" number="1">says</token>
<token t_id="84" sentence="4" number="2">its</token>
<token t_id="85" sentence="4" number="3">``</token>
<token t_id="86" sentence="4" number="4">critical</token>
<token t_id="87" sentence="4" number="5">''</token>
<token t_id="88" sentence="4" number="6">update</token>
<token t_id="89" sentence="4" number="7">will</token>
<token t_id="90" sentence="4" number="8">protect</token>
<token t_id="91" sentence="4" number="9">users</token>
<token t_id="92" sentence="4" number="10">.</token>
<token t_id="93" sentence="5" number="0">Christopher</token>
<token t_id="94" sentence="5" number="1">Budd</token>
<token t_id="95" sentence="5" number="2">,</token>
<token t_id="96" sentence="5" number="3">of</token>
<token t_id="97" sentence="5" number="4">the</token>
<token t_id="98" sentence="5" number="5">software</token>
<token t_id="99" sentence="5" number="6">giant</token>
<token t_id="100" sentence="5" number="7">'s</token>
<token t_id="101" sentence="5" number="8">security</token>
<token t_id="102" sentence="5" number="9">centre</token>
<token t_id="103" sentence="5" number="10">,</token>
<token t_id="104" sentence="5" number="11">said</token>
<token t_id="105" sentence="5" number="12">the</token>
<token t_id="106" sentence="5" number="13">company</token>
<token t_id="107" sentence="5" number="14">``</token>
<token t_id="108" sentence="5" number="15">encourages</token>
<token t_id="109" sentence="5" number="16">all</token>
<token t_id="110" sentence="5" number="17">Internet</token>
<token t_id="111" sentence="5" number="18">Explorer</token>
<token t_id="112" sentence="5" number="19">customers</token>
<token t_id="113" sentence="5" number="20">to</token>
<token t_id="114" sentence="5" number="21">test</token>
<token t_id="115" sentence="5" number="22">and</token>
<token t_id="116" sentence="5" number="23">deploy</token>
<token t_id="117" sentence="5" number="24">this</token>
<token t_id="118" sentence="5" number="25">update</token>
<token t_id="119" sentence="5" number="26">as</token>
<token t_id="120" sentence="5" number="27">soon</token>
<token t_id="121" sentence="5" number="28">as</token>
<token t_id="122" sentence="5" number="29">possible</token>
<token t_id="123" sentence="5" number="30">''</token>
<token t_id="124" sentence="5" number="31">.</token>
<token t_id="125" sentence="6" number="0">Mike</token>
<token t_id="126" sentence="6" number="1">Reavey</token>
<token t_id="127" sentence="6" number="2">,</token>
<token t_id="128" sentence="6" number="3">also</token>
<token t_id="129" sentence="6" number="4">from</token>
<token t_id="130" sentence="6" number="5">the</token>
<token t_id="131" sentence="6" number="6">security</token>
<token t_id="132" sentence="6" number="7">centre</token>
<token t_id="133" sentence="6" number="8">,</token>
<token t_id="134" sentence="6" number="9">said</token>
<token t_id="135" sentence="6" number="10">:</token>
<token t_id="136" sentence="6" number="11">``</token>
<token t_id="137" sentence="6" number="12">Even</token>
<token t_id="138" sentence="6" number="13">with</token>
<token t_id="139" sentence="6" number="14">that</token>
<token t_id="140" sentence="6" number="15">,</token>
<token t_id="141" sentence="6" number="16">the</token>
<token t_id="142" sentence="6" number="17">release</token>
<token t_id="143" sentence="6" number="18">Emergency</token>
<token t_id="144" sentence="6" number="19">Response</token>
<token t_id="145" sentence="6" number="20">process</token>
<token t_id="146" sentence="6" number="21">is</token>
<token t_id="147" sentence="6" number="22">n't</token>
<token t_id="148" sentence="6" number="23">over</token>
<token t_id="149" sentence="6" number="24">.</token>
<token t_id="150" sentence="7" number="0">There</token>
<token t_id="151" sentence="7" number="1">is</token>
<token t_id="152" sentence="7" number="2">additional</token>
<token t_id="153" sentence="7" number="3">support</token>
<token t_id="154" sentence="7" number="4">to</token>
<token t_id="155" sentence="7" number="5">customers</token>
<token t_id="156" sentence="7" number="6">and</token>
<token t_id="157" sentence="7" number="7">additional</token>
<token t_id="158" sentence="7" number="8">refinement</token>
<token t_id="159" sentence="7" number="9">of</token>
<token t_id="160" sentence="7" number="10">our</token>
<token t_id="161" sentence="7" number="11">product</token>
<token t_id="162" sentence="7" number="12">development</token>
<token t_id="163" sentence="7" number="13">efforts</token>
<token t_id="164" sentence="7" number="14">.</token>
<token t_id="165" sentence="7" number="15">''</token>
<token t_id="166" sentence="8" number="0">Microsoft</token>
<token t_id="167" sentence="8" number="1">has</token>
<token t_id="168" sentence="8" number="2">said</token>
<token t_id="169" sentence="8" number="3">that</token>
<token t_id="170" sentence="8" number="4">the</token>
<token t_id="171" sentence="8" number="5">flaw</token>
<token t_id="172" sentence="8" number="6">has</token>
<token t_id="173" sentence="8" number="7">been</token>
<token t_id="174" sentence="8" number="8">proven</token>
<token t_id="175" sentence="8" number="9">to</token>
<token t_id="176" sentence="8" number="10">exist</token>
<token t_id="177" sentence="8" number="11">only</token>
<token t_id="178" sentence="8" number="12">in</token>
<token t_id="179" sentence="8" number="13">version</token>
<token t_id="180" sentence="8" number="14">7</token>
<token t_id="181" sentence="8" number="15">of</token>
<token t_id="182" sentence="8" number="16">Internet</token>
<token t_id="183" sentence="8" number="17">Explorer</token>
<token t_id="184" sentence="8" number="18">,</token>
<token t_id="185" sentence="8" number="19">but</token>
<token t_id="186" sentence="8" number="20">that</token>
<token t_id="187" sentence="8" number="21">version</token>
<token t_id="188" sentence="8" number="22">6</token>
<token t_id="189" sentence="8" number="23">and</token>
<token t_id="190" sentence="8" number="24">the</token>
<token t_id="191" sentence="8" number="25">``</token>
<token t_id="192" sentence="8" number="26">beta</token>
<token t_id="193" sentence="8" number="27">''</token>
<token t_id="194" sentence="8" number="28">release</token>
<token t_id="195" sentence="8" number="29">of</token>
<token t_id="196" sentence="8" number="30">version</token>
<token t_id="197" sentence="8" number="31">8</token>
<token t_id="198" sentence="8" number="32">are</token>
<token t_id="199" sentence="8" number="33">also</token>
<token t_id="200" sentence="8" number="34">``</token>
<token t_id="201" sentence="8" number="35">potentially</token>
<token t_id="202" sentence="8" number="36">vulnerable</token>
<token t_id="203" sentence="8" number="37">''</token>
<token t_id="204" sentence="8" number="38">.</token>
<token t_id="205" sentence="9" number="0">It</token>
<token t_id="206" sentence="9" number="1">has</token>
<token t_id="207" sentence="9" number="2">estimated</token>
<token t_id="208" sentence="9" number="3">that</token>
<token t_id="209" sentence="9" number="4">one</token>
<token t_id="210" sentence="9" number="5">in</token>
<token t_id="211" sentence="9" number="6">every</token>
<token t_id="212" sentence="9" number="7">500</token>
<token t_id="213" sentence="9" number="8">Windows</token>
<token t_id="214" sentence="9" number="9">users</token>
<token t_id="215" sentence="9" number="10">has</token>
<token t_id="216" sentence="9" number="11">been</token>
<token t_id="217" sentence="9" number="12">exposed</token>
<token t_id="218" sentence="9" number="13">to</token>
<token t_id="219" sentence="9" number="14">websites</token>
<token t_id="220" sentence="9" number="15">that</token>
<token t_id="221" sentence="9" number="16">attempt</token>
<token t_id="222" sentence="9" number="17">to</token>
<token t_id="223" sentence="9" number="18">exploit</token>
<token t_id="224" sentence="9" number="19">the</token>
<token t_id="225" sentence="9" number="20">flaw</token>
<token t_id="226" sentence="9" number="21">,</token>
<token t_id="227" sentence="9" number="22">and</token>
<token t_id="228" sentence="9" number="23">that</token>
<token t_id="229" sentence="9" number="24">the</token>
<token t_id="230" sentence="9" number="25">number</token>
<token t_id="231" sentence="9" number="26">of</token>
<token t_id="232" sentence="9" number="27">victims</token>
<token t_id="233" sentence="9" number="28">was</token>
<token t_id="234" sentence="9" number="29">increasing</token>
<token t_id="235" sentence="9" number="30">by</token>
<token t_id="236" sentence="9" number="31">50</token>
<token t_id="237" sentence="9" number="32">per</token>
<token t_id="238" sentence="9" number="33">cent</token>
<token t_id="239" sentence="9" number="34">every</token>
<token t_id="240" sentence="9" number="35">day</token>
<token t_id="241" sentence="9" number="36">.</token>
<token t_id="242" sentence="10" number="0">Paul</token>
<token t_id="243" sentence="10" number="1">Ferguson</token>
<token t_id="244" sentence="10" number="2">,</token>
<token t_id="245" sentence="10" number="3">a</token>
<token t_id="246" sentence="10" number="4">researcher</token>
<token t_id="247" sentence="10" number="5">from</token>
<token t_id="248" sentence="10" number="6">the</token>
<token t_id="249" sentence="10" number="7">software</token>
<token t_id="250" sentence="10" number="8">security</token>
<token t_id="251" sentence="10" number="9">company</token>
<token t_id="252" sentence="10" number="10">Trend</token>
<token t_id="253" sentence="10" number="11">Micro</token>
<token t_id="254" sentence="10" number="12">,</token>
<token t_id="255" sentence="10" number="13">told</token>
<token t_id="256" sentence="10" number="14">the</token>
<token t_id="257" sentence="10" number="15">BBC</token>
<token t_id="258" sentence="10" number="16">that</token>
<token t_id="259" sentence="10" number="17">attacks</token>
<token t_id="260" sentence="10" number="18">were</token>
<token t_id="261" sentence="10" number="19">spreading</token>
<token t_id="262" sentence="10" number="20">``</token>
<token t_id="263" sentence="10" number="21">like</token>
<token t_id="264" sentence="10" number="22">wildfire</token>
<token t_id="265" sentence="10" number="23">''</token>
<token t_id="266" sentence="10" number="24">.</token>
<token t_id="267" sentence="11" number="0">``</token>
<token t_id="268" sentence="11" number="1">This</token>
<token t_id="269" sentence="11" number="2">vulnerability</token>
<token t_id="270" sentence="11" number="3">is</token>
<token t_id="271" sentence="11" number="4">being</token>
<token t_id="272" sentence="11" number="5">actively</token>
<token t_id="273" sentence="11" number="6">exploited</token>
<token t_id="274" sentence="11" number="7">by</token>
<token t_id="275" sentence="11" number="8">cyber-criminals</token>
<token t_id="276" sentence="11" number="9">and</token>
<token t_id="277" sentence="11" number="10">getting</token>
<token t_id="278" sentence="11" number="11">worse</token>
<token t_id="279" sentence="11" number="12">every</token>
<token t_id="280" sentence="11" number="13">day</token>
<token t_id="281" sentence="11" number="14">,</token>
<token t_id="282" sentence="11" number="15">''</token>
<token t_id="283" sentence="11" number="16">Mr</token>
<token t_id="284" sentence="11" number="17">Ferguson</token>
<token t_id="285" sentence="11" number="18">said</token>
<token t_id="286" sentence="11" number="19">.</token>
<Markables>
<ACTION_OCCURRENCE m_id="18"  >
  <token_anchor t_id="33"/>
</ACTION_OCCURRENCE>
<ACTION_OCCURRENCE m_id="14"  >
  <token_anchor t_id="16"/>
</ACTION_OCCURRENCE>
<ACTION_OCCURRENCE m_id="15"  >
  <token_anchor t_id="10"/>
</ACTION_OCCURRENCE>
<ACTION_PERCEPTION m_id="19"  >
  <token_anchor t_id="24"/>
</ACTION_PERCEPTION>
<ACTION_STATE m_id="20"  >
  <token_anchor t_id="13"/>
</ACTION_STATE>
<ACTION_STATE m_id="21"  >
  <token_anchor t_id="12"/>
</ACTION_STATE>
<HUMAN_PART_ORG m_id="13"  >
  <token_anchor t_id="8"/>
</HUMAN_PART_ORG>
<HUMAN_PART_PER m_id="10"  >
  <token_anchor t_id="32"/>
</HUMAN_PART_PER>
<NON_HUMAN_PART m_id="17"  >
  <token_anchor t_id="22"/>
</NON_HUMAN_PART>
<NON_HUMAN_PART m_id="9"  >
  <token_anchor t_id="18"/>
</NON_HUMAN_PART>
<NON_HUMAN_PART m_id="11"  >
  <token_anchor t_id="20"/>
  <token_anchor t_id="21"/>
</NON_HUMAN_PART>
<NON_HUMAN_PART m_id="12"  >
  <token_anchor t_id="14"/>
</NON_HUMAN_PART>
<NON_HUMAN_PART m_id="16"  >
  <token_anchor t_id="26"/>
</NON_HUMAN_PART>




<NON_HUMAN_PART m_id="29" RELATED_TO="" TAG_DESCRIPTOR="t27_IE" instance_id="NON16628072497530110" />
<HUMAN_PART_ORG m_id="30" RELATED_TO="" TAG_DESCRIPTOR="t27_microsoft" instance_id="HUM16627702263331271" />
<HUMAN_PART_PER m_id="28" RELATED_TO="" TAG_DESCRIPTOR="t27_customers" instance_id="HUM16627778540077611" />
<NON_HUMAN_PART m_id="27" RELATED_TO="" TAG_DESCRIPTOR="t27b_patch" instance_id="NON16727641175459595" />
<ACTION_OCCURRENCE m_id="26" RELATED_TO="" TAG_DESCRIPTOR="t27b_fix_vulnerability" instance_id="ACT16632539609441083" />
<NON_HUMAN_PART m_id="25" RELATED_TO="" TAG_DESCRIPTOR="t27b_flaw" instance_id="NON16727620231965862" />
<ACTION_OCCURRENCE m_id="24" RELATED_TO="" TAG_DESCRIPTOR="t27b_releases_update" instance_id="ACT16632487083891659" />
<ACTION_OCCURRENCE m_id="23" RELATED_TO="" TAG_DESCRIPTOR="t27b_computers_hacked" instance_id="ACT16632565623246075" />
<NON_HUMAN_PART m_id="22" RELATED_TO="" TAG_DESCRIPTOR="t27b_computers" instance_id="NON16728230766371174" />
</Markables>

<Relations>
<CROSS_DOC_COREF r_id="37408" note="NON16728230766371174" >
  <source m_id="16" />
  <target m_id="22" />
</CROSS_DOC_COREF>
<CROSS_DOC_COREF r_id="37409" note="ACT16632565623246075" >
  <source m_id="18" />
  <target m_id="23" />
</CROSS_DOC_COREF>
<CROSS_DOC_COREF r_id="37410" note="ACT16632487083891659" >
  <source m_id="15" />
  <target m_id="24" />
</CROSS_DOC_COREF>
<CROSS_DOC_COREF r_id="37411" note="NON16727620231965862" >
  <source m_id="17" />
  <source m_id="9" />
  <target m_id="25" />
</CROSS_DOC_COREF>
<CROSS_DOC_COREF r_id="37412" note="ACT16632539609441083" >
  <source m_id="14" />
  <target m_id="26" />
</CROSS_DOC_COREF>
<CROSS_DOC_COREF r_id="37413" note="NON16727641175459595" >
  <source m_id="12" />
  <target m_id="27" />
</CROSS_DOC_COREF>
<CROSS_DOC_COREF r_id="37414" note="HUM16627778540077611" >
  <source m_id="10" />
  <target m_id="28" />
</CROSS_DOC_COREF>
<CROSS_DOC_COREF r_id="37415" note="NON16628072497530110" >
  <source m_id="11" />
  <target m_id="29" />
</CROSS_DOC_COREF>
<CROSS_DOC_COREF r_id="37416" note="HUM16627702263331271" >
  <source m_id="13" />
  <target m_id="30" />
</CROSS_DOC_COREF>

</Relations>
</Document>
