<Document doc_name="27_6ecb.xml" doc_id="DOC15654894732558220">
<token t_id="1" sentence="0" number="0">Microsoft</token>
<token t_id="2" sentence="0" number="1">Patches</token>
<token t_id="3" sentence="0" number="2">Major</token>
<token t_id="4" sentence="0" number="3">IE</token>
<token t_id="5" sentence="0" number="4">Bug</token>
<token t_id="6" sentence="1" number="0">In</token>
<token t_id="7" sentence="1" number="1">record</token>
<token t_id="8" sentence="1" number="2">time</token>
<token t_id="9" sentence="1" number="3">,</token>
<token t_id="10" sentence="1" number="4">Microsoft</token>
<token t_id="11" sentence="1" number="5">released</token>
<token t_id="12" sentence="1" number="6">today</token>
<token t_id="13" sentence="1" number="7">an</token>
<token t_id="14" sentence="1" number="8">``</token>
<token t_id="15" sentence="1" number="9">out</token>
<token t_id="16" sentence="1" number="10">of</token>
<token t_id="17" sentence="1" number="11">band</token>
<token t_id="18" sentence="1" number="12">''</token>
<token t_id="19" sentence="1" number="13">patch</token>
<token t_id="20" sentence="1" number="14">for</token>
<token t_id="21" sentence="1" number="15">a</token>
<token t_id="22" sentence="1" number="16">significant</token>
<token t_id="23" sentence="1" number="17">security</token>
<token t_id="24" sentence="1" number="18">flaw</token>
<token t_id="25" sentence="1" number="19">in</token>
<token t_id="26" sentence="1" number="20">Internet</token>
<token t_id="27" sentence="1" number="21">Explorer</token>
<token t_id="28" sentence="1" number="22">that</token>
<token t_id="29" sentence="1" number="23">burst</token>
<token t_id="30" sentence="1" number="24">onto</token>
<token t_id="31" sentence="1" number="25">the</token>
<token t_id="32" sentence="1" number="26">scene</token>
<token t_id="33" sentence="1" number="27">8</token>
<token t_id="34" sentence="1" number="28">days</token>
<token t_id="35" sentence="1" number="29">ago</token>
<token t_id="36" sentence="1" number="30">.</token>
<token t_id="37" sentence="2" number="0">We</token>
<token t_id="38" sentence="2" number="1">strongly</token>
<token t_id="39" sentence="2" number="2">recommend</token>
<token t_id="40" sentence="2" number="3">that</token>
<token t_id="41" sentence="2" number="4">all</token>
<token t_id="42" sentence="2" number="5">Windows</token>
<token t_id="43" sentence="2" number="6">users</token>
<token t_id="44" sentence="2" number="7">,</token>
<token t_id="45" sentence="2" number="8">especially</token>
<token t_id="46" sentence="2" number="9">Windows</token>
<token t_id="47" sentence="2" number="10">XP</token>
<token t_id="48" sentence="2" number="11">and</token>
<token t_id="49" sentence="2" number="12">Windows</token>
<token t_id="50" sentence="2" number="13">2000</token>
<token t_id="51" sentence="2" number="14">users</token>
<token t_id="52" sentence="2" number="15">,</token>
<token t_id="53" sentence="2" number="16">apply</token>
<token t_id="54" sentence="2" number="17">the</token>
<token t_id="55" sentence="2" number="18">patch</token>
<token t_id="56" sentence="2" number="19">as</token>
<token t_id="57" sentence="2" number="20">soon</token>
<token t_id="58" sentence="2" number="21">as</token>
<token t_id="59" sentence="2" number="22">possible</token>
<token t_id="60" sentence="2" number="23">.</token>
<token t_id="61" sentence="3" number="0">It</token>
<token t_id="62" sentence="3" number="1">is</token>
<token t_id="63" sentence="3" number="2">available</token>
<token t_id="64" sentence="3" number="3">on</token>
<token t_id="65" sentence="3" number="4">Windows</token>
<token t_id="66" sentence="3" number="5">Update</token>
<token t_id="67" sentence="3" number="6">and</token>
<token t_id="68" sentence="3" number="7">through</token>
<token t_id="69" sentence="3" number="8">Automatic</token>
<token t_id="70" sentence="3" number="9">Updates</token>
<token t_id="71" sentence="3" number="10">and</token>
<token t_id="72" sentence="3" number="11">by</token>
<token t_id="73" sentence="3" number="12">direct</token>
<token t_id="74" sentence="3" number="13">download</token>
<token t_id="75" sentence="3" number="14">through</token>
<token t_id="76" sentence="3" number="15">the</token>
<token t_id="77" sentence="3" number="16">security</token>
<token t_id="78" sentence="3" number="17">advisory</token>
<token t_id="79" sentence="3" number="18">for</token>
<token t_id="80" sentence="3" number="19">the</token>
<token t_id="81" sentence="3" number="20">vulnerability</token>
<token t_id="82" sentence="3" number="21">.</token>
<token t_id="83" sentence="4" number="0">Here</token>
<token t_id="84" sentence="4" number="1">is</token>
<token t_id="85" sentence="4" number="2">the</token>
<token t_id="86" sentence="4" number="3">description</token>
<token t_id="87" sentence="4" number="4">of</token>
<token t_id="88" sentence="4" number="5">the</token>
<token t_id="89" sentence="4" number="6">vulnerability</token>
<token t_id="90" sentence="4" number="7">that</token>
<token t_id="91" sentence="4" number="8">it</token>
<token t_id="92" sentence="4" number="9">presents:</token>
<token t_id="93" sentence="5" number="0">A</token>
<token t_id="94" sentence="5" number="1">remote</token>
<token t_id="95" sentence="5" number="2">code</token>
<token t_id="96" sentence="5" number="3">execution</token>
<token t_id="97" sentence="5" number="4">vulnerability</token>
<token t_id="98" sentence="5" number="5">exists</token>
<token t_id="99" sentence="5" number="6">as</token>
<token t_id="100" sentence="5" number="7">an</token>
<token t_id="101" sentence="5" number="8">invalid</token>
<token t_id="102" sentence="5" number="9">pointer</token>
<token t_id="103" sentence="5" number="10">reference</token>
<token t_id="104" sentence="5" number="11">in</token>
<token t_id="105" sentence="5" number="12">the</token>
<token t_id="106" sentence="5" number="13">data</token>
<token t_id="107" sentence="5" number="14">binding</token>
<token t_id="108" sentence="5" number="15">function</token>
<token t_id="109" sentence="5" number="16">of</token>
<token t_id="110" sentence="5" number="17">Internet</token>
<token t_id="111" sentence="5" number="18">Explorer</token>
<token t_id="112" sentence="5" number="19">.</token>
<token t_id="113" sentence="6" number="0">When</token>
<token t_id="114" sentence="6" number="1">data</token>
<token t_id="115" sentence="6" number="2">binding</token>
<token t_id="116" sentence="6" number="3">is</token>
<token t_id="117" sentence="6" number="4">enabled</token>
<token t_id="118" sentence="6" number="5">(</token>
<token t_id="119" sentence="6" number="6">which</token>
<token t_id="120" sentence="6" number="7">is</token>
<token t_id="121" sentence="6" number="8">the</token>
<token t_id="122" sentence="6" number="9">default</token>
<token t_id="123" sentence="6" number="10">state</token>
<token t_id="124" sentence="6" number="11">)</token>
<token t_id="125" sentence="6" number="12">,</token>
<token t_id="126" sentence="6" number="13">it</token>
<token t_id="127" sentence="6" number="14">is</token>
<token t_id="128" sentence="6" number="15">possible</token>
<token t_id="129" sentence="6" number="16">under</token>
<token t_id="130" sentence="6" number="17">certain</token>
<token t_id="131" sentence="6" number="18">conditions</token>
<token t_id="132" sentence="6" number="19">for</token>
<token t_id="133" sentence="6" number="20">an</token>
<token t_id="134" sentence="6" number="21">object</token>
<token t_id="135" sentence="6" number="22">to</token>
<token t_id="136" sentence="6" number="23">be</token>
<token t_id="137" sentence="6" number="24">released</token>
<token t_id="138" sentence="6" number="25">without</token>
<token t_id="139" sentence="6" number="26">updating</token>
<token t_id="140" sentence="6" number="27">the</token>
<token t_id="141" sentence="6" number="28">array</token>
<token t_id="142" sentence="6" number="29">length</token>
<token t_id="143" sentence="6" number="30">,</token>
<token t_id="144" sentence="6" number="31">leaving</token>
<token t_id="145" sentence="6" number="32">the</token>
<token t_id="146" sentence="6" number="33">potential</token>
<token t_id="147" sentence="6" number="34">to</token>
<token t_id="148" sentence="6" number="35">access</token>
<token t_id="149" sentence="6" number="36">the</token>
<token t_id="150" sentence="6" number="37">deleted</token>
<token t_id="151" sentence="6" number="38">object</token>
<token t_id="152" sentence="6" number="39">'s</token>
<token t_id="153" sentence="6" number="40">memory</token>
<token t_id="154" sentence="6" number="41">space</token>
<token t_id="155" sentence="6" number="42">.</token>
<token t_id="156" sentence="7" number="0">This</token>
<token t_id="157" sentence="7" number="1">can</token>
<token t_id="158" sentence="7" number="2">cause</token>
<token t_id="159" sentence="7" number="3">Internet</token>
<token t_id="160" sentence="7" number="4">Explorer</token>
<token t_id="161" sentence="7" number="5">to</token>
<token t_id="162" sentence="7" number="6">exit</token>
<token t_id="163" sentence="7" number="7">unexpectedly</token>
<token t_id="164" sentence="7" number="8">,</token>
<token t_id="165" sentence="7" number="9">in</token>
<token t_id="166" sentence="7" number="10">a</token>
<token t_id="167" sentence="7" number="11">state</token>
<token t_id="168" sentence="7" number="12">that</token>
<token t_id="169" sentence="7" number="13">is</token>
<token t_id="170" sentence="7" number="14">exploitable</token>
<token t_id="171" sentence="7" number="15">.</token>
<token t_id="172" sentence="8" number="0">That</token>
<token t_id="173" sentence="8" number="1">'s</token>
<token t_id="174" sentence="8" number="2">not</token>
<token t_id="175" sentence="8" number="3">quite</token>
<token t_id="176" sentence="8" number="4">enough</token>
<token t_id="177" sentence="8" number="5">to</token>
<token t_id="178" sentence="8" number="6">help</token>
<token t_id="179" sentence="8" number="7">you</token>
<token t_id="180" sentence="8" number="8">to</token>
<token t_id="181" sentence="8" number="9">write</token>
<token t_id="182" sentence="8" number="10">an</token>
<token t_id="183" sentence="8" number="11">exploit</token>
<token t_id="184" sentence="8" number="12">,</token>
<token t_id="185" sentence="8" number="13">but</token>
<token t_id="186" sentence="8" number="14">it</token>
<token t_id="187" sentence="8" number="15">'s</token>
<token t_id="188" sentence="8" number="16">a</token>
<token t_id="189" sentence="8" number="17">lot</token>
<token t_id="190" sentence="8" number="18">more</token>
<token t_id="191" sentence="8" number="19">detail</token>
<token t_id="192" sentence="8" number="20">than</token>
<token t_id="193" sentence="8" number="21">they</token>
<token t_id="194" sentence="8" number="22">usually</token>
<token t_id="195" sentence="8" number="23">release</token>
<token t_id="196" sentence="8" number="24">.</token>
<token t_id="197" sentence="9" number="0">Once</token>
<token t_id="198" sentence="9" number="1">again</token>
<token t_id="199" sentence="9" number="2">,</token>
<token t_id="200" sentence="9" number="3">run</token>
<token t_id="201" sentence="9" number="4">,</token>
<token t_id="202" sentence="9" number="5">do</token>
<token t_id="203" sentence="9" number="6">n't</token>
<token t_id="204" sentence="9" number="7">walk</token>
<token t_id="205" sentence="9" number="8">,</token>
<token t_id="206" sentence="9" number="9">to</token>
<token t_id="207" sentence="9" number="10">your</token>
<token t_id="208" sentence="9" number="11">vulnerable</token>
<token t_id="209" sentence="9" number="12">PCs</token>
<token t_id="210" sentence="9" number="13">and</token>
<token t_id="211" sentence="9" number="14">apply</token>
<token t_id="212" sentence="9" number="15">these</token>
<token t_id="213" sentence="9" number="16">updates</token>
<token t_id="214" sentence="9" number="17">.</token>
<Markables>
<ACTION_OCCURRENCE m_id="12"  >
  <token_anchor t_id="29"/>
  <token_anchor t_id="30"/>
  <token_anchor t_id="31"/>
  <token_anchor t_id="32"/>
</ACTION_OCCURRENCE>
<ACTION_OCCURRENCE m_id="14"  >
  <token_anchor t_id="11"/>
</ACTION_OCCURRENCE>
<ACTION_STATE m_id="19"  >
  <token_anchor t_id="23"/>
</ACTION_STATE>
<HUMAN_PART_ORG m_id="16"  >
  <token_anchor t_id="10"/>
</HUMAN_PART_ORG>
<NON_HUMAN_PART m_id="20"  >
  <token_anchor t_id="28"/>
</NON_HUMAN_PART>
<NON_HUMAN_PART m_id="10"  >
  <token_anchor t_id="19"/>
</NON_HUMAN_PART>
<NON_HUMAN_PART m_id="11"  >
  <token_anchor t_id="24"/>
</NON_HUMAN_PART>
<NON_HUMAN_PART m_id="17"  >
  <token_anchor t_id="26"/>
  <token_anchor t_id="27"/>
</NON_HUMAN_PART>
<TIME_DATE m_id="13"  >
  <token_anchor t_id="33"/>
  <token_anchor t_id="34"/>
  <token_anchor t_id="35"/>
</TIME_DATE>
<TIME_DATE m_id="15"  >
  <token_anchor t_id="12"/>
</TIME_DATE>
<TIME_DURATION m_id="18"  >
  <token_anchor t_id="6"/>
  <token_anchor t_id="7"/>
  <token_anchor t_id="8"/>
</TIME_DURATION>




<HUMAN_PART_ORG m_id="26" RELATED_TO="" TAG_DESCRIPTOR="t27_microsoft" instance_id="HUM16627702263331271" />
<NON_HUMAN_PART m_id="25" RELATED_TO="" TAG_DESCRIPTOR="t27_IE" instance_id="NON16628072497530110" />
<NON_HUMAN_PART m_id="24" RELATED_TO="" TAG_DESCRIPTOR="t27b_patch" instance_id="NON16727641175459595" />
<NON_HUMAN_PART m_id="23" RELATED_TO="" TAG_DESCRIPTOR="t27b_flaw" instance_id="NON16727620231965862" />
<TIME_DATE m_id="22" RELATED_TO="" TAG_DESCRIPTOR="t27b_wednesday_patch" instance_id="TIM27376179174463069" />
<ACTION_OCCURRENCE m_id="21" RELATED_TO="" TAG_DESCRIPTOR="t27b_releases_update" instance_id="ACT16632487083891659" />
</Markables>

<Relations>
<CROSS_DOC_COREF r_id="37000" note="ACT16632487083891659" >
  <source m_id="14" />
  <target m_id="21" />
</CROSS_DOC_COREF>
<CROSS_DOC_COREF r_id="37001" note="TIM27376179174463069" >
  <source m_id="15" />
  <target m_id="22" />
</CROSS_DOC_COREF>
<CROSS_DOC_COREF r_id="37002" note="NON16727620231965862" >
  <source m_id="11" />
  <source m_id="20" />
  <target m_id="23" />
</CROSS_DOC_COREF>
<CROSS_DOC_COREF r_id="37003" note="NON16727641175459595" >
  <source m_id="10" />
  <target m_id="24" />
</CROSS_DOC_COREF>
<CROSS_DOC_COREF r_id="37004" note="NON16628072497530110" >
  <source m_id="17" />
  <target m_id="25" />
</CROSS_DOC_COREF>
<CROSS_DOC_COREF r_id="37005" note="HUM16627702263331271" >
  <source m_id="16" />
  <target m_id="26" />
</CROSS_DOC_COREF>

</Relations>
</Document>
