<Document doc_name="27_9ecbplus.xml" doc_id="DOC15651678669373864">
<token t_id="1" sentence="0" number="0">http</token>
<token t_id="2" sentence="0" number="1">:</token>
<token t_id="3" sentence="0" number="2">/</token>
<token t_id="4" sentence="0" number="3">/</token>
<token t_id="5" sentence="0" number="4">www</token>
<token t_id="6" sentence="0" number="5">.</token>
<token t_id="7" sentence="0" number="6">pcworld</token>
<token t_id="8" sentence="0" number="7">.</token>
<token t_id="9" sentence="0" number="8">com</token>
<token t_id="10" sentence="0" number="9">/</token>
<token t_id="11" sentence="0" number="10">article</token>
<token t_id="12" sentence="0" number="11">/</token>
<token t_id="13" sentence="0" number="12">2048912</token>
<token t_id="14" sentence="0" number="13">/</token>
<token t_id="15" sentence="0" number="14">microsoft</token>
<token t_id="16" sentence="0" number="15">-</token>
<token t_id="17" sentence="0" number="16">rushes</token>
<token t_id="18" sentence="0" number="17">-</token>
<token t_id="19" sentence="0" number="18">urgent</token>
<token t_id="20" sentence="0" number="19">-</token>
<token t_id="21" sentence="0" number="20">fix</token>
<token t_id="22" sentence="0" number="21">-</token>
<token t_id="23" sentence="0" number="22">for</token>
<token t_id="24" sentence="0" number="23">-</token>
<token t_id="25" sentence="0" number="24">internet</token>
<token t_id="26" sentence="0" number="25">-</token>
<token t_id="27" sentence="0" number="26">explorer</token>
<token t_id="28" sentence="0" number="27">.</token>
<token t_id="29" sentence="0" number="28">html</token>
<token t_id="30" sentence="1" number="0">Microsoft</token>
<token t_id="31" sentence="1" number="1">rushes</token>
<token t_id="32" sentence="1" number="2">urgent</token>
<token t_id="33" sentence="1" number="3">fix</token>
<token t_id="34" sentence="1" number="4">for</token>
<token t_id="35" sentence="1" number="5">Internet</token>
<token t_id="36" sentence="1" number="6">Explorer</token>
<token t_id="37" sentence="2" number="0">It</token>
<token t_id="38" sentence="2" number="1">’</token>
<token t_id="39" sentence="2" number="2">s</token>
<token t_id="40" sentence="2" number="3">not</token>
<token t_id="41" sentence="2" number="4">Patch</token>
<token t_id="42" sentence="2" number="5">Tuesday</token>
<token t_id="43" sentence="2" number="6">,</token>
<token t_id="44" sentence="2" number="7">but</token>
<token t_id="45" sentence="2" number="8">Microsoft</token>
<token t_id="46" sentence="2" number="9">has</token>
<token t_id="47" sentence="2" number="10">released</token>
<token t_id="48" sentence="2" number="11">a</token>
<token t_id="49" sentence="2" number="12">crucial</token>
<token t_id="50" sentence="2" number="13">update</token>
<token t_id="51" sentence="2" number="14">for</token>
<token t_id="52" sentence="2" number="15">Internet</token>
<token t_id="53" sentence="2" number="16">Explorer</token>
<token t_id="54" sentence="2" number="17">that</token>
<token t_id="55" sentence="2" number="18">you</token>
<token t_id="56" sentence="2" number="19">should</token>
<token t_id="57" sentence="2" number="20">apply</token>
<token t_id="58" sentence="2" number="21">immediately</token>
<token t_id="59" sentence="2" number="22">.</token>
<token t_id="60" sentence="3" number="0">Microsoft</token>
<token t_id="61" sentence="3" number="1">included</token>
<token t_id="62" sentence="3" number="2">a</token>
<token t_id="63" sentence="3" number="3">cumulative</token>
<token t_id="64" sentence="3" number="4">update</token>
<token t_id="65" sentence="3" number="5">for</token>
<token t_id="66" sentence="3" number="6">Internet</token>
<token t_id="67" sentence="3" number="7">Explorer</token>
<token t_id="68" sentence="3" number="8">in</token>
<token t_id="69" sentence="3" number="9">the</token>
<token t_id="70" sentence="3" number="10">13</token>
<token t_id="71" sentence="3" number="11">security</token>
<token t_id="72" sentence="3" number="12">bulletins</token>
<token t_id="73" sentence="3" number="13">that</token>
<token t_id="74" sentence="3" number="14">made</token>
<token t_id="75" sentence="3" number="15">up</token>
<token t_id="76" sentence="3" number="16">Patch</token>
<token t_id="77" sentence="3" number="17">Tuesday</token>
<token t_id="78" sentence="3" number="18">last</token>
<token t_id="79" sentence="3" number="19">week</token>
<token t_id="80" sentence="3" number="20">,</token>
<token t_id="81" sentence="3" number="21">and</token>
<token t_id="82" sentence="3" number="22">that</token>
<token t_id="83" sentence="3" number="23">update</token>
<token t_id="84" sentence="3" number="24">was</token>
<token t_id="85" sentence="3" number="25">considered</token>
<token t_id="86" sentence="3" number="26">Critical</token>
<token t_id="87" sentence="3" number="27">as</token>
<token t_id="88" sentence="3" number="28">well</token>
<token t_id="89" sentence="3" number="29">.</token>
<token t_id="90" sentence="4" number="0">Since</token>
<token t_id="91" sentence="4" number="1">then</token>
<token t_id="92" sentence="4" number="2">,</token>
<token t_id="93" sentence="4" number="3">though</token>
<token t_id="94" sentence="4" number="4">,</token>
<token t_id="95" sentence="4" number="5">a</token>
<token t_id="96" sentence="4" number="6">new</token>
<token t_id="97" sentence="4" number="7">flaw</token>
<token t_id="98" sentence="4" number="8">has</token>
<token t_id="99" sentence="4" number="9">been</token>
<token t_id="100" sentence="4" number="10">targeted</token>
<token t_id="101" sentence="4" number="11">by</token>
<token t_id="102" sentence="4" number="12">attacks</token>
<token t_id="103" sentence="4" number="13">in</token>
<token t_id="104" sentence="4" number="14">the</token>
<token t_id="105" sentence="4" number="15">wild</token>
<token t_id="106" sentence="4" number="16">,</token>
<token t_id="107" sentence="4" number="17">so</token>
<token t_id="108" sentence="4" number="18">Microsoft</token>
<token t_id="109" sentence="4" number="19">has</token>
<token t_id="110" sentence="4" number="20">responded</token>
<token t_id="111" sentence="4" number="21">with</token>
<token t_id="112" sentence="4" number="22">an</token>
<token t_id="113" sentence="4" number="23">out</token>
<token t_id="114" sentence="4" number="24">-</token>
<token t_id="115" sentence="4" number="25">of</token>
<token t_id="116" sentence="4" number="26">-</token>
<token t_id="117" sentence="4" number="27">band</token>
<token t_id="118" sentence="4" number="28">update</token>
<token t_id="119" sentence="4" number="29">.</token>
<token t_id="120" sentence="5" number="0">Apply</token>
<token t_id="121" sentence="5" number="1">the</token>
<token t_id="122" sentence="5" number="2">urgent</token>
<token t_id="123" sentence="5" number="3">Fix</token>
<token t_id="124" sentence="5" number="4">-</token>
<token t_id="125" sentence="5" number="5">It</token>
<token t_id="126" sentence="5" number="6">solution</token>
<token t_id="127" sentence="5" number="7">from</token>
<token t_id="128" sentence="5" number="8">Microsoft</token>
<token t_id="129" sentence="5" number="9">to</token>
<token t_id="130" sentence="5" number="10">protect</token>
<token t_id="131" sentence="5" number="11">Internet</token>
<token t_id="132" sentence="5" number="12">Explorer</token>
<token t_id="133" sentence="5" number="13">from</token>
<token t_id="134" sentence="5" number="14">exploits</token>
<token t_id="135" sentence="5" number="15">.</token>
<token t_id="136" sentence="6" number="0">The</token>
<token t_id="137" sentence="6" number="1">update</token>
<token t_id="138" sentence="6" number="2">from</token>
<token t_id="139" sentence="6" number="3">Microsoft</token>
<token t_id="140" sentence="6" number="4">is</token>
<token t_id="141" sentence="6" number="5">a</token>
<token t_id="142" sentence="6" number="6">Fix</token>
<token t_id="143" sentence="6" number="7">-</token>
<token t_id="144" sentence="6" number="8">It</token>
<token t_id="145" sentence="6" number="9">tool</token>
<token t_id="146" sentence="6" number="10">,</token>
<token t_id="147" sentence="6" number="11">which</token>
<token t_id="148" sentence="6" number="12">is</token>
<token t_id="149" sentence="6" number="13">more</token>
<token t_id="150" sentence="6" number="14">of</token>
<token t_id="151" sentence="6" number="15">a</token>
<token t_id="152" sentence="6" number="16">stop</token>
<token t_id="153" sentence="6" number="17">-</token>
<token t_id="154" sentence="6" number="18">gap</token>
<token t_id="155" sentence="6" number="19">bandage</token>
<token t_id="156" sentence="6" number="20">than</token>
<token t_id="157" sentence="6" number="21">an</token>
<token t_id="158" sentence="6" number="22">actual</token>
<token t_id="159" sentence="6" number="23">patch</token>
<token t_id="160" sentence="6" number="24">.</token>
<token t_id="161" sentence="7" number="0">Applying</token>
<token t_id="162" sentence="7" number="1">the</token>
<token t_id="163" sentence="7" number="2">Fix</token>
<token t_id="164" sentence="7" number="3">-</token>
<token t_id="165" sentence="7" number="4">It</token>
<token t_id="166" sentence="7" number="5">will</token>
<token t_id="167" sentence="7" number="6">protect</token>
<token t_id="168" sentence="7" number="7">Internet</token>
<token t_id="169" sentence="7" number="8">Explorer</token>
<token t_id="170" sentence="7" number="9">and</token>
<token t_id="171" sentence="7" number="10">prevent</token>
<token t_id="172" sentence="7" number="11">the</token>
<token t_id="173" sentence="7" number="12">currently</token>
<token t_id="174" sentence="7" number="13">circulating</token>
<token t_id="175" sentence="7" number="14">exploit</token>
<token t_id="176" sentence="7" number="15">from</token>
<token t_id="177" sentence="7" number="16">working</token>
<token t_id="178" sentence="7" number="17">on</token>
<token t_id="179" sentence="7" number="18">your</token>
<token t_id="180" sentence="7" number="19">systems</token>
<token t_id="181" sentence="7" number="20">.</token>
<token t_id="182" sentence="8" number="0">Paul</token>
<token t_id="183" sentence="8" number="1">Henry</token>
<token t_id="184" sentence="8" number="2">,</token>
<token t_id="185" sentence="8" number="3">security</token>
<token t_id="186" sentence="8" number="4">and</token>
<token t_id="187" sentence="8" number="5">forensic</token>
<token t_id="188" sentence="8" number="6">analyst</token>
<token t_id="189" sentence="8" number="7">with</token>
<token t_id="190" sentence="8" number="8">Lumension</token>
<token t_id="191" sentence="8" number="9">,</token>
<token t_id="192" sentence="8" number="10">says</token>
<token t_id="193" sentence="8" number="11">that</token>
<token t_id="194" sentence="8" number="12">there</token>
<token t_id="195" sentence="8" number="13">are</token>
<token t_id="196" sentence="8" number="14">number</token>
<token t_id="197" sentence="8" number="15">of</token>
<token t_id="198" sentence="8" number="16">mitigating</token>
<token t_id="199" sentence="8" number="17">factors</token>
<token t_id="200" sentence="8" number="18">that</token>
<token t_id="201" sentence="8" number="19">limit</token>
<token t_id="202" sentence="8" number="20">the</token>
<token t_id="203" sentence="8" number="21">potential</token>
<token t_id="204" sentence="8" number="22">scope</token>
<token t_id="205" sentence="8" number="23">of</token>
<token t_id="206" sentence="8" number="24">this</token>
<token t_id="207" sentence="8" number="25">threat</token>
<token t_id="208" sentence="8" number="26">,</token>
<token t_id="209" sentence="8" number="27">but</token>
<token t_id="210" sentence="8" number="28">those</token>
<token t_id="211" sentence="8" number="29">factors</token>
<token t_id="212" sentence="8" number="30">may</token>
<token t_id="213" sentence="8" number="31">offer</token>
<token t_id="214" sentence="8" number="32">little</token>
<token t_id="215" sentence="8" number="33">consolation</token>
<token t_id="216" sentence="8" number="34">for</token>
<token t_id="217" sentence="8" number="35">many</token>
<token t_id="218" sentence="8" number="36">users</token>
<token t_id="219" sentence="8" number="37">.</token>
<token t_id="220" sentence="9" number="0">“</token>
<token t_id="221" sentence="9" number="1">The</token>
<token t_id="222" sentence="9" number="2">bad</token>
<token t_id="223" sentence="9" number="3">news</token>
<token t_id="224" sentence="9" number="4">is</token>
<token t_id="225" sentence="9" number="5">that</token>
<token t_id="226" sentence="9" number="6">this</token>
<token t_id="227" sentence="9" number="7">is</token>
<token t_id="228" sentence="9" number="8">a</token>
<token t_id="229" sentence="9" number="9">very</token>
<token t_id="230" sentence="9" number="10">wide</token>
<token t_id="231" sentence="9" number="11">-</token>
<token t_id="232" sentence="9" number="12">reaching</token>
<token t_id="233" sentence="9" number="13">patch</token>
<token t_id="234" sentence="9" number="14">,</token>
<token t_id="235" sentence="9" number="15">affecting</token>
<token t_id="236" sentence="9" number="16">all</token>
<token t_id="237" sentence="9" number="17">versions</token>
<token t_id="238" sentence="9" number="18">of</token>
<token t_id="239" sentence="9" number="19">IE</token>
<token t_id="240" sentence="9" number="20">across</token>
<token t_id="241" sentence="9" number="21">all</token>
<token t_id="242" sentence="9" number="22">operating</token>
<token t_id="243" sentence="9" number="23">systems</token>
<token t_id="244" sentence="9" number="24">,</token>
<token t_id="245" sentence="9" number="25">from</token>
<token t_id="246" sentence="9" number="26">XP</token>
<token t_id="247" sentence="9" number="27">to</token>
<token t_id="248" sentence="9" number="28">RT</token>
<token t_id="249" sentence="9" number="29">,</token>
<token t_id="250" sentence="9" number="30">"</token>
<token t_id="251" sentence="9" number="31">he</token>
<token t_id="252" sentence="9" number="32">says</token>
<token t_id="253" sentence="9" number="33">.</token>
<token t_id="254" sentence="10" number="0">"And</token>
<token t_id="255" sentence="10" number="1">more</token>
<token t_id="256" sentence="10" number="2">bad</token>
<token t_id="257" sentence="10" number="3">news</token>
<token t_id="258" sentence="10" number="4">:</token>
<token t_id="259" sentence="10" number="5">the</token>
<token t_id="260" sentence="10" number="6">average</token>
<token t_id="261" sentence="10" number="7">user</token>
<token t_id="262" sentence="10" number="8">is</token>
<token t_id="263" sentence="10" number="9">very</token>
<token t_id="264" sentence="10" number="10">susceptible</token>
<token t_id="265" sentence="10" number="11">to</token>
<token t_id="266" sentence="10" number="12">being</token>
<token t_id="267" sentence="10" number="13">hit</token>
<token t_id="268" sentence="10" number="14">with</token>
<token t_id="269" sentence="10" number="15">this</token>
<token t_id="270" sentence="10" number="16">.</token>
<token t_id="271" sentence="10" number="17">”</token>
<token t_id="272" sentence="11" number="0">Microsoft</token>
<token t_id="273" sentence="11" number="1">claims</token>
<token t_id="274" sentence="11" number="2">that</token>
<token t_id="275" sentence="11" number="3">running</token>
<token t_id="276" sentence="11" number="4">Internet</token>
<token t_id="277" sentence="11" number="5">Explorer</token>
<token t_id="278" sentence="11" number="6">in</token>
<token t_id="279" sentence="11" number="7">Enhanced</token>
<token t_id="280" sentence="11" number="8">Security</token>
<token t_id="281" sentence="11" number="9">Configuration</token>
<token t_id="282" sentence="11" number="10">mode</token>
<token t_id="283" sentence="11" number="11">prevents</token>
<token t_id="284" sentence="11" number="12">this</token>
<token t_id="285" sentence="11" number="13">attack</token>
<token t_id="286" sentence="11" number="14">.</token>
<token t_id="287" sentence="12" number="0">Internet</token>
<token t_id="288" sentence="12" number="1">Explorer</token>
<token t_id="289" sentence="12" number="2">runs</token>
<token t_id="290" sentence="12" number="3">in</token>
<token t_id="291" sentence="12" number="4">this</token>
<token t_id="292" sentence="12" number="5">restricted</token>
<token t_id="293" sentence="12" number="6">mode</token>
<token t_id="294" sentence="12" number="7">by</token>
<token t_id="295" sentence="12" number="8">default</token>
<token t_id="296" sentence="12" number="9">on</token>
<token t_id="297" sentence="12" number="10">Windows</token>
<token t_id="298" sentence="12" number="11">Server</token>
<token t_id="299" sentence="12" number="12">2008</token>
<token t_id="300" sentence="12" number="13">,</token>
<token t_id="301" sentence="12" number="14">Windows</token>
<token t_id="302" sentence="12" number="15">Server</token>
<token t_id="303" sentence="12" number="16">2008</token>
<token t_id="304" sentence="12" number="17">R2</token>
<token t_id="305" sentence="12" number="18">,</token>
<token t_id="306" sentence="12" number="19">Windows</token>
<token t_id="307" sentence="12" number="20">Server</token>
<token t_id="308" sentence="12" number="21">2012</token>
<token t_id="309" sentence="12" number="22">,</token>
<token t_id="310" sentence="12" number="23">and</token>
<token t_id="311" sentence="12" number="24">Windows</token>
<token t_id="312" sentence="12" number="25">Server</token>
<token t_id="313" sentence="12" number="26">2012</token>
<token t_id="314" sentence="12" number="27">R2</token>
<token t_id="315" sentence="12" number="28">.</token>
<token t_id="316" sentence="13" number="0">Microsoft</token>
<token t_id="317" sentence="13" number="1">states</token>
<token t_id="318" sentence="13" number="2">that</token>
<token t_id="319" sentence="13" number="3">all</token>
<token t_id="320" sentence="13" number="4">supported</token>
<token t_id="321" sentence="13" number="5">versions</token>
<token t_id="322" sentence="13" number="6">of</token>
<token t_id="323" sentence="13" number="7">Outlook</token>
<token t_id="324" sentence="13" number="8">,</token>
<token t_id="325" sentence="13" number="9">Outlook</token>
<token t_id="326" sentence="13" number="10">Express</token>
<token t_id="327" sentence="13" number="11">,</token>
<token t_id="328" sentence="13" number="12">and</token>
<token t_id="329" sentence="13" number="13">Windows</token>
<token t_id="330" sentence="13" number="14">Mail</token>
<token t_id="331" sentence="13" number="15">include</token>
<token t_id="332" sentence="13" number="16">protection</token>
<token t_id="333" sentence="13" number="17">by</token>
<token t_id="334" sentence="13" number="18">default</token>
<token t_id="335" sentence="13" number="19">as</token>
<token t_id="336" sentence="13" number="20">well</token>
<token t_id="337" sentence="13" number="21">.</token>
<token t_id="338" sentence="14" number="0">HTML</token>
<token t_id="339" sentence="14" number="1">email</token>
<token t_id="340" sentence="14" number="2">messages</token>
<token t_id="341" sentence="14" number="3">are</token>
<token t_id="342" sentence="14" number="4">opened</token>
<token t_id="343" sentence="14" number="5">by</token>
<token t_id="344" sentence="14" number="6">default</token>
<token t_id="345" sentence="14" number="7">in</token>
<token t_id="346" sentence="14" number="8">the</token>
<token t_id="347" sentence="14" number="9">Restricted</token>
<token t_id="348" sentence="14" number="10">Sites</token>
<token t_id="349" sentence="14" number="11">security</token>
<token t_id="350" sentence="14" number="12">zone</token>
<token t_id="351" sentence="14" number="13">,</token>
<token t_id="352" sentence="14" number="14">which</token>
<token t_id="353" sentence="14" number="15">disables</token>
<token t_id="354" sentence="14" number="16">scripts</token>
<token t_id="355" sentence="14" number="17">and</token>
<token t_id="356" sentence="14" number="18">ActiveX</token>
<token t_id="357" sentence="14" number="19">controls</token>
<token t_id="358" sentence="14" number="20">necessary</token>
<token t_id="359" sentence="14" number="21">for</token>
<token t_id="360" sentence="14" number="22">the</token>
<token t_id="361" sentence="14" number="23">exploit</token>
<token t_id="362" sentence="14" number="24">to</token>
<token t_id="363" sentence="14" number="25">execute</token>
<token t_id="364" sentence="14" number="26">.</token>
<token t_id="365" sentence="15" number="0">However</token>
<token t_id="366" sentence="15" number="1">,</token>
<token t_id="367" sentence="15" number="2">Microsoft</token>
<token t_id="368" sentence="15" number="3">cautions</token>
<token t_id="369" sentence="15" number="4">that</token>
<token t_id="370" sentence="15" number="5">the</token>
<token t_id="371" sentence="15" number="6">protection</token>
<token t_id="372" sentence="15" number="7">in</token>
<token t_id="373" sentence="15" number="8">Outlook</token>
<token t_id="374" sentence="15" number="9">only</token>
<token t_id="375" sentence="15" number="10">applies</token>
<token t_id="376" sentence="15" number="11">to</token>
<token t_id="377" sentence="15" number="12">the</token>
<token t_id="378" sentence="15" number="13">HTML</token>
<token t_id="379" sentence="15" number="14">message</token>
<token t_id="380" sentence="15" number="15">within</token>
<token t_id="381" sentence="15" number="16">Outlook</token>
<token t_id="382" sentence="15" number="17">itself</token>
<token t_id="383" sentence="15" number="18">.</token>
<token t_id="384" sentence="16" number="0">If</token>
<token t_id="385" sentence="16" number="1">a</token>
<token t_id="386" sentence="16" number="2">user</token>
<token t_id="387" sentence="16" number="3">receives</token>
<token t_id="388" sentence="16" number="4">an</token>
<token t_id="389" sentence="16" number="5">email</token>
<token t_id="390" sentence="16" number="6">with</token>
<token t_id="391" sentence="16" number="7">a</token>
<token t_id="392" sentence="16" number="8">link</token>
<token t_id="393" sentence="16" number="9">and</token>
<token t_id="394" sentence="16" number="10">clicks</token>
<token t_id="395" sentence="16" number="11">on</token>
<token t_id="396" sentence="16" number="12">it</token>
<token t_id="397" sentence="16" number="13">,</token>
<token t_id="398" sentence="16" number="14">they</token>
<token t_id="399" sentence="16" number="15">’</token>
<token t_id="400" sentence="16" number="16">re</token>
<token t_id="401" sentence="16" number="17">still</token>
<token t_id="402" sentence="16" number="18">potentially</token>
<token t_id="403" sentence="16" number="19">vulnerable</token>
<token t_id="404" sentence="16" number="20">because</token>
<token t_id="405" sentence="16" number="21">the</token>
<token t_id="406" sentence="16" number="22">threat</token>
<token t_id="407" sentence="16" number="23">is</token>
<token t_id="408" sentence="16" number="24">now</token>
<token t_id="409" sentence="16" number="25">Web</token>
<token t_id="410" sentence="16" number="26">-</token>
<token t_id="411" sentence="16" number="27">based</token>
<token t_id="412" sentence="16" number="28">and</token>
<token t_id="413" sentence="16" number="29">functioning</token>
<token t_id="414" sentence="16" number="30">outside</token>
<token t_id="415" sentence="16" number="31">of</token>
<token t_id="416" sentence="16" number="32">Outlook</token>
<token t_id="417" sentence="16" number="33">.</token>
<token t_id="418" sentence="17" number="0">“</token>
<token t_id="419" sentence="17" number="1">The</token>
<token t_id="420" sentence="17" number="2">average</token>
<token t_id="421" sentence="17" number="3">user</token>
<token t_id="422" sentence="17" number="4">does</token>
<token t_id="423" sentence="17" number="5">not</token>
<token t_id="424" sentence="17" number="6">run</token>
<token t_id="425" sentence="17" number="7">the</token>
<token t_id="426" sentence="17" number="8">restricted</token>
<token t_id="427" sentence="17" number="9">sites</token>
<token t_id="428" sentence="17" number="10">mode</token>
<token t_id="429" sentence="17" number="11">,</token>
<token t_id="430" sentence="17" number="12">are</token>
<token t_id="431" sentence="17" number="13">not</token>
<token t_id="432" sentence="17" number="14">using</token>
<token t_id="433" sentence="17" number="15">the</token>
<token t_id="434" sentence="17" number="16">Enhanced</token>
<token t_id="435" sentence="17" number="17">Security</token>
<token t_id="436" sentence="17" number="18">Configuration</token>
<token t_id="437" sentence="17" number="19">and</token>
<token t_id="438" sentence="17" number="20">are</token>
<token t_id="439" sentence="17" number="21">all</token>
<token t_id="440" sentence="17" number="22">-</token>
<token t_id="441" sentence="17" number="23">too</token>
<token t_id="442" sentence="17" number="24">-</token>
<token t_id="443" sentence="17" number="25">willing</token>
<token t_id="444" sentence="17" number="26">to</token>
<token t_id="445" sentence="17" number="27">click</token>
<token t_id="446" sentence="17" number="28">on</token>
<token t_id="447" sentence="17" number="29">phishing</token>
<token t_id="448" sentence="17" number="30">emails</token>
<token t_id="449" sentence="17" number="31">,</token>
<token t_id="450" sentence="17" number="32">"</token>
<token t_id="451" sentence="17" number="33">Henry</token>
<token t_id="452" sentence="17" number="34">explains</token>
<token t_id="453" sentence="17" number="35">,</token>
<token t_id="454" sentence="17" number="36">"I</token>
<token t_id="455" sentence="17" number="37">recommend</token>
<token t_id="456" sentence="17" number="38">employing</token>
<token t_id="457" sentence="17" number="39">the</token>
<token t_id="458" sentence="17" number="40">mitigating</token>
<token t_id="459" sentence="17" number="41">factors</token>
<token t_id="460" sentence="17" number="42">,</token>
<token t_id="461" sentence="17" number="43">as</token>
<token t_id="462" sentence="17" number="44">well</token>
<token t_id="463" sentence="17" number="45">as</token>
<token t_id="464" sentence="17" number="46">advising</token>
<token t_id="465" sentence="17" number="47">users</token>
<token t_id="466" sentence="17" number="48">about</token>
<token t_id="467" sentence="17" number="49">this</token>
<token t_id="468" sentence="17" number="50">so</token>
<token t_id="469" sentence="17" number="51">they</token>
<token t_id="470" sentence="17" number="52">will</token>
<token t_id="471" sentence="17" number="53">be</token>
<token t_id="472" sentence="17" number="54">less</token>
<token t_id="473" sentence="17" number="55">likely</token>
<token t_id="474" sentence="17" number="56">to</token>
<token t_id="475" sentence="17" number="57">click</token>
<token t_id="476" sentence="17" number="58">malicious</token>
<token t_id="477" sentence="17" number="59">links</token>
<token t_id="478" sentence="17" number="60">until</token>
<token t_id="479" sentence="17" number="61">you</token>
<token t_id="480" sentence="17" number="62">can</token>
<token t_id="481" sentence="17" number="63">apply</token>
<token t_id="482" sentence="17" number="64">the</token>
<token t_id="483" sentence="17" number="65">patch</token>
<token t_id="484" sentence="17" number="66">.</token>
<token t_id="485" sentence="18" number="0">It</token>
<token t_id="486" sentence="18" number="1">’</token>
<token t_id="487" sentence="18" number="2">s</token>
<token t_id="488" sentence="18" number="3">been</token>
<token t_id="489" sentence="18" number="4">a</token>
<token t_id="490" sentence="18" number="5">while</token>
<token t_id="491" sentence="18" number="6">since</token>
<token t_id="492" sentence="18" number="7">we</token>
<token t_id="493" sentence="18" number="8">’</token>
<token t_id="494" sentence="18" number="9">ve</token>
<token t_id="495" sentence="18" number="10">seen</token>
<token t_id="496" sentence="18" number="11">an</token>
<token t_id="497" sentence="18" number="12">out</token>
<token t_id="498" sentence="18" number="13">-</token>
<token t_id="499" sentence="18" number="14">of</token>
<token t_id="500" sentence="18" number="15">-</token>
<token t_id="501" sentence="18" number="16">band</token>
<token t_id="502" sentence="18" number="17">patch</token>
<token t_id="503" sentence="18" number="18">for</token>
<token t_id="504" sentence="18" number="19">IE</token>
<token t_id="505" sentence="18" number="20">from</token>
<token t_id="506" sentence="18" number="21">Microsoft</token>
<token t_id="507" sentence="18" number="22">,</token>
<token t_id="508" sentence="18" number="23">but</token>
<token t_id="509" sentence="18" number="24">it</token>
<token t_id="510" sentence="18" number="25">’</token>
<token t_id="511" sentence="18" number="26">s</token>
<token t_id="512" sentence="18" number="27">still</token>
<token t_id="513" sentence="18" number="28">important</token>
<token t_id="514" sentence="18" number="29">to</token>
<token t_id="515" sentence="18" number="30">apply</token>
<token t_id="516" sentence="18" number="31">it</token>
<token t_id="517" sentence="18" number="32">as</token>
<token t_id="518" sentence="18" number="33">soon</token>
<token t_id="519" sentence="18" number="34">as</token>
<token t_id="520" sentence="18" number="35">possible</token>
<token t_id="521" sentence="18" number="36">.</token>
<token t_id="522" sentence="18" number="37">”</token>
<token t_id="523" sentence="19" number="0">“</token>
<token t_id="524" sentence="19" number="1">It's</token>
<token t_id="525" sentence="19" number="2">important</token>
<token t_id="526" sentence="19" number="3">to</token>
<token t_id="527" sentence="19" number="4">reiterate</token>
<token t_id="528" sentence="19" number="5">that</token>
<token t_id="529" sentence="19" number="6">ALL</token>
<token t_id="530" sentence="19" number="7">versions</token>
<token t_id="531" sentence="19" number="8">of</token>
<token t_id="532" sentence="19" number="9">IE</token>
<token t_id="533" sentence="19" number="10">are</token>
<token t_id="534" sentence="19" number="11">affected</token>
<token t_id="535" sentence="19" number="12">including</token>
<token t_id="536" sentence="19" number="13">the</token>
<token t_id="537" sentence="19" number="14">Internet</token>
<token t_id="538" sentence="19" number="15">Explorer</token>
<token t_id="539" sentence="19" number="16">11</token>
<token t_id="540" sentence="19" number="17">preview</token>
<token t_id="541" sentence="19" number="18">,</token>
<token t_id="542" sentence="19" number="19">Tyler</token>
<token t_id="543" sentence="19" number="20">Reguly</token>
<token t_id="544" sentence="19" number="21">,</token>
<token t_id="545" sentence="19" number="22">technical</token>
<token t_id="546" sentence="19" number="23">manager</token>
<token t_id="547" sentence="19" number="24">of</token>
<token t_id="548" sentence="19" number="25">security</token>
<token t_id="549" sentence="19" number="26">research</token>
<token t_id="550" sentence="19" number="27">and</token>
<token t_id="551" sentence="19" number="28">development</token>
<token t_id="552" sentence="19" number="29">for</token>
<token t_id="553" sentence="19" number="30">Tripwire</token>
<token t_id="554" sentence="19" number="31">,</token>
<token t_id="555" sentence="19" number="32">says</token>
<token t_id="556" sentence="19" number="33">.</token>
<token t_id="557" sentence="20" number="0">"Since</token>
<token t_id="558" sentence="20" number="1">attacks</token>
<token t_id="559" sentence="20" number="2">are</token>
<token t_id="560" sentence="20" number="3">occurring</token>
<token t_id="561" sentence="20" number="4">now</token>
<token t_id="562" sentence="20" number="5">,</token>
<token t_id="563" sentence="20" number="6">this</token>
<token t_id="564" sentence="20" number="7">is</token>
<token t_id="565" sentence="20" number="8">a</token>
<token t_id="566" sentence="20" number="9">situation</token>
<token t_id="567" sentence="20" number="10">where</token>
<token t_id="568" sentence="20" number="11">it's</token>
<token t_id="569" sentence="20" number="12">in</token>
<token t_id="570" sentence="20" number="13">everyone's</token>
<token t_id="571" sentence="20" number="14">best</token>
<token t_id="572" sentence="20" number="15">interest</token>
<token t_id="573" sentence="20" number="16">for</token>
<token t_id="574" sentence="20" number="17">Microsoft</token>
<token t_id="575" sentence="20" number="18">to</token>
<token t_id="576" sentence="20" number="19">release</token>
<token t_id="577" sentence="20" number="20">a</token>
<token t_id="578" sentence="20" number="21">patch</token>
<token t_id="579" sentence="20" number="22">as</token>
<token t_id="580" sentence="20" number="23">soon</token>
<token t_id="581" sentence="20" number="24">as</token>
<token t_id="582" sentence="20" number="25">possible</token>
<token t_id="583" sentence="20" number="26">.</token>
<token t_id="584" sentence="21" number="0">In</token>
<token t_id="585" sentence="21" number="1">the</token>
<token t_id="586" sentence="21" number="2">meantime</token>
<token t_id="587" sentence="21" number="3">,</token>
<token t_id="588" sentence="21" number="4">install</token>
<token t_id="589" sentence="21" number="5">the</token>
<token t_id="590" sentence="21" number="6">shim</token>
<token t_id="591" sentence="21" number="7">that</token>
<token t_id="592" sentence="21" number="8">they've</token>
<token t_id="593" sentence="21" number="9">released</token>
<token t_id="594" sentence="21" number="10">.</token>
<token t_id="595" sentence="21" number="11">”</token>
<token t_id="596" sentence="22" number="0">He</token>
<token t_id="597" sentence="22" number="1">adds</token>
<token t_id="598" sentence="22" number="2">,</token>
<token t_id="599" sentence="22" number="3">“</token>
<token t_id="600" sentence="22" number="4">For</token>
<token t_id="601" sentence="22" number="5">less</token>
<token t_id="602" sentence="22" number="6">technical</token>
<token t_id="603" sentence="22" number="7">users</token>
<token t_id="604" sentence="22" number="8">that</token>
<token t_id="605" sentence="22" number="9">aren't</token>
<token t_id="606" sentence="22" number="10">comfortable</token>
<token t_id="607" sentence="22" number="11">with</token>
<token t_id="608" sentence="22" number="12">Microsoft</token>
<token t_id="609" sentence="22" number="13">Fix</token>
<token t_id="610" sentence="22" number="14">it</token>
<token t_id="611" sentence="22" number="15">solutions</token>
<token t_id="612" sentence="22" number="16">,</token>
<token t_id="613" sentence="22" number="17">using</token>
<token t_id="614" sentence="22" number="18">another</token>
<token t_id="615" sentence="22" number="19">browser</token>
<token t_id="616" sentence="22" number="20">until</token>
<token t_id="617" sentence="22" number="21">a</token>
<token t_id="618" sentence="22" number="22">patch</token>
<token t_id="619" sentence="22" number="23">is</token>
<token t_id="620" sentence="22" number="24">available</token>
<token t_id="621" sentence="22" number="25">is</token>
<token t_id="622" sentence="22" number="26">the</token>
<token t_id="623" sentence="22" number="27">best</token>
<token t_id="624" sentence="22" number="28">option</token>
<token t_id="625" sentence="22" number="29">,</token>
<token t_id="626" sentence="22" number="30">”</token>
<token t_id="627" sentence="23" number="0">A</token>
<token t_id="628" sentence="23" number="1">couple</token>
<token t_id="629" sentence="23" number="2">additional</token>
<token t_id="630" sentence="23" number="3">notes</token>
<token t_id="631" sentence="23" number="4">:</token>
<token t_id="632" sentence="23" number="5">The</token>
<token t_id="633" sentence="23" number="6">Fix</token>
<token t_id="634" sentence="23" number="7">-</token>
<token t_id="635" sentence="23" number="8">It</token>
<token t_id="636" sentence="23" number="9">solution</token>
<token t_id="637" sentence="23" number="10">only</token>
<token t_id="638" sentence="23" number="11">works</token>
<token t_id="639" sentence="23" number="12">with</token>
<token t_id="640" sentence="23" number="13">32</token>
<token t_id="641" sentence="23" number="14">-</token>
<token t_id="642" sentence="23" number="15">bit</token>
<token t_id="643" sentence="23" number="16">versions</token>
<token t_id="644" sentence="23" number="17">of</token>
<token t_id="645" sentence="23" number="18">Internet</token>
<token t_id="646" sentence="23" number="19">Explorer</token>
<token t_id="647" sentence="23" number="20">,</token>
<token t_id="648" sentence="23" number="21">and</token>
<token t_id="649" sentence="23" number="22">you</token>
<token t_id="650" sentence="23" number="23">must</token>
<token t_id="651" sentence="23" number="24">first</token>
<token t_id="652" sentence="23" number="25">apply</token>
<token t_id="653" sentence="23" number="26">the</token>
<token t_id="654" sentence="23" number="27">cumulative</token>
<token t_id="655" sentence="23" number="28">update</token>
<token t_id="656" sentence="23" number="29">for</token>
<token t_id="657" sentence="23" number="30">Internet</token>
<token t_id="658" sentence="23" number="31">Explorer</token>
<token t_id="659" sentence="23" number="32">from</token>
<token t_id="660" sentence="23" number="33">last</token>
<token t_id="661" sentence="23" number="34">week</token>
<token t_id="662" sentence="23" number="35">’</token>
<token t_id="663" sentence="23" number="36">s</token>
<token t_id="664" sentence="23" number="37">Patch</token>
<token t_id="665" sentence="23" number="38">Tuesday</token>
<token t_id="666" sentence="23" number="39">(</token>
<token t_id="667" sentence="23" number="40">MS13</token>
<token t_id="668" sentence="23" number="41">-</token>
<token t_id="669" sentence="23" number="42">069</token>
<token t_id="670" sentence="23" number="43">)</token>
<token t_id="671" sentence="23" number="44">.</token>
<Markables>
<ACTION_OCCURRENCE m_id="41"  >
  <token_anchor t_id="102"/>
</ACTION_OCCURRENCE>
<ACTION_OCCURRENCE m_id="79"  >
  <token_anchor t_id="283"/>
</ACTION_OCCURRENCE>
<ACTION_OCCURRENCE m_id="80"  >
  <token_anchor t_id="285"/>
</ACTION_OCCURRENCE>
<ACTION_OCCURRENCE m_id="50"  >
  <token_anchor t_id="61"/>
</ACTION_OCCURRENCE>
<ACTION_OCCURRENCE m_id="51"  >
  <token_anchor t_id="57"/>
</ACTION_OCCURRENCE>
<ACTION_OCCURRENCE m_id="84"  >
  <token_anchor t_id="387"/>
</ACTION_OCCURRENCE>
<ACTION_OCCURRENCE m_id="52"  >
  <token_anchor t_id="85"/>
</ACTION_OCCURRENCE>
<ACTION_OCCURRENCE m_id="53"  >
  <token_anchor t_id="100"/>
</ACTION_OCCURRENCE>
<ACTION_OCCURRENCE m_id="54"  >
  <token_anchor t_id="130"/>
</ACTION_OCCURRENCE>
<ACTION_OCCURRENCE m_id="55"  >
  <token_anchor t_id="134"/>
</ACTION_OCCURRENCE>
<ACTION_OCCURRENCE m_id="58"  >
  <token_anchor t_id="167"/>
</ACTION_OCCURRENCE>
<ACTION_OCCURRENCE m_id="59"  >
  <token_anchor t_id="161"/>
</ACTION_OCCURRENCE>
<ACTION_OCCURRENCE m_id="61"  >
  <token_anchor t_id="175"/>
</ACTION_OCCURRENCE>
<ACTION_OCCURRENCE m_id="62"  >
  <token_anchor t_id="201"/>
</ACTION_OCCURRENCE>
<ACTION_OCCURRENCE m_id="31"  >
  <token_anchor t_id="31"/>
</ACTION_OCCURRENCE>
<ACTION_OCCURRENCE m_id="32"  >
  <token_anchor t_id="47"/>
</ACTION_OCCURRENCE>
<ACTION_OCCURRENCE m_id="33"  >
  <token_anchor t_id="110"/>
</ACTION_OCCURRENCE>
<ACTION_OCCURRENCE m_id="65"  >
  <token_anchor t_id="213"/>
</ACTION_OCCURRENCE>
<ACTION_OCCURRENCE m_id="66"  >
  <token_anchor t_id="215"/>
</ACTION_OCCURRENCE>
<ACTION_OCCURRENCE m_id="68"  >
  <token_anchor t_id="267"/>
</ACTION_OCCURRENCE>
<ACTION_OCCURRENCE m_id="69"  >
  <token_anchor t_id="230"/>
  <token_anchor t_id="231"/>
  <token_anchor t_id="232"/>
</ACTION_OCCURRENCE>
<ACTION_OCCURRENCE m_id="70"  >
  <token_anchor t_id="235"/>
</ACTION_OCCURRENCE>
<ACTION_REPORTING m_id="23"  >
  <token_anchor t_id="192"/>
</ACTION_REPORTING>
<ACTION_REPORTING m_id="25"  >
  <token_anchor t_id="252"/>
</ACTION_REPORTING>
<ACTION_REPORTING m_id="26"  >
  <token_anchor t_id="273"/>
</ACTION_REPORTING>
<ACTION_REPORTING m_id="27"  >
  <token_anchor t_id="317"/>
</ACTION_REPORTING>
<ACTION_REPORTING m_id="28"  >
  <token_anchor t_id="368"/>
</ACTION_REPORTING>
<ACTION_REPORTING m_id="29"  >
  <token_anchor t_id="452"/>
</ACTION_REPORTING>
<ACTION_REPORTING m_id="30"  >
  <token_anchor t_id="555"/>
</ACTION_REPORTING>
<ACTION_STATE m_id="82"  >
  <token_anchor t_id="293"/>
</ACTION_STATE>
<ACTION_STATE m_id="85"  >
  <token_anchor t_id="403"/>
</ACTION_STATE>
<ACTION_STATE m_id="88"  >
  <token_anchor t_id="96"/>
</ACTION_STATE>
<ACTION_STATE m_id="89"  >
  <token_anchor t_id="103"/>
  <token_anchor t_id="104"/>
  <token_anchor t_id="105"/>
</ACTION_STATE>
<ACTION_STATE m_id="90"  >
  <token_anchor t_id="113"/>
  <token_anchor t_id="114"/>
  <token_anchor t_id="115"/>
  <token_anchor t_id="116"/>
  <token_anchor t_id="117"/>
</ACTION_STATE>
<ACTION_STATE m_id="91"  >
  <token_anchor t_id="152"/>
  <token_anchor t_id="153"/>
  <token_anchor t_id="154"/>
</ACTION_STATE>
<ACTION_STATE m_id="92"  >
  <token_anchor t_id="149"/>
</ACTION_STATE>
<ACTION_STATE m_id="67"  >
  <token_anchor t_id="264"/>
</ACTION_STATE>
<HUMAN_PART_GENERIC m_id="16"  >
  <token_anchor t_id="421"/>
</HUMAN_PART_GENERIC>
<HUMAN_PART_GENERIC m_id="83"  >
  <token_anchor t_id="386"/>
</HUMAN_PART_GENERIC>
<HUMAN_PART_GENERIC m_id="19"  >
  <token_anchor t_id="479"/>
</HUMAN_PART_GENERIC>
<HUMAN_PART_GENERIC m_id="20"  >
  <token_anchor t_id="261"/>
</HUMAN_PART_GENERIC>
<HUMAN_PART_GENERIC m_id="36"  >
  <token_anchor t_id="55"/>
</HUMAN_PART_GENERIC>
<HUMAN_PART_ORG m_id="9"  >
  <token_anchor t_id="367"/>
</HUMAN_PART_ORG>
<HUMAN_PART_ORG m_id="10"  >
  <token_anchor t_id="608"/>
</HUMAN_PART_ORG>
<HUMAN_PART_ORG m_id="11"  >
  <token_anchor t_id="592"/>
</HUMAN_PART_ORG>
<HUMAN_PART_ORG m_id="12"  >
  <token_anchor t_id="574"/>
</HUMAN_PART_ORG>
<HUMAN_PART_ORG m_id="1"  >
  <token_anchor t_id="30"/>
</HUMAN_PART_ORG>
<HUMAN_PART_ORG m_id="2"  >
  <token_anchor t_id="45"/>
</HUMAN_PART_ORG>
<HUMAN_PART_ORG m_id="3"  >
  <token_anchor t_id="60"/>
</HUMAN_PART_ORG>
<HUMAN_PART_ORG m_id="4"  >
  <token_anchor t_id="108"/>
</HUMAN_PART_ORG>
<HUMAN_PART_ORG m_id="5"  >
  <token_anchor t_id="128"/>
</HUMAN_PART_ORG>
<HUMAN_PART_ORG m_id="6"  >
  <token_anchor t_id="139"/>
</HUMAN_PART_ORG>
<HUMAN_PART_ORG m_id="7"  >
  <token_anchor t_id="272"/>
</HUMAN_PART_ORG>
<HUMAN_PART_ORG m_id="8"  >
  <token_anchor t_id="316"/>
</HUMAN_PART_ORG>
<HUMAN_PART_PER m_id="13"  >
  <token_anchor t_id="542"/>
  <token_anchor t_id="543"/>
</HUMAN_PART_PER>
<HUMAN_PART_PER m_id="14"  >
  <token_anchor t_id="596"/>
</HUMAN_PART_PER>
<HUMAN_PART_PER m_id="15"  >
  <token_anchor t_id="454"/>
</HUMAN_PART_PER>
<HUMAN_PART_PER m_id="17"  >
  <token_anchor t_id="451"/>
</HUMAN_PART_PER>
<HUMAN_PART_PER m_id="18"  >
  <token_anchor t_id="465"/>
</HUMAN_PART_PER>
<HUMAN_PART_PER m_id="21"  >
  <token_anchor t_id="251"/>
</HUMAN_PART_PER>
<HUMAN_PART_PER m_id="22"  >
  <token_anchor t_id="182"/>
  <token_anchor t_id="183"/>
</HUMAN_PART_PER>
<HUMAN_PART_PER m_id="24"  >
  <token_anchor t_id="218"/>
</HUMAN_PART_PER>
<NEG_ACTION_OCCURRENCE m_id="60"  >
  <token_anchor t_id="177"/>
  <token_anchor t_id="178"/>
</NEG_ACTION_OCCURRENCE>
<NON_HUMAN_PART m_id="73"  >
  <token_anchor t_id="180"/>
</NON_HUMAN_PART>
<NON_HUMAN_PART m_id="43"  >
  <token_anchor t_id="118"/>
</NON_HUMAN_PART>
<NON_HUMAN_PART m_id="44"  >
  <token_anchor t_id="131"/>
  <token_anchor t_id="132"/>
</NON_HUMAN_PART>
<NON_HUMAN_PART m_id="76"  >
  <token_anchor t_id="233"/>
</NON_HUMAN_PART>
<NON_HUMAN_PART m_id="45"  >
  <token_anchor t_id="123"/>
  <token_anchor t_id="124"/>
  <token_anchor t_id="125"/>
</NON_HUMAN_PART>
<NON_HUMAN_PART m_id="46"  >
  <token_anchor t_id="142"/>
  <token_anchor t_id="143"/>
  <token_anchor t_id="144"/>
</NON_HUMAN_PART>
<NON_HUMAN_PART m_id="78"  >
  <token_anchor t_id="276"/>
  <token_anchor t_id="277"/>
</NON_HUMAN_PART>
<NON_HUMAN_PART m_id="47"  >
  <token_anchor t_id="137"/>
</NON_HUMAN_PART>
<NON_HUMAN_PART m_id="48"  >
  <token_anchor t_id="168"/>
  <token_anchor t_id="169"/>
</NON_HUMAN_PART>
<NON_HUMAN_PART m_id="81"  >
  <token_anchor t_id="287"/>
  <token_anchor t_id="288"/>
</NON_HUMAN_PART>
<NON_HUMAN_PART m_id="49"  >
  <token_anchor t_id="163"/>
  <token_anchor t_id="164"/>
  <token_anchor t_id="165"/>
</NON_HUMAN_PART>
<NON_HUMAN_PART m_id="86"  >
  <token_anchor t_id="33"/>
</NON_HUMAN_PART>
<NON_HUMAN_PART m_id="87"  >
  <token_anchor t_id="97"/>
</NON_HUMAN_PART>
<NON_HUMAN_PART m_id="56"  >
  <token_anchor t_id="155"/>
</NON_HUMAN_PART>
<NON_HUMAN_PART m_id="57"  >
  <token_anchor t_id="159"/>
</NON_HUMAN_PART>
<NON_HUMAN_PART m_id="93"  >
  <token_anchor t_id="147"/>
</NON_HUMAN_PART>
<NON_HUMAN_PART m_id="97"  >
  <token_anchor t_id="126"/>
</NON_HUMAN_PART>
<NON_HUMAN_PART m_id="98"  >
  <token_anchor t_id="83"/>
</NON_HUMAN_PART>
<NON_HUMAN_PART m_id="63"  >
  <token_anchor t_id="207"/>
</NON_HUMAN_PART>
<NON_HUMAN_PART m_id="64"  >
  <token_anchor t_id="204"/>
</NON_HUMAN_PART>
<NON_HUMAN_PART m_id="34"  >
  <token_anchor t_id="52"/>
  <token_anchor t_id="53"/>
</NON_HUMAN_PART>
<NON_HUMAN_PART m_id="35"  >
  <token_anchor t_id="50"/>
</NON_HUMAN_PART>
<NON_HUMAN_PART m_id="37"  >
  <token_anchor t_id="35"/>
  <token_anchor t_id="36"/>
</NON_HUMAN_PART>
<NON_HUMAN_PART m_id="39"  >
  <token_anchor t_id="64"/>
</NON_HUMAN_PART>
<NON_HUMAN_PART m_id="71"  >
  <token_anchor t_id="239"/>
</NON_HUMAN_PART>
<NON_HUMAN_PART m_id="40"  >
  <token_anchor t_id="66"/>
  <token_anchor t_id="67"/>
</NON_HUMAN_PART>
<NON_HUMAN_PART m_id="72"  >
  <token_anchor t_id="199"/>
</NON_HUMAN_PART>
<NON_HUMAN_PART_GENERIC m_id="74"  >
  <token_anchor t_id="223"/>
</NON_HUMAN_PART_GENERIC>
<NON_HUMAN_PART_GENERIC m_id="75"  >
  <token_anchor t_id="257"/>
</NON_HUMAN_PART_GENERIC>
<NON_HUMAN_PART_GENERIC m_id="77"  >
  <token_anchor t_id="269"/>
</NON_HUMAN_PART_GENERIC>
<TIME_DATE m_id="42"  >
  <token_anchor t_id="41"/>
  <token_anchor t_id="42"/>
</TIME_DATE>
<TIME_DATE m_id="38"  >
  <token_anchor t_id="76"/>
  <token_anchor t_id="77"/>
  <token_anchor t_id="78"/>
  <token_anchor t_id="79"/>
</TIME_DATE>




<HUMAN_PART_ORG m_id="107" RELATED_TO="" TAG_DESCRIPTOR="t27_microsoft" instance_id="HUM16627702263331271" />
<NON_HUMAN_PART m_id="106" RELATED_TO="" TAG_DESCRIPTOR="t27_IE" instance_id="NON16628072497530110" />
<ACTION_OCCURRENCE m_id="105" RELATED_TO="" TAG_DESCRIPTOR="t27_launches_patch" instance_id="ACT16628380851866429" />
<NON_HUMAN_PART m_id="104" RELATED_TO="" TAG_DESCRIPTOR="t27_flaw_or_vulnerability" instance_id="NON16628047448605797" />
<ACTION_OCCURRENCE m_id="99" RELATED_TO="" TAG_DESCRIPTOR="t27_exploiting_flaw" instance_id="ACT16628282010133294" />
<ACTION_OCCURRENCE m_id="103" RELATED_TO="" TAG_DESCRIPTOR="t27_protect_IE" instance_id="ACT16628339393919140" />
<NON_HUMAN_PART m_id="102" RELATED_TO="" TAG_DESCRIPTOR="t27_emergency_patch" instance_id="NON16628128321821328" />
<NON_HUMAN_PART m_id="101" RELATED_TO="" TAG_DESCRIPTOR="t27_stopgap_fix" instance_id="NON16628139459402778" />
<ACTION_OCCURRENCE m_id="100" RELATED_TO="" TAG_DESCRIPTOR="t27_attacks" instance_id="ACT16628483776494389" />
</Markables>

<Relations>
<CROSS_DOC_COREF r_id="25611" note="ACT16628282010133294" >
  <source m_id="55" />
  <target m_id="99" />
</CROSS_DOC_COREF>
<CROSS_DOC_COREF r_id="25612" note="ACT16628483776494389" >
  <source m_id="41" />
  <target m_id="100" />
</CROSS_DOC_COREF>
<CROSS_DOC_COREF r_id="25613" note="NON16628139459402778" >
  <source m_id="56" />
  <target m_id="101" />
</CROSS_DOC_COREF>
<CROSS_DOC_COREF r_id="25614" note="NON16628128321821328" >
  <source m_id="97" />
  <source m_id="93" />
  <source m_id="47" />
  <source m_id="86" />
  <source m_id="43" />
  <source m_id="45" />
  <source m_id="46" />
  <source m_id="35" />
  <target m_id="102" />
</CROSS_DOC_COREF>
<CROSS_DOC_COREF r_id="25615" note="ACT16628339393919140" >
  <source m_id="54" />
  <target m_id="103" />
</CROSS_DOC_COREF>
<CROSS_DOC_COREF r_id="25616" note="NON16628047448605797" >
  <source m_id="87" />
  <target m_id="104" />
</CROSS_DOC_COREF>
<CROSS_DOC_COREF r_id="25617" note="ACT16628380851866429" >
  <source m_id="33" />
  <source m_id="32" />
  <source m_id="31" />
  <target m_id="105" />
</CROSS_DOC_COREF>
<CROSS_DOC_COREF r_id="25618" note="NON16628072497530110" >
  <source m_id="37" />
  <source m_id="44" />
  <source m_id="34" />
  <target m_id="106" />
</CROSS_DOC_COREF>
<CROSS_DOC_COREF r_id="25619" note="HUM16627702263331271" >
  <source m_id="5" />
  <source m_id="2" />
  <source m_id="6" />
  <source m_id="1" />
  <source m_id="4" />
  <target m_id="107" />
</CROSS_DOC_COREF>

</Relations>
</Document>
