<Document doc_name="19_11ecbplus.xml" doc_id="DOC15646258287375870">
<token t_id="1" sentence="0" number="0">http</token>
<token t_id="2" sentence="0" number="1">:</token>
<token t_id="3" sentence="0" number="2">/</token>
<token t_id="4" sentence="0" number="3">/</token>
<token t_id="5" sentence="0" number="4">beforeitsnews</token>
<token t_id="6" sentence="0" number="5">.</token>
<token t_id="7" sentence="0" number="6">com</token>
<token t_id="8" sentence="0" number="7">/</token>
<token t_id="9" sentence="0" number="8">blogging</token>
<token t_id="10" sentence="0" number="9">-</token>
<token t_id="11" sentence="0" number="10">citizen</token>
<token t_id="12" sentence="0" number="11">-</token>
<token t_id="13" sentence="0" number="12">journalism</token>
<token t_id="14" sentence="0" number="13">/</token>
<token t_id="15" sentence="0" number="14">2013</token>
<token t_id="16" sentence="0" number="15">/</token>
<token t_id="17" sentence="0" number="16">03</token>
<token t_id="18" sentence="0" number="17">/</token>
<token t_id="19" sentence="0" number="18">riot</token>
<token t_id="20" sentence="0" number="19">-</token>
<token t_id="21" sentence="0" number="20">breaks</token>
<token t_id="22" sentence="0" number="21">-</token>
<token t_id="23" sentence="0" number="22">out</token>
<token t_id="24" sentence="0" number="23">-</token>
<token t_id="25" sentence="0" number="24">in</token>
<token t_id="26" sentence="0" number="25">-</token>
<token t_id="27" sentence="0" number="26">brooklyn</token>
<token t_id="28" sentence="0" number="27">-</token>
<token t_id="29" sentence="0" number="28">over</token>
<token t_id="30" sentence="0" number="29">-</token>
<token t_id="31" sentence="0" number="30">teen</token>
<token t_id="32" sentence="0" number="31">-</token>
<token t_id="33" sentence="0" number="32">shootilng</token>
<token t_id="34" sentence="0" number="33">-</token>
<token t_id="35" sentence="0" number="34">2446148</token>
<token t_id="36" sentence="0" number="35">.</token>
<token t_id="37" sentence="0" number="36">html</token>
<token t_id="38" sentence="1" number="0">Large</token>
<token t_id="39" sentence="1" number="1">Riot</token>
<token t_id="40" sentence="1" number="2">Breaks</token>
<token t_id="41" sentence="1" number="3">Out</token>
<token t_id="42" sentence="1" number="4">In</token>
<token t_id="43" sentence="1" number="5">Brooklyn</token>
<token t_id="44" sentence="1" number="6">During</token>
<token t_id="45" sentence="1" number="7">Vigil</token>
<token t_id="46" sentence="1" number="8">For</token>
<token t_id="47" sentence="1" number="9">Teen</token>
<token t_id="48" sentence="1" number="10">Shot</token>
<token t_id="49" sentence="1" number="11">11</token>
<token t_id="50" sentence="1" number="12">Times</token>
<token t_id="51" sentence="1" number="13">By</token>
<token t_id="52" sentence="1" number="14">Police</token>
<token t_id="53" sentence="2" number="0">Monday</token>
<token t_id="54" sentence="2" number="1">,</token>
<token t_id="55" sentence="2" number="2">March</token>
<token t_id="56" sentence="2" number="3">11</token>
<token t_id="57" sentence="2" number="4">,</token>
<token t_id="58" sentence="2" number="5">2013</token>
<token t_id="59" sentence="2" number="6">23</token>
<token t_id="60" sentence="2" number="7">:</token>
<token t_id="61" sentence="2" number="8">51</token>
<token t_id="62" sentence="3" number="0">Police</token>
<token t_id="63" sentence="3" number="1">intervened</token>
<token t_id="64" sentence="3" number="2">when</token>
<token t_id="65" sentence="3" number="3">more</token>
<token t_id="66" sentence="3" number="4">than</token>
<token t_id="67" sentence="3" number="5">a</token>
<token t_id="68" sentence="3" number="6">hundred</token>
<token t_id="69" sentence="3" number="7">people</token>
<token t_id="70" sentence="3" number="8">joined</token>
<token t_id="71" sentence="3" number="9">in</token>
<token t_id="72" sentence="3" number="10">a</token>
<token t_id="73" sentence="3" number="11">candlelit</token>
<token t_id="74" sentence="3" number="12">vigil</token>
<token t_id="75" sentence="3" number="13">in</token>
<token t_id="76" sentence="3" number="14">the</token>
<token t_id="77" sentence="3" number="15">East</token>
<token t_id="78" sentence="3" number="16">Flatbush</token>
<token t_id="79" sentence="3" number="17">neighborhood</token>
<token t_id="80" sentence="3" number="18">in</token>
<token t_id="81" sentence="3" number="19">Brooklyn</token>
<token t_id="82" sentence="3" number="20">,</token>
<token t_id="83" sentence="3" number="21">New</token>
<token t_id="84" sentence="3" number="22">York</token>
<token t_id="85" sentence="3" number="23">,</token>
<token t_id="86" sentence="3" number="24">where</token>
<token t_id="87" sentence="3" number="25">16</token>
<token t_id="88" sentence="3" number="26">-</token>
<token t_id="89" sentence="3" number="27">year</token>
<token t_id="90" sentence="3" number="28">-</token>
<token t_id="91" sentence="3" number="29">old</token>
<token t_id="92" sentence="3" number="30">Kimani</token>
<token t_id="93" sentence="3" number="31">Gray</token>
<token t_id="94" sentence="3" number="32">was</token>
<token t_id="95" sentence="3" number="33">shot</token>
<token t_id="96" sentence="3" number="34">11</token>
<token t_id="97" sentence="3" number="35">times</token>
<token t_id="98" sentence="3" number="36">by</token>
<token t_id="99" sentence="3" number="37">police</token>
<token t_id="100" sentence="3" number="38">on</token>
<token t_id="101" sentence="3" number="39">Saturday</token>
<token t_id="102" sentence="3" number="40">,</token>
<token t_id="103" sentence="3" number="41">according</token>
<token t_id="104" sentence="3" number="42">to</token>
<token t_id="105" sentence="3" number="43">RussiaToday</token>
<token t_id="106" sentence="4" number="0">Brooklynites</token>
<token t_id="107" sentence="4" number="1">on</token>
<token t_id="108" sentence="4" number="2">Twitter</token>
<token t_id="109" sentence="4" number="3">reported</token>
<token t_id="110" sentence="4" number="4">that</token>
<token t_id="111" sentence="4" number="5">police</token>
<token t_id="112" sentence="4" number="6">followed</token>
<token t_id="113" sentence="4" number="7">the</token>
<token t_id="114" sentence="4" number="8">march</token>
<token t_id="115" sentence="4" number="9">and</token>
<token t_id="116" sentence="4" number="10">searched</token>
<token t_id="117" sentence="4" number="11">apartment</token>
<token t_id="118" sentence="4" number="12">buildings</token>
<token t_id="119" sentence="4" number="13">in</token>
<token t_id="120" sentence="4" number="14">the</token>
<token t_id="121" sentence="4" number="15">neighborhood</token>
<token t_id="122" sentence="4" number="16">without</token>
<token t_id="123" sentence="4" number="17">warrants</token>
<token t_id="124" sentence="4" number="18">,</token>
<token t_id="125" sentence="4" number="19">looking</token>
<token t_id="126" sentence="4" number="20">for</token>
<token t_id="127" sentence="4" number="21">children</token>
<token t_id="128" sentence="4" number="22">who</token>
<token t_id="129" sentence="4" number="23">had</token>
<token t_id="130" sentence="4" number="24">been</token>
<token t_id="131" sentence="4" number="25">seen</token>
<token t_id="132" sentence="4" number="26">throwing</token>
<token t_id="133" sentence="4" number="27">bottles</token>
<token t_id="134" sentence="4" number="28">at</token>
<token t_id="135" sentence="4" number="29">police</token>
<token t_id="136" sentence="4" number="30">from</token>
<token t_id="137" sentence="4" number="31">neighborhood</token>
<token t_id="138" sentence="4" number="32">rooftops</token>
<token t_id="139" sentence="4" number="33">.</token>
<token t_id="140" sentence="5" number="0">March</token>
<token t_id="141" sentence="5" number="1">participants</token>
<token t_id="142" sentence="5" number="2">chanted</token>
<token t_id="143" sentence="5" number="3">“</token>
<token t_id="144" sentence="5" number="4">NYPD</token>
<token t_id="145" sentence="5" number="5">KKK</token>
<token t_id="146" sentence="5" number="6">how</token>
<token t_id="147" sentence="5" number="7">many</token>
<token t_id="148" sentence="5" number="8">kids</token>
<token t_id="149" sentence="5" number="9">will</token>
<token t_id="150" sentence="5" number="10">you</token>
<token t_id="151" sentence="5" number="11">kill</token>
<token t_id="152" sentence="5" number="12">today</token>
<token t_id="153" sentence="5" number="13">,</token>
<token t_id="154" sentence="5" number="14">”</token>
<token t_id="155" sentence="5" number="15">people</token>
<token t_id="156" sentence="5" number="16">report</token>
<token t_id="157" sentence="5" number="17">from</token>
<token t_id="158" sentence="5" number="18">the</token>
<token t_id="159" sentence="5" number="19">scene</token>
<token t_id="160" sentence="5" number="20">.</token>
<token t_id="161" sentence="6" number="0">“</token>
<token t_id="162" sentence="6" number="1">I</token>
<token t_id="163" sentence="6" number="2">’</token>
<token t_id="164" sentence="6" number="3">m</token>
<token t_id="165" sentence="6" number="4">in</token>
<token t_id="166" sentence="6" number="5">the</token>
<token t_id="167" sentence="6" number="6">middle</token>
<token t_id="168" sentence="6" number="7">of</token>
<token t_id="169" sentence="6" number="8">the</token>
<token t_id="170" sentence="6" number="9">riot</token>
<token t_id="171" sentence="6" number="10">action</token>
<token t_id="172" sentence="6" number="11">at</token>
<token t_id="173" sentence="6" number="12">Church</token>
<token t_id="174" sentence="6" number="13">and</token>
<token t_id="175" sentence="6" number="14">Snyder</token>
<token t_id="176" sentence="6" number="15">in</token>
<token t_id="177" sentence="6" number="16">my</token>
<token t_id="178" sentence="6" number="17">district</token>
<token t_id="179" sentence="6" number="18">.</token>
<token t_id="180" sentence="7" number="0">Right</token>
<token t_id="181" sentence="7" number="1">now</token>
<token t_id="182" sentence="7" number="2">,</token>
<token t_id="183" sentence="7" number="3">things</token>
<token t_id="184" sentence="7" number="4">are</token>
<token t_id="185" sentence="7" number="5">tense</token>
<token t_id="186" sentence="7" number="6">,</token>
<token t_id="187" sentence="7" number="7">”</token>
<token t_id="188" sentence="7" number="8">New</token>
<token t_id="189" sentence="7" number="9">York</token>
<token t_id="190" sentence="7" number="10">City</token>
<token t_id="191" sentence="7" number="11">Councilman</token>
<token t_id="192" sentence="7" number="12">Jumaane</token>
<token t_id="193" sentence="7" number="13">D</token>
<token t_id="194" sentence="7" number="14">.</token>
<token t_id="195" sentence="7" number="15">Williams</token>
<token t_id="196" sentence="7" number="16">,</token>
<token t_id="197" sentence="7" number="17">who</token>
<token t_id="198" sentence="7" number="18">represents</token>
<token t_id="199" sentence="7" number="19">the</token>
<token t_id="200" sentence="7" number="20">area</token>
<token t_id="201" sentence="7" number="21">,</token>
<token t_id="202" sentence="7" number="22">said</token>
<token t_id="203" sentence="7" number="23">on</token>
<token t_id="204" sentence="7" number="24">Twitter</token>
<token t_id="205" sentence="7" number="25">.</token>
<token t_id="206" sentence="8" number="0">Sixteen</token>
<token t_id="207" sentence="8" number="1">-</token>
<token t_id="208" sentence="8" number="2">year</token>
<token t_id="209" sentence="8" number="3">-</token>
<token t_id="210" sentence="8" number="4">old</token>
<token t_id="211" sentence="8" number="5">Kimani</token>
<token t_id="212" sentence="8" number="6">Gray</token>
<token t_id="213" sentence="8" number="7">was</token>
<token t_id="214" sentence="8" number="8">shot</token>
<token t_id="215" sentence="8" number="9">and</token>
<token t_id="216" sentence="8" number="10">killed</token>
<token t_id="217" sentence="8" number="11">on</token>
<token t_id="218" sentence="8" number="12">Saturday</token>
<token t_id="219" sentence="8" number="13">night</token>
<token t_id="220" sentence="8" number="14">after</token>
<token t_id="221" sentence="8" number="15">,</token>
<token t_id="222" sentence="8" number="16">police</token>
<token t_id="223" sentence="8" number="17">say</token>
<token t_id="224" sentence="8" number="18">,</token>
<token t_id="225" sentence="8" number="19">pointing</token>
<token t_id="226" sentence="8" number="20">a</token>
<token t_id="227" sentence="8" number="21">gun</token>
<token t_id="228" sentence="8" number="22">at</token>
<token t_id="229" sentence="8" number="23">approaching</token>
<token t_id="230" sentence="8" number="24">cops</token>
<token t_id="231" sentence="8" number="25">.</token>
<token t_id="232" sentence="9" number="0">According</token>
<token t_id="233" sentence="9" number="1">to</token>
<token t_id="234" sentence="9" number="2">the</token>
<token t_id="235" sentence="9" number="3">officers</token>
<token t_id="236" sentence="9" number="4">involved</token>
<token t_id="237" sentence="9" number="5">in</token>
<token t_id="238" sentence="9" number="6">the</token>
<token t_id="239" sentence="9" number="7">shooting</token>
<token t_id="240" sentence="9" number="8">,</token>
<token t_id="241" sentence="9" number="9">the</token>
<token t_id="242" sentence="9" number="10">teenager</token>
<token t_id="243" sentence="9" number="11">adjusted</token>
<token t_id="244" sentence="9" number="12">his</token>
<token t_id="245" sentence="9" number="13">belt</token>
<token t_id="246" sentence="9" number="14">“</token>
<token t_id="247" sentence="9" number="15">suspiciously</token>
<token t_id="248" sentence="9" number="16">,</token>
<token t_id="249" sentence="9" number="17">”</token>
<token t_id="250" sentence="9" number="18">and</token>
<token t_id="251" sentence="9" number="19">after</token>
<token t_id="252" sentence="9" number="20">they</token>
<token t_id="253" sentence="9" number="21">exited</token>
<token t_id="254" sentence="9" number="22">their</token>
<token t_id="255" sentence="9" number="23">vehicle</token>
<token t_id="256" sentence="9" number="24">to</token>
<token t_id="257" sentence="9" number="25">investigate</token>
<token t_id="258" sentence="9" number="26">,</token>
<token t_id="259" sentence="9" number="27">he</token>
<token t_id="260" sentence="9" number="28">pointed</token>
<token t_id="261" sentence="9" number="29">a</token>
<token t_id="262" sentence="9" number="30">.</token>
<token t_id="263" sentence="9" number="31">357</token>
<token t_id="264" sentence="9" number="32">caliber</token>
<token t_id="265" sentence="9" number="33">revolver</token>
<token t_id="266" sentence="9" number="34">at</token>
<token t_id="267" sentence="9" number="35">them</token>
<token t_id="268" sentence="9" number="36">.</token>
<token t_id="269" sentence="10" number="0">Both</token>
<token t_id="270" sentence="10" number="1">officers</token>
<token t_id="271" sentence="10" number="2">fired</token>
<token t_id="272" sentence="10" number="3">at</token>
<token t_id="273" sentence="10" number="4">the</token>
<token t_id="274" sentence="10" number="5">suspect</token>
<token t_id="275" sentence="10" number="6">,</token>
<token t_id="276" sentence="10" number="7">hitting</token>
<token t_id="277" sentence="10" number="8">Gray</token>
<token t_id="278" sentence="10" number="9">eleven</token>
<token t_id="279" sentence="10" number="10">times</token>
<token t_id="280" sentence="10" number="11">in</token>
<token t_id="281" sentence="10" number="12">his</token>
<token t_id="282" sentence="10" number="13">torso</token>
<token t_id="283" sentence="10" number="14">and</token>
<token t_id="284" sentence="10" number="15">legs</token>
<token t_id="285" sentence="10" number="16">.</token>
<token t_id="286" sentence="11" number="0">Witnesses</token>
<token t_id="287" sentence="11" number="1">say</token>
<token t_id="288" sentence="11" number="2">Gray</token>
<token t_id="289" sentence="11" number="3">,</token>
<token t_id="290" sentence="11" number="4">who</token>
<token t_id="291" sentence="11" number="5">was</token>
<token t_id="292" sentence="11" number="6">running</token>
<token t_id="293" sentence="11" number="7">for</token>
<token t_id="294" sentence="11" number="8">his</token>
<token t_id="295" sentence="11" number="9">life</token>
<token t_id="296" sentence="11" number="10">when</token>
<token t_id="297" sentence="11" number="11">he</token>
<token t_id="298" sentence="11" number="12">was</token>
<token t_id="299" sentence="11" number="13">shot</token>
<token t_id="300" sentence="11" number="14">,</token>
<token t_id="301" sentence="11" number="15">did</token>
<token t_id="302" sentence="11" number="16">not</token>
<token t_id="303" sentence="11" number="17">have</token>
<token t_id="304" sentence="11" number="18">a</token>
<token t_id="305" sentence="11" number="19">gun</token>
<token t_id="306" sentence="11" number="20">.</token>
<token t_id="307" sentence="12" number="0">“</token>
<token t_id="308" sentence="12" number="1">Stay</token>
<token t_id="309" sentence="12" number="2">down</token>
<token t_id="310" sentence="12" number="3">,</token>
<token t_id="311" sentence="12" number="4">or</token>
<token t_id="312" sentence="12" number="5">we</token>
<token t_id="313" sentence="12" number="6">’</token>
<token t_id="314" sentence="12" number="7">ll</token>
<token t_id="315" sentence="12" number="8">shoot</token>
<token t_id="316" sentence="12" number="9">you</token>
<token t_id="317" sentence="12" number="10">again</token>
<token t_id="318" sentence="12" number="11">,</token>
<token t_id="319" sentence="12" number="12">”</token>
<token t_id="320" sentence="12" number="13">police</token>
<token t_id="321" sentence="12" number="14">said</token>
<token t_id="322" sentence="12" number="15">once</token>
<token t_id="323" sentence="12" number="16">Gray</token>
<token t_id="324" sentence="12" number="17">had</token>
<token t_id="325" sentence="12" number="18">been</token>
<token t_id="326" sentence="12" number="19">hit</token>
<token t_id="327" sentence="12" number="20">,</token>
<token t_id="328" sentence="12" number="21">according</token>
<token t_id="329" sentence="12" number="22">to</token>
<token t_id="330" sentence="12" number="23">The</token>
<token t_id="331" sentence="12" number="24">New</token>
<token t_id="332" sentence="12" number="25">York</token>
<token t_id="333" sentence="12" number="26">Times</token>
<token t_id="334" sentence="12" number="27">.</token>
<token t_id="335" sentence="13" number="0">After</token>
<token t_id="336" sentence="13" number="1">the</token>
<token t_id="337" sentence="13" number="2">shooting</token>
<token t_id="338" sentence="13" number="3">Gray</token>
<token t_id="339" sentence="13" number="4">was</token>
<token t_id="340" sentence="13" number="5">rushed</token>
<token t_id="341" sentence="13" number="6">to</token>
<token t_id="342" sentence="13" number="7">a</token>
<token t_id="343" sentence="13" number="8">hospital</token>
<token t_id="344" sentence="13" number="9">but</token>
<token t_id="345" sentence="13" number="10">was</token>
<token t_id="346" sentence="13" number="11">declared</token>
<token t_id="347" sentence="13" number="12">dead</token>
<token t_id="348" sentence="13" number="13">on</token>
<token t_id="349" sentence="13" number="14">arrival</token>
<token t_id="350" sentence="13" number="15">.</token>
<Markables>
<ACTION_OCCURRENCE m_id="19"  >
  <token_anchor t_id="114"/>
</ACTION_OCCURRENCE>
<ACTION_OCCURRENCE m_id="30"  >
  <token_anchor t_id="63"/>
</ACTION_OCCURRENCE>
<ACTION_OCCURRENCE m_id="31"  >
  <token_anchor t_id="70"/>
  <token_anchor t_id="71"/>
</ACTION_OCCURRENCE>
<ACTION_OCCURRENCE m_id="32"  >
  <token_anchor t_id="74"/>
</ACTION_OCCURRENCE>
<ACTION_OCCURRENCE m_id="1"  >
  <token_anchor t_id="39"/>
</ACTION_OCCURRENCE>
<ACTION_OCCURRENCE m_id="33"  >
  <token_anchor t_id="95"/>
</ACTION_OCCURRENCE>
<ACTION_OCCURRENCE m_id="2"  >
  <token_anchor t_id="116"/>
</ACTION_OCCURRENCE>
<ACTION_OCCURRENCE m_id="3"  >
  <token_anchor t_id="112"/>
</ACTION_OCCURRENCE>
<ACTION_OCCURRENCE m_id="4"  >
  <token_anchor t_id="125"/>
</ACTION_OCCURRENCE>
<ACTION_OCCURRENCE m_id="36"  >
  <token_anchor t_id="337"/>
</ACTION_OCCURRENCE>
<ACTION_OCCURRENCE m_id="5"  >
  <token_anchor t_id="132"/>
</ACTION_OCCURRENCE>
<ACTION_OCCURRENCE m_id="37"  >
  <token_anchor t_id="340"/>
</ACTION_OCCURRENCE>
<ACTION_OCCURRENCE m_id="6"  >
  <token_anchor t_id="40"/>
  <token_anchor t_id="41"/>
</ACTION_OCCURRENCE>
<ACTION_OCCURRENCE m_id="38"  >
  <token_anchor t_id="346"/>
</ACTION_OCCURRENCE>
<ACTION_OCCURRENCE m_id="7"  >
  <token_anchor t_id="45"/>
</ACTION_OCCURRENCE>
<ACTION_OCCURRENCE m_id="39"  >
  <token_anchor t_id="349"/>
</ACTION_OCCURRENCE>
<ACTION_OCCURRENCE m_id="8"  >
  <token_anchor t_id="48"/>
</ACTION_OCCURRENCE>
<ACTION_PERCEPTION m_id="22"  >
  <token_anchor t_id="131"/>
</ACTION_PERCEPTION>
<ACTION_REPORTING m_id="18"  >
  <token_anchor t_id="109"/>
</ACTION_REPORTING>
<ACTION_STATE m_id="40"  >
  <token_anchor t_id="347"/>
</ACTION_STATE>
<HUMAN_PART_ORG m_id="29"  >
  <token_anchor t_id="105"/>
</HUMAN_PART_ORG>
<HUMAN_PART_PER m_id="42"  >
  <token_anchor t_id="338"/>
</HUMAN_PART_PER>
<HUMAN_PART_PER m_id="11"  >
  <token_anchor t_id="47"/>
</HUMAN_PART_PER>
<HUMAN_PART_PER m_id="12"  >
  <token_anchor t_id="52"/>
</HUMAN_PART_PER>
<HUMAN_PART_PER m_id="13"  >
  <token_anchor t_id="106"/>
</HUMAN_PART_PER>
<HUMAN_PART_PER m_id="14"  >
  <token_anchor t_id="111"/>
</HUMAN_PART_PER>
<HUMAN_PART_PER m_id="15"  >
  <token_anchor t_id="127"/>
</HUMAN_PART_PER>
<HUMAN_PART_PER m_id="16"  >
  <token_anchor t_id="135"/>
</HUMAN_PART_PER>
<HUMAN_PART_PER m_id="25"  >
  <token_anchor t_id="62"/>
</HUMAN_PART_PER>
<HUMAN_PART_PER m_id="26"  >
  <token_anchor t_id="69"/>
</HUMAN_PART_PER>
<HUMAN_PART_PER m_id="27"  >
  <token_anchor t_id="92"/>
  <token_anchor t_id="93"/>
</HUMAN_PART_PER>
<HUMAN_PART_PER m_id="28"  >
  <token_anchor t_id="99"/>
</HUMAN_PART_PER>
<LOC_FAC m_id="41"  >
  <token_anchor t_id="343"/>
</LOC_FAC>
<LOC_FAC m_id="20"  >
  <token_anchor t_id="117"/>
  <token_anchor t_id="118"/>
  <token_anchor t_id="119"/>
  <token_anchor t_id="120"/>
  <token_anchor t_id="121"/>
</LOC_FAC>
<LOC_FAC m_id="24"  >
  <token_anchor t_id="136"/>
  <token_anchor t_id="137"/>
  <token_anchor t_id="138"/>
</LOC_FAC>
<LOC_GEO m_id="10"  >
  <token_anchor t_id="42"/>
  <token_anchor t_id="43"/>
</LOC_GEO>
<LOC_GEO m_id="35"  >
  <token_anchor t_id="75"/>
  <token_anchor t_id="76"/>
  <token_anchor t_id="77"/>
  <token_anchor t_id="78"/>
  <token_anchor t_id="79"/>
  <token_anchor t_id="80"/>
  <token_anchor t_id="81"/>
  <token_anchor t_id="82"/>
  <token_anchor t_id="83"/>
  <token_anchor t_id="84"/>
</LOC_GEO>
<NON_HUMAN_PART m_id="17"  >
  <token_anchor t_id="108"/>
</NON_HUMAN_PART>
<NON_HUMAN_PART m_id="21"  >
  <token_anchor t_id="123"/>
</NON_HUMAN_PART>
<NON_HUMAN_PART m_id="23"  >
  <token_anchor t_id="133"/>
</NON_HUMAN_PART>
<TIME_DATE m_id="34"  >
  <token_anchor t_id="100"/>
  <token_anchor t_id="101"/>
</TIME_DATE>
<TIME_OF_THE_DAY m_id="9"  >
  <token_anchor t_id="53"/>
  <token_anchor t_id="54"/>
  <token_anchor t_id="55"/>
  <token_anchor t_id="56"/>
  <token_anchor t_id="57"/>
  <token_anchor t_id="58"/>
  <token_anchor t_id="59"/>
  <token_anchor t_id="60"/>
  <token_anchor t_id="61"/>
</TIME_OF_THE_DAY>


<LOC_GEO m_id="48" note="byCROMER" >
  <token_anchor t_id="86"/>
</LOC_GEO>


<ACTION_OCCURRENCE m_id="50" RELATED_TO="" TAG_DESCRIPTOR="t19_throwing_bottles" instance_id="ACT17733139869369797" />
<TIME_DATE m_id="69" RELATED_TO="" TAG_DESCRIPTOR="t19_saturday" instance_id="TIM17733648676843763" />
<ACTION_OCCURRENCE m_id="68" RELATED_TO="" TAG_DESCRIPTOR="t19_vigil" instance_id="ACT17733022098456824" />
<LOC_GEO m_id="67" RELATED_TO="" TAG_DESCRIPTOR="t19_east_flatbush" instance_id="LOC17733635918368593" />
<ACTION_OCCURRENCE m_id="66" RELATED_TO="" TAG_DESCRIPTOR="t19_declared_dead" instance_id="ACT17817179694605139" />
<HUMAN_PART_PER m_id="65" RELATED_TO="" TAG_DESCRIPTOR="t19_kimani_gray" instance_id="HUM17733560552295284" />
<ACTION_STATE m_id="64" RELATED_TO="" TAG_DESCRIPTOR="t19_dead" instance_id="ACT17818086563105493" />
<LOC_FAC m_id="63" RELATED_TO="" TAG_DESCRIPTOR="t19_hospital" instance_id="LOC17733175631663067" />
<NON_HUMAN_PART m_id="62" RELATED_TO="" TAG_DESCRIPTOR="t19_bottles" instance_id="NON17819363129528422" />
<ACTION_OCCURRENCE m_id="61" RELATED_TO="" TAG_DESCRIPTOR="t19_march" instance_id="ACT17734842257507750" />
<ACTION_OCCURRENCE m_id="60" RELATED_TO="" TAG_DESCRIPTOR="t19_searched_buildings" instance_id="ACT17817167575411131" />
<HUMAN_PART_PER m_id="49" RELATED_TO="" TAG_DESCRIPTOR="t19_shooting_officers" instance_id="HUM17818785497733083" />
<ACTION_OCCURRENCE m_id="59" RELATED_TO="" TAG_DESCRIPTOR="t19_joined_vigil" instance_id="ACT17733098045692713" />
<HUMAN_PART_PER m_id="58" RELATED_TO="" TAG_DESCRIPTOR="t19_crowd" instance_id="HUM17734031939890766" />
<ACTION_OCCURRENCE m_id="57" RELATED_TO="" TAG_DESCRIPTOR="t19_rushed_to_hospital" instance_id="ACT17817201900651981" />
<LOC_GEO m_id="56" RELATED_TO="" TAG_DESCRIPTOR="t19_brooklyn" instance_id="LOC17733617835467628" />
<ACTION_OCCURRENCE m_id="55" RELATED_TO="" TAG_DESCRIPTOR="t19_shot" instance_id="ACT17734083605595938" />
<ACTION_OCCURRENCE m_id="54" RELATED_TO="" TAG_DESCRIPTOR="t19_riot_breaks_out" instance_id="ACT17733034458850436" />
<ACTION_OCCURRENCE m_id="53" RELATED_TO="" TAG_DESCRIPTOR="t19_riot" instance_id="ACT17733054001869323" />
<HUMAN_PART_PER m_id="52" RELATED_TO="" TAG_DESCRIPTOR="t19_police" instance_id="HUM17733158807494237" />
<ACTION_OCCURRENCE m_id="51" RELATED_TO="" TAG_DESCRIPTOR="t19_police_intervened" instance_id="ACT17733083293227164" />
</Markables>

<Relations>
<CROSS_DOC_COREF r_id="40035" note="HUM17818785497733083" >
  <source m_id="28" />
  <source m_id="12" />
  <target m_id="49" />
</CROSS_DOC_COREF>
<CROSS_DOC_COREF r_id="40036" note="ACT17733139869369797" >
  <source m_id="5" />
  <target m_id="50" />
</CROSS_DOC_COREF>
<CROSS_DOC_COREF r_id="40037" note="ACT17733083293227164" >
  <source m_id="30" />
  <target m_id="51" />
</CROSS_DOC_COREF>
<CROSS_DOC_COREF r_id="40038" note="HUM17733158807494237" >
  <source m_id="16" />
  <source m_id="14" />
  <source m_id="25" />
  <target m_id="52" />
</CROSS_DOC_COREF>
<CROSS_DOC_COREF r_id="40039" note="ACT17733054001869323" >
  <source m_id="1" />
  <target m_id="53" />
</CROSS_DOC_COREF>
<CROSS_DOC_COREF r_id="40040" note="ACT17733034458850436" >
  <source m_id="6" />
  <target m_id="54" />
</CROSS_DOC_COREF>
<CROSS_DOC_COREF r_id="40041" note="ACT17734083605595938" >
  <source m_id="36" />
  <source m_id="8" />
  <source m_id="33" />
  <target m_id="55" />
</CROSS_DOC_COREF>
<CROSS_DOC_COREF r_id="40042" note="LOC17733617835467628" >
  <source m_id="10" />
  <target m_id="56" />
</CROSS_DOC_COREF>
<CROSS_DOC_COREF r_id="40043" note="ACT17817201900651981" >
  <source m_id="37" />
  <target m_id="57" />
</CROSS_DOC_COREF>
<CROSS_DOC_COREF r_id="40044" note="HUM17734031939890766" >
  <source m_id="26" />
  <target m_id="58" />
</CROSS_DOC_COREF>
<CROSS_DOC_COREF r_id="40045" note="ACT17733098045692713" >
  <source m_id="31" />
  <target m_id="59" />
</CROSS_DOC_COREF>
<CROSS_DOC_COREF r_id="40046" note="ACT17817167575411131" >
  <source m_id="2" />
  <target m_id="60" />
</CROSS_DOC_COREF>
<CROSS_DOC_COREF r_id="40047" note="ACT17734842257507750" >
  <source m_id="19" />
  <target m_id="61" />
</CROSS_DOC_COREF>
<CROSS_DOC_COREF r_id="40048" note="NON17819363129528422" >
  <source m_id="23" />
  <target m_id="62" />
</CROSS_DOC_COREF>
<CROSS_DOC_COREF r_id="40049" note="LOC17733175631663067" >
  <source m_id="41" />
  <target m_id="63" />
</CROSS_DOC_COREF>
<CROSS_DOC_COREF r_id="40050" note="ACT17818086563105493" >
  <source m_id="40" />
  <target m_id="64" />
</CROSS_DOC_COREF>
<CROSS_DOC_COREF r_id="40051" note="HUM17733560552295284" >
  <source m_id="42" />
  <source m_id="11" />
  <source m_id="27" />
  <target m_id="65" />
</CROSS_DOC_COREF>
<CROSS_DOC_COREF r_id="40052" note="ACT17817179694605139" >
  <source m_id="38" />
  <target m_id="66" />
</CROSS_DOC_COREF>
<CROSS_DOC_COREF r_id="40053" note="LOC17733635918368593" >
  <source m_id="48" />
  <source m_id="35" />
  <target m_id="67" />
</CROSS_DOC_COREF>
<CROSS_DOC_COREF r_id="40054" note="ACT17733022098456824" >
  <source m_id="7" />
  <source m_id="32" />
  <target m_id="68" />
</CROSS_DOC_COREF>
<CROSS_DOC_COREF r_id="40055" note="TIM17733648676843763" >
  <source m_id="34" />
  <target m_id="69" />
</CROSS_DOC_COREF>

</Relations>
</Document>
