<Document doc_name="19_10ecb.xml" doc_id="DOC15654491188917262">
<token t_id="1" sentence="0" number="0">Fresh</token>
<token t_id="2" sentence="0" number="1">wave</token>
<token t_id="3" sentence="0" number="2">of</token>
<token t_id="4" sentence="0" number="3">rioting</token>
<token t_id="5" sentence="0" number="4">hits</token>
<token t_id="6" sentence="0" number="5">Greece</token>
<token t_id="7" sentence="1" number="0">There</token>
<token t_id="8" sentence="1" number="1">'s</token>
<token t_id="9" sentence="1" number="2">been</token>
<token t_id="10" sentence="1" number="3">more</token>
<token t_id="11" sentence="1" number="4">rioting</token>
<token t_id="12" sentence="1" number="5">in</token>
<token t_id="13" sentence="1" number="6">Greece</token>
<token t_id="14" sentence="1" number="7">in</token>
<token t_id="15" sentence="1" number="8">protest</token>
<token t_id="16" sentence="1" number="9">at</token>
<token t_id="17" sentence="1" number="10">the</token>
<token t_id="18" sentence="1" number="11">death</token>
<token t_id="19" sentence="1" number="12">of</token>
<token t_id="20" sentence="1" number="13">15-year-old</token>
<token t_id="21" sentence="1" number="14">Alexandros</token>
<token t_id="22" sentence="1" number="15">Grigoropoulos</token>
<token t_id="23" sentence="1" number="16">.</token>
<token t_id="24" sentence="2" number="0">The</token>
<token t_id="25" sentence="2" number="1">teenager</token>
<token t_id="26" sentence="2" number="2">was</token>
<token t_id="27" sentence="2" number="3">shot</token>
<token t_id="28" sentence="2" number="4">and</token>
<token t_id="29" sentence="2" number="5">killed</token>
<token t_id="30" sentence="2" number="6">by</token>
<token t_id="31" sentence="2" number="7">police</token>
<token t_id="32" sentence="2" number="8">in</token>
<token t_id="33" sentence="2" number="9">Athens</token>
<token t_id="34" sentence="2" number="10">eight</token>
<token t_id="35" sentence="2" number="11">days</token>
<token t_id="36" sentence="2" number="12">ago</token>
<token t_id="37" sentence="2" number="13">,</token>
<token t_id="38" sentence="2" number="14">triggering</token>
<token t_id="39" sentence="2" number="15">violent</token>
<token t_id="40" sentence="2" number="16">protests</token>
<token t_id="41" sentence="2" number="17">which</token>
<token t_id="42" sentence="2" number="18">have</token>
<token t_id="43" sentence="2" number="19">spread</token>
<token t_id="44" sentence="2" number="20">across</token>
<token t_id="45" sentence="2" number="21">the</token>
<token t_id="46" sentence="2" number="22">country</token>
<token t_id="47" sentence="2" number="23">.</token>
<token t_id="48" sentence="3" number="0">The</token>
<token t_id="49" sentence="3" number="1">teenager</token>
<token t_id="50" sentence="3" number="2">was</token>
<token t_id="51" sentence="3" number="3">shot</token>
<token t_id="52" sentence="3" number="4">and</token>
<token t_id="53" sentence="3" number="5">killed</token>
<token t_id="54" sentence="3" number="6">by</token>
<token t_id="55" sentence="3" number="7">police</token>
<token t_id="56" sentence="3" number="8">in</token>
<token t_id="57" sentence="3" number="9">Athens</token>
<token t_id="58" sentence="3" number="10">eight</token>
<token t_id="59" sentence="3" number="11">days</token>
<token t_id="60" sentence="3" number="12">ago</token>
<token t_id="61" sentence="3" number="13">,</token>
<token t_id="62" sentence="3" number="14">triggering</token>
<token t_id="63" sentence="3" number="15">violent</token>
<token t_id="64" sentence="3" number="16">protests</token>
<token t_id="65" sentence="3" number="17">which</token>
<token t_id="66" sentence="3" number="18">have</token>
<token t_id="67" sentence="3" number="19">spread</token>
<token t_id="68" sentence="3" number="20">across</token>
<token t_id="69" sentence="3" number="21">the</token>
<token t_id="70" sentence="3" number="22">country</token>
<token t_id="71" sentence="3" number="23">.</token>
<token t_id="72" sentence="4" number="0">The</token>
<token t_id="73" sentence="4" number="1">latest</token>
<token t_id="74" sentence="4" number="2">trouble</token>
<token t_id="75" sentence="4" number="3">began</token>
<token t_id="76" sentence="4" number="4">as</token>
<token t_id="77" sentence="4" number="5">protestors</token>
<token t_id="78" sentence="4" number="6">gathered</token>
<token t_id="79" sentence="4" number="7">in</token>
<token t_id="80" sentence="4" number="8">the</token>
<token t_id="81" sentence="4" number="9">capital</token>
<token t_id="82" sentence="4" number="10">city</token>
<token t_id="83" sentence="4" number="11">to</token>
<token t_id="84" sentence="4" number="12">target</token>
<token t_id="85" sentence="4" number="13">the</token>
<token t_id="86" sentence="4" number="14">station</token>
<token t_id="87" sentence="4" number="15">where</token>
<token t_id="88" sentence="4" number="16">the</token>
<token t_id="89" sentence="4" number="17">policeman</token>
<token t_id="90" sentence="4" number="18">charged</token>
<token t_id="91" sentence="4" number="19">with</token>
<token t_id="92" sentence="4" number="20">Alexandros</token>
<token t_id="93" sentence="4" number="21">'</token>
<token t_id="94" sentence="4" number="22">murder</token>
<token t_id="95" sentence="4" number="23">was</token>
<token t_id="96" sentence="4" number="24">based</token>
<token t_id="97" sentence="4" number="25">.</token>
<token t_id="98" sentence="5" number="0">Earlier</token>
<token t_id="99" sentence="5" number="1">,</token>
<token t_id="100" sentence="5" number="2">several</token>
<token t_id="101" sentence="5" number="3">peaceful</token>
<token t_id="102" sentence="5" number="4">services</token>
<token t_id="103" sentence="5" number="5">had</token>
<token t_id="104" sentence="5" number="6">been</token>
<token t_id="105" sentence="5" number="7">held</token>
<token t_id="106" sentence="5" number="8">to</token>
<token t_id="107" sentence="5" number="9">remember</token>
<token t_id="108" sentence="5" number="10">the</token>
<token t_id="109" sentence="5" number="11">teenager</token>
<token t_id="110" sentence="5" number="12">.</token>
<token t_id="111" sentence="6" number="0">Advice</token>
<token t_id="112" sentence="6" number="1">if</token>
<token t_id="113" sentence="6" number="2">you</token>
<token t_id="114" sentence="6" number="3">'re</token>
<token t_id="115" sentence="6" number="4">upset</token>
<token t_id="116" sentence="6" number="5">by</token>
<token t_id="117" sentence="6" number="6">the</token>
<token t_id="118" sentence="6" number="7">news</token>
<token t_id="119" sentence="7" number="0">At</token>
<token t_id="120" sentence="7" number="1">least</token>
<token t_id="121" sentence="7" number="2">70</token>
<token t_id="122" sentence="7" number="3">people</token>
<token t_id="123" sentence="7" number="4">have</token>
<token t_id="124" sentence="7" number="5">been</token>
<token t_id="125" sentence="7" number="6">hurt</token>
<token t_id="126" sentence="7" number="7">in</token>
<token t_id="127" sentence="7" number="8">the</token>
<token t_id="128" sentence="7" number="9">protests</token>
<token t_id="129" sentence="7" number="10">over</token>
<token t_id="130" sentence="7" number="11">the</token>
<token t_id="131" sentence="7" number="12">past</token>
<token t_id="132" sentence="7" number="13">eight</token>
<token t_id="133" sentence="7" number="14">days</token>
<token t_id="134" sentence="7" number="15">.</token>
<token t_id="135" sentence="8" number="0">As</token>
<token t_id="136" sentence="8" number="1">the</token>
<token t_id="137" sentence="8" number="2">riots</token>
<token t_id="138" sentence="8" number="3">have</token>
<token t_id="139" sentence="8" number="4">continued</token>
<token t_id="140" sentence="8" number="5">,</token>
<token t_id="141" sentence="8" number="6">more</token>
<token t_id="142" sentence="8" number="7">and</token>
<token t_id="143" sentence="8" number="8">more</token>
<token t_id="144" sentence="8" number="9">people</token>
<token t_id="145" sentence="8" number="10">have</token>
<token t_id="146" sentence="8" number="11">been</token>
<token t_id="147" sentence="8" number="12">calling</token>
<token t_id="148" sentence="8" number="13">for</token>
<token t_id="149" sentence="8" number="14">the</token>
<token t_id="150" sentence="8" number="15">Greek</token>
<token t_id="151" sentence="8" number="16">Prime</token>
<token t_id="152" sentence="8" number="17">Minister</token>
<token t_id="153" sentence="8" number="18">Costas</token>
<token t_id="154" sentence="8" number="19">Karamanlis</token>
<token t_id="155" sentence="8" number="20">and</token>
<token t_id="156" sentence="8" number="21">his</token>
<token t_id="157" sentence="8" number="22">government</token>
<token t_id="158" sentence="8" number="23">to</token>
<token t_id="159" sentence="8" number="24">quit</token>
<token t_id="160" sentence="8" number="25">.</token>
<token t_id="161" sentence="9" number="0">But</token>
<token t_id="162" sentence="9" number="1">Mr</token>
<token t_id="163" sentence="9" number="2">Karamanlis</token>
<token t_id="164" sentence="9" number="3">says</token>
<token t_id="165" sentence="9" number="4">he</token>
<token t_id="166" sentence="9" number="5">will</token>
<token t_id="167" sentence="9" number="6">not</token>
<token t_id="168" sentence="9" number="7">be</token>
<token t_id="169" sentence="9" number="8">pushed</token>
<token t_id="170" sentence="9" number="9">out</token>
<token t_id="171" sentence="9" number="10">by</token>
<token t_id="172" sentence="9" number="11">the</token>
<token t_id="173" sentence="9" number="12">protestors</token>
<token t_id="174" sentence="9" number="13">.</token>
<Markables>
<ACTION_OCCURRENCE m_id="11"  >
  <token_anchor t_id="27"/>
</ACTION_OCCURRENCE>
<ACTION_OCCURRENCE m_id="12"  >
  <token_anchor t_id="29"/>
</ACTION_OCCURRENCE>
<ACTION_OCCURRENCE m_id="15"  >
  <token_anchor t_id="38"/>
</ACTION_OCCURRENCE>
<ACTION_OCCURRENCE m_id="16"  >
  <token_anchor t_id="40"/>
</ACTION_OCCURRENCE>
<ACTION_OCCURRENCE m_id="17"  >
  <token_anchor t_id="43"/>
</ACTION_OCCURRENCE>
<HUMAN_PART_PER m_id="10"  >
  <token_anchor t_id="25"/>
</HUMAN_PART_PER>
<LOC_GEO m_id="18"  >
  <token_anchor t_id="45"/>
  <token_anchor t_id="46"/>
</LOC_GEO>
<LOC_GEO m_id="14"  >
  <token_anchor t_id="32"/>
  <token_anchor t_id="33"/>
</LOC_GEO>


<ACTION_OCCURRENCE m_id="19" note="byCROMER" >
  <token_anchor t_id="41"/>
</ACTION_OCCURRENCE>
<HUMAN_PART_PER m_id="20" note="byCROMER" >
  <token_anchor t_id="31"/>
</HUMAN_PART_PER>
<TIME_DATE m_id="21" note="byCROMER" >
  <token_anchor t_id="34"/>
  <token_anchor t_id="35"/>
  <token_anchor t_id="36"/>
</TIME_DATE>


<ACTION_OCCURRENCE m_id="30" RELATED_TO="" TAG_DESCRIPTOR="t19b_killing" instance_id="ACT17819728461396359" />
<LOC_GEO m_id="29" RELATED_TO="" TAG_DESCRIPTOR="t19b_greece" instance_id="LOC17819756552118938" />
<TIME_DATE m_id="28" RELATED_TO="" TAG_DESCRIPTOR="t19b_saturday" instance_id="TIM17819771332075563" />
<HUMAN_PART_PER m_id="27" RELATED_TO="" TAG_DESCRIPTOR="t19b_officer" instance_id="HUM17820759029533562" />
<ACTION_OCCURRENCE m_id="26" RELATED_TO="" TAG_DESCRIPTOR="t19b_demonstrations" instance_id="ACT17820747425964928" />
<LOC_GEO m_id="25" RELATED_TO="" TAG_DESCRIPTOR="t19b_athens" instance_id="LOC17820708043450954" />
<ACTION_OCCURRENCE m_id="24" RELATED_TO="" TAG_DESCRIPTOR="t19b_sparked" instance_id="ACT17820732359105635" />
<HUMAN_PART_PER m_id="23" RELATED_TO="" TAG_DESCRIPTOR="t19b_alex" instance_id="HUM17819747019655492" />
<ACTION_OCCURRENCE m_id="22" RELATED_TO="" TAG_DESCRIPTOR="t19b_shooting" instance_id="ACT17819810020957731" />
</Markables>

<Relations>
<CROSS_DOC_COREF r_id="41547" note="ACT17819810020957731" >
  <source m_id="11" />
  <target m_id="22" />
</CROSS_DOC_COREF>
<CROSS_DOC_COREF r_id="41548" note="HUM17819747019655492" >
  <source m_id="10" />
  <target m_id="23" />
</CROSS_DOC_COREF>
<CROSS_DOC_COREF r_id="41549" note="ACT17820732359105635" >
  <source m_id="15" />
  <target m_id="24" />
</CROSS_DOC_COREF>
<CROSS_DOC_COREF r_id="41550" note="LOC17820708043450954" >
  <source m_id="14" />
  <target m_id="25" />
</CROSS_DOC_COREF>
<CROSS_DOC_COREF r_id="41551" note="ACT17820747425964928" >
  <source m_id="19" />
  <source m_id="16" />
  <target m_id="26" />
</CROSS_DOC_COREF>
<CROSS_DOC_COREF r_id="41552" note="HUM17820759029533562" >
  <source m_id="20" />
  <target m_id="27" />
</CROSS_DOC_COREF>
<CROSS_DOC_COREF r_id="41553" note="TIM17819771332075563" >
  <source m_id="21" />
  <target m_id="28" />
</CROSS_DOC_COREF>
<CROSS_DOC_COREF r_id="41554" note="LOC17819756552118938" >
  <source m_id="18" />
  <target m_id="29" />
</CROSS_DOC_COREF>
<CROSS_DOC_COREF r_id="41555" note="ACT17819728461396359" >
  <source m_id="12" />
  <target m_id="30" />
</CROSS_DOC_COREF>

</Relations>
</Document>
