<Document doc_name="19_15ecb.xml" doc_id="DOC15654490663711957">
<token t_id="1" sentence="0" number="0">Greek</token>
<token t_id="2" sentence="0" number="1">police</token>
<token t_id="3" sentence="0" number="2">charged</token>
<token t_id="4" sentence="0" number="3">over</token>
<token t_id="5" sentence="0" number="4">boy</token>
<token t_id="6" sentence="0" number="5">'s</token>
<token t_id="7" sentence="0" number="6">death</token>
<token t_id="8" sentence="1" number="0">A</token>
<token t_id="9" sentence="1" number="1">GREEK</token>
<token t_id="10" sentence="1" number="2">police</token>
<token t_id="11" sentence="1" number="3">officer</token>
<token t_id="12" sentence="1" number="4">has</token>
<token t_id="13" sentence="1" number="5">been</token>
<token t_id="14" sentence="1" number="6">formally</token>
<token t_id="15" sentence="1" number="7">charged</token>
<token t_id="16" sentence="1" number="8">with</token>
<token t_id="17" sentence="1" number="9">voluntary</token>
<token t_id="18" sentence="1" number="10">homicide</token>
<token t_id="19" sentence="1" number="11">over</token>
<token t_id="20" sentence="1" number="12">the</token>
<token t_id="21" sentence="1" number="13">killing</token>
<token t_id="22" sentence="1" number="14">of</token>
<token t_id="23" sentence="1" number="15">a</token>
<token t_id="24" sentence="1" number="16">teenager</token>
<token t_id="25" sentence="1" number="17">that</token>
<token t_id="26" sentence="1" number="18">sparked</token>
<token t_id="27" sentence="1" number="19">nationwide</token>
<token t_id="28" sentence="1" number="20">riots</token>
<token t_id="29" sentence="1" number="21">,</token>
<token t_id="30" sentence="1" number="22">a</token>
<token t_id="31" sentence="1" number="23">court</token>
<token t_id="32" sentence="1" number="24">source</token>
<token t_id="33" sentence="1" number="25">said</token>
<token t_id="34" sentence="1" number="26">.</token>
<token t_id="35" sentence="2" number="0">Epaminondas</token>
<token t_id="36" sentence="2" number="1">Korkoneas</token>
<token t_id="37" sentence="2" number="2">,</token>
<token t_id="38" sentence="2" number="3">37</token>
<token t_id="39" sentence="2" number="4">,</token>
<token t_id="40" sentence="2" number="5">has</token>
<token t_id="41" sentence="2" number="6">also</token>
<token t_id="42" sentence="2" number="7">been</token>
<token t_id="43" sentence="2" number="8">charged</token>
<token t_id="44" sentence="2" number="9">with</token>
<token t_id="45" sentence="2" number="10">the</token>
<token t_id="46" sentence="2" number="11">``</token>
<token t_id="47" sentence="2" number="12">illegal</token>
<token t_id="48" sentence="2" number="13">use</token>
<token t_id="49" sentence="2" number="14">``</token>
<token t_id="50" sentence="2" number="15">of</token>
<token t_id="51" sentence="2" number="16">his</token>
<token t_id="52" sentence="2" number="17">service</token>
<token t_id="53" sentence="2" number="18">weapon</token>
<token t_id="54" sentence="2" number="19">over</token>
<token t_id="55" sentence="2" number="20">the</token>
<token t_id="56" sentence="2" number="21">killing</token>
<token t_id="57" sentence="2" number="22">of</token>
<token t_id="58" sentence="2" number="23">Alexis</token>
<token t_id="59" sentence="2" number="24">Grigoropoulos</token>
<token t_id="60" sentence="2" number="25">and</token>
<token t_id="61" sentence="2" number="26">was</token>
<token t_id="62" sentence="2" number="27">ordered</token>
<token t_id="63" sentence="2" number="28">to</token>
<token t_id="64" sentence="2" number="29">remain</token>
<token t_id="65" sentence="2" number="30">in</token>
<token t_id="66" sentence="2" number="31">custody</token>
<token t_id="67" sentence="2" number="32">by</token>
<token t_id="68" sentence="2" number="33">an</token>
<token t_id="69" sentence="2" number="34">Athens</token>
<token t_id="70" sentence="2" number="35">magistrate</token>
<token t_id="71" sentence="2" number="36">.</token>
<token t_id="72" sentence="3" number="0">The</token>
<token t_id="73" sentence="3" number="1">officer</token>
<token t_id="74" sentence="3" number="2">'s</token>
<token t_id="75" sentence="3" number="3">partner</token>
<token t_id="76" sentence="3" number="4">,</token>
<token t_id="77" sentence="3" number="5">Vassilios</token>
<token t_id="78" sentence="3" number="6">Saraliotis</token>
<token t_id="79" sentence="3" number="7">,</token>
<token t_id="80" sentence="3" number="8">31</token>
<token t_id="81" sentence="3" number="9">,</token>
<token t_id="82" sentence="3" number="10">was</token>
<token t_id="83" sentence="3" number="11">charged</token>
<token t_id="84" sentence="3" number="12">with</token>
<token t_id="85" sentence="3" number="13">being</token>
<token t_id="86" sentence="3" number="14">an</token>
<token t_id="87" sentence="3" number="15">accomplice</token>
<token t_id="88" sentence="3" number="16">and</token>
<token t_id="89" sentence="3" number="17">will</token>
<token t_id="90" sentence="3" number="18">also</token>
<token t_id="91" sentence="3" number="19">remain</token>
<token t_id="92" sentence="3" number="20">in</token>
<token t_id="93" sentence="3" number="21">custody</token>
<token t_id="94" sentence="3" number="22">,</token>
<token t_id="95" sentence="3" number="23">the</token>
<token t_id="96" sentence="3" number="24">same</token>
<token t_id="97" sentence="3" number="25">source</token>
<token t_id="98" sentence="3" number="26">said</token>
<token t_id="99" sentence="3" number="27">today</token>
<token t_id="100" sentence="3" number="28">.</token>
<token t_id="101" sentence="4" number="0">The</token>
<token t_id="102" sentence="4" number="1">pair</token>
<token t_id="103" sentence="4" number="2">have</token>
<token t_id="104" sentence="4" number="3">each</token>
<token t_id="105" sentence="4" number="4">been</token>
<token t_id="106" sentence="4" number="5">held</token>
<token t_id="107" sentence="4" number="6">since</token>
<token t_id="108" sentence="4" number="7">Monday</token>
<token t_id="109" sentence="4" number="8">.</token>
<token t_id="110" sentence="5" number="0">According</token>
<token t_id="111" sentence="5" number="1">to</token>
<token t_id="112" sentence="5" number="2">the</token>
<token t_id="113" sentence="5" number="3">charge</token>
<token t_id="114" sentence="5" number="4">sheet</token>
<token t_id="115" sentence="5" number="5">,</token>
<token t_id="116" sentence="5" number="6">Mr</token>
<token t_id="117" sentence="5" number="7">Korkoneas</token>
<token t_id="118" sentence="5" number="8">killed</token>
<token t_id="119" sentence="5" number="9">Grigoropoulos</token>
<token t_id="120" sentence="5" number="10">on</token>
<token t_id="121" sentence="5" number="11">Sunday</token>
<token t_id="122" sentence="5" number="12">during</token>
<token t_id="123" sentence="5" number="13">a</token>
<token t_id="124" sentence="5" number="14">clash</token>
<token t_id="125" sentence="5" number="15">with</token>
<token t_id="126" sentence="5" number="16">around</token>
<token t_id="127" sentence="5" number="17">30</token>
<token t_id="128" sentence="5" number="18">youths</token>
<token t_id="129" sentence="5" number="19">in</token>
<token t_id="130" sentence="5" number="20">the</token>
<token t_id="131" sentence="5" number="21">central</token>
<token t_id="132" sentence="5" number="22">Athens</token>
<token t_id="133" sentence="5" number="23">district</token>
<token t_id="134" sentence="5" number="24">of</token>
<token t_id="135" sentence="5" number="25">Exarchia</token>
<token t_id="136" sentence="5" number="26">,</token>
<token t_id="137" sentence="5" number="27">an</token>
<token t_id="138" sentence="5" number="28">incident</token>
<token t_id="139" sentence="5" number="29">which</token>
<token t_id="140" sentence="5" number="30">sparked</token>
<token t_id="141" sentence="5" number="31">this</token>
<token t_id="142" sentence="5" number="32">week</token>
<token t_id="143" sentence="5" number="33">'s</token>
<token t_id="144" sentence="5" number="34">violence</token>
<token t_id="145" sentence="5" number="35">.</token>
<token t_id="146" sentence="6" number="0">Under</token>
<token t_id="147" sentence="6" number="1">questioning</token>
<token t_id="148" sentence="6" number="2">,</token>
<token t_id="149" sentence="6" number="3">the</token>
<token t_id="150" sentence="6" number="4">court</token>
<token t_id="151" sentence="6" number="5">source</token>
<token t_id="152" sentence="6" number="6">said</token>
<token t_id="153" sentence="6" number="7">Mr</token>
<token t_id="154" sentence="6" number="8">Korkoneas</token>
<token t_id="155" sentence="6" number="9">indicated</token>
<token t_id="156" sentence="6" number="10">he</token>
<token t_id="157" sentence="6" number="11">had</token>
<token t_id="158" sentence="6" number="12">acted</token>
<token t_id="159" sentence="6" number="13">out</token>
<token t_id="160" sentence="6" number="14">of</token>
<token t_id="161" sentence="6" number="15">self</token>
<token t_id="162" sentence="6" number="16">defence</token>
<token t_id="163" sentence="6" number="17">when</token>
<token t_id="164" sentence="6" number="18">the</token>
<token t_id="165" sentence="6" number="19">group</token>
<token t_id="166" sentence="6" number="20">began</token>
<token t_id="167" sentence="6" number="21">throwing</token>
<token t_id="168" sentence="6" number="22">firebombs</token>
<token t_id="169" sentence="6" number="23">and</token>
<token t_id="170" sentence="6" number="24">other</token>
<token t_id="171" sentence="6" number="25">objects</token>
<token t_id="172" sentence="6" number="26">while</token>
<token t_id="173" sentence="6" number="27">shouting</token>
<token t_id="174" sentence="6" number="28">they</token>
<token t_id="175" sentence="6" number="29">``</token>
<token t_id="176" sentence="6" number="30">were</token>
<token t_id="177" sentence="6" number="31">going</token>
<token t_id="178" sentence="6" number="32">to</token>
<token t_id="179" sentence="6" number="33">kill</token>
<token t_id="180" sentence="6" number="34">them</token>
<token t_id="181" sentence="6" number="35">''</token>
<token t_id="182" sentence="6" number="36">.</token>
<token t_id="183" sentence="7" number="0">The</token>
<token t_id="184" sentence="7" number="1">officer</token>
<token t_id="185" sentence="7" number="2">said</token>
<token t_id="186" sentence="7" number="3">that</token>
<token t_id="187" sentence="7" number="4">he</token>
<token t_id="188" sentence="7" number="5">took</token>
<token t_id="189" sentence="7" number="6">out</token>
<token t_id="190" sentence="7" number="7">his</token>
<token t_id="191" sentence="7" number="8">revolver</token>
<token t_id="192" sentence="7" number="9">and</token>
<token t_id="193" sentence="7" number="10">fired</token>
<token t_id="194" sentence="7" number="11">two</token>
<token t_id="195" sentence="7" number="12">or</token>
<token t_id="196" sentence="7" number="13">three</token>
<token t_id="197" sentence="7" number="14">times</token>
<token t_id="198" sentence="7" number="15">in</token>
<token t_id="199" sentence="7" number="16">the</token>
<token t_id="200" sentence="7" number="17">air</token>
<token t_id="201" sentence="7" number="18">out</token>
<token t_id="202" sentence="7" number="19">of</token>
<token t_id="203" sentence="7" number="20">self</token>
<token t_id="204" sentence="7" number="21">defence</token>
<token t_id="205" sentence="7" number="22">and</token>
<token t_id="206" sentence="7" number="23">that</token>
<token t_id="207" sentence="7" number="24">he</token>
<token t_id="208" sentence="7" number="25">had</token>
<token t_id="209" sentence="7" number="26">not</token>
<token t_id="210" sentence="7" number="27">aimed</token>
<token t_id="211" sentence="7" number="28">his</token>
<token t_id="212" sentence="7" number="29">gun</token>
<token t_id="213" sentence="7" number="30">at</token>
<token t_id="214" sentence="7" number="31">the</token>
<token t_id="215" sentence="7" number="32">victim</token>
<token t_id="216" sentence="7" number="33">who</token>
<token t_id="217" sentence="7" number="34">died</token>
<token t_id="218" sentence="7" number="35">from</token>
<token t_id="219" sentence="7" number="36">a</token>
<token t_id="220" sentence="7" number="37">ricochet</token>
<token t_id="221" sentence="7" number="38">.</token>
<token t_id="222" sentence="8" number="0">Ballistics</token>
<token t_id="223" sentence="8" number="1">tests</token>
<token t_id="224" sentence="8" number="2">conducted</token>
<token t_id="225" sentence="8" number="3">in</token>
<token t_id="226" sentence="8" number="4">the</token>
<token t_id="227" sentence="8" number="5">wake</token>
<token t_id="228" sentence="8" number="6">of</token>
<token t_id="229" sentence="8" number="7">the</token>
<token t_id="230" sentence="8" number="8">15-year-old</token>
<token t_id="231" sentence="8" number="9">'s</token>
<token t_id="232" sentence="8" number="10">post-mortem</token>
<token t_id="233" sentence="8" number="11">reportedly</token>
<token t_id="234" sentence="8" number="12">showed</token>
<token t_id="235" sentence="8" number="13">the</token>
<token t_id="236" sentence="8" number="14">shooting</token>
<token t_id="237" sentence="8" number="15">may</token>
<token t_id="238" sentence="8" number="16">have</token>
<token t_id="239" sentence="8" number="17">been</token>
<token t_id="240" sentence="8" number="18">caused</token>
<token t_id="241" sentence="8" number="19">by</token>
<token t_id="242" sentence="8" number="20">a</token>
<token t_id="243" sentence="8" number="21">ricochet</token>
<token t_id="244" sentence="8" number="22">bullet</token>
<token t_id="245" sentence="8" number="23">,</token>
<token t_id="246" sentence="8" number="24">legal</token>
<token t_id="247" sentence="8" number="25">sources</token>
<token t_id="248" sentence="8" number="26">earlier</token>
<token t_id="249" sentence="8" number="27">said</token>
<token t_id="250" sentence="8" number="28">.</token>
<token t_id="251" sentence="9" number="0">According</token>
<token t_id="252" sentence="9" number="1">to</token>
<token t_id="253" sentence="9" number="2">forensic</token>
<token t_id="254" sentence="9" number="3">experts</token>
<token t_id="255" sentence="9" number="4">and</token>
<token t_id="256" sentence="9" number="5">independent</token>
<token t_id="257" sentence="9" number="6">experts</token>
<token t_id="258" sentence="9" number="7">acting</token>
<token t_id="259" sentence="9" number="8">for</token>
<token t_id="260" sentence="9" number="9">the</token>
<token t_id="261" sentence="9" number="10">Grigoropoulos</token>
<token t_id="262" sentence="9" number="11">family</token>
<token t_id="263" sentence="9" number="12">,</token>
<token t_id="264" sentence="9" number="13">the</token>
<token t_id="265" sentence="9" number="14">bullet</token>
<token t_id="266" sentence="9" number="15">``</token>
<token t_id="267" sentence="9" number="16">is</token>
<token t_id="268" sentence="9" number="17">a</token>
<token t_id="269" sentence="9" number="18">bit</token>
<token t_id="270" sentence="9" number="19">deformed</token>
<token t_id="271" sentence="9" number="20">,</token>
<token t_id="272" sentence="9" number="21">which</token>
<token t_id="273" sentence="9" number="22">showed</token>
<token t_id="274" sentence="9" number="23">the</token>
<token t_id="275" sentence="9" number="24">bullet</token>
<token t_id="276" sentence="9" number="25">touched</token>
<token t_id="277" sentence="9" number="26">a</token>
<token t_id="278" sentence="9" number="27">hard</token>
<token t_id="279" sentence="9" number="28">surface</token>
<token t_id="280" sentence="9" number="29">''</token>
<token t_id="281" sentence="9" number="30">before</token>
<token t_id="282" sentence="9" number="31">entering</token>
<token t_id="283" sentence="9" number="32">the</token>
<token t_id="284" sentence="9" number="33">boy</token>
<token t_id="285" sentence="9" number="34">'s</token>
<token t_id="286" sentence="9" number="35">chest</token>
<token t_id="287" sentence="9" number="36">.</token>
<token t_id="288" sentence="10" number="0">Mr</token>
<token t_id="289" sentence="10" number="1">Saraliotis</token>
<token t_id="290" sentence="10" number="2">also</token>
<token t_id="291" sentence="10" number="3">said</token>
<token t_id="292" sentence="10" number="4">he</token>
<token t_id="293" sentence="10" number="5">acted</token>
<token t_id="294" sentence="10" number="6">out</token>
<token t_id="295" sentence="10" number="7">of</token>
<token t_id="296" sentence="10" number="8">self</token>
<token t_id="297" sentence="10" number="9">defence</token>
<token t_id="298" sentence="10" number="10">during</token>
<token t_id="299" sentence="10" number="11">the</token>
<token t_id="300" sentence="10" number="12">unrest</token>
<token t_id="301" sentence="10" number="13">which</token>
<token t_id="302" sentence="10" number="14">triggered</token>
<token t_id="303" sentence="10" number="15">five</token>
<token t_id="304" sentence="10" number="16">days</token>
<token t_id="305" sentence="10" number="17">of</token>
<token t_id="306" sentence="10" number="18">rioting</token>
<token t_id="307" sentence="10" number="19">in</token>
<token t_id="308" sentence="10" number="20">Athens</token>
<token t_id="309" sentence="10" number="21">and</token>
<token t_id="310" sentence="10" number="22">elsewhere</token>
<token t_id="311" sentence="10" number="23">across</token>
<token t_id="312" sentence="10" number="24">Greece</token>
<token t_id="313" sentence="10" number="25">.</token>
<Markables>
<ACTION_OCCURRENCE m_id="13"  >
  <token_anchor t_id="43"/>
</ACTION_OCCURRENCE>
<ACTION_OCCURRENCE m_id="14"  >
  <token_anchor t_id="48"/>
</ACTION_OCCURRENCE>
<ACTION_OCCURRENCE m_id="15"  >
  <token_anchor t_id="56"/>
</ACTION_OCCURRENCE>
<ACTION_OCCURRENCE m_id="16"  >
  <token_anchor t_id="62"/>
</ACTION_OCCURRENCE>
<ACTION_STATE m_id="17"  >
  <token_anchor t_id="64"/>
</ACTION_STATE>
<HUMAN_PART_PER m_id="20"  >
  <token_anchor t_id="70"/>
</HUMAN_PART_PER>
<HUMAN_PART_PER m_id="12"  >
  <token_anchor t_id="35"/>
  <token_anchor t_id="36"/>
</HUMAN_PART_PER>
<HUMAN_PART_PER m_id="19"  >
  <token_anchor t_id="58"/>
  <token_anchor t_id="59"/>
</HUMAN_PART_PER>
<LOC_GEO m_id="21"  >
  <token_anchor t_id="69"/>
</LOC_GEO>
<NON_HUMAN_PART m_id="18"  >
  <token_anchor t_id="53"/>
</NON_HUMAN_PART>




<ACTION_OCCURRENCE m_id="26" RELATED_TO="" TAG_DESCRIPTOR="t19b_killing" instance_id="ACT17819728461396359" />
<HUMAN_PART_PER m_id="25" RELATED_TO="" TAG_DESCRIPTOR="t19b_officer" instance_id="HUM17820759029533562" />
<NON_HUMAN_PART m_id="24" RELATED_TO="" TAG_DESCRIPTOR="t19b_gun" instance_id="NON17820891058860248" />
<LOC_GEO m_id="23" RELATED_TO="" TAG_DESCRIPTOR="t19b_athens" instance_id="LOC17820708043450954" />
<HUMAN_PART_PER m_id="22" RELATED_TO="" TAG_DESCRIPTOR="t19b_alex" instance_id="HUM17819747019655492" />
</Markables>

<Relations>
<CROSS_DOC_COREF r_id="33563" note="HUM17819747019655492" >
  <source m_id="19" />
  <target m_id="22" />
</CROSS_DOC_COREF>
<CROSS_DOC_COREF r_id="33564" note="LOC17820708043450954" >
  <source m_id="21" />
  <target m_id="23" />
</CROSS_DOC_COREF>
<CROSS_DOC_COREF r_id="33565" note="NON17820891058860248" >
  <source m_id="18" />
  <target m_id="24" />
</CROSS_DOC_COREF>
<CROSS_DOC_COREF r_id="33566" note="HUM17820759029533562" >
  <source m_id="12" />
  <target m_id="25" />
</CROSS_DOC_COREF>
<CROSS_DOC_COREF r_id="33567" note="ACT17819728461396359" >
  <source m_id="15" />
  <target m_id="26" />
</CROSS_DOC_COREF>

</Relations>
</Document>
