<Document doc_name="19_2ecbplus.xml" doc_id="DOC15646259030729705">
<token t_id="1" sentence="0" number="0">http</token>
<token t_id="2" sentence="0" number="1">:</token>
<token t_id="3" sentence="0" number="2">/</token>
<token t_id="4" sentence="0" number="3">/</token>
<token t_id="5" sentence="0" number="4">www</token>
<token t_id="6" sentence="0" number="5">.</token>
<token t_id="7" sentence="0" number="6">essence</token>
<token t_id="8" sentence="0" number="7">.</token>
<token t_id="9" sentence="0" number="8">com</token>
<token t_id="10" sentence="0" number="9">/</token>
<token t_id="11" sentence="0" number="10">2013</token>
<token t_id="12" sentence="0" number="11">/</token>
<token t_id="13" sentence="0" number="12">03</token>
<token t_id="14" sentence="0" number="13">/</token>
<token t_id="15" sentence="0" number="14">17</token>
<token t_id="16" sentence="0" number="15">/</token>
<token t_id="17" sentence="0" number="16">riots</token>
<token t_id="18" sentence="0" number="17">-</token>
<token t_id="19" sentence="0" number="18">erupt</token>
<token t_id="20" sentence="0" number="19">-</token>
<token t_id="21" sentence="0" number="20">following</token>
<token t_id="22" sentence="0" number="21">-</token>
<token t_id="23" sentence="0" number="22">death</token>
<token t_id="24" sentence="0" number="23">-</token>
<token t_id="25" sentence="0" number="24">brooklyn</token>
<token t_id="26" sentence="0" number="25">-</token>
<token t_id="27" sentence="0" number="26">teen</token>
<token t_id="28" sentence="0" number="27">-</token>
<token t_id="29" sentence="0" number="28">killed</token>
<token t_id="30" sentence="0" number="29">-</token>
<token t_id="31" sentence="0" number="30">police</token>
<token t_id="32" sentence="0" number="31">/</token>
<token t_id="33" sentence="1" number="0">Sunday</token>
<token t_id="34" sentence="1" number="1">,</token>
<token t_id="35" sentence="1" number="2">March</token>
<token t_id="36" sentence="1" number="3">17</token>
<token t_id="37" sentence="1" number="4">,</token>
<token t_id="38" sentence="1" number="5">2013</token>
<token t_id="39" sentence="1" number="6">|</token>
<token t_id="40" sentence="1" number="7">5</token>
<token t_id="41" sentence="1" number="8">:</token>
<token t_id="42" sentence="1" number="9">00</token>
<token t_id="43" sentence="1" number="10">PM</token>
<token t_id="44" sentence="2" number="0">Riots</token>
<token t_id="45" sentence="2" number="1">Erupt</token>
<token t_id="46" sentence="2" number="2">Following</token>
<token t_id="47" sentence="2" number="3">Death</token>
<token t_id="48" sentence="2" number="4">of</token>
<token t_id="49" sentence="2" number="5">Brooklyn</token>
<token t_id="50" sentence="2" number="6">Teen</token>
<token t_id="51" sentence="2" number="7">Killed</token>
<token t_id="52" sentence="2" number="8">By</token>
<token t_id="53" sentence="2" number="9">Police</token>
<token t_id="54" sentence="3" number="0">In</token>
<token t_id="55" sentence="3" number="1">the</token>
<token t_id="56" sentence="3" number="2">week</token>
<token t_id="57" sentence="3" number="3">following</token>
<token t_id="58" sentence="3" number="4">the</token>
<token t_id="59" sentence="3" number="5">fatal</token>
<token t_id="60" sentence="3" number="6">shooting</token>
<token t_id="61" sentence="3" number="7">of</token>
<token t_id="62" sentence="3" number="8">16</token>
<token t_id="63" sentence="3" number="9">-</token>
<token t_id="64" sentence="3" number="10">year</token>
<token t_id="65" sentence="3" number="11">-</token>
<token t_id="66" sentence="3" number="12">old</token>
<token t_id="67" sentence="3" number="13">Kimani</token>
<token t_id="68" sentence="3" number="14">Gray</token>
<token t_id="69" sentence="3" number="15">,</token>
<token t_id="70" sentence="3" number="16">several</token>
<token t_id="71" sentence="3" number="17">protests</token>
<token t_id="72" sentence="3" number="18">and</token>
<token t_id="73" sentence="3" number="19">riots</token>
<token t_id="74" sentence="3" number="20">have</token>
<token t_id="75" sentence="3" number="21">erupted</token>
<token t_id="76" sentence="3" number="22">in</token>
<token t_id="77" sentence="3" number="23">the</token>
<token t_id="78" sentence="3" number="24">teen's</token>
<token t_id="79" sentence="3" number="25">Brooklyn</token>
<token t_id="80" sentence="3" number="26">neighborhood</token>
<token t_id="81" sentence="3" number="27">as</token>
<token t_id="82" sentence="3" number="28">the</token>
<token t_id="83" sentence="3" number="29">cops</token>
<token t_id="84" sentence="3" number="30">involved</token>
<token t_id="85" sentence="3" number="31">have</token>
<token t_id="86" sentence="3" number="32">come</token>
<token t_id="87" sentence="3" number="33">under</token>
<token t_id="88" sentence="3" number="34">scrutiny</token>
<token t_id="89" sentence="3" number="35">for</token>
<token t_id="90" sentence="3" number="36">previous</token>
<token t_id="91" sentence="3" number="37">reported</token>
<token t_id="92" sentence="3" number="38">civil</token>
<token t_id="93" sentence="3" number="39">rights</token>
<token t_id="94" sentence="3" number="40">violations</token>
<token t_id="95" sentence="3" number="41">.</token>
<token t_id="96" sentence="4" number="0">Gray</token>
<token t_id="97" sentence="4" number="1">was</token>
<token t_id="98" sentence="4" number="2">killed</token>
<token t_id="99" sentence="4" number="3">on</token>
<token t_id="100" sentence="4" number="4">March</token>
<token t_id="101" sentence="4" number="5">9</token>
<token t_id="102" sentence="4" number="6">by</token>
<token t_id="103" sentence="4" number="7">police</token>
<token t_id="104" sentence="4" number="8">who</token>
<token t_id="105" sentence="4" number="9">claim</token>
<token t_id="106" sentence="4" number="10">he</token>
<token t_id="107" sentence="4" number="11">pointed</token>
<token t_id="108" sentence="4" number="12">a</token>
<token t_id="109" sentence="4" number="13">gun</token>
<token t_id="110" sentence="4" number="14">at</token>
<token t_id="111" sentence="4" number="15">Sgt</token>
<token t_id="112" sentence="4" number="16">.</token>
<token t_id="113" sentence="4" number="17">Mourad</token>
<token t_id="114" sentence="4" number="18">Mourad</token>
<token t_id="115" sentence="4" number="19">and</token>
<token t_id="116" sentence="4" number="20">Officer</token>
<token t_id="117" sentence="4" number="21">Jovaniel</token>
<token t_id="118" sentence="4" number="22">Cordova</token>
<token t_id="119" sentence="4" number="23">before</token>
<token t_id="120" sentence="4" number="24">they</token>
<token t_id="121" sentence="4" number="25">opened</token>
<token t_id="122" sentence="4" number="26">fire</token>
<token t_id="123" sentence="4" number="27">.</token>
<token t_id="124" sentence="5" number="0">An</token>
<token t_id="125" sentence="5" number="1">autopsy</token>
<token t_id="126" sentence="5" number="2">shows</token>
<token t_id="127" sentence="5" number="3">that</token>
<token t_id="128" sentence="5" number="4">Gray</token>
<token t_id="129" sentence="5" number="5">was</token>
<token t_id="130" sentence="5" number="6">hit</token>
<token t_id="131" sentence="5" number="7">in</token>
<token t_id="132" sentence="5" number="8">the</token>
<token t_id="133" sentence="5" number="9">back</token>
<token t_id="134" sentence="5" number="10">by</token>
<token t_id="135" sentence="5" number="11">three</token>
<token t_id="136" sentence="5" number="12">of</token>
<token t_id="137" sentence="5" number="13">the</token>
<token t_id="138" sentence="5" number="14">seven</token>
<token t_id="139" sentence="5" number="15">bullets</token>
<token t_id="140" sentence="5" number="16">fired</token>
<token t_id="141" sentence="5" number="17">by</token>
<token t_id="142" sentence="5" number="18">the</token>
<token t_id="143" sentence="5" number="19">officers</token>
<token t_id="144" sentence="5" number="20">.</token>
<token t_id="145" sentence="6" number="0">A</token>
<token t_id="146" sentence="6" number="1">loaded</token>
<token t_id="147" sentence="6" number="2">.</token>
<token t_id="148" sentence="6" number="3">38</token>
<token t_id="149" sentence="6" number="4">-</token>
<token t_id="150" sentence="6" number="5">caliber</token>
<token t_id="151" sentence="6" number="6">revolver</token>
<token t_id="152" sentence="6" number="7">was</token>
<token t_id="153" sentence="6" number="8">found</token>
<token t_id="154" sentence="6" number="9">at</token>
<token t_id="155" sentence="6" number="10">the</token>
<token t_id="156" sentence="6" number="11">scene</token>
<token t_id="157" sentence="6" number="12">.</token>
<token t_id="158" sentence="7" number="0">Since</token>
<token t_id="159" sentence="7" number="1">the</token>
<token t_id="160" sentence="7" number="2">shooting</token>
<token t_id="161" sentence="7" number="3">,</token>
<token t_id="162" sentence="7" number="4">over</token>
<token t_id="163" sentence="7" number="5">50</token>
<token t_id="164" sentence="7" number="6">arrests</token>
<token t_id="165" sentence="7" number="7">have</token>
<token t_id="166" sentence="7" number="8">been</token>
<token t_id="167" sentence="7" number="9">made</token>
<token t_id="168" sentence="7" number="10">over</token>
<token t_id="169" sentence="7" number="11">four</token>
<token t_id="170" sentence="7" number="12">nights</token>
<token t_id="171" sentence="7" number="13">of</token>
<token t_id="172" sentence="7" number="14">protesting</token>
<token t_id="173" sentence="7" number="15">where</token>
<token t_id="174" sentence="7" number="16">community</token>
<token t_id="175" sentence="7" number="17">members</token>
<token t_id="176" sentence="7" number="18">are</token>
<token t_id="177" sentence="7" number="19">expressing</token>
<token t_id="178" sentence="7" number="20">outrage</token>
<token t_id="179" sentence="7" number="21">and</token>
<token t_id="180" sentence="7" number="22">demanding</token>
<token t_id="181" sentence="7" number="23">justice</token>
<token t_id="182" sentence="7" number="24">.</token>
<token t_id="183" sentence="8" number="0">Gray's</token>
<token t_id="184" sentence="8" number="1">school</token>
<token t_id="185" sentence="8" number="2">principal</token>
<token t_id="186" sentence="8" number="3">,</token>
<token t_id="187" sentence="8" number="4">Matthew</token>
<token t_id="188" sentence="8" number="5">Willoughby</token>
<token t_id="189" sentence="8" number="6">of</token>
<token t_id="190" sentence="8" number="7">the</token>
<token t_id="191" sentence="8" number="8">Urban</token>
<token t_id="192" sentence="8" number="9">Assembly</token>
<token t_id="193" sentence="8" number="10">School</token>
<token t_id="194" sentence="8" number="11">of</token>
<token t_id="195" sentence="8" number="12">Design</token>
<token t_id="196" sentence="8" number="13">and</token>
<token t_id="197" sentence="8" number="14">Construction</token>
<token t_id="198" sentence="8" number="15">,</token>
<token t_id="199" sentence="8" number="16">wrote</token>
<token t_id="200" sentence="8" number="17">a</token>
<token t_id="201" sentence="8" number="18">heartfelt</token>
<token t_id="202" sentence="8" number="19">letter</token>
<token t_id="203" sentence="8" number="20">describing</token>
<token t_id="204" sentence="8" number="21">the</token>
<token t_id="205" sentence="8" number="22">teen</token>
<token t_id="206" sentence="8" number="23">as</token>
<token t_id="207" sentence="8" number="24">a</token>
<token t_id="208" sentence="8" number="25">hard</token>
<token t_id="209" sentence="8" number="26">-</token>
<token t_id="210" sentence="8" number="27">working</token>
<token t_id="211" sentence="8" number="28">student</token>
<token t_id="212" sentence="8" number="29">who</token>
<token t_id="213" sentence="8" number="30">was</token>
<token t_id="214" sentence="8" number="31">committed</token>
<token t_id="215" sentence="8" number="32">to</token>
<token t_id="216" sentence="8" number="33">his</token>
<token t_id="217" sentence="8" number="34">academics</token>
<token t_id="218" sentence="8" number="35">.</token>
<token t_id="219" sentence="9" number="0">"Kimani</token>
<token t_id="220" sentence="9" number="1">made</token>
<token t_id="221" sentence="9" number="2">great</token>
<token t_id="222" sentence="9" number="3">strides</token>
<token t_id="223" sentence="9" number="4">this</token>
<token t_id="224" sentence="9" number="5">year</token>
<token t_id="225" sentence="9" number="6">academically</token>
<token t_id="226" sentence="9" number="7">,</token>
<token t_id="227" sentence="9" number="8">”</token>
<token t_id="228" sentence="9" number="9">the</token>
<token t_id="229" sentence="9" number="10">letter</token>
<token t_id="230" sentence="9" number="11">read</token>
<token t_id="231" sentence="9" number="12">.</token>
<token t_id="232" sentence="10" number="0">“</token>
<token t_id="233" sentence="10" number="1">He</token>
<token t_id="234" sentence="10" number="2">was</token>
<token t_id="235" sentence="10" number="3">taking</token>
<token t_id="236" sentence="10" number="4">an</token>
<token t_id="237" sentence="10" number="5">extra</token>
<token t_id="238" sentence="10" number="6">English</token>
<token t_id="239" sentence="10" number="7">class</token>
<token t_id="240" sentence="10" number="8">after</token>
<token t_id="241" sentence="10" number="9">school</token>
<token t_id="242" sentence="10" number="10">;</token>
<token t_id="243" sentence="10" number="11">he</token>
<token t_id="244" sentence="10" number="12">was</token>
<token t_id="245" sentence="10" number="13">writing</token>
<token t_id="246" sentence="10" number="14">a</token>
<token t_id="247" sentence="10" number="15">dramatic</token>
<token t_id="248" sentence="10" number="16">dialogue</token>
<token t_id="249" sentence="10" number="17">in</token>
<token t_id="250" sentence="10" number="18">another</token>
<token t_id="251" sentence="10" number="19">English</token>
<token t_id="252" sentence="10" number="20">class</token>
<token t_id="253" sentence="10" number="21">;</token>
<token t_id="254" sentence="10" number="22">his</token>
<token t_id="255" sentence="10" number="23">group</token>
<token t_id="256" sentence="10" number="24">in</token>
<token t_id="257" sentence="10" number="25">design</token>
<token t_id="258" sentence="10" number="26">class</token>
<token t_id="259" sentence="10" number="27">was</token>
<token t_id="260" sentence="10" number="28">working</token>
<token t_id="261" sentence="10" number="29">on</token>
<token t_id="262" sentence="10" number="30">a</token>
<token t_id="263" sentence="10" number="31">project</token>
<token t_id="264" sentence="10" number="32">to</token>
<token t_id="265" sentence="10" number="33">design</token>
<token t_id="266" sentence="10" number="34">a</token>
<token t_id="267" sentence="10" number="35">school</token>
<token t_id="268" sentence="10" number="36">.</token>
<token t_id="269" sentence="11" number="0">Now</token>
<token t_id="270" sentence="11" number="1">they</token>
<token t_id="271" sentence="11" number="2">are</token>
<token t_id="272" sentence="11" number="3">working</token>
<token t_id="273" sentence="11" number="4">to</token>
<token t_id="274" sentence="11" number="5">complete</token>
<token t_id="275" sentence="11" number="6">the</token>
<token t_id="276" sentence="11" number="7">project</token>
<token t_id="277" sentence="11" number="8">without</token>
<token t_id="278" sentence="11" number="9">him</token>
<token t_id="279" sentence="11" number="10">.</token>
<token t_id="280" sentence="11" number="11">"</token>
<token t_id="281" sentence="12" number="0">"Kimani</token>
<token t_id="282" sentence="12" number="1">should</token>
<token t_id="283" sentence="12" number="2">be</token>
<token t_id="284" sentence="12" number="3">remembered</token>
<token t_id="285" sentence="12" number="4">for</token>
<token t_id="286" sentence="12" number="5">all</token>
<token t_id="287" sentence="12" number="6">of</token>
<token t_id="288" sentence="12" number="7">who</token>
<token t_id="289" sentence="12" number="8">he</token>
<token t_id="290" sentence="12" number="9">was—an</token>
<token t_id="291" sentence="12" number="10">energetic</token>
<token t_id="292" sentence="12" number="11">,</token>
<token t_id="293" sentence="12" number="12">kind</token>
<token t_id="294" sentence="12" number="13">,</token>
<token t_id="295" sentence="12" number="14">playful</token>
<token t_id="296" sentence="12" number="15">,</token>
<token t_id="297" sentence="12" number="16">independent</token>
<token t_id="298" sentence="12" number="17">young</token>
<token t_id="299" sentence="12" number="18">man</token>
<token t_id="300" sentence="12" number="19">who</token>
<token t_id="301" sentence="12" number="20">was</token>
<token t_id="302" sentence="12" number="21">trying</token>
<token t_id="303" sentence="12" number="22">to</token>
<token t_id="304" sentence="12" number="23">learn</token>
<token t_id="305" sentence="12" number="24">and</token>
<token t_id="306" sentence="12" number="25">grow</token>
<token t_id="307" sentence="12" number="26">one</token>
<token t_id="308" sentence="12" number="27">day</token>
<token t_id="309" sentence="12" number="28">at</token>
<token t_id="310" sentence="12" number="29">a</token>
<token t_id="311" sentence="12" number="30">time</token>
<token t_id="312" sentence="12" number="31">,</token>
<token t_id="313" sentence="12" number="32">"</token>
<token t_id="314" sentence="12" number="33">Willoughby's</token>
<token t_id="315" sentence="12" number="34">letter</token>
<token t_id="316" sentence="12" number="35">continued</token>
<token t_id="317" sentence="12" number="36">.</token>
<token t_id="318" sentence="13" number="0">In</token>
<token t_id="319" sentence="13" number="1">the</token>
<token t_id="320" sentence="13" number="2">days</token>
<token t_id="321" sentence="13" number="3">following</token>
<token t_id="322" sentence="13" number="4">Gray's</token>
<token t_id="323" sentence="13" number="5">death</token>
<token t_id="324" sentence="13" number="6">,</token>
<token t_id="325" sentence="13" number="7">it's</token>
<token t_id="326" sentence="13" number="8">been</token>
<token t_id="327" sentence="13" number="9">revealed</token>
<token t_id="328" sentence="13" number="10">that</token>
<token t_id="329" sentence="13" number="11">both</token>
<token t_id="330" sentence="13" number="12">Mourad</token>
<token t_id="331" sentence="13" number="13">and</token>
<token t_id="332" sentence="13" number="14">Cordova</token>
<token t_id="333" sentence="13" number="15">have</token>
<token t_id="334" sentence="13" number="16">reportedly</token>
<token t_id="335" sentence="13" number="17">been</token>
<token t_id="336" sentence="13" number="18">named</token>
<token t_id="337" sentence="13" number="19">in</token>
<token t_id="338" sentence="13" number="20">five</token>
<token t_id="339" sentence="13" number="21">federal</token>
<token t_id="340" sentence="13" number="22">lawsuits</token>
<token t_id="341" sentence="13" number="23">with</token>
<token t_id="342" sentence="13" number="24">plaintiffs</token>
<token t_id="343" sentence="13" number="25">alleging</token>
<token t_id="344" sentence="13" number="26">civil</token>
<token t_id="345" sentence="13" number="27">rights</token>
<token t_id="346" sentence="13" number="28">violations</token>
<token t_id="347" sentence="13" number="29">.</token>
<token t_id="348" sentence="14" number="0">As</token>
<token t_id="349" sentence="14" number="1">a</token>
<token t_id="350" sentence="14" number="2">result</token>
<token t_id="351" sentence="14" number="3">,</token>
<token t_id="352" sentence="14" number="4">the</token>
<token t_id="353" sentence="14" number="5">two</token>
<token t_id="354" sentence="14" number="6">men</token>
<token t_id="355" sentence="14" number="7">have</token>
<token t_id="356" sentence="14" number="8">reportedly</token>
<token t_id="357" sentence="14" number="9">cost</token>
<token t_id="358" sentence="14" number="10">the</token>
<token t_id="359" sentence="14" number="11">city</token>
<token t_id="360" sentence="14" number="12">about</token>
<token t_id="361" sentence="14" number="13">$215</token>
<token t_id="362" sentence="14" number="14">,</token>
<token t_id="363" sentence="14" number="15">000</token>
<token t_id="364" sentence="14" number="16">in</token>
<token t_id="365" sentence="14" number="17">court</token>
<token t_id="366" sentence="14" number="18">settlements</token>
<token t_id="367" sentence="14" number="19">.</token>
<token t_id="368" sentence="15" number="0">In</token>
<token t_id="369" sentence="15" number="1">2009</token>
<token t_id="370" sentence="15" number="2">and</token>
<token t_id="371" sentence="15" number="3">2010</token>
<token t_id="372" sentence="15" number="4">,</token>
<token t_id="373" sentence="15" number="5">Mourad</token>
<token t_id="374" sentence="15" number="6">was</token>
<token t_id="375" sentence="15" number="7">sued</token>
<token t_id="376" sentence="15" number="8">three</token>
<token t_id="377" sentence="15" number="9">times</token>
<token t_id="378" sentence="15" number="10">with</token>
<token t_id="379" sentence="15" number="11">allegations</token>
<token t_id="380" sentence="15" number="12">including</token>
<token t_id="381" sentence="15" number="13">a</token>
<token t_id="382" sentence="15" number="14">stop</token>
<token t_id="383" sentence="15" number="15">-</token>
<token t_id="384" sentence="15" number="16">and</token>
<token t_id="385" sentence="15" number="17">-</token>
<token t_id="386" sentence="15" number="18">frisk</token>
<token t_id="387" sentence="15" number="19">in</token>
<token t_id="388" sentence="15" number="20">which</token>
<token t_id="389" sentence="15" number="21">Mourad</token>
<token t_id="390" sentence="15" number="22">and</token>
<token t_id="391" sentence="15" number="23">fellow</token>
<token t_id="392" sentence="15" number="24">cops</token>
<token t_id="393" sentence="15" number="25">pulled</token>
<token t_id="394" sentence="15" number="26">down</token>
<token t_id="395" sentence="15" number="27">a</token>
<token t_id="396" sentence="15" number="28">suspect's</token>
<token t_id="397" sentence="15" number="29">underwear</token>
<token t_id="398" sentence="15" number="30">,</token>
<token t_id="399" sentence="15" number="31">and</token>
<token t_id="400" sentence="15" number="32">an</token>
<token t_id="401" sentence="15" number="33">illegal</token>
<token t_id="402" sentence="15" number="34">arrest</token>
<token t_id="403" sentence="15" number="35">in</token>
<token t_id="404" sentence="15" number="36">which</token>
<token t_id="405" sentence="15" number="37">the</token>
<token t_id="406" sentence="15" number="38">plaintiff</token>
<token t_id="407" sentence="15" number="39">says</token>
<token t_id="408" sentence="15" number="40">he</token>
<token t_id="409" sentence="15" number="41">was</token>
<token t_id="410" sentence="15" number="42">slammed</token>
<token t_id="411" sentence="15" number="43">into</token>
<token t_id="412" sentence="15" number="44">a</token>
<token t_id="413" sentence="15" number="45">car</token>
<token t_id="414" sentence="15" number="46">.</token>
<token t_id="415" sentence="16" number="0">Cordova</token>
<token t_id="416" sentence="16" number="1">was</token>
<token t_id="417" sentence="16" number="2">sued</token>
<token t_id="418" sentence="16" number="3">in</token>
<token t_id="419" sentence="16" number="4">2011</token>
<token t_id="420" sentence="16" number="5">and</token>
<token t_id="421" sentence="16" number="6">2012</token>
<token t_id="422" sentence="16" number="7">,</token>
<token t_id="423" sentence="16" number="8">with</token>
<token t_id="424" sentence="16" number="9">one</token>
<token t_id="425" sentence="16" number="10">plaintiff</token>
<token t_id="426" sentence="16" number="11">claiming</token>
<token t_id="427" sentence="16" number="12">the</token>
<token t_id="428" sentence="16" number="13">cop</token>
<token t_id="429" sentence="16" number="14">punched</token>
<token t_id="430" sentence="16" number="15">him</token>
<token t_id="431" sentence="16" number="16">in</token>
<token t_id="432" sentence="16" number="17">the</token>
<token t_id="433" sentence="16" number="18">eye</token>
<token t_id="434" sentence="16" number="19">.</token>
<Markables>
<ACTION_ASPECTUAL m_id="29"  >
  <token_anchor t_id="46"/>
</ACTION_ASPECTUAL>
<ACTION_ASPECTUAL m_id="30"  >
  <token_anchor t_id="57"/>
</ACTION_ASPECTUAL>
<ACTION_ASPECTUAL m_id="38"  >
  <token_anchor t_id="321"/>
</ACTION_ASPECTUAL>
<ACTION_OCCURRENCE m_id="9"  >
  <token_anchor t_id="75"/>
</ACTION_OCCURRENCE>
<ACTION_OCCURRENCE m_id="41"  >
  <token_anchor t_id="336"/>
</ACTION_OCCURRENCE>
<ACTION_OCCURRENCE m_id="10"  >
  <token_anchor t_id="84"/>
</ACTION_OCCURRENCE>
<ACTION_OCCURRENCE m_id="42"  >
  <token_anchor t_id="340"/>
</ACTION_OCCURRENCE>
<ACTION_OCCURRENCE m_id="11"  >
  <token_anchor t_id="88"/>
</ACTION_OCCURRENCE>
<ACTION_OCCURRENCE m_id="43"  >
  <token_anchor t_id="346"/>
</ACTION_OCCURRENCE>
<ACTION_OCCURRENCE m_id="12"  >
  <token_anchor t_id="94"/>
</ACTION_OCCURRENCE>
<ACTION_OCCURRENCE m_id="13"  >
  <token_anchor t_id="98"/>
</ACTION_OCCURRENCE>
<ACTION_OCCURRENCE m_id="14"  >
  <token_anchor t_id="107"/>
</ACTION_OCCURRENCE>
<ACTION_OCCURRENCE m_id="15"  >
  <token_anchor t_id="105"/>
</ACTION_OCCURRENCE>
<ACTION_OCCURRENCE m_id="16"  >
  <token_anchor t_id="121"/>
  <token_anchor t_id="122"/>
</ACTION_OCCURRENCE>
<ACTION_OCCURRENCE m_id="2"  >
  <token_anchor t_id="44"/>
</ACTION_OCCURRENCE>
<ACTION_OCCURRENCE m_id="3"  >
  <token_anchor t_id="45"/>
</ACTION_OCCURRENCE>
<ACTION_OCCURRENCE m_id="4"  >
  <token_anchor t_id="47"/>
</ACTION_OCCURRENCE>
<ACTION_OCCURRENCE m_id="5"  >
  <token_anchor t_id="51"/>
</ACTION_OCCURRENCE>
<ACTION_OCCURRENCE m_id="6"  >
  <token_anchor t_id="60"/>
</ACTION_OCCURRENCE>
<ACTION_OCCURRENCE m_id="7"  >
  <token_anchor t_id="71"/>
</ACTION_OCCURRENCE>
<ACTION_OCCURRENCE m_id="39"  >
  <token_anchor t_id="323"/>
</ACTION_OCCURRENCE>
<ACTION_OCCURRENCE m_id="8"  >
  <token_anchor t_id="73"/>
</ACTION_OCCURRENCE>
<ACTION_OCCURRENCE m_id="40"  >
  <token_anchor t_id="327"/>
</ACTION_OCCURRENCE>
<ACTION_REPORTING m_id="32"  >
  <token_anchor t_id="91"/>
</ACTION_REPORTING>
<HUMAN_PART_PER m_id="44"  >
  <token_anchor t_id="342"/>
</HUMAN_PART_PER>
<HUMAN_PART_PER m_id="17"  >
  <token_anchor t_id="111"/>
  <token_anchor t_id="112"/>
  <token_anchor t_id="113"/>
  <token_anchor t_id="114"/>
</HUMAN_PART_PER>
<HUMAN_PART_PER m_id="18"  >
  <token_anchor t_id="116"/>
  <token_anchor t_id="117"/>
  <token_anchor t_id="118"/>
</HUMAN_PART_PER>
<HUMAN_PART_PER m_id="19"  >
  <token_anchor t_id="120"/>
</HUMAN_PART_PER>
<HUMAN_PART_PER m_id="20"  >
  <token_anchor t_id="103"/>
</HUMAN_PART_PER>
<HUMAN_PART_PER m_id="21"  >
  <token_anchor t_id="50"/>
</HUMAN_PART_PER>
<HUMAN_PART_PER m_id="22"  >
  <token_anchor t_id="53"/>
</HUMAN_PART_PER>
<HUMAN_PART_PER m_id="23"  >
  <token_anchor t_id="67"/>
  <token_anchor t_id="68"/>
</HUMAN_PART_PER>
<HUMAN_PART_PER m_id="24"  >
  <token_anchor t_id="78"/>
</HUMAN_PART_PER>
<HUMAN_PART_PER m_id="25"  >
  <token_anchor t_id="83"/>
</HUMAN_PART_PER>
<HUMAN_PART_PER m_id="26"  >
  <token_anchor t_id="96"/>
</HUMAN_PART_PER>
<HUMAN_PART_PER m_id="34"  >
  <token_anchor t_id="322"/>
</HUMAN_PART_PER>
<HUMAN_PART_PER m_id="35"  >
  <token_anchor t_id="330"/>
</HUMAN_PART_PER>
<HUMAN_PART_PER m_id="36"  >
  <token_anchor t_id="332"/>
</HUMAN_PART_PER>
<LOC_GEO m_id="31"  >
  <token_anchor t_id="79"/>
  <token_anchor t_id="80"/>
</LOC_GEO>
<NON_HUMAN_PART m_id="33"  >
  <token_anchor t_id="109"/>
</NON_HUMAN_PART>
<TIME_DATE m_id="27"  >
  <token_anchor t_id="99"/>
  <token_anchor t_id="100"/>
  <token_anchor t_id="101"/>
</TIME_DATE>
<TIME_DATE m_id="28"  >
  <token_anchor t_id="54"/>
  <token_anchor t_id="55"/>
  <token_anchor t_id="56"/>
</TIME_DATE>
<TIME_DATE m_id="37"  >
  <token_anchor t_id="318"/>
  <token_anchor t_id="319"/>
  <token_anchor t_id="320"/>
</TIME_DATE>
<TIME_OF_THE_DAY m_id="1"  >
  <token_anchor t_id="33"/>
  <token_anchor t_id="34"/>
  <token_anchor t_id="35"/>
  <token_anchor t_id="36"/>
  <token_anchor t_id="37"/>
  <token_anchor t_id="38"/>
  <token_anchor t_id="39"/>
  <token_anchor t_id="40"/>
  <token_anchor t_id="41"/>
  <token_anchor t_id="42"/>
  <token_anchor t_id="43"/>
</TIME_OF_THE_DAY>


<HUMAN_PART_PER m_id="50" note="byCROMER" >
  <token_anchor t_id="106"/>
</HUMAN_PART_PER>
<HUMAN_PART_PER m_id="51" note="byCROMER" >
  <token_anchor t_id="104"/>
</HUMAN_PART_PER>


<TIME_DATE m_id="64" RELATED_TO="" TAG_DESCRIPTOR="t19_saturday" instance_id="TIM17733648676843763" />
<ACTION_ASPECTUAL m_id="63" RELATED_TO="" TAG_DESCRIPTOR="t19_following_death" instance_id="ACT17818522557762724" />
<HUMAN_PART_PER m_id="62" RELATED_TO="" TAG_DESCRIPTOR="t19_kimani_gray" instance_id="HUM17733560552295284" />
<ACTION_OCCURRENCE m_id="61" RELATED_TO="" TAG_DESCRIPTOR="t19_civil_rights_violations" instance_id="ACT17817618059374667" />
<LOC_GEO m_id="60" RELATED_TO="" TAG_DESCRIPTOR="t19_brooklyn" instance_id="LOC17733617835467628" />
<HUMAN_PART_PER m_id="46" RELATED_TO="" TAG_DESCRIPTOR="killer_cops" />
<ACTION_OCCURRENCE m_id="59" RELATED_TO="" TAG_DESCRIPTOR="t19_shot" instance_id="ACT17734083605595938" />
<NON_HUMAN_PART m_id="58" RELATED_TO="" TAG_DESCRIPTOR="t19_gun" instance_id="NON17819420259287344" />
<ACTION_OCCURRENCE m_id="57" RELATED_TO="" TAG_DESCRIPTOR="t19_riot_breaks_out" instance_id="ACT17733034458850436" />
<ACTION_OCCURRENCE m_id="56" RELATED_TO="" TAG_DESCRIPTOR="t19_riot" instance_id="ACT17733054001869323" />
<ACTION_OCCURRENCE m_id="55" RELATED_TO="" TAG_DESCRIPTOR="t19_killed" instance_id="ACT17734003472118220" />
<ACTION_OCCURRENCE m_id="54" RELATED_TO="" TAG_DESCRIPTOR="t19_pointed_gun" instance_id="ACT17817399806972145" />
<HUMAN_PART_PER m_id="53" RELATED_TO="" TAG_DESCRIPTOR="t19_shooting_officers" instance_id="HUM17818785497733083" />
<ACTION_OCCURRENCE m_id="52" RELATED_TO="" TAG_DESCRIPTOR="t19_opened_fire" instance_id="ACT17817629960636667" />
</Markables>

<Relations>
<INTRA_DOC_COREF r_id="40028" >
<source m_id="17" />
<source m_id="18" />
<target m_id="46" />
</INTRA_DOC_COREF>
<CROSS_DOC_COREF r_id="41188" note="ACT17817629960636667" >
  <source m_id="16" />
  <target m_id="52" />
</CROSS_DOC_COREF>
<CROSS_DOC_COREF r_id="41189" note="HUM17818785497733083" >
  <source m_id="36" />
  <source m_id="35" />
  <source m_id="25" />
  <source m_id="51" />
  <source m_id="20" />
  <source m_id="19" />
  <source m_id="22" />
  <target m_id="53" />
</CROSS_DOC_COREF>
<CROSS_DOC_COREF r_id="41190" note="ACT17817399806972145" >
  <source m_id="14" />
  <target m_id="54" />
</CROSS_DOC_COREF>
<CROSS_DOC_COREF r_id="41191" note="ACT17734003472118220" >
  <source m_id="13" />
  <source m_id="4" />
  <source m_id="39" />
  <source m_id="5" />
  <target m_id="55" />
</CROSS_DOC_COREF>
<CROSS_DOC_COREF r_id="41192" note="ACT17733054001869323" >
  <source m_id="2" />
  <source m_id="7" />
  <source m_id="8" />
  <target m_id="56" />
</CROSS_DOC_COREF>
<CROSS_DOC_COREF r_id="41193" note="ACT17733034458850436" >
  <source m_id="3" />
  <source m_id="9" />
  <target m_id="57" />
</CROSS_DOC_COREF>
<CROSS_DOC_COREF r_id="41194" note="NON17819420259287344" >
  <source m_id="33" />
  <target m_id="58" />
</CROSS_DOC_COREF>
<CROSS_DOC_COREF r_id="41195" note="ACT17734083605595938" >
  <source m_id="6" />
  <target m_id="59" />
</CROSS_DOC_COREF>
<CROSS_DOC_COREF r_id="41196" note="LOC17733617835467628" >
  <source m_id="31" />
  <target m_id="60" />
</CROSS_DOC_COREF>
<CROSS_DOC_COREF r_id="41197" note="ACT17817618059374667" >
  <source m_id="12" />
  <source m_id="43" />
  <target m_id="61" />
</CROSS_DOC_COREF>
<CROSS_DOC_COREF r_id="41198" note="HUM17733560552295284" >
  <source m_id="24" />
  <source m_id="23" />
  <source m_id="50" />
  <source m_id="26" />
  <source m_id="34" />
  <source m_id="21" />
  <target m_id="62" />
</CROSS_DOC_COREF>
<CROSS_DOC_COREF r_id="41199" note="ACT17818522557762724" >
  <source m_id="30" />
  <source m_id="29" />
  <source m_id="38" />
  <target m_id="63" />
</CROSS_DOC_COREF>
<CROSS_DOC_COREF r_id="41200" note="TIM17733648676843763" >
  <source m_id="27" />
  <target m_id="64" />
</CROSS_DOC_COREF>

</Relations>
</Document>
