<Document doc_name="19_2ecb.xml" doc_id="DOC15654490751668083">
<token t_id="1" sentence="0" number="0">Day</token>
<token t_id="2" sentence="0" number="1">six</token>
<token t_id="3" sentence="0" number="2">of</token>
<token t_id="4" sentence="0" number="3">the</token>
<token t_id="5" sentence="0" number="4">Greek</token>
<token t_id="6" sentence="0" number="5">youth</token>
<token t_id="7" sentence="0" number="6">revolt</token>
<token t_id="8" sentence="1" number="0">Protests</token>
<token t_id="9" sentence="1" number="1">,</token>
<token t_id="10" sentence="1" number="2">riots</token>
<token t_id="11" sentence="1" number="3">and</token>
<token t_id="12" sentence="1" number="4">clashes</token>
<token t_id="13" sentence="1" number="5">with</token>
<token t_id="14" sentence="1" number="6">police</token>
<token t_id="15" sentence="1" number="7">have</token>
<token t_id="16" sentence="1" number="8">overtaken</token>
<token t_id="17" sentence="1" number="9">Greece</token>
<token t_id="18" sentence="1" number="10">for</token>
<token t_id="19" sentence="1" number="11">the</token>
<token t_id="20" sentence="1" number="12">sixth</token>
<token t_id="21" sentence="1" number="13">straight</token>
<token t_id="22" sentence="1" number="14">day</token>
<token t_id="23" sentence="1" number="15">since</token>
<token t_id="24" sentence="1" number="16">the</token>
<token t_id="25" sentence="1" number="17">fatal</token>
<token t_id="26" sentence="1" number="18">police</token>
<token t_id="27" sentence="1" number="19">shooting</token>
<token t_id="28" sentence="1" number="20">of</token>
<token t_id="29" sentence="1" number="21">a</token>
<token t_id="30" sentence="1" number="22">teenage</token>
<token t_id="31" sentence="1" number="23">boy</token>
<token t_id="32" sentence="1" number="24">in</token>
<token t_id="33" sentence="1" number="25">Athens</token>
<token t_id="34" sentence="1" number="26">Saturday</token>
<token t_id="35" sentence="1" number="27">night</token>
<token t_id="36" sentence="1" number="28">.</token>
<token t_id="37" sentence="2" number="0">One</token>
<token t_id="38" sentence="2" number="1">day</token>
<token t_id="39" sentence="2" number="2">after</token>
<token t_id="40" sentence="2" number="3">Wednesday</token>
<token t_id="41" sentence="2" number="4">'s</token>
<token t_id="42" sentence="2" number="5">massive</token>
<token t_id="43" sentence="2" number="6">general</token>
<token t_id="44" sentence="2" number="7">strike</token>
<token t_id="45" sentence="2" number="8">over</token>
<token t_id="46" sentence="2" number="9">pension</token>
<token t_id="47" sentence="2" number="10">reform</token>
<token t_id="48" sentence="2" number="11">and</token>
<token t_id="49" sentence="2" number="12">privatization</token>
<token t_id="50" sentence="2" number="13">shut</token>
<token t_id="51" sentence="2" number="14">down</token>
<token t_id="52" sentence="2" number="15">the</token>
<token t_id="53" sentence="2" number="16">country</token>
<token t_id="54" sentence="2" number="17">,</token>
<token t_id="55" sentence="2" number="18">more</token>
<token t_id="56" sentence="2" number="19">than</token>
<token t_id="57" sentence="2" number="20">a</token>
<token t_id="58" sentence="2" number="21">hundred</token>
<token t_id="59" sentence="2" number="22">schools</token>
<token t_id="60" sentence="2" number="23">and</token>
<token t_id="61" sentence="2" number="24">at</token>
<token t_id="62" sentence="2" number="25">least</token>
<token t_id="63" sentence="2" number="26">fifteen</token>
<token t_id="64" sentence="2" number="27">university</token>
<token t_id="65" sentence="2" number="28">campuses</token>
<token t_id="66" sentence="2" number="29">remain</token>
<token t_id="67" sentence="2" number="30">occupied</token>
<token t_id="68" sentence="2" number="31">by</token>
<token t_id="69" sentence="2" number="32">student</token>
<token t_id="70" sentence="2" number="33">demonstrators</token>
<token t_id="71" sentence="2" number="34">.</token>
<token t_id="72" sentence="3" number="0">A</token>
<token t_id="73" sentence="3" number="1">major</token>
<token t_id="74" sentence="3" number="2">rally</token>
<token t_id="75" sentence="3" number="3">is</token>
<token t_id="76" sentence="3" number="4">expected</token>
<token t_id="77" sentence="3" number="5">on</token>
<token t_id="78" sentence="3" number="6">Friday</token>
<token t_id="79" sentence="3" number="7">.</token>
<token t_id="80" sentence="4" number="0">And</token>
<token t_id="81" sentence="4" number="1">as</token>
<token t_id="82" sentence="4" number="2">solidarity</token>
<token t_id="83" sentence="4" number="3">protests</token>
<token t_id="84" sentence="4" number="4">spread</token>
<token t_id="85" sentence="4" number="5">to</token>
<token t_id="86" sentence="4" number="6">neighboring</token>
<token t_id="87" sentence="4" number="7">Turkey</token>
<token t_id="88" sentence="4" number="8">,</token>
<token t_id="89" sentence="4" number="9">as</token>
<token t_id="90" sentence="4" number="10">well</token>
<token t_id="91" sentence="4" number="11">as</token>
<token t_id="92" sentence="4" number="12">Germany</token>
<token t_id="93" sentence="4" number="13">,</token>
<token t_id="94" sentence="4" number="14">Spain</token>
<token t_id="95" sentence="4" number="15">,</token>
<token t_id="96" sentence="4" number="16">Italy</token>
<token t_id="97" sentence="4" number="17">,</token>
<token t_id="98" sentence="4" number="18">Russia</token>
<token t_id="99" sentence="4" number="19">,</token>
<token t_id="100" sentence="4" number="20">Denmark</token>
<token t_id="101" sentence="4" number="21">and</token>
<token t_id="102" sentence="4" number="22">the</token>
<token t_id="103" sentence="4" number="23">Netherlands</token>
<token t_id="104" sentence="4" number="24">,</token>
<token t_id="105" sentence="4" number="25">dozens</token>
<token t_id="106" sentence="4" number="26">of</token>
<token t_id="107" sentence="4" number="27">arrests</token>
<token t_id="108" sentence="4" number="28">have</token>
<token t_id="109" sentence="4" number="29">been</token>
<token t_id="110" sentence="4" number="30">made</token>
<token t_id="111" sentence="4" number="31">across</token>
<token t_id="112" sentence="4" number="32">the</token>
<token t_id="113" sentence="4" number="33">continent</token>
<token t_id="114" sentence="4" number="34">.</token>
<token t_id="115" sentence="5" number="0">On</token>
<token t_id="116" sentence="5" number="1">Wednesday</token>
<token t_id="117" sentence="5" number="2">,</token>
<token t_id="118" sentence="5" number="3">two</token>
<token t_id="119" sentence="5" number="4">police</token>
<token t_id="120" sentence="5" number="5">officers</token>
<token t_id="121" sentence="5" number="6">involved</token>
<token t_id="122" sentence="5" number="7">in</token>
<token t_id="123" sentence="5" number="8">Saturday</token>
<token t_id="124" sentence="5" number="9">'s</token>
<token t_id="125" sentence="5" number="10">shooting</token>
<token t_id="126" sentence="5" number="11">were</token>
<token t_id="127" sentence="5" number="12">arrested</token>
<token t_id="128" sentence="5" number="13">,</token>
<token t_id="129" sentence="5" number="14">and</token>
<token t_id="130" sentence="5" number="15">one</token>
<token t_id="131" sentence="5" number="16">was</token>
<token t_id="132" sentence="5" number="17">charged</token>
<token t_id="133" sentence="5" number="18">with</token>
<token t_id="134" sentence="5" number="19">murder</token>
<token t_id="135" sentence="5" number="20">.</token>
<token t_id="136" sentence="6" number="0">But</token>
<token t_id="137" sentence="6" number="1">anger</token>
<token t_id="138" sentence="6" number="2">remains</token>
<token t_id="139" sentence="6" number="3">high</token>
<token t_id="140" sentence="6" number="4">over</token>
<token t_id="141" sentence="6" number="5">the</token>
<token t_id="142" sentence="6" number="6">officers</token>
<token t_id="143" sentence="6" number="7">'</token>
<token t_id="144" sentence="6" number="8">failure</token>
<token t_id="145" sentence="6" number="9">to</token>
<token t_id="146" sentence="6" number="10">express</token>
<token t_id="147" sentence="6" number="11">remorse</token>
<token t_id="148" sentence="6" number="12">at</token>
<token t_id="149" sentence="6" number="13">the</token>
<token t_id="150" sentence="6" number="14">student</token>
<token t_id="151" sentence="6" number="15">'s</token>
<token t_id="152" sentence="6" number="16">death</token>
<token t_id="153" sentence="6" number="17">.</token>
<token t_id="154" sentence="7" number="0">The</token>
<token t_id="155" sentence="7" number="1">police</token>
<token t_id="156" sentence="7" number="2">officers</token>
<token t_id="157" sentence="7" number="3">claim</token>
<token t_id="158" sentence="7" number="4">the</token>
<token t_id="159" sentence="7" number="5">bullet</token>
<token t_id="160" sentence="7" number="6">that</token>
<token t_id="161" sentence="7" number="7">killed</token>
<token t_id="162" sentence="7" number="8">Alexandros</token>
<token t_id="163" sentence="7" number="9">Grigoropoulos</token>
<token t_id="164" sentence="7" number="10">was</token>
<token t_id="165" sentence="7" number="11">fired</token>
<token t_id="166" sentence="7" number="12">in</token>
<token t_id="167" sentence="7" number="13">self-defense</token>
<token t_id="168" sentence="7" number="14">,</token>
<token t_id="169" sentence="7" number="15">and</token>
<token t_id="170" sentence="7" number="16">the</token>
<token t_id="171" sentence="7" number="17">death</token>
<token t_id="172" sentence="7" number="18">was</token>
<token t_id="173" sentence="7" number="19">an</token>
<token t_id="174" sentence="7" number="20">accident</token>
<token t_id="175" sentence="7" number="21">caused</token>
<token t_id="176" sentence="7" number="22">by</token>
<token t_id="177" sentence="7" number="23">a</token>
<token t_id="178" sentence="7" number="24">ricochet</token>
<token t_id="179" sentence="7" number="25">.</token>
<token t_id="180" sentence="8" number="0">The</token>
<token t_id="181" sentence="8" number="1">unrest</token>
<token t_id="182" sentence="8" number="2">this</token>
<token t_id="183" sentence="8" number="3">week</token>
<token t_id="184" sentence="8" number="4">has</token>
<token t_id="185" sentence="8" number="5">been</token>
<token t_id="186" sentence="8" number="6">described</token>
<token t_id="187" sentence="8" number="7">as</token>
<token t_id="188" sentence="8" number="8">the</token>
<token t_id="189" sentence="8" number="9">worst</token>
<token t_id="190" sentence="8" number="10">since</token>
<token t_id="191" sentence="8" number="11">the</token>
<token t_id="192" sentence="8" number="12">end</token>
<token t_id="193" sentence="8" number="13">of</token>
<token t_id="194" sentence="8" number="14">the</token>
<token t_id="195" sentence="8" number="15">military</token>
<token t_id="196" sentence="8" number="16">dictatorship</token>
<token t_id="197" sentence="8" number="17">in</token>
<token t_id="198" sentence="8" number="18">1974</token>
<token t_id="199" sentence="8" number="19">and</token>
<token t_id="200" sentence="8" number="20">could</token>
<token t_id="201" sentence="8" number="21">cost</token>
<token t_id="202" sentence="8" number="22">the</token>
<token t_id="203" sentence="8" number="23">already</token>
<token t_id="204" sentence="8" number="24">weakened</token>
<token t_id="205" sentence="8" number="25">Greek</token>
<token t_id="206" sentence="8" number="26">economy</token>
<token t_id="207" sentence="8" number="27">an</token>
<token t_id="208" sentence="8" number="28">estimated</token>
<token t_id="209" sentence="8" number="29">hundreds</token>
<token t_id="210" sentence="8" number="30">of</token>
<token t_id="211" sentence="8" number="31">millions</token>
<token t_id="212" sentence="8" number="32">of</token>
<token t_id="213" sentence="8" number="33">dollars</token>
<token t_id="214" sentence="8" number="34">.</token>
<token t_id="215" sentence="9" number="0">It</token>
<token t_id="216" sentence="9" number="1">'s</token>
<token t_id="217" sentence="9" number="2">also</token>
<token t_id="218" sentence="9" number="3">shaken</token>
<token t_id="219" sentence="9" number="4">the</token>
<token t_id="220" sentence="9" number="5">country</token>
<token t_id="221" sentence="9" number="6">'s</token>
<token t_id="222" sentence="9" number="7">conservative</token>
<token t_id="223" sentence="9" number="8">government</token>
<token t_id="224" sentence="9" number="9">that</token>
<token t_id="225" sentence="9" number="10">has</token>
<token t_id="226" sentence="9" number="11">a</token>
<token t_id="227" sentence="9" number="12">narrow</token>
<token t_id="228" sentence="9" number="13">one-person</token>
<token t_id="229" sentence="9" number="14">majority</token>
<token t_id="230" sentence="9" number="15">in</token>
<token t_id="231" sentence="9" number="16">Parliament</token>
<token t_id="232" sentence="9" number="17">.</token>
<token t_id="233" sentence="10" number="0">The</token>
<token t_id="234" sentence="10" number="1">socialist</token>
<token t_id="235" sentence="10" number="2">opposition</token>
<token t_id="236" sentence="10" number="3">has</token>
<token t_id="237" sentence="10" number="4">increased</token>
<token t_id="238" sentence="10" number="5">calls</token>
<token t_id="239" sentence="10" number="6">for</token>
<token t_id="240" sentence="10" number="7">the</token>
<token t_id="241" sentence="10" number="8">prime</token>
<token t_id="242" sentence="10" number="9">minister</token>
<token t_id="243" sentence="10" number="10">to</token>
<token t_id="244" sentence="10" number="11">quit</token>
<token t_id="245" sentence="10" number="12">and</token>
<token t_id="246" sentence="10" number="13">call</token>
<token t_id="247" sentence="10" number="14">new</token>
<token t_id="248" sentence="10" number="15">elections</token>
<token t_id="249" sentence="10" number="16">,</token>
<token t_id="250" sentence="10" number="17">ignoring</token>
<token t_id="251" sentence="10" number="18">his</token>
<token t_id="252" sentence="10" number="19">appeals</token>
<token t_id="253" sentence="10" number="20">for</token>
<token t_id="254" sentence="10" number="21">national</token>
<token t_id="255" sentence="10" number="22">unity</token>
<token t_id="256" sentence="10" number="23">.</token>
<token t_id="257" sentence="11" number="0">I</token>
<token t_id="258" sentence="11" number="1">'m</token>
<token t_id="259" sentence="11" number="2">joined</token>
<token t_id="260" sentence="11" number="3">now</token>
<token t_id="261" sentence="11" number="4">on</token>
<token t_id="262" sentence="11" number="5">the</token>
<token t_id="263" sentence="11" number="6">telephone</token>
<token t_id="264" sentence="11" number="7">by</token>
<token t_id="265" sentence="11" number="8">a</token>
<token t_id="266" sentence="11" number="9">student</token>
<token t_id="267" sentence="11" number="10">activist</token>
<token t_id="268" sentence="11" number="11">and</token>
<token t_id="269" sentence="11" number="12">writer</token>
<token t_id="270" sentence="11" number="13">from</token>
<token t_id="271" sentence="11" number="14">Athens</token>
<token t_id="272" sentence="11" number="15">.</token>
<token t_id="273" sentence="12" number="0">He</token>
<token t_id="274" sentence="12" number="1">'s</token>
<token t_id="275" sentence="12" number="2">with</token>
<token t_id="276" sentence="12" number="3">the</token>
<token t_id="277" sentence="12" number="4">Greek</token>
<token t_id="278" sentence="12" number="5">Socialist</token>
<token t_id="279" sentence="12" number="6">Workers</token>
<token t_id="280" sentence="12" number="7">Party</token>
<token t_id="281" sentence="12" number="8">.</token>
<token t_id="282" sentence="13" number="0">He</token>
<token t_id="283" sentence="13" number="1">'s</token>
<token t_id="284" sentence="13" number="2">a</token>
<token t_id="285" sentence="13" number="3">graduate</token>
<token t_id="286" sentence="13" number="4">student</token>
<token t_id="287" sentence="13" number="5">in</token>
<token t_id="288" sentence="13" number="6">political</token>
<token t_id="289" sentence="13" number="7">philosophy</token>
<token t_id="290" sentence="13" number="8">at</token>
<token t_id="291" sentence="13" number="9">Panteion</token>
<token t_id="292" sentence="13" number="10">University</token>
<token t_id="293" sentence="13" number="11">in</token>
<token t_id="294" sentence="13" number="12">Athens</token>
<token t_id="295" sentence="13" number="13">.</token>
<token t_id="296" sentence="14" number="0">We</token>
<token t_id="297" sentence="14" number="1">welcome</token>
<token t_id="298" sentence="14" number="2">you</token>
<token t_id="299" sentence="14" number="3">to</token>
<token t_id="300" sentence="14" number="4">Democracy</token>
<token t_id="301" sentence="14" number="5">Now</token>
<token t_id="302" sentence="14" number="6">!</token>
<token t_id="303" sentence="14" number="7">Can</token>
<token t_id="304" sentence="14" number="8">you</token>
<token t_id="305" sentence="14" number="9">lay</token>
<token t_id="306" sentence="14" number="10">out</token>
<token t_id="307" sentence="14" number="11">for</token>
<token t_id="308" sentence="14" number="12">us</token>
<token t_id="309" sentence="14" number="13">exactly</token>
<token t_id="310" sentence="14" number="14">when</token>
<token t_id="311" sentence="14" number="15">this</token>
<token t_id="312" sentence="14" number="16">all</token>
<token t_id="313" sentence="14" number="17">began</token>
<token t_id="314" sentence="14" number="18">and</token>
<token t_id="315" sentence="14" number="19">how</token>
<token t_id="316" sentence="14" number="20">the</token>
<token t_id="317" sentence="14" number="21">protests</token>
<token t_id="318" sentence="14" number="22">have</token>
<token t_id="319" sentence="14" number="23">escalated</token>
<token t_id="320" sentence="14" number="24">and</token>
<token t_id="321" sentence="14" number="25">what</token>
<token t_id="322" sentence="14" number="26">they</token>
<token t_id="323" sentence="14" number="27">'re</token>
<token t_id="324" sentence="14" number="28">about</token>
<token t_id="325" sentence="14" number="29">right</token>
<token t_id="326" sentence="14" number="30">now</token>
<token t_id="327" sentence="14" number="31">,</token>
<token t_id="328" sentence="14" number="32">Nikos</token>
<token t_id="329" sentence="14" number="33">Lountos</token>
<token t_id="330" sentence="14" number="34">?</token>
<Markables>
<ACTION_OCCURRENCE m_id="14"  >
  <token_anchor t_id="8"/>
</ACTION_OCCURRENCE>
<ACTION_OCCURRENCE m_id="15"  >
  <token_anchor t_id="10"/>
</ACTION_OCCURRENCE>
<ACTION_OCCURRENCE m_id="16"  >
  <token_anchor t_id="12"/>
</ACTION_OCCURRENCE>
<ACTION_OCCURRENCE m_id="17"  >
  <token_anchor t_id="16"/>
</ACTION_OCCURRENCE>
<ACTION_OCCURRENCE m_id="18"  >
  <token_anchor t_id="27"/>
</ACTION_OCCURRENCE>
<HUMAN_PART_ORG m_id="19"  >
  <token_anchor t_id="14"/>
</HUMAN_PART_ORG>
<HUMAN_PART_PER m_id="22"  >
  <token_anchor t_id="29"/>
  <token_anchor t_id="30"/>
  <token_anchor t_id="31"/>
</HUMAN_PART_PER>
<LOC_GEO m_id="23"  >
  <token_anchor t_id="32"/>
  <token_anchor t_id="33"/>
</LOC_GEO>
<TIME_DATE m_id="21"  >
  <token_anchor t_id="19"/>
  <token_anchor t_id="20"/>
  <token_anchor t_id="21"/>
  <token_anchor t_id="22"/>
</TIME_DATE>
<TIME_DATE m_id="25" note="byCROMER" >
  <token_anchor t_id="34"/>
  <token_anchor t_id="35"/>
</TIME_DATE>
<LOC_GEO m_id="26" note="byCROMER" >
  <token_anchor t_id="17"/>
</LOC_GEO>


<ACTION_OCCURRENCE m_id="34" RELATED_TO="" TAG_DESCRIPTOR="t19b_riots" instance_id="ACT17819737684267059" />
<TIME_DATE m_id="33" RELATED_TO="" TAG_DESCRIPTOR="t19b_saturday" instance_id="TIM17819771332075563" />
<LOC_GEO m_id="32" RELATED_TO="" TAG_DESCRIPTOR="t19b_greece" instance_id="LOC17819756552118938" />
<LOC_GEO m_id="31" RELATED_TO="" TAG_DESCRIPTOR="t19b_athens" instance_id="LOC17820708043450954" />
<ACTION_OCCURRENCE m_id="30" RELATED_TO="" TAG_DESCRIPTOR="t19b_demonstrations" instance_id="ACT17820747425964928" />
<HUMAN_PART_PER m_id="29" RELATED_TO="" TAG_DESCRIPTOR="t19b_alex" instance_id="HUM17819747019655492" />
<HUMAN_PART_ORG m_id="28" RELATED_TO="" TAG_DESCRIPTOR="t19b_police" instance_id="HUM17821064766257619" />
<ACTION_OCCURRENCE m_id="27" RELATED_TO="" TAG_DESCRIPTOR="t19b_shooting" instance_id="ACT17819810020957731" />
</Markables>

<Relations>
<CROSS_DOC_COREF r_id="33450" note="ACT17819810020957731" >
  <source m_id="18" />
  <target m_id="27" />
</CROSS_DOC_COREF>
<CROSS_DOC_COREF r_id="33451" note="HUM17821064766257619" >
  <source m_id="19" />
  <target m_id="28" />
</CROSS_DOC_COREF>
<CROSS_DOC_COREF r_id="33452" note="HUM17819747019655492" >
  <source m_id="22" />
  <target m_id="29" />
</CROSS_DOC_COREF>
<CROSS_DOC_COREF r_id="33453" note="ACT17820747425964928" >
  <source m_id="14" />
  <source m_id="16" />
  <target m_id="30" />
</CROSS_DOC_COREF>
<CROSS_DOC_COREF r_id="33454" note="LOC17820708043450954" >
  <source m_id="23" />
  <target m_id="31" />
</CROSS_DOC_COREF>
<CROSS_DOC_COREF r_id="33455" note="LOC17819756552118938" >
  <source m_id="26" />
  <target m_id="32" />
</CROSS_DOC_COREF>
<CROSS_DOC_COREF r_id="33456" note="TIM17819771332075563" >
  <source m_id="25" />
  <target m_id="33" />
</CROSS_DOC_COREF>
<CROSS_DOC_COREF r_id="33457" note="ACT17819737684267059" >
  <source m_id="15" />
  <target m_id="34" />
</CROSS_DOC_COREF>

</Relations>
</Document>
