<Document doc_name="19_3ecb.xml" doc_id="DOC15654490916152788">
<token t_id="1" sentence="0" number="0">Greece</token>
<token t_id="2" sentence="0" number="1">calm</token>
<token t_id="3" sentence="0" number="2">after</token>
<token t_id="4" sentence="0" number="3">8</token>
<token t_id="5" sentence="0" number="4">days</token>
<token t_id="6" sentence="0" number="5">of</token>
<token t_id="7" sentence="0" number="6">riots</token>
<token t_id="8" sentence="0" number="7">by</token>
<token t_id="9" sentence="0" number="8">angry</token>
<token t_id="10" sentence="0" number="9">youths</token>
<token t_id="11" sentence="1" number="0">Athens</token>
<token t_id="12" sentence="1" number="1">was</token>
<token t_id="13" sentence="1" number="2">calm</token>
<token t_id="14" sentence="1" number="3">Sunday</token>
<token t_id="15" sentence="1" number="4">after</token>
<token t_id="16" sentence="1" number="5">eight</token>
<token t_id="17" sentence="1" number="6">days</token>
<token t_id="18" sentence="1" number="7">of</token>
<token t_id="19" sentence="1" number="8">the</token>
<token t_id="20" sentence="1" number="9">worst</token>
<token t_id="21" sentence="1" number="10">riots</token>
<token t_id="22" sentence="1" number="11">Greece</token>
<token t_id="23" sentence="1" number="12">has</token>
<token t_id="24" sentence="1" number="13">seen</token>
<token t_id="25" sentence="1" number="14">in</token>
<token t_id="26" sentence="1" number="15">decades</token>
<token t_id="27" sentence="1" number="16">,</token>
<token t_id="28" sentence="1" number="17">sparked</token>
<token t_id="29" sentence="1" number="18">by</token>
<token t_id="30" sentence="1" number="19">the</token>
<token t_id="31" sentence="1" number="20">police</token>
<token t_id="32" sentence="1" number="21">killing</token>
<token t_id="33" sentence="1" number="22">of</token>
<token t_id="34" sentence="1" number="23">a</token>
<token t_id="35" sentence="1" number="24">teenager</token>
<token t_id="36" sentence="1" number="25">.</token>
<token t_id="37" sentence="2" number="0">Traffic</token>
<token t_id="38" sentence="2" number="1">returned</token>
<token t_id="39" sentence="2" number="2">to</token>
<token t_id="40" sentence="2" number="3">normal</token>
<token t_id="41" sentence="2" number="4">in</token>
<token t_id="42" sentence="2" number="5">the</token>
<token t_id="43" sentence="2" number="6">center</token>
<token t_id="44" sentence="2" number="7">of</token>
<token t_id="45" sentence="2" number="8">town</token>
<token t_id="46" sentence="2" number="9">and</token>
<token t_id="47" sentence="2" number="10">an</token>
<token t_id="48" sentence="2" number="11">open-topped</token>
<token t_id="49" sentence="2" number="12">double-decker</token>
<token t_id="50" sentence="2" number="13">bus</token>
<token t_id="51" sentence="2" number="14">carried</token>
<token t_id="52" sentence="2" number="15">tourists</token>
<token t_id="53" sentence="2" number="16">round</token>
<token t_id="54" sentence="2" number="17">the</token>
<token t_id="55" sentence="2" number="18">city</token>
<token t_id="56" sentence="2" number="19">'s</token>
<token t_id="57" sentence="2" number="20">main</token>
<token t_id="58" sentence="2" number="21">sights</token>
<token t_id="59" sentence="2" number="22">.</token>
<token t_id="60" sentence="3" number="0">The</token>
<token t_id="61" sentence="3" number="1">popular</token>
<token t_id="62" sentence="3" number="2">cafes</token>
<token t_id="63" sentence="3" number="3">in</token>
<token t_id="64" sentence="3" number="4">the</token>
<token t_id="65" sentence="3" number="5">Thissio</token>
<token t_id="66" sentence="3" number="6">area</token>
<token t_id="67" sentence="3" number="7">under</token>
<token t_id="68" sentence="3" number="8">the</token>
<token t_id="69" sentence="3" number="9">Acropolis</token>
<token t_id="70" sentence="3" number="10">were</token>
<token t_id="71" sentence="3" number="11">busy</token>
<token t_id="72" sentence="3" number="12">,</token>
<token t_id="73" sentence="3" number="13">and</token>
<token t_id="74" sentence="3" number="14">couples</token>
<token t_id="75" sentence="3" number="15">took</token>
<token t_id="76" sentence="3" number="16">their</token>
<token t_id="77" sentence="3" number="17">young</token>
<token t_id="78" sentence="3" number="18">children</token>
<token t_id="79" sentence="3" number="19">for</token>
<token t_id="80" sentence="3" number="20">a</token>
<token t_id="81" sentence="3" number="21">Sunday</token>
<token t_id="82" sentence="3" number="22">walk</token>
<token t_id="83" sentence="3" number="23">.</token>
<token t_id="84" sentence="4" number="0">But</token>
<token t_id="85" sentence="4" number="1">Greek</token>
<token t_id="86" sentence="4" number="2">youths</token>
<token t_id="87" sentence="4" number="3">who</token>
<token t_id="88" sentence="4" number="4">have</token>
<token t_id="89" sentence="4" number="5">protested</token>
<token t_id="90" sentence="4" number="6">daily</token>
<token t_id="91" sentence="4" number="7">since</token>
<token t_id="92" sentence="4" number="8">the</token>
<token t_id="93" sentence="4" number="9">boy</token>
<token t_id="94" sentence="4" number="10">'s</token>
<token t_id="95" sentence="4" number="11">death</token>
<token t_id="96" sentence="4" number="12">have</token>
<token t_id="97" sentence="4" number="13">vowed</token>
<token t_id="98" sentence="4" number="14">to</token>
<token t_id="99" sentence="4" number="15">remain</token>
<token t_id="100" sentence="4" number="16">on</token>
<token t_id="101" sentence="4" number="17">the</token>
<token t_id="102" sentence="4" number="18">streets</token>
<token t_id="103" sentence="4" number="19">until</token>
<token t_id="104" sentence="4" number="20">their</token>
<token t_id="105" sentence="4" number="21">concerns</token>
<token t_id="106" sentence="4" number="22">are</token>
<token t_id="107" sentence="4" number="23">addressed</token>
<token t_id="108" sentence="4" number="24">.</token>
<token t_id="109" sentence="5" number="0">Protesters</token>
<token t_id="110" sentence="5" number="1">are</token>
<token t_id="111" sentence="5" number="2">angry</token>
<token t_id="112" sentence="5" number="3">not</token>
<token t_id="113" sentence="5" number="4">just</token>
<token t_id="114" sentence="5" number="5">at</token>
<token t_id="115" sentence="5" number="6">the</token>
<token t_id="116" sentence="5" number="7">police</token>
<token t_id="117" sentence="5" number="8">but</token>
<token t_id="118" sentence="5" number="9">at</token>
<token t_id="119" sentence="5" number="10">an</token>
<token t_id="120" sentence="5" number="11">increasingly</token>
<token t_id="121" sentence="5" number="12">unpopular</token>
<token t_id="122" sentence="5" number="13">government</token>
<token t_id="123" sentence="5" number="14">and</token>
<token t_id="124" sentence="5" number="15">over</token>
<token t_id="125" sentence="5" number="16">economic</token>
<token t_id="126" sentence="5" number="17">issues</token>
<token t_id="127" sentence="5" number="18">.</token>
<token t_id="128" sentence="6" number="0">A</token>
<token t_id="129" sentence="6" number="1">newspaper</token>
<token t_id="130" sentence="6" number="2">poll</token>
<token t_id="131" sentence="6" number="3">published</token>
<token t_id="132" sentence="6" number="4">Sunday</token>
<token t_id="133" sentence="6" number="5">showed</token>
<token t_id="134" sentence="6" number="6">the</token>
<token t_id="135" sentence="6" number="7">governing</token>
<token t_id="136" sentence="6" number="8">conservatives</token>
<token t_id="137" sentence="6" number="9">'</token>
<token t_id="138" sentence="6" number="10">popularity</token>
<token t_id="139" sentence="6" number="11">at</token>
<token t_id="140" sentence="6" number="12">a</token>
<token t_id="141" sentence="6" number="13">dismal</token>
<token t_id="142" sentence="6" number="14">20.6</token>
<token t_id="143" sentence="6" number="15">percent</token>
<token t_id="144" sentence="6" number="16">,</token>
<token t_id="145" sentence="6" number="17">5.6</token>
<token t_id="146" sentence="6" number="18">percent</token>
<token t_id="147" sentence="6" number="19">below</token>
<token t_id="148" sentence="6" number="20">the</token>
<token t_id="149" sentence="6" number="21">main</token>
<token t_id="150" sentence="6" number="22">opposition</token>
<token t_id="151" sentence="6" number="23">Socialists</token>
<token t_id="152" sentence="6" number="24">.</token>
<token t_id="153" sentence="7" number="0">However</token>
<token t_id="154" sentence="7" number="1">,</token>
<token t_id="155" sentence="7" number="2">55</token>
<token t_id="156" sentence="7" number="3">percent</token>
<token t_id="157" sentence="7" number="4">of</token>
<token t_id="158" sentence="7" number="5">respondents</token>
<token t_id="159" sentence="7" number="6">said</token>
<token t_id="160" sentence="7" number="7">neither</token>
<token t_id="161" sentence="7" number="8">party</token>
<token t_id="162" sentence="7" number="9">seemed</token>
<token t_id="163" sentence="7" number="10">competent</token>
<token t_id="164" sentence="7" number="11">to</token>
<token t_id="165" sentence="7" number="12">handle</token>
<token t_id="166" sentence="7" number="13">the</token>
<token t_id="167" sentence="7" number="14">situation</token>
<token t_id="168" sentence="7" number="15">.</token>
<token t_id="169" sentence="8" number="0">The</token>
<token t_id="170" sentence="8" number="1">Focus</token>
<token t_id="171" sentence="8" number="2">poll</token>
<token t_id="172" sentence="8" number="3">of</token>
<token t_id="173" sentence="8" number="4">1,000</token>
<token t_id="174" sentence="8" number="5">people</token>
<token t_id="175" sentence="8" number="6">for</token>
<token t_id="176" sentence="8" number="7">Real</token>
<token t_id="177" sentence="8" number="8">News</token>
<token t_id="178" sentence="8" number="9">gave</token>
<token t_id="179" sentence="8" number="10">a</token>
<token t_id="180" sentence="8" number="11">3.1</token>
<token t_id="181" sentence="8" number="12">percent</token>
<token t_id="182" sentence="8" number="13">margin</token>
<token t_id="183" sentence="8" number="14">of</token>
<token t_id="184" sentence="8" number="15">error</token>
<token t_id="185" sentence="8" number="16">.</token>
<token t_id="186" sentence="9" number="0">Violence</token>
<token t_id="187" sentence="9" number="1">has</token>
<token t_id="188" sentence="9" number="2">wracked</token>
<token t_id="189" sentence="9" number="3">Greece</token>
<token t_id="190" sentence="9" number="4">every</token>
<token t_id="191" sentence="9" number="5">day</token>
<token t_id="192" sentence="9" number="6">since</token>
<token t_id="193" sentence="9" number="7">the</token>
<token t_id="194" sentence="9" number="8">death</token>
<token t_id="195" sentence="9" number="9">of</token>
<token t_id="196" sentence="9" number="10">15-year-old</token>
<token t_id="197" sentence="9" number="11">Alexandros</token>
<token t_id="198" sentence="9" number="12">Grigoropoulos</token>
<token t_id="199" sentence="9" number="13">,</token>
<token t_id="200" sentence="9" number="14">spreading</token>
<token t_id="201" sentence="9" number="15">quickly</token>
<token t_id="202" sentence="9" number="16">from</token>
<token t_id="203" sentence="9" number="17">Athens</token>
<token t_id="204" sentence="9" number="18">to</token>
<token t_id="205" sentence="9" number="19">more</token>
<token t_id="206" sentence="9" number="20">than</token>
<token t_id="207" sentence="9" number="21">a</token>
<token t_id="208" sentence="9" number="22">dozen</token>
<token t_id="209" sentence="9" number="23">other</token>
<token t_id="210" sentence="9" number="24">cities</token>
<token t_id="211" sentence="9" number="25">and</token>
<token t_id="212" sentence="9" number="26">leaving</token>
<token t_id="213" sentence="9" number="27">at</token>
<token t_id="214" sentence="9" number="28">least</token>
<token t_id="215" sentence="9" number="29">70</token>
<token t_id="216" sentence="9" number="30">people</token>
<token t_id="217" sentence="9" number="31">injured</token>
<token t_id="218" sentence="9" number="32">.</token>
<token t_id="219" sentence="10" number="0">Hundreds</token>
<token t_id="220" sentence="10" number="1">of</token>
<token t_id="221" sentence="10" number="2">stores</token>
<token t_id="222" sentence="10" number="3">have</token>
<token t_id="223" sentence="10" number="4">been</token>
<token t_id="224" sentence="10" number="5">smashed</token>
<token t_id="225" sentence="10" number="6">and</token>
<token t_id="226" sentence="10" number="7">looted</token>
<token t_id="227" sentence="10" number="8">,</token>
<token t_id="228" sentence="10" number="9">and</token>
<token t_id="229" sentence="10" number="10">more</token>
<token t_id="230" sentence="10" number="11">than</token>
<token t_id="231" sentence="10" number="12">200</token>
<token t_id="232" sentence="10" number="13">people</token>
<token t_id="233" sentence="10" number="14">arrested</token>
<token t_id="234" sentence="10" number="15">.</token>
<token t_id="235" sentence="11" number="0">Late</token>
<token t_id="236" sentence="11" number="1">Saturday</token>
<token t_id="237" sentence="11" number="2">and</token>
<token t_id="238" sentence="11" number="3">early</token>
<token t_id="239" sentence="11" number="4">Sunday</token>
<token t_id="240" sentence="11" number="5">,</token>
<token t_id="241" sentence="11" number="6">youths</token>
<token t_id="242" sentence="11" number="7">in</token>
<token t_id="243" sentence="11" number="8">Athens</token>
<token t_id="244" sentence="11" number="9">attacked</token>
<token t_id="245" sentence="11" number="10">a</token>
<token t_id="246" sentence="11" number="11">police</token>
<token t_id="247" sentence="11" number="12">station</token>
<token t_id="248" sentence="11" number="13">,</token>
<token t_id="249" sentence="11" number="14">stores</token>
<token t_id="250" sentence="11" number="15">and</token>
<token t_id="251" sentence="11" number="16">banks</token>
<token t_id="252" sentence="11" number="17">and</token>
<token t_id="253" sentence="11" number="18">fought</token>
<token t_id="254" sentence="11" number="19">running</token>
<token t_id="255" sentence="11" number="20">battles</token>
<token t_id="256" sentence="11" number="21">with</token>
<token t_id="257" sentence="11" number="22">police</token>
<token t_id="258" sentence="11" number="23">,</token>
<token t_id="259" sentence="11" number="24">as</token>
<token t_id="260" sentence="11" number="25">candlelit</token>
<token t_id="261" sentence="11" number="26">vigils</token>
<token t_id="262" sentence="11" number="27">were</token>
<token t_id="263" sentence="11" number="28">held</token>
<token t_id="264" sentence="11" number="29">to</token>
<token t_id="265" sentence="11" number="30">mark</token>
<token t_id="266" sentence="11" number="31">a</token>
<token t_id="267" sentence="11" number="32">week</token>
<token t_id="268" sentence="11" number="33">since</token>
<token t_id="269" sentence="11" number="34">the</token>
<token t_id="270" sentence="11" number="35">shooting</token>
<token t_id="271" sentence="11" number="36">.</token>
<token t_id="272" sentence="12" number="0">A</token>
<token t_id="273" sentence="12" number="1">new</token>
<token t_id="274" sentence="12" number="2">candlelit</token>
<token t_id="275" sentence="12" number="3">vigil</token>
<token t_id="276" sentence="12" number="4">is</token>
<token t_id="277" sentence="12" number="5">planned</token>
<token t_id="278" sentence="12" number="6">for</token>
<token t_id="279" sentence="12" number="7">Sunday</token>
<token t_id="280" sentence="12" number="8">evening</token>
<token t_id="281" sentence="12" number="9">at</token>
<token t_id="282" sentence="12" number="10">the</token>
<token t_id="283" sentence="12" number="11">site</token>
<token t_id="284" sentence="12" number="12">of</token>
<token t_id="285" sentence="12" number="13">the</token>
<token t_id="286" sentence="12" number="14">shooting</token>
<token t_id="287" sentence="12" number="15">.</token>
<token t_id="288" sentence="13" number="0">A</token>
<token t_id="289" sentence="13" number="1">separate</token>
<token t_id="290" sentence="13" number="2">protest</token>
<token t_id="291" sentence="13" number="3">is</token>
<token t_id="292" sentence="13" number="4">scheduled</token>
<token t_id="293" sentence="13" number="5">in</token>
<token t_id="294" sentence="13" number="6">western</token>
<token t_id="295" sentence="13" number="7">Athens</token>
<token t_id="296" sentence="13" number="8">.</token>
<token t_id="297" sentence="14" number="0">While</token>
<token t_id="298" sentence="14" number="1">most</token>
<token t_id="299" sentence="14" number="2">of</token>
<token t_id="300" sentence="14" number="3">the</token>
<token t_id="301" sentence="14" number="4">protesters</token>
<token t_id="302" sentence="14" number="5">have</token>
<token t_id="303" sentence="14" number="6">been</token>
<token t_id="304" sentence="14" number="7">peaceful</token>
<token t_id="305" sentence="14" number="8">,</token>
<token t_id="306" sentence="14" number="9">the</token>
<token t_id="307" sentence="14" number="10">tone</token>
<token t_id="308" sentence="14" number="11">of</token>
<token t_id="309" sentence="14" number="12">the</token>
<token t_id="310" sentence="14" number="13">demonstrations</token>
<token t_id="311" sentence="14" number="14">has</token>
<token t_id="312" sentence="14" number="15">been</token>
<token t_id="313" sentence="14" number="16">set</token>
<token t_id="314" sentence="14" number="17">by</token>
<token t_id="315" sentence="14" number="18">a</token>
<token t_id="316" sentence="14" number="19">violent</token>
<token t_id="317" sentence="14" number="20">fringe</token>
<token t_id="318" sentence="14" number="21">.</token>
<token t_id="319" sentence="15" number="0">And</token>
<token t_id="320" sentence="15" number="1">more</token>
<token t_id="321" sentence="15" number="2">young</token>
<token t_id="322" sentence="15" number="3">people</token>
<token t_id="323" sentence="15" number="4">have</token>
<token t_id="324" sentence="15" number="5">been</token>
<token t_id="325" sentence="15" number="6">willing</token>
<token t_id="326" sentence="15" number="7">to</token>
<token t_id="327" sentence="15" number="8">join</token>
<token t_id="328" sentence="15" number="9">those</token>
<token t_id="329" sentence="15" number="10">fringe</token>
<token t_id="330" sentence="15" number="11">elements</token>
<token t_id="331" sentence="15" number="12">than</token>
<token t_id="332" sentence="15" number="13">in</token>
<token t_id="333" sentence="15" number="14">the</token>
<token t_id="334" sentence="15" number="15">past</token>
<token t_id="335" sentence="15" number="16">.</token>
<token t_id="336" sentence="16" number="0">``</token>
<token t_id="337" sentence="16" number="1">In</token>
<token t_id="338" sentence="16" number="2">the</token>
<token t_id="339" sentence="16" number="3">end</token>
<token t_id="340" sentence="16" number="4">,</token>
<token t_id="341" sentence="16" number="5">the</token>
<token t_id="342" sentence="16" number="6">violence</token>
<token t_id="343" sentence="16" number="7">that</token>
<token t_id="344" sentence="16" number="8">we</token>
<token t_id="345" sentence="16" number="9">use</token>
<token t_id="346" sentence="16" number="10">is</token>
<token t_id="347" sentence="16" number="11">minimal</token>
<token t_id="348" sentence="16" number="12">in</token>
<token t_id="349" sentence="16" number="13">comparison</token>
<token t_id="350" sentence="16" number="14">to</token>
<token t_id="351" sentence="16" number="15">the</token>
<token t_id="352" sentence="16" number="16">violence</token>
<token t_id="353" sentence="16" number="17">the</token>
<token t_id="354" sentence="16" number="18">system</token>
<token t_id="355" sentence="16" number="19">uses</token>
<token t_id="356" sentence="16" number="20">,</token>
<token t_id="357" sentence="16" number="21">like</token>
<token t_id="358" sentence="16" number="22">the</token>
<token t_id="359" sentence="16" number="23">banks</token>
<token t_id="360" sentence="16" number="24">,</token>
<token t_id="361" sentence="16" number="25">''</token>
<token t_id="362" sentence="16" number="26">said</token>
<token t_id="363" sentence="16" number="27">32-year-old</token>
<token t_id="364" sentence="16" number="28">protester</token>
<token t_id="365" sentence="16" number="29">Paris</token>
<token t_id="366" sentence="16" number="30">Kyriakides</token>
<token t_id="367" sentence="16" number="31">.</token>
<token t_id="368" sentence="17" number="0">``</token>
<token t_id="369" sentence="17" number="1">Speaking</token>
<token t_id="370" sentence="17" number="2">as</token>
<token t_id="371" sentence="17" number="3">an</token>
<token t_id="372" sentence="17" number="4">anarchist</token>
<token t_id="373" sentence="17" number="5">,</token>
<token t_id="374" sentence="17" number="6">we</token>
<token t_id="375" sentence="17" number="7">want</token>
<token t_id="376" sentence="17" number="8">to</token>
<token t_id="377" sentence="17" number="9">create</token>
<token t_id="378" sentence="17" number="10">those</token>
<token t_id="379" sentence="17" number="11">social</token>
<token t_id="380" sentence="17" number="12">conditions</token>
<token t_id="381" sentence="17" number="13">that</token>
<token t_id="382" sentence="17" number="14">will</token>
<token t_id="383" sentence="17" number="15">generate</token>
<token t_id="384" sentence="17" number="16">more</token>
<token t_id="385" sentence="17" number="17">uprisings</token>
<token t_id="386" sentence="17" number="18">and</token>
<token t_id="387" sentence="17" number="19">to</token>
<token t_id="388" sentence="17" number="20">get</token>
<token t_id="389" sentence="17" number="21">more</token>
<token t_id="390" sentence="17" number="22">people</token>
<token t_id="391" sentence="17" number="23">out</token>
<token t_id="392" sentence="17" number="24">in</token>
<token t_id="393" sentence="17" number="25">the</token>
<token t_id="394" sentence="17" number="26">streets</token>
<token t_id="395" sentence="17" number="27">to</token>
<token t_id="396" sentence="17" number="28">demand</token>
<token t_id="397" sentence="17" number="29">their</token>
<token t_id="398" sentence="17" number="30">rights</token>
<token t_id="399" sentence="17" number="31">.</token>
<token t_id="400" sentence="17" number="32">''</token>
<token t_id="401" sentence="18" number="0">In</token>
<token t_id="402" sentence="18" number="1">a</token>
<token t_id="403" sentence="18" number="2">poll</token>
<token t_id="404" sentence="18" number="3">released</token>
<token t_id="405" sentence="18" number="4">Sunday</token>
<token t_id="406" sentence="18" number="5">,</token>
<token t_id="407" sentence="18" number="6">some</token>
<token t_id="408" sentence="18" number="7">62</token>
<token t_id="409" sentence="18" number="8">percent</token>
<token t_id="410" sentence="18" number="9">of</token>
<token t_id="411" sentence="18" number="10">respondents</token>
<token t_id="412" sentence="18" number="11">said</token>
<token t_id="413" sentence="18" number="12">the</token>
<token t_id="414" sentence="18" number="13">reactions</token>
<token t_id="415" sentence="18" number="14">to</token>
<token t_id="416" sentence="18" number="15">the</token>
<token t_id="417" sentence="18" number="16">shooting</token>
<token t_id="418" sentence="18" number="17">were</token>
<token t_id="419" sentence="18" number="18">inexcusable</token>
<token t_id="420" sentence="18" number="19">,</token>
<token t_id="421" sentence="18" number="20">compared</token>
<token t_id="422" sentence="18" number="21">with</token>
<token t_id="423" sentence="18" number="22">35</token>
<token t_id="424" sentence="18" number="23">percent</token>
<token t_id="425" sentence="18" number="24">who</token>
<token t_id="426" sentence="18" number="25">believed</token>
<token t_id="427" sentence="18" number="26">the</token>
<token t_id="428" sentence="18" number="27">violence</token>
<token t_id="429" sentence="18" number="28">was</token>
<token t_id="430" sentence="18" number="29">justified</token>
<token t_id="431" sentence="18" number="30">.</token>
<token t_id="432" sentence="19" number="0">The</token>
<token t_id="433" sentence="19" number="1">poll</token>
<token t_id="434" sentence="19" number="2">of</token>
<token t_id="435" sentence="19" number="3">1,000</token>
<token t_id="436" sentence="19" number="4">people</token>
<token t_id="437" sentence="19" number="5">gave</token>
<token t_id="438" sentence="19" number="6">no</token>
<token t_id="439" sentence="19" number="7">margin</token>
<token t_id="440" sentence="19" number="8">of</token>
<token t_id="441" sentence="19" number="9">error</token>
<token t_id="442" sentence="19" number="10">.</token>
<token t_id="443" sentence="20" number="0">According</token>
<token t_id="444" sentence="20" number="1">to</token>
<token t_id="445" sentence="20" number="2">another</token>
<token t_id="446" sentence="20" number="3">poll</token>
<token t_id="447" sentence="20" number="4">,</token>
<token t_id="448" sentence="20" number="5">Greeks</token>
<token t_id="449" sentence="20" number="6">see</token>
<token t_id="450" sentence="20" number="7">more</token>
<token t_id="451" sentence="20" number="8">in</token>
<token t_id="452" sentence="20" number="9">the</token>
<token t_id="453" sentence="20" number="10">violence</token>
<token t_id="454" sentence="20" number="11">than</token>
<token t_id="455" sentence="20" number="12">a</token>
<token t_id="456" sentence="20" number="13">simple</token>
<token t_id="457" sentence="20" number="14">reaction</token>
<token t_id="458" sentence="20" number="15">to</token>
<token t_id="459" sentence="20" number="16">the</token>
<token t_id="460" sentence="20" number="17">shooting</token>
<token t_id="461" sentence="20" number="18">.</token>
<token t_id="462" sentence="21" number="0">Asked</token>
<token t_id="463" sentence="21" number="1">whether</token>
<token t_id="464" sentence="21" number="2">the</token>
<token t_id="465" sentence="21" number="3">riots</token>
<token t_id="466" sentence="21" number="4">were</token>
<token t_id="467" sentence="21" number="5">a</token>
<token t_id="468" sentence="21" number="6">social</token>
<token t_id="469" sentence="21" number="7">uprising</token>
<token t_id="470" sentence="21" number="8">,</token>
<token t_id="471" sentence="21" number="9">60</token>
<token t_id="472" sentence="21" number="10">percent</token>
<token t_id="473" sentence="21" number="11">responded</token>
<token t_id="474" sentence="21" number="12">yes</token>
<token t_id="475" sentence="21" number="13">.</token>
<token t_id="476" sentence="22" number="0">Some</token>
<token t_id="477" sentence="22" number="1">64</token>
<token t_id="478" sentence="22" number="2">percent</token>
<token t_id="479" sentence="22" number="3">considered</token>
<token t_id="480" sentence="22" number="4">police</token>
<token t_id="481" sentence="22" number="5">were</token>
<token t_id="482" sentence="22" number="6">unprepared</token>
<token t_id="483" sentence="22" number="7">for</token>
<token t_id="484" sentence="22" number="8">the</token>
<token t_id="485" sentence="22" number="9">violence</token>
<token t_id="486" sentence="22" number="10">.</token>
<token t_id="487" sentence="23" number="0">The</token>
<token t_id="488" sentence="23" number="1">poll</token>
<token t_id="489" sentence="23" number="2">of</token>
<token t_id="490" sentence="23" number="3">520</token>
<token t_id="491" sentence="23" number="4">people</token>
<token t_id="492" sentence="23" number="5">published</token>
<token t_id="493" sentence="23" number="6">in</token>
<token t_id="494" sentence="23" number="7">the</token>
<token t_id="495" sentence="23" number="8">Kathimerini</token>
<token t_id="496" sentence="23" number="9">newspaper</token>
<token t_id="497" sentence="23" number="10">gave</token>
<token t_id="498" sentence="23" number="11">a</token>
<token t_id="499" sentence="23" number="12">4.5</token>
<token t_id="500" sentence="23" number="13">percent</token>
<token t_id="501" sentence="23" number="14">margin</token>
<token t_id="502" sentence="23" number="15">of</token>
<token t_id="503" sentence="23" number="16">error</token>
<token t_id="504" sentence="23" number="17">.</token>
<Markables>
<ACTION_OCCURRENCE m_id="13"  >
  <token_anchor t_id="21"/>
</ACTION_OCCURRENCE>
<ACTION_OCCURRENCE m_id="14"  >
  <token_anchor t_id="28"/>
</ACTION_OCCURRENCE>
<ACTION_OCCURRENCE m_id="15"  >
  <token_anchor t_id="32"/>
</ACTION_OCCURRENCE>
<HUMAN_PART_PER m_id="16"  >
  <token_anchor t_id="35"/>
</HUMAN_PART_PER>
<TIME_DATE m_id="11"  >
  <token_anchor t_id="14"/>
</TIME_DATE>
<TIME_DURATION m_id="12"  >
  <token_anchor t_id="16"/>
  <token_anchor t_id="17"/>
</TIME_DURATION>


<LOC_GEO m_id="17" note="byCROMER" >
  <token_anchor t_id="22"/>
</LOC_GEO>
<LOC_GEO m_id="18" note="byCROMER" >
  <token_anchor t_id="11"/>
</LOC_GEO>


<ACTION_OCCURRENCE m_id="25" RELATED_TO="" TAG_DESCRIPTOR="t19b_killing" instance_id="ACT17819728461396359" />
<ACTION_OCCURRENCE m_id="24" RELATED_TO="" TAG_DESCRIPTOR="t19b_riots" instance_id="ACT17819737684267059" />
<TIME_DATE m_id="23" RELATED_TO="" TAG_DESCRIPTOR="t19b_sunday" instance_id="TIM17821000435467222" />
<LOC_GEO m_id="22" RELATED_TO="" TAG_DESCRIPTOR="t19b_greece" instance_id="LOC17819756552118938" />
<LOC_GEO m_id="21" RELATED_TO="" TAG_DESCRIPTOR="t19b_athens" instance_id="LOC17820708043450954" />
<HUMAN_PART_PER m_id="19" RELATED_TO="" TAG_DESCRIPTOR="t19b_alex" instance_id="HUM17819747019655492" />
<ACTION_OCCURRENCE m_id="20" RELATED_TO="" TAG_DESCRIPTOR="t19b_sparked" instance_id="ACT17820732359105635" />
</Markables>

<Relations>
<CROSS_DOC_COREF r_id="33458" note="HUM17819747019655492" >
  <source m_id="16" />
  <target m_id="19" />
</CROSS_DOC_COREF>
<CROSS_DOC_COREF r_id="33459" note="ACT17820732359105635" >
  <source m_id="14" />
  <target m_id="20" />
</CROSS_DOC_COREF>
<CROSS_DOC_COREF r_id="33460" note="LOC17820708043450954" >
  <source m_id="18" />
  <target m_id="21" />
</CROSS_DOC_COREF>
<CROSS_DOC_COREF r_id="33461" note="LOC17819756552118938" >
  <source m_id="17" />
  <target m_id="22" />
</CROSS_DOC_COREF>
<CROSS_DOC_COREF r_id="33462" note="TIM17821000435467222" >
  <source m_id="11" />
  <target m_id="23" />
</CROSS_DOC_COREF>
<CROSS_DOC_COREF r_id="33463" note="ACT17819737684267059" >
  <source m_id="13" />
  <target m_id="24" />
</CROSS_DOC_COREF>
<CROSS_DOC_COREF r_id="33464" note="ACT17819728461396359" >
  <source m_id="15" />
  <target m_id="25" />
</CROSS_DOC_COREF>

</Relations>
</Document>
