<Document doc_name="19_4ecb.xml" doc_id="DOC15654491101106945">
<token t_id="1" sentence="0" number="0">Violent</token>
<token t_id="2" sentence="0" number="1">protests</token>
<token t_id="3" sentence="0" number="2">in</token>
<token t_id="4" sentence="0" number="3">Europe</token>
<token t_id="5" sentence="0" number="4">borne</token>
<token t_id="6" sentence="0" number="5">out</token>
<token t_id="7" sentence="0" number="6">of</token>
<token t_id="8" sentence="0" number="7">deeper</token>
<token t_id="9" sentence="0" number="8">frustrations</token>
<token t_id="10" sentence="1" number="0">They</token>
<token t_id="11" sentence="1" number="1">gripped</token>
<token t_id="12" sentence="1" number="2">rocks</token>
<token t_id="13" sentence="1" number="3">and</token>
<token t_id="14" sentence="1" number="4">stones</token>
<token t_id="15" sentence="1" number="5">,</token>
<token t_id="16" sentence="1" number="6">looking</token>
<token t_id="17" sentence="1" number="7">ready</token>
<token t_id="18" sentence="1" number="8">for</token>
<token t_id="19" sentence="1" number="9">a</token>
<token t_id="20" sentence="1" number="10">fight</token>
<token t_id="21" sentence="1" number="11">.</token>
<token t_id="22" sentence="2" number="0">But</token>
<token t_id="23" sentence="2" number="1">the</token>
<token t_id="24" sentence="2" number="2">five</token>
<token t_id="25" sentence="2" number="3">young</token>
<token t_id="26" sentence="2" number="4">men</token>
<token t_id="27" sentence="2" number="5">-</token>
<token t_id="28" sentence="2" number="6">sons</token>
<token t_id="29" sentence="2" number="7">of</token>
<token t_id="30" sentence="2" number="8">a</token>
<token t_id="31" sentence="2" number="9">dentist</token>
<token t_id="32" sentence="2" number="10">,</token>
<token t_id="33" sentence="2" number="11">merchants</token>
<token t_id="34" sentence="2" number="12">,</token>
<token t_id="35" sentence="2" number="13">a</token>
<token t_id="36" sentence="2" number="14">state</token>
<token t_id="37" sentence="2" number="15">tax</token>
<token t_id="38" sentence="2" number="16">collector</token>
<token t_id="39" sentence="2" number="17">-</token>
<token t_id="40" sentence="2" number="18">stood</token>
<token t_id="41" sentence="2" number="19">in</token>
<token t_id="42" sentence="2" number="20">the</token>
<token t_id="43" sentence="2" number="21">shadow</token>
<token t_id="44" sentence="2" number="22">of</token>
<token t_id="45" sentence="2" number="23">the</token>
<token t_id="46" sentence="2" number="24">University</token>
<token t_id="47" sentence="2" number="25">of</token>
<token t_id="48" sentence="2" number="26">Athens</token>
<token t_id="49" sentence="2" number="27">before</token>
<token t_id="50" sentence="2" number="28">another</token>
<token t_id="51" sentence="2" number="29">day</token>
<token t_id="52" sentence="2" number="30">of</token>
<token t_id="53" sentence="2" number="31">battle</token>
<token t_id="54" sentence="2" number="32">in</token>
<token t_id="55" sentence="2" number="33">the</token>
<token t_id="56" sentence="2" number="34">Greek</token>
<token t_id="57" sentence="2" number="35">capital</token>
<token t_id="58" sentence="2" number="36">'s</token>
<token t_id="59" sentence="2" number="37">running</token>
<token t_id="60" sentence="2" number="38">street</token>
<token t_id="61" sentence="2" number="39">protests</token>
<token t_id="62" sentence="2" number="40">.</token>
<token t_id="63" sentence="3" number="0">``</token>
<token t_id="64" sentence="3" number="1">What</token>
<token t_id="65" sentence="3" number="2">I</token>
<token t_id="66" sentence="3" number="3">feel</token>
<token t_id="67" sentence="3" number="4">when</token>
<token t_id="68" sentence="3" number="5">I</token>
<token t_id="69" sentence="3" number="6">see</token>
<token t_id="70" sentence="3" number="7">this</token>
<token t_id="71" sentence="3" number="8">,</token>
<token t_id="72" sentence="3" number="9">''</token>
<token t_id="73" sentence="3" number="10">said</token>
<token t_id="74" sentence="3" number="11">one</token>
<token t_id="75" sentence="3" number="12">young</token>
<token t_id="76" sentence="3" number="13">man</token>
<token t_id="77" sentence="3" number="14">,</token>
<token t_id="78" sentence="3" number="15">a</token>
<token t_id="79" sentence="3" number="16">hard</token>
<token t_id="80" sentence="3" number="17">plastic</token>
<token t_id="81" sentence="3" number="18">helmet</token>
<token t_id="82" sentence="3" number="19">covering</token>
<token t_id="83" sentence="3" number="20">his</token>
<token t_id="84" sentence="3" number="21">curly</token>
<token t_id="85" sentence="3" number="22">brown</token>
<token t_id="86" sentence="3" number="23">hair</token>
<token t_id="87" sentence="3" number="24">,</token>
<token t_id="88" sentence="3" number="25">``</token>
<token t_id="89" sentence="3" number="26">is</token>
<token t_id="90" sentence="3" number="27">that</token>
<token t_id="91" sentence="3" number="28">I</token>
<token t_id="92" sentence="3" number="29">am</token>
<token t_id="93" sentence="3" number="30">loving</token>
<token t_id="94" sentence="3" number="31">my</token>
<token t_id="95" sentence="3" number="32">city</token>
<token t_id="96" sentence="3" number="33">more</token>
<token t_id="97" sentence="3" number="34">than</token>
<token t_id="98" sentence="3" number="35">ever</token>
<token t_id="99" sentence="3" number="36">.</token>
<token t_id="100" sentence="4" number="0">Because</token>
<token t_id="101" sentence="4" number="1">we</token>
<token t_id="102" sentence="4" number="2">are</token>
<token t_id="103" sentence="4" number="3">all</token>
<token t_id="104" sentence="4" number="4">here</token>
<token t_id="105" sentence="4" number="5">.</token>
<token t_id="106" sentence="5" number="0">Because</token>
<token t_id="107" sentence="5" number="1">we</token>
<token t_id="108" sentence="5" number="2">are</token>
<token t_id="109" sentence="5" number="3">discussing</token>
<token t_id="110" sentence="5" number="4">,</token>
<token t_id="111" sentence="5" number="5">really</token>
<token t_id="112" sentence="5" number="6">,</token>
<token t_id="113" sentence="5" number="7">what</token>
<token t_id="114" sentence="5" number="8">is</token>
<token t_id="115" sentence="5" number="9">going</token>
<token t_id="116" sentence="5" number="10">on</token>
<token t_id="117" sentence="5" number="11">here</token>
<token t_id="118" sentence="5" number="12">.</token>
<token t_id="119" sentence="6" number="0">The</token>
<token t_id="120" sentence="6" number="1">system</token>
<token t_id="121" sentence="6" number="2">has</token>
<token t_id="122" sentence="6" number="3">failed</token>
<token t_id="123" sentence="6" number="4">us</token>
<token t_id="124" sentence="6" number="5">.</token>
<token t_id="125" sentence="7" number="0">The</token>
<token t_id="126" sentence="7" number="1">politicians</token>
<token t_id="127" sentence="7" number="2">failed</token>
<token t_id="128" sentence="7" number="3">us</token>
<token t_id="129" sentence="7" number="4">.</token>
<token t_id="130" sentence="7" number="5">''</token>
<token t_id="131" sentence="8" number="0">``</token>
<token t_id="132" sentence="8" number="1">I</token>
<token t_id="133" sentence="8" number="2">do</token>
<token t_id="134" sentence="8" number="3">feel</token>
<token t_id="135" sentence="8" number="4">bad</token>
<token t_id="136" sentence="8" number="5">when</token>
<token t_id="137" sentence="8" number="6">I</token>
<token t_id="138" sentence="8" number="7">see</token>
<token t_id="139" sentence="8" number="8">property</token>
<token t_id="140" sentence="8" number="9">burned</token>
<token t_id="141" sentence="8" number="10">,</token>
<token t_id="142" sentence="8" number="11">''</token>
<token t_id="143" sentence="8" number="12">said</token>
<token t_id="144" sentence="8" number="13">a</token>
<token t_id="145" sentence="8" number="14">man</token>
<token t_id="146" sentence="8" number="15">wearing</token>
<token t_id="147" sentence="8" number="16">ski</token>
<token t_id="148" sentence="8" number="17">goggles</token>
<token t_id="149" sentence="8" number="18">and</token>
<token t_id="150" sentence="8" number="19">a</token>
<token t_id="151" sentence="8" number="20">dark</token>
<token t_id="152" sentence="8" number="21">blue</token>
<token t_id="153" sentence="8" number="22">jacket</token>
<token t_id="154" sentence="8" number="23">.</token>
<token t_id="155" sentence="9" number="0">``</token>
<token t_id="156" sentence="9" number="1">But</token>
<token t_id="157" sentence="9" number="2">this</token>
<token t_id="158" sentence="9" number="3">is</token>
<token t_id="159" sentence="9" number="4">a</token>
<token t_id="160" sentence="9" number="5">statement</token>
<token t_id="161" sentence="9" number="6">,</token>
<token t_id="162" sentence="9" number="7">a</token>
<token t_id="163" sentence="9" number="8">manifestation</token>
<token t_id="164" sentence="9" number="9">of</token>
<token t_id="165" sentence="9" number="10">what</token>
<token t_id="166" sentence="9" number="11">we</token>
<token t_id="167" sentence="9" number="12">see</token>
<token t_id="168" sentence="9" number="13">has</token>
<token t_id="169" sentence="9" number="14">gone</token>
<token t_id="170" sentence="9" number="15">wrong</token>
<token t_id="171" sentence="9" number="16">here</token>
<token t_id="172" sentence="9" number="17">.</token>
<token t_id="173" sentence="9" number="18">''</token>
<token t_id="174" sentence="10" number="0">For</token>
<token t_id="175" sentence="10" number="1">more</token>
<token t_id="176" sentence="10" number="2">than</token>
<token t_id="177" sentence="10" number="3">a</token>
<token t_id="178" sentence="10" number="4">week</token>
<token t_id="179" sentence="10" number="5">,</token>
<token t_id="180" sentence="10" number="6">Greece</token>
<token t_id="181" sentence="10" number="7">has</token>
<token t_id="182" sentence="10" number="8">been</token>
<token t_id="183" sentence="10" number="9">shaken</token>
<token t_id="184" sentence="10" number="10">by</token>
<token t_id="185" sentence="10" number="11">a</token>
<token t_id="186" sentence="10" number="12">rebellion</token>
<token t_id="187" sentence="10" number="13">.</token>
<token t_id="188" sentence="11" number="0">A</token>
<token t_id="189" sentence="11" number="1">deadly</token>
<token t_id="190" sentence="11" number="2">police</token>
<token t_id="191" sentence="11" number="3">shooting</token>
<token t_id="192" sentence="11" number="4">Dec.</token>
<token t_id="193" sentence="11" number="5">6</token>
<token t_id="194" sentence="11" number="6">in</token>
<token t_id="195" sentence="11" number="7">Athens</token>
<token t_id="196" sentence="11" number="8">of</token>
<token t_id="197" sentence="11" number="9">Alexandros</token>
<token t_id="198" sentence="11" number="10">Grigoropoulos</token>
<token t_id="199" sentence="11" number="11">,</token>
<token t_id="200" sentence="11" number="12">15</token>
<token t_id="201" sentence="11" number="13">,</token>
<token t_id="202" sentence="11" number="14">was</token>
<token t_id="203" sentence="11" number="15">killed</token>
<token t_id="204" sentence="11" number="16">touched</token>
<token t_id="205" sentence="11" number="17">off</token>
<token t_id="206" sentence="11" number="18">the</token>
<token t_id="207" sentence="11" number="19">first</token>
<token t_id="208" sentence="11" number="20">riots</token>
<token t_id="209" sentence="11" number="21">.</token>
<token t_id="210" sentence="12" number="0">Then</token>
<token t_id="211" sentence="12" number="1">something</token>
<token t_id="212" sentence="12" number="2">else</token>
<token t_id="213" sentence="12" number="3">stirred</token>
<token t_id="214" sentence="12" number="4">.</token>
<token t_id="215" sentence="13" number="0">A</token>
<token t_id="216" sentence="13" number="1">coming-of-age</token>
<token t_id="217" sentence="13" number="2">generation</token>
<token t_id="218" sentence="13" number="3">from</token>
<token t_id="219" sentence="13" number="4">Thessaloniki</token>
<token t_id="220" sentence="13" number="5">to</token>
<token t_id="221" sentence="13" number="6">Athens</token>
<token t_id="222" sentence="13" number="7">rose</token>
<token t_id="223" sentence="13" number="8">up</token>
<token t_id="224" sentence="13" number="9">to</token>
<token t_id="225" sentence="13" number="10">attack</token>
<token t_id="226" sentence="13" number="11">dozens</token>
<token t_id="227" sentence="13" number="12">of</token>
<token t_id="228" sentence="13" number="13">police</token>
<token t_id="229" sentence="13" number="14">stations</token>
<token t_id="230" sentence="13" number="15">,</token>
<token t_id="231" sentence="13" number="16">occupy</token>
<token t_id="232" sentence="13" number="17">university</token>
<token t_id="233" sentence="13" number="18">campuses</token>
<token t_id="234" sentence="13" number="19">and</token>
<token t_id="235" sentence="13" number="20">prompt</token>
<token t_id="236" sentence="13" number="21">the</token>
<token t_id="237" sentence="13" number="22">closing</token>
<token t_id="238" sentence="13" number="23">of</token>
<token t_id="239" sentence="13" number="24">the</token>
<token t_id="240" sentence="13" number="25">international</token>
<token t_id="241" sentence="13" number="26">airport</token>
<token t_id="242" sentence="13" number="27">.</token>
<token t_id="243" sentence="14" number="0">Some</token>
<token t_id="244" sentence="14" number="1">of</token>
<token t_id="245" sentence="14" number="2">their</token>
<token t_id="246" sentence="14" number="3">demands</token>
<token t_id="247" sentence="14" number="4">are</token>
<token t_id="248" sentence="14" number="5">immediate:</token>
<token t_id="249" sentence="15" number="0">They</token>
<token t_id="250" sentence="15" number="1">want</token>
<token t_id="251" sentence="15" number="2">police</token>
<token t_id="252" sentence="15" number="3">banned</token>
<token t_id="253" sentence="15" number="4">from</token>
<token t_id="254" sentence="15" number="5">carrying</token>
<token t_id="255" sentence="15" number="6">guns</token>
<token t_id="256" sentence="15" number="7">.</token>
<token t_id="257" sentence="16" number="0">Others</token>
<token t_id="258" sentence="16" number="1">are</token>
<token t_id="259" sentence="16" number="2">less</token>
<token t_id="260" sentence="16" number="3">defined:</token>
<token t_id="261" sentence="17" number="0">They</token>
<token t_id="262" sentence="17" number="1">are</token>
<token t_id="263" sentence="17" number="2">looking</token>
<token t_id="264" sentence="17" number="3">for</token>
<token t_id="265" sentence="17" number="4">government</token>
<token t_id="266" sentence="17" number="5">to</token>
<token t_id="267" sentence="17" number="6">change</token>
<token t_id="268" sentence="17" number="7">.</token>
<token t_id="269" sentence="18" number="0">The</token>
<token t_id="270" sentence="18" number="1">center-right</token>
<token t_id="271" sentence="18" number="2">government</token>
<token t_id="272" sentence="18" number="3">of</token>
<token t_id="273" sentence="18" number="4">Costas</token>
<token t_id="274" sentence="18" number="5">Karamanlis</token>
<token t_id="275" sentence="18" number="6">,</token>
<token t_id="276" sentence="18" number="7">increasingly</token>
<token t_id="277" sentence="18" number="8">unpopular</token>
<token t_id="278" sentence="18" number="9">amid</token>
<token t_id="279" sentence="18" number="10">mounting</token>
<token t_id="280" sentence="18" number="11">economic</token>
<token t_id="281" sentence="18" number="12">problems</token>
<token t_id="282" sentence="18" number="13">,</token>
<token t_id="283" sentence="18" number="14">did</token>
<token t_id="284" sentence="18" number="15">n't</token>
<token t_id="285" sentence="18" number="16">anticipate</token>
<token t_id="286" sentence="18" number="17">or</token>
<token t_id="287" sentence="18" number="18">understand</token>
<token t_id="288" sentence="18" number="19">how</token>
<token t_id="289" sentence="18" number="20">the</token>
<token t_id="290" sentence="18" number="21">anger</token>
<token t_id="291" sentence="18" number="22">had</token>
<token t_id="292" sentence="18" number="23">spiraled</token>
<token t_id="293" sentence="18" number="24">.</token>
<token t_id="294" sentence="19" number="0">The</token>
<token t_id="295" sentence="19" number="1">youth</token>
<token t_id="296" sentence="19" number="2">were</token>
<token t_id="297" sentence="19" number="3">suddenly</token>
<token t_id="298" sentence="19" number="4">lashing</token>
<token t_id="299" sentence="19" number="5">out</token>
<token t_id="300" sentence="19" number="6">at</token>
<token t_id="301" sentence="19" number="7">all</token>
<token t_id="302" sentence="19" number="8">that</token>
<token t_id="303" sentence="19" number="9">ails</token>
<token t_id="304" sentence="19" number="10">Greece</token>
<token t_id="305" sentence="19" number="11">:</token>
<token t_id="306" sentence="19" number="12">a</token>
<token t_id="307" sentence="19" number="13">weak</token>
<token t_id="308" sentence="19" number="14">government</token>
<token t_id="309" sentence="19" number="15">,</token>
<token t_id="310" sentence="19" number="16">an</token>
<token t_id="311" sentence="19" number="17">economy</token>
<token t_id="312" sentence="19" number="18">that</token>
<token t_id="313" sentence="19" number="19">remains</token>
<token t_id="314" sentence="19" number="20">one</token>
<token t_id="315" sentence="19" number="21">of</token>
<token t_id="316" sentence="19" number="22">the</token>
<token t_id="317" sentence="19" number="23">poorest</token>
<token t_id="318" sentence="19" number="24">of</token>
<token t_id="319" sentence="19" number="25">the</token>
<token t_id="320" sentence="19" number="26">European</token>
<token t_id="321" sentence="19" number="27">Union</token>
<token t_id="322" sentence="19" number="28">and</token>
<token t_id="323" sentence="19" number="29">their</token>
<token t_id="324" sentence="19" number="30">own</token>
<token t_id="325" sentence="19" number="31">bleak</token>
<token t_id="326" sentence="19" number="32">job</token>
<token t_id="327" sentence="19" number="33">prospects</token>
<token t_id="328" sentence="19" number="34">.</token>
<token t_id="329" sentence="20" number="0">They</token>
<token t_id="330" sentence="20" number="1">looted</token>
<token t_id="331" sentence="20" number="2">businesses</token>
<token t_id="332" sentence="20" number="3">,</token>
<token t_id="333" sentence="20" number="4">pelted</token>
<token t_id="334" sentence="20" number="5">police</token>
<token t_id="335" sentence="20" number="6">with</token>
<token t_id="336" sentence="20" number="7">stones</token>
<token t_id="337" sentence="20" number="8">and</token>
<token t_id="338" sentence="20" number="9">ran</token>
<token t_id="339" sentence="20" number="10">amok</token>
<token t_id="340" sentence="20" number="11">near</token>
<token t_id="341" sentence="20" number="12">government</token>
<token t_id="342" sentence="20" number="13">banks</token>
<token t_id="343" sentence="20" number="14">,</token>
<token t_id="344" sentence="20" number="15">offices</token>
<token t_id="345" sentence="20" number="16">and</token>
<token t_id="346" sentence="20" number="17">university</token>
<token t_id="347" sentence="20" number="18">campuses</token>
<token t_id="348" sentence="20" number="19">with</token>
<token t_id="349" sentence="20" number="20">Molotov</token>
<token t_id="350" sentence="20" number="21">cocktails</token>
<token t_id="351" sentence="20" number="22">.</token>
<token t_id="352" sentence="21" number="0">About</token>
<token t_id="353" sentence="21" number="1">100</token>
<token t_id="354" sentence="21" number="2">people</token>
<token t_id="355" sentence="21" number="3">have</token>
<token t_id="356" sentence="21" number="4">been</token>
<token t_id="357" sentence="21" number="5">injured</token>
<token t_id="358" sentence="21" number="6">.</token>
<token t_id="359" sentence="22" number="0">Property</token>
<token t_id="360" sentence="22" number="1">damage</token>
<token t_id="361" sentence="22" number="2">is</token>
<token t_id="362" sentence="22" number="3">an</token>
<token t_id="363" sentence="22" number="4">estimated</token>
<token t_id="364" sentence="22" number="5">$</token>
<token t_id="365" sentence="22" number="6">2</token>
<token t_id="366" sentence="22" number="7">million</token>
<token t_id="367" sentence="22" number="8">.</token>
<token t_id="368" sentence="23" number="0">Talk</token>
<token t_id="369" sentence="23" number="1">of</token>
<token t_id="370" sentence="23" number="2">what</token>
<token t_id="371" sentence="23" number="3">happened</token>
<token t_id="372" sentence="23" number="4">in</token>
<token t_id="373" sentence="23" number="5">Athens</token>
<token t_id="374" sentence="23" number="6">and</token>
<token t_id="375" sentence="23" number="7">Thessaloniki</token>
<token t_id="376" sentence="23" number="8">has</token>
<token t_id="377" sentence="23" number="9">spread</token>
<token t_id="378" sentence="23" number="10">to</token>
<token t_id="379" sentence="23" number="11">Italy</token>
<token t_id="380" sentence="23" number="12">and</token>
<token t_id="381" sentence="23" number="13">Spain</token>
<token t_id="382" sentence="23" number="14">,</token>
<token t_id="383" sentence="23" number="15">which</token>
<token t_id="384" sentence="23" number="16">have</token>
<token t_id="385" sentence="23" number="17">had</token>
<token t_id="386" sentence="23" number="18">protests</token>
<token t_id="387" sentence="23" number="19">of</token>
<token t_id="388" sentence="23" number="20">their</token>
<token t_id="389" sentence="23" number="21">own</token>
<token t_id="390" sentence="23" number="22">.</token>
<token t_id="391" sentence="24" number="0">Few</token>
<token t_id="392" sentence="24" number="1">of</token>
<token t_id="393" sentence="24" number="2">the</token>
<token t_id="394" sentence="24" number="3">dozen</token>
<token t_id="395" sentence="24" number="4">people</token>
<token t_id="396" sentence="24" number="5">interviewed</token>
<token t_id="397" sentence="24" number="6">in</token>
<token t_id="398" sentence="24" number="7">Athens</token>
<token t_id="399" sentence="24" number="8">said</token>
<token t_id="400" sentence="24" number="9">they</token>
<token t_id="401" sentence="24" number="10">had</token>
<token t_id="402" sentence="24" number="11">a</token>
<token t_id="403" sentence="24" number="12">permanent</token>
<token t_id="404" sentence="24" number="13">job</token>
<token t_id="405" sentence="24" number="14">or</token>
<token t_id="406" sentence="24" number="15">a</token>
<token t_id="407" sentence="24" number="16">job</token>
<token t_id="408" sentence="24" number="17">that</token>
<token t_id="409" sentence="24" number="18">guaranteed</token>
<token t_id="410" sentence="24" number="19">a</token>
<token t_id="411" sentence="24" number="20">pension</token>
<token t_id="412" sentence="24" number="21">.</token>
<token t_id="413" sentence="25" number="0">Many</token>
<token t_id="414" sentence="25" number="1">older</token>
<token t_id="415" sentence="25" number="2">spectators</token>
<token t_id="416" sentence="25" number="3">said</token>
<token t_id="417" sentence="25" number="4">they</token>
<token t_id="418" sentence="25" number="5">are</token>
<token t_id="419" sentence="25" number="6">sympathetic</token>
<token t_id="420" sentence="25" number="7">-</token>
<token t_id="421" sentence="25" number="8">even</token>
<token t_id="422" sentence="25" number="9">if</token>
<token t_id="423" sentence="25" number="10">they</token>
<token t_id="424" sentence="25" number="11">did</token>
<token t_id="425" sentence="25" number="12">n't</token>
<token t_id="426" sentence="25" number="13">like</token>
<token t_id="427" sentence="25" number="14">the</token>
<token t_id="428" sentence="25" number="15">ruin</token>
<token t_id="429" sentence="25" number="16">left</token>
<token t_id="430" sentence="25" number="17">behind</token>
<token t_id="431" sentence="25" number="18">.</token>
<token t_id="432" sentence="26" number="0">``</token>
<token t_id="433" sentence="26" number="1">I</token>
<token t_id="434" sentence="26" number="2">feel</token>
<token t_id="435" sentence="26" number="3">sorry</token>
<token t_id="436" sentence="26" number="4">for</token>
<token t_id="437" sentence="26" number="5">the</token>
<token t_id="438" sentence="26" number="6">young</token>
<token t_id="439" sentence="26" number="7">,</token>
<token t_id="440" sentence="26" number="8">``</token>
<token t_id="441" sentence="26" number="9">said</token>
<token t_id="442" sentence="26" number="10">40-year-old</token>
<token t_id="443" sentence="26" number="11">Tsikala</token>
<token t_id="444" sentence="26" number="12">Stephania</token>
<token t_id="445" sentence="26" number="13">,</token>
<token t_id="446" sentence="26" number="14">a</token>
<token t_id="447" sentence="26" number="15">public</token>
<token t_id="448" sentence="26" number="16">sector</token>
<token t_id="449" sentence="26" number="17">worker</token>
<token t_id="450" sentence="26" number="18">.</token>
<token t_id="451" sentence="27" number="0">``</token>
<token t_id="452" sentence="27" number="1">They</token>
<token t_id="453" sentence="27" number="2">do</token>
<token t_id="454" sentence="27" number="3">n't</token>
<token t_id="455" sentence="27" number="4">see</token>
<token t_id="456" sentence="27" number="5">much</token>
<token t_id="457" sentence="27" number="6">of</token>
<token t_id="458" sentence="27" number="7">a</token>
<token t_id="459" sentence="27" number="8">future</token>
<token t_id="460" sentence="27" number="9">,</token>
<token t_id="461" sentence="27" number="10">and</token>
<token t_id="462" sentence="27" number="11">they</token>
<token t_id="463" sentence="27" number="12">have</token>
<token t_id="464" sentence="27" number="13">to</token>
<token t_id="465" sentence="27" number="14">show</token>
<token t_id="466" sentence="27" number="15">their</token>
<token t_id="467" sentence="27" number="16">wrath</token>
<token t_id="468" sentence="27" number="17">in</token>
<token t_id="469" sentence="27" number="18">some</token>
<token t_id="470" sentence="27" number="19">way</token>
<token t_id="471" sentence="27" number="20">.</token>
<token t_id="472" sentence="27" number="21">''</token>
<Markables>
<ACTION_OCCURRENCE m_id="8"  >
  <token_anchor t_id="191"/>
</ACTION_OCCURRENCE>
<ACTION_OCCURRENCE m_id="9"  >
  <token_anchor t_id="203"/>
</ACTION_OCCURRENCE>
<ACTION_OCCURRENCE m_id="10"  >
  <token_anchor t_id="204"/>
  <token_anchor t_id="205"/>
</ACTION_OCCURRENCE>
<ACTION_OCCURRENCE m_id="11"  >
  <token_anchor t_id="208"/>
</ACTION_OCCURRENCE>
<HUMAN_PART_PER m_id="14"  >
  <token_anchor t_id="197"/>
  <token_anchor t_id="198"/>
</HUMAN_PART_PER>
<LOC_GEO m_id="13"  >
  <token_anchor t_id="194"/>
  <token_anchor t_id="195"/>
</LOC_GEO>
<TIME_DATE m_id="12"  >
  <token_anchor t_id="192"/>
  <token_anchor t_id="193"/>
</TIME_DATE>




<ACTION_OCCURRENCE m_id="21" RELATED_TO="" TAG_DESCRIPTOR="t19b_killing" instance_id="ACT17819728461396359" />
<TIME_DATE m_id="19" RELATED_TO="" TAG_DESCRIPTOR="t19b_saturday" instance_id="TIM17819771332075563" />
<ACTION_OCCURRENCE m_id="20" RELATED_TO="" TAG_DESCRIPTOR="t19b_riots" instance_id="ACT17819737684267059" />
<ACTION_OCCURRENCE m_id="18" RELATED_TO="" TAG_DESCRIPTOR="t19b_sparked" instance_id="ACT17820732359105635" />
<LOC_GEO m_id="17" RELATED_TO="" TAG_DESCRIPTOR="t19b_athens" instance_id="LOC17820708043450954" />
<HUMAN_PART_PER m_id="16" RELATED_TO="" TAG_DESCRIPTOR="t19b_alex" instance_id="HUM17819747019655492" />
<ACTION_OCCURRENCE m_id="15" RELATED_TO="" TAG_DESCRIPTOR="t19b_shooting" instance_id="ACT17819810020957731" />
</Markables>

<Relations>
<CROSS_DOC_COREF r_id="33465" note="ACT17819810020957731" >
  <source m_id="8" />
  <target m_id="15" />
</CROSS_DOC_COREF>
<CROSS_DOC_COREF r_id="33466" note="HUM17819747019655492" >
  <source m_id="14" />
  <target m_id="16" />
</CROSS_DOC_COREF>
<CROSS_DOC_COREF r_id="33467" note="LOC17820708043450954" >
  <source m_id="13" />
  <target m_id="17" />
</CROSS_DOC_COREF>
<CROSS_DOC_COREF r_id="33468" note="ACT17820732359105635" >
  <source m_id="10" />
  <target m_id="18" />
</CROSS_DOC_COREF>
<CROSS_DOC_COREF r_id="33469" note="TIM17819771332075563" >
  <source m_id="12" />
  <target m_id="19" />
</CROSS_DOC_COREF>
<CROSS_DOC_COREF r_id="33470" note="ACT17819737684267059" >
  <source m_id="11" />
  <target m_id="20" />
</CROSS_DOC_COREF>
<CROSS_DOC_COREF r_id="33471" note="ACT17819728461396359" >
  <source m_id="9" />
  <target m_id="21" />
</CROSS_DOC_COREF>

</Relations>
</Document>
