<Document doc_name="19_5ecb.xml" doc_id="DOC15654491012477989">
<token t_id="1" sentence="0" number="0">Athens</token>
<token t_id="2" sentence="0" number="1">vigil</token>
<token t_id="3" sentence="0" number="2">ends</token>
<token t_id="4" sentence="0" number="3">in</token>
<token t_id="5" sentence="0" number="4">violence</token>
<token t_id="6" sentence="1" number="0">Violence</token>
<token t_id="7" sentence="1" number="1">reignited</token>
<token t_id="8" sentence="1" number="2">in</token>
<token t_id="9" sentence="1" number="3">Athens</token>
<token t_id="10" sentence="1" number="4">following</token>
<token t_id="11" sentence="1" number="5">vigils</token>
<token t_id="12" sentence="1" number="6">for</token>
<token t_id="13" sentence="1" number="7">the</token>
<token t_id="14" sentence="1" number="8">teenager</token>
<token t_id="15" sentence="1" number="9">killed</token>
<token t_id="16" sentence="1" number="10">by</token>
<token t_id="17" sentence="1" number="11">police</token>
<token t_id="18" sentence="1" number="12">a</token>
<token t_id="19" sentence="1" number="13">week</token>
<token t_id="20" sentence="1" number="14">ago</token>
<token t_id="21" sentence="2" number="0">Greek</token>
<token t_id="22" sentence="2" number="1">rioters</token>
<token t_id="23" sentence="2" number="2">have</token>
<token t_id="24" sentence="2" number="3">attacked</token>
<token t_id="25" sentence="2" number="4">an</token>
<token t_id="26" sentence="2" number="5">environment</token>
<token t_id="27" sentence="2" number="6">ministry</token>
<token t_id="28" sentence="2" number="7">building</token>
<token t_id="29" sentence="2" number="8">,</token>
<token t_id="30" sentence="2" number="9">shops</token>
<token t_id="31" sentence="2" number="10">and</token>
<token t_id="32" sentence="2" number="11">banks</token>
<token t_id="33" sentence="2" number="12">in</token>
<token t_id="34" sentence="2" number="13">Athens</token>
<token t_id="35" sentence="2" number="14">on</token>
<token t_id="36" sentence="2" number="15">the</token>
<token t_id="37" sentence="2" number="16">eighth</token>
<token t_id="38" sentence="2" number="17">day</token>
<token t_id="39" sentence="2" number="18">of</token>
<token t_id="40" sentence="2" number="19">protests</token>
<token t_id="41" sentence="2" number="20">following</token>
<token t_id="42" sentence="2" number="21">the</token>
<token t_id="43" sentence="2" number="22">killing</token>
<token t_id="44" sentence="2" number="23">of</token>
<token t_id="45" sentence="2" number="24">a</token>
<token t_id="46" sentence="2" number="25">teenager</token>
<token t_id="47" sentence="2" number="26">by</token>
<token t_id="48" sentence="2" number="27">police</token>
<token t_id="49" sentence="2" number="28">.</token>
<token t_id="50" sentence="3" number="0">The</token>
<token t_id="51" sentence="3" number="1">clashes</token>
<token t_id="52" sentence="3" number="2">late</token>
<token t_id="53" sentence="3" number="3">on</token>
<token t_id="54" sentence="3" number="4">Saturday</token>
<token t_id="55" sentence="3" number="5">came</token>
<token t_id="56" sentence="3" number="6">after</token>
<token t_id="57" sentence="3" number="7">an</token>
<token t_id="58" sentence="3" number="8">evening</token>
<token t_id="59" sentence="3" number="9">candle-lit</token>
<token t_id="60" sentence="3" number="10">vigil</token>
<token t_id="61" sentence="3" number="11">to</token>
<token t_id="62" sentence="3" number="12">mark</token>
<token t_id="63" sentence="3" number="13">the</token>
<token t_id="64" sentence="3" number="14">shooting</token>
<token t_id="65" sentence="3" number="15">of</token>
<token t_id="66" sentence="3" number="16">15-year-old</token>
<token t_id="67" sentence="3" number="17">Alexandros</token>
<token t_id="68" sentence="3" number="18">Grigoropoulos</token>
<token t_id="69" sentence="3" number="19">.</token>
<token t_id="70" sentence="4" number="0">Youths</token>
<token t_id="71" sentence="4" number="1">attacked</token>
<token t_id="72" sentence="4" number="2">a</token>
<token t_id="73" sentence="4" number="3">police</token>
<token t_id="74" sentence="4" number="4">station</token>
<token t_id="75" sentence="4" number="5">with</token>
<token t_id="76" sentence="4" number="6">petrol</token>
<token t_id="77" sentence="4" number="7">bombs</token>
<token t_id="78" sentence="4" number="8">in</token>
<token t_id="79" sentence="4" number="9">central</token>
<token t_id="80" sentence="4" number="10">Athens</token>
<token t_id="81" sentence="4" number="11">as</token>
<token t_id="82" sentence="4" number="12">well</token>
<token t_id="83" sentence="4" number="13">as</token>
<token t_id="84" sentence="4" number="14">at</token>
<token t_id="85" sentence="4" number="15">least</token>
<token t_id="86" sentence="4" number="16">three</token>
<token t_id="87" sentence="4" number="17">banks</token>
<token t_id="88" sentence="4" number="18">,</token>
<token t_id="89" sentence="4" number="19">several</token>
<token t_id="90" sentence="4" number="20">stores</token>
<token t_id="91" sentence="4" number="21">and</token>
<token t_id="92" sentence="4" number="22">a</token>
<token t_id="93" sentence="4" number="23">government</token>
<token t_id="94" sentence="4" number="24">building</token>
<token t_id="95" sentence="4" number="25">,</token>
<token t_id="96" sentence="4" number="26">police</token>
<token t_id="97" sentence="4" number="27">said</token>
<token t_id="98" sentence="4" number="28">.</token>
<token t_id="99" sentence="5" number="0">Several</token>
<token t_id="100" sentence="5" number="1">hundred</token>
<token t_id="101" sentence="5" number="2">protesters</token>
<token t_id="102" sentence="5" number="3">set</token>
<token t_id="103" sentence="5" number="4">up</token>
<token t_id="104" sentence="5" number="5">burning</token>
<token t_id="105" sentence="5" number="6">barricades</token>
<token t_id="106" sentence="5" number="7">and</token>
<token t_id="107" sentence="5" number="8">attacked</token>
<token t_id="108" sentence="5" number="9">police</token>
<token t_id="109" sentence="5" number="10">with</token>
<token t_id="110" sentence="5" number="11">rocks</token>
<token t_id="111" sentence="5" number="12">and</token>
<token t_id="112" sentence="5" number="13">flares</token>
<token t_id="113" sentence="5" number="14">.</token>
<token t_id="114" sentence="6" number="0">The</token>
<token t_id="115" sentence="6" number="1">killing</token>
<token t_id="116" sentence="6" number="2">of</token>
<token t_id="117" sentence="6" number="3">Grigoropoulos</token>
<token t_id="118" sentence="6" number="4">has</token>
<token t_id="119" sentence="6" number="5">sparked</token>
<token t_id="120" sentence="6" number="6">the</token>
<token t_id="121" sentence="6" number="7">worst</token>
<token t_id="122" sentence="6" number="8">rioting</token>
<token t_id="123" sentence="6" number="9">Greece</token>
<token t_id="124" sentence="6" number="10">has</token>
<token t_id="125" sentence="6" number="11">seen</token>
<token t_id="126" sentence="6" number="12">in</token>
<token t_id="127" sentence="6" number="13">decades</token>
<token t_id="128" sentence="6" number="14">,</token>
<token t_id="129" sentence="6" number="15">with</token>
<token t_id="130" sentence="6" number="16">at</token>
<token t_id="131" sentence="6" number="17">least</token>
<token t_id="132" sentence="6" number="18">70</token>
<token t_id="133" sentence="6" number="19">people</token>
<token t_id="134" sentence="6" number="20">injured</token>
<token t_id="135" sentence="6" number="21">in</token>
<token t_id="136" sentence="6" number="22">cities</token>
<token t_id="137" sentence="6" number="23">across</token>
<token t_id="138" sentence="6" number="24">the</token>
<token t_id="139" sentence="6" number="25">country</token>
<token t_id="140" sentence="6" number="26">.</token>
<token t_id="141" sentence="7" number="0">Hundreds</token>
<token t_id="142" sentence="7" number="1">of</token>
<token t_id="143" sentence="7" number="2">stores</token>
<token t_id="144" sentence="7" number="3">have</token>
<token t_id="145" sentence="7" number="4">been</token>
<token t_id="146" sentence="7" number="5">smashed</token>
<token t_id="147" sentence="7" number="6">and</token>
<token t_id="148" sentence="7" number="7">looted</token>
<token t_id="149" sentence="7" number="8">,</token>
<token t_id="150" sentence="7" number="9">and</token>
<token t_id="151" sentence="7" number="10">more</token>
<token t_id="152" sentence="7" number="11">than</token>
<token t_id="153" sentence="7" number="12">200</token>
<token t_id="154" sentence="7" number="13">people</token>
<token t_id="155" sentence="7" number="14">have</token>
<token t_id="156" sentence="7" number="15">been</token>
<token t_id="157" sentence="7" number="16">arrested</token>
<token t_id="158" sentence="7" number="17">.</token>
<token t_id="159" sentence="8" number="0">Earlier</token>
<token t_id="160" sentence="8" number="1">,</token>
<token t_id="161" sentence="8" number="2">hundreds</token>
<token t_id="162" sentence="8" number="3">of</token>
<token t_id="163" sentence="8" number="4">schoolchildren</token>
<token t_id="164" sentence="8" number="5">holding</token>
<token t_id="165" sentence="8" number="6">candles</token>
<token t_id="166" sentence="8" number="7">gathered</token>
<token t_id="167" sentence="8" number="8">peacefully</token>
<token t_id="168" sentence="8" number="9">outside</token>
<token t_id="169" sentence="8" number="10">the</token>
<token t_id="170" sentence="8" number="11">parliament</token>
<token t_id="171" sentence="8" number="12">building</token>
<token t_id="172" sentence="8" number="13">in</token>
<token t_id="173" sentence="8" number="14">Athens</token>
<token t_id="174" sentence="8" number="15">and</token>
<token t_id="175" sentence="8" number="16">at</token>
<token t_id="176" sentence="8" number="17">the</token>
<token t_id="177" sentence="8" number="18">site</token>
<token t_id="178" sentence="8" number="19">where</token>
<token t_id="179" sentence="8" number="20">Grigoropoulos</token>
<token t_id="180" sentence="8" number="21">was</token>
<token t_id="181" sentence="8" number="22">shot</token>
<token t_id="182" sentence="8" number="23">.</token>
<token t_id="183" sentence="9" number="0">They</token>
<token t_id="184" sentence="9" number="1">left</token>
<token t_id="185" sentence="9" number="2">candles</token>
<token t_id="186" sentence="9" number="3">spelling</token>
<token t_id="187" sentence="9" number="4">out</token>
<token t_id="188" sentence="9" number="5">the</token>
<token t_id="189" sentence="9" number="6">name</token>
<token t_id="190" sentence="9" number="7">``</token>
<token t_id="191" sentence="9" number="8">Alex</token>
<token t_id="192" sentence="9" number="9">''</token>
<token t_id="193" sentence="9" number="10">in</token>
<token t_id="194" sentence="9" number="11">front</token>
<token t_id="195" sentence="9" number="12">of</token>
<token t_id="196" sentence="9" number="13">a</token>
<token t_id="197" sentence="9" number="14">line</token>
<token t_id="198" sentence="9" number="15">of</token>
<token t_id="199" sentence="9" number="16">riot</token>
<token t_id="200" sentence="9" number="17">policemen</token>
<token t_id="201" sentence="9" number="18">.</token>
<token t_id="202" sentence="10" number="0">Banners</token>
<token t_id="203" sentence="10" number="1">in</token>
<token t_id="204" sentence="10" number="2">the</token>
<token t_id="205" sentence="10" number="3">main</token>
<token t_id="206" sentence="10" number="4">square</token>
<token t_id="207" sentence="10" number="5">outside</token>
<token t_id="208" sentence="10" number="6">parliament</token>
<token t_id="209" sentence="10" number="7">read</token>
<token t_id="210" sentence="10" number="8">:</token>
<token t_id="211" sentence="10" number="9">``</token>
<token t_id="212" sentence="10" number="10">The</token>
<token t_id="213" sentence="10" number="11">state</token>
<token t_id="214" sentence="10" number="12">kills</token>
<token t_id="215" sentence="10" number="13">''</token>
<token t_id="216" sentence="10" number="14">and</token>
<token t_id="217" sentence="10" number="15">``</token>
<token t_id="218" sentence="10" number="16">Down</token>
<token t_id="219" sentence="10" number="17">with</token>
<token t_id="220" sentence="10" number="18">the</token>
<token t_id="221" sentence="10" number="19">government</token>
<token t_id="222" sentence="10" number="20">of</token>
<token t_id="223" sentence="10" number="21">murderers</token>
<token t_id="224" sentence="10" number="22">''</token>
<token t_id="225" sentence="10" number="23">.</token>
<token t_id="226" sentence="11" number="0">``</token>
<token t_id="227" sentence="11" number="1">The</token>
<token t_id="228" sentence="11" number="2">murder</token>
<token t_id="229" sentence="11" number="3">of</token>
<token t_id="230" sentence="11" number="4">Alexis</token>
<token t_id="231" sentence="11" number="5">was</token>
<token t_id="232" sentence="11" number="6">the</token>
<token t_id="233" sentence="11" number="7">last</token>
<token t_id="234" sentence="11" number="8">straw</token>
<token t_id="235" sentence="11" number="9">.</token>
<token t_id="236" sentence="12" number="0">Being</token>
<token t_id="237" sentence="12" number="1">a</token>
<token t_id="238" sentence="12" number="2">young</token>
<token t_id="239" sentence="12" number="3">man</token>
<token t_id="240" sentence="12" number="4">in</token>
<token t_id="241" sentence="12" number="5">Greece</token>
<token t_id="242" sentence="12" number="6">today</token>
<token t_id="243" sentence="12" number="7">is</token>
<token t_id="244" sentence="12" number="8">a</token>
<token t_id="245" sentence="12" number="9">crime</token>
<token t_id="246" sentence="12" number="10">...</token>
<token t_id="247" sentence="13" number="0">They</token>
<token t_id="248" sentence="13" number="1">are</token>
<token t_id="249" sentence="13" number="2">stealing</token>
<token t_id="250" sentence="13" number="3">our</token>
<token t_id="251" sentence="13" number="4">dreams</token>
<token t_id="252" sentence="13" number="5">,</token>
<token t_id="253" sentence="13" number="6">''</token>
<token t_id="254" sentence="13" number="7">said</token>
<token t_id="255" sentence="13" number="8">one</token>
<token t_id="256" sentence="13" number="9">leaflet</token>
<token t_id="257" sentence="13" number="10">distributed</token>
<token t_id="258" sentence="13" number="11">in</token>
<token t_id="259" sentence="13" number="12">the</token>
<token t_id="260" sentence="13" number="13">square</token>
<token t_id="261" sentence="13" number="14">.</token>
<token t_id="262" sentence="14" number="0">The</token>
<token t_id="263" sentence="14" number="1">young</token>
<token t_id="264" sentence="14" number="2">protesters</token>
<token t_id="265" sentence="14" number="3">promised</token>
<token t_id="266" sentence="14" number="4">to</token>
<token t_id="267" sentence="14" number="5">remain</token>
<token t_id="268" sentence="14" number="6">on</token>
<token t_id="269" sentence="14" number="7">the</token>
<token t_id="270" sentence="14" number="8">streets</token>
<token t_id="271" sentence="14" number="9">until</token>
<token t_id="272" sentence="14" number="10">their</token>
<token t_id="273" sentence="14" number="11">concerns</token>
<token t_id="274" sentence="14" number="12">,</token>
<token t_id="275" sentence="14" number="13">including</token>
<token t_id="276" sentence="14" number="14">opposition</token>
<token t_id="277" sentence="14" number="15">to</token>
<token t_id="278" sentence="14" number="16">the</token>
<token t_id="279" sentence="14" number="17">increasingly</token>
<token t_id="280" sentence="14" number="18">unpopular</token>
<token t_id="281" sentence="14" number="19">government</token>
<token t_id="282" sentence="14" number="20">and</token>
<token t_id="283" sentence="14" number="21">worry</token>
<token t_id="284" sentence="14" number="22">over</token>
<token t_id="285" sentence="14" number="23">economic</token>
<token t_id="286" sentence="14" number="24">issues</token>
<token t_id="287" sentence="14" number="25">,</token>
<token t_id="288" sentence="14" number="26">are</token>
<token t_id="289" sentence="14" number="27">addressed</token>
<token t_id="290" sentence="14" number="28">.</token>
<token t_id="291" sentence="15" number="0">Throughout</token>
<token t_id="292" sentence="15" number="1">most</token>
<token t_id="293" sentence="15" number="2">of</token>
<token t_id="294" sentence="15" number="3">the</token>
<token t_id="295" sentence="15" number="4">day</token>
<token t_id="296" sentence="15" number="5">,</token>
<token t_id="297" sentence="15" number="6">the</token>
<token t_id="298" sentence="15" number="7">capital</token>
<token t_id="299" sentence="15" number="8">had</token>
<token t_id="300" sentence="15" number="9">appeared</token>
<token t_id="301" sentence="15" number="10">calmer</token>
<token t_id="302" sentence="15" number="11">than</token>
<token t_id="303" sentence="15" number="12">in</token>
<token t_id="304" sentence="15" number="13">the</token>
<token t_id="305" sentence="15" number="14">past</token>
<token t_id="306" sentence="15" number="15">week</token>
<token t_id="307" sentence="15" number="16">.</token>
<token t_id="308" sentence="16" number="0">Christmas</token>
<token t_id="309" sentence="16" number="1">shoppers</token>
<token t_id="310" sentence="16" number="2">cautiously</token>
<token t_id="311" sentence="16" number="3">returned</token>
<token t_id="312" sentence="16" number="4">to</token>
<token t_id="313" sentence="16" number="5">central</token>
<token t_id="314" sentence="16" number="6">Athens</token>
<token t_id="315" sentence="16" number="7">earlier</token>
<token t_id="316" sentence="16" number="8">on</token>
<token t_id="317" sentence="16" number="9">Saturday</token>
<token t_id="318" sentence="16" number="10">,</token>
<token t_id="319" sentence="16" number="11">but</token>
<token t_id="320" sentence="16" number="12">many</token>
<token t_id="321" sentence="16" number="13">stores</token>
<token t_id="322" sentence="16" number="14">had</token>
<token t_id="323" sentence="16" number="15">boarded</token>
<token t_id="324" sentence="16" number="16">up</token>
<token t_id="325" sentence="16" number="17">their</token>
<token t_id="326" sentence="16" number="18">windows</token>
<token t_id="327" sentence="16" number="19">instead</token>
<token t_id="328" sentence="16" number="20">of</token>
<token t_id="329" sentence="16" number="21">replacing</token>
<token t_id="330" sentence="16" number="22">the</token>
<token t_id="331" sentence="16" number="23">glass</token>
<token t_id="332" sentence="16" number="24">,</token>
<token t_id="333" sentence="16" number="25">for</token>
<token t_id="334" sentence="16" number="26">fear</token>
<token t_id="335" sentence="16" number="27">of</token>
<token t_id="336" sentence="16" number="28">further</token>
<token t_id="337" sentence="16" number="29">violence</token>
<token t_id="338" sentence="16" number="30">.</token>
<token t_id="339" sentence="17" number="0">Much</token>
<token t_id="340" sentence="17" number="1">of</token>
<token t_id="341" sentence="17" number="2">the</token>
<token t_id="342" sentence="17" number="3">rioting</token>
<token t_id="343" sentence="17" number="4">has</token>
<token t_id="344" sentence="17" number="5">been</token>
<token t_id="345" sentence="17" number="6">blamed</token>
<token t_id="346" sentence="17" number="7">on</token>
<token t_id="347" sentence="17" number="8">an</token>
<token t_id="348" sentence="17" number="9">anarchist</token>
<token t_id="349" sentence="17" number="10">fringe</token>
<token t_id="350" sentence="17" number="11">tapping</token>
<token t_id="351" sentence="17" number="12">into</token>
<token t_id="352" sentence="17" number="13">resentment</token>
<token t_id="353" sentence="17" number="14">over</token>
<token t_id="354" sentence="17" number="15">political</token>
<token t_id="355" sentence="17" number="16">scandals</token>
<token t_id="356" sentence="17" number="17">and</token>
<token t_id="357" sentence="17" number="18">the</token>
<token t_id="358" sentence="17" number="19">impact</token>
<token t_id="359" sentence="17" number="20">of</token>
<token t_id="360" sentence="17" number="21">the</token>
<token t_id="361" sentence="17" number="22">global</token>
<token t_id="362" sentence="17" number="23">slowdown</token>
<token t_id="363" sentence="17" number="24">.</token>
<Markables>
<ACTION_OCCURRENCE m_id="7"  >
  <token_anchor t_id="51"/>
</ACTION_OCCURRENCE>
<ACTION_OCCURRENCE m_id="8"  >
  <token_anchor t_id="60"/>
</ACTION_OCCURRENCE>
<ACTION_OCCURRENCE m_id="9"  >
  <token_anchor t_id="62"/>
</ACTION_OCCURRENCE>
<ACTION_OCCURRENCE m_id="10"  >
  <token_anchor t_id="64"/>
</ACTION_OCCURRENCE>
<HUMAN_PART_PER m_id="12"  >
  <token_anchor t_id="67"/>
  <token_anchor t_id="68"/>
</HUMAN_PART_PER>
<TIME_DATE m_id="11"  >
  <token_anchor t_id="54"/>
</TIME_DATE>




<TIME_DATE m_id="17" RELATED_TO="" TAG_DESCRIPTOR="t19b_saturday_protests" instance_id="TIM27326381427853303" />
<ACTION_OCCURRENCE m_id="16" RELATED_TO="" TAG_DESCRIPTOR="t19b_riots" instance_id="ACT17819737684267059" />
<ACTION_OCCURRENCE m_id="15" RELATED_TO="" TAG_DESCRIPTOR="t19b_vigil" instance_id="ACT17819827531621552" />
<HUMAN_PART_PER m_id="14" RELATED_TO="" TAG_DESCRIPTOR="t19b_alex" instance_id="HUM17819747019655492" />
<ACTION_OCCURRENCE m_id="13" RELATED_TO="" TAG_DESCRIPTOR="t19b_shooting" instance_id="ACT17819810020957731" />
</Markables>

<Relations>
<CROSS_DOC_COREF r_id="33471" note="ACT17819810020957731" >
  <source m_id="10" />
  <target m_id="13" />
</CROSS_DOC_COREF>
<CROSS_DOC_COREF r_id="33472" note="HUM17819747019655492" >
  <source m_id="12" />
  <target m_id="14" />
</CROSS_DOC_COREF>
<CROSS_DOC_COREF r_id="33473" note="ACT17819827531621552" >
  <source m_id="8" />
  <target m_id="15" />
</CROSS_DOC_COREF>
<CROSS_DOC_COREF r_id="33474" note="ACT17819737684267059" >
  <source m_id="7" />
  <target m_id="16" />
</CROSS_DOC_COREF>
<CROSS_DOC_COREF r_id="33475" note="TIM27326381427853303" >
  <source m_id="11" />
  <target m_id="17" />
</CROSS_DOC_COREF>

</Relations>
</Document>
