<Document doc_name="19_8ecb.xml" doc_id="DOC15654491592687005">
<token t_id="1" sentence="0" number="0">Greek</token>
<token t_id="2" sentence="0" number="1">government</token>
<token t_id="3" sentence="0" number="2">under</token>
<token t_id="4" sentence="0" number="3">fire</token>
<token t_id="5" sentence="0" number="4">over</token>
<token t_id="6" sentence="0" number="5">handling</token>
<token t_id="7" sentence="0" number="6">of</token>
<token t_id="8" sentence="0" number="7">riots</token>
<token t_id="9" sentence="1" number="0">A</token>
<token t_id="10" sentence="1" number="1">week</token>
<token t_id="11" sentence="1" number="2">of</token>
<token t_id="12" sentence="1" number="3">violence</token>
<token t_id="13" sentence="1" number="4">in</token>
<token t_id="14" sentence="1" number="5">Greece</token>
<token t_id="15" sentence="1" number="6">has</token>
<token t_id="16" sentence="1" number="7">taken</token>
<token t_id="17" sentence="1" number="8">its</token>
<token t_id="18" sentence="1" number="9">toll</token>
<token t_id="19" sentence="1" number="10">on</token>
<token t_id="20" sentence="1" number="11">the</token>
<token t_id="21" sentence="1" number="12">fragile</token>
<token t_id="22" sentence="1" number="13">conservative</token>
<token t_id="23" sentence="1" number="14">government</token>
<token t_id="24" sentence="1" number="15">,</token>
<token t_id="25" sentence="1" number="16">with</token>
<token t_id="26" sentence="1" number="17">opinion</token>
<token t_id="27" sentence="1" number="18">polls</token>
<token t_id="28" sentence="1" number="19">showing</token>
<token t_id="29" sentence="1" number="20">on</token>
<token t_id="30" sentence="1" number="21">Sunday</token>
<token t_id="31" sentence="1" number="22">that</token>
<token t_id="32" sentence="1" number="23">many</token>
<token t_id="33" sentence="1" number="24">think</token>
<token t_id="34" sentence="1" number="25">authorities</token>
<token t_id="35" sentence="1" number="26">mishandled</token>
<token t_id="36" sentence="1" number="27">the</token>
<token t_id="37" sentence="1" number="28">worst</token>
<token t_id="38" sentence="1" number="29">rioting</token>
<token t_id="39" sentence="1" number="30">in</token>
<token t_id="40" sentence="1" number="31">decades</token>
<token t_id="41" sentence="1" number="32">.</token>
<token t_id="42" sentence="2" number="0">The</token>
<token t_id="43" sentence="2" number="1">December</token>
<token t_id="44" sentence="2" number="2">6</token>
<token t_id="45" sentence="2" number="3">killing</token>
<token t_id="46" sentence="2" number="4">of</token>
<token t_id="47" sentence="2" number="5">a</token>
<token t_id="48" sentence="2" number="6">15-year-old</token>
<token t_id="49" sentence="2" number="7">teenager</token>
<token t_id="50" sentence="2" number="8">by</token>
<token t_id="51" sentence="2" number="9">police</token>
<token t_id="52" sentence="2" number="10">unleashed</token>
<token t_id="53" sentence="2" number="11">a</token>
<token t_id="54" sentence="2" number="12">wave</token>
<token t_id="55" sentence="2" number="13">of</token>
<token t_id="56" sentence="2" number="14">unrest</token>
<token t_id="57" sentence="2" number="15">by</token>
<token t_id="58" sentence="2" number="16">thousands</token>
<token t_id="59" sentence="2" number="17">of</token>
<token t_id="60" sentence="2" number="18">students</token>
<token t_id="61" sentence="2" number="19">and</token>
<token t_id="62" sentence="2" number="20">anarchists</token>
<token t_id="63" sentence="2" number="21">across</token>
<token t_id="64" sentence="2" number="22">the</token>
<token t_id="65" sentence="2" number="23">country</token>
<token t_id="66" sentence="2" number="24">,</token>
<token t_id="67" sentence="2" number="25">feeding</token>
<token t_id="68" sentence="2" number="26">on</token>
<token t_id="69" sentence="2" number="27">growing</token>
<token t_id="70" sentence="2" number="28">anger</token>
<token t_id="71" sentence="2" number="29">over</token>
<token t_id="72" sentence="2" number="30">political</token>
<token t_id="73" sentence="2" number="31">scandals</token>
<token t_id="74" sentence="2" number="32">and</token>
<token t_id="75" sentence="2" number="33">the</token>
<token t_id="76" sentence="2" number="34">impact</token>
<token t_id="77" sentence="2" number="35">of</token>
<token t_id="78" sentence="2" number="36">a</token>
<token t_id="79" sentence="2" number="37">global</token>
<token t_id="80" sentence="2" number="38">recession</token>
<token t_id="81" sentence="2" number="39">on</token>
<token t_id="82" sentence="2" number="40">Greece</token>
<token t_id="83" sentence="2" number="41">'s</token>
<token t_id="84" sentence="2" number="42">economy</token>
<token t_id="85" sentence="2" number="43">.</token>
<token t_id="86" sentence="3" number="0">While</token>
<token t_id="87" sentence="3" number="1">the</token>
<token t_id="88" sentence="3" number="2">violence</token>
<token t_id="89" sentence="3" number="3">generally</token>
<token t_id="90" sentence="3" number="4">has</token>
<token t_id="91" sentence="3" number="5">subsided</token>
<token t_id="92" sentence="3" number="6">in</token>
<token t_id="93" sentence="3" number="7">the</token>
<token t_id="94" sentence="3" number="8">past</token>
<token t_id="95" sentence="3" number="9">few</token>
<token t_id="96" sentence="3" number="10">days</token>
<token t_id="97" sentence="3" number="11">,</token>
<token t_id="98" sentence="3" number="12">small</token>
<token t_id="99" sentence="3" number="13">groups</token>
<token t_id="100" sentence="3" number="14">of</token>
<token t_id="101" sentence="3" number="15">hooded</token>
<token t_id="102" sentence="3" number="16">youngsters</token>
<token t_id="103" sentence="3" number="17">with</token>
<token t_id="104" sentence="3" number="18">fire</token>
<token t_id="105" sentence="3" number="19">bombs</token>
<token t_id="106" sentence="3" number="20">are</token>
<token t_id="107" sentence="3" number="21">still</token>
<token t_id="108" sentence="3" number="22">rampaging</token>
<token t_id="109" sentence="3" number="23">at</token>
<token t_id="110" sentence="3" number="24">night</token>
<token t_id="111" sentence="3" number="25">in</token>
<token t_id="112" sentence="3" number="26">the</token>
<token t_id="113" sentence="3" number="27">capital</token>
<token t_id="114" sentence="3" number="28">,</token>
<token t_id="115" sentence="3" number="29">fighting</token>
<token t_id="116" sentence="3" number="30">running</token>
<token t_id="117" sentence="3" number="31">battles</token>
<token t_id="118" sentence="3" number="32">with</token>
<token t_id="119" sentence="3" number="33">riot</token>
<token t_id="120" sentence="3" number="34">police</token>
<token t_id="121" sentence="3" number="35">and</token>
<token t_id="122" sentence="3" number="36">smashing</token>
<token t_id="123" sentence="3" number="37">shops</token>
<token t_id="124" sentence="3" number="38">.</token>
<token t_id="125" sentence="4" number="0">Prime</token>
<token t_id="126" sentence="4" number="1">Minister</token>
<token t_id="127" sentence="4" number="2">Costas</token>
<token t_id="128" sentence="4" number="3">Karamanlis</token>
<token t_id="129" sentence="4" number="4">has</token>
<token t_id="130" sentence="4" number="5">pledged</token>
<token t_id="131" sentence="4" number="6">to</token>
<token t_id="132" sentence="4" number="7">protect</token>
<token t_id="133" sentence="4" number="8">people</token>
<token t_id="134" sentence="4" number="9">and</token>
<token t_id="135" sentence="4" number="10">property</token>
<token t_id="136" sentence="4" number="11">,</token>
<token t_id="137" sentence="4" number="12">but</token>
<token t_id="138" sentence="4" number="13">he</token>
<token t_id="139" sentence="4" number="14">has</token>
<token t_id="140" sentence="4" number="15">drawn</token>
<token t_id="141" sentence="4" number="16">widespread</token>
<token t_id="142" sentence="4" number="17">criticism</token>
<token t_id="143" sentence="4" number="18">for</token>
<token t_id="144" sentence="4" number="19">not</token>
<token t_id="145" sentence="4" number="20">acting</token>
<token t_id="146" sentence="4" number="21">quickly</token>
<token t_id="147" sentence="4" number="22">and</token>
<token t_id="148" sentence="4" number="23">decisively</token>
<token t_id="149" sentence="4" number="24">to</token>
<token t_id="150" sentence="4" number="25">tackle</token>
<token t_id="151" sentence="4" number="26">the</token>
<token t_id="152" sentence="4" number="27">revolt</token>
<token t_id="153" sentence="4" number="28">.</token>
<token t_id="154" sentence="5" number="0">An</token>
<token t_id="155" sentence="5" number="1">opinion</token>
<token t_id="156" sentence="5" number="2">poll</token>
<token t_id="157" sentence="5" number="3">published</token>
<token t_id="158" sentence="5" number="4">by</token>
<token t_id="159" sentence="5" number="5">Ethnos</token>
<token t_id="160" sentence="5" number="6">newspaper</token>
<token t_id="161" sentence="5" number="7">on</token>
<token t_id="162" sentence="5" number="8">Sunday</token>
<token t_id="163" sentence="5" number="9">said</token>
<token t_id="164" sentence="5" number="10">83.3</token>
<token t_id="165" sentence="5" number="11">percent</token>
<token t_id="166" sentence="5" number="12">of</token>
<token t_id="167" sentence="5" number="13">Greeks</token>
<token t_id="168" sentence="5" number="14">were</token>
<token t_id="169" sentence="5" number="15">unhappy</token>
<token t_id="170" sentence="5" number="16">with</token>
<token t_id="171" sentence="5" number="17">the</token>
<token t_id="172" sentence="5" number="18">government</token>
<token t_id="173" sentence="5" number="19">'s</token>
<token t_id="174" sentence="5" number="20">response</token>
<token t_id="175" sentence="5" number="21">to</token>
<token t_id="176" sentence="5" number="22">the</token>
<token t_id="177" sentence="5" number="23">violence</token>
<token t_id="178" sentence="5" number="24">.</token>
<token t_id="179" sentence="6" number="0">Discontent</token>
<token t_id="180" sentence="6" number="1">was</token>
<token t_id="181" sentence="6" number="2">high</token>
<token t_id="182" sentence="6" number="3">--</token>
<token t_id="183" sentence="6" number="4">at</token>
<token t_id="184" sentence="6" number="5">65.6</token>
<token t_id="185" sentence="6" number="6">percent</token>
<token t_id="186" sentence="6" number="7">--</token>
<token t_id="187" sentence="6" number="8">even</token>
<token t_id="188" sentence="6" number="9">among</token>
<token t_id="189" sentence="6" number="10">supporters</token>
<token t_id="190" sentence="6" number="11">of</token>
<token t_id="191" sentence="6" number="12">Karamanlis</token>
<token t_id="192" sentence="6" number="13">'</token>
<token t_id="193" sentence="6" number="14">New</token>
<token t_id="194" sentence="6" number="15">Democracy</token>
<token t_id="195" sentence="6" number="16">party</token>
<token t_id="196" sentence="6" number="17">,</token>
<token t_id="197" sentence="6" number="18">which</token>
<token t_id="198" sentence="6" number="19">has</token>
<token t_id="199" sentence="6" number="20">a</token>
<token t_id="200" sentence="6" number="21">one-seat</token>
<token t_id="201" sentence="6" number="22">majority</token>
<token t_id="202" sentence="6" number="23">in</token>
<token t_id="203" sentence="6" number="24">parliament</token>
<token t_id="204" sentence="6" number="25">and</token>
<token t_id="205" sentence="6" number="26">already</token>
<token t_id="206" sentence="6" number="27">lagged</token>
<token t_id="207" sentence="6" number="28">behind</token>
<token t_id="208" sentence="6" number="29">the</token>
<token t_id="209" sentence="6" number="30">Socialist</token>
<token t_id="210" sentence="6" number="31">opposition</token>
<token t_id="211" sentence="6" number="32">before</token>
<token t_id="212" sentence="6" number="33">the</token>
<token t_id="213" sentence="6" number="34">riots</token>
<token t_id="214" sentence="6" number="35">.</token>
<token t_id="215" sentence="7" number="0">Another</token>
<token t_id="216" sentence="7" number="1">survey</token>
<token t_id="217" sentence="7" number="2">,</token>
<token t_id="218" sentence="7" number="3">in</token>
<token t_id="219" sentence="7" number="4">Kathimerini</token>
<token t_id="220" sentence="7" number="5">daily</token>
<token t_id="221" sentence="7" number="6">,</token>
<token t_id="222" sentence="7" number="7">put</token>
<token t_id="223" sentence="7" number="8">disapproval</token>
<token t_id="224" sentence="7" number="9">of</token>
<token t_id="225" sentence="7" number="10">the</token>
<token t_id="226" sentence="7" number="11">government</token>
<token t_id="227" sentence="7" number="12">at</token>
<token t_id="228" sentence="7" number="13">68</token>
<token t_id="229" sentence="7" number="14">percent</token>
<token t_id="230" sentence="7" number="15">with</token>
<token t_id="231" sentence="7" number="16">60</token>
<token t_id="232" sentence="7" number="17">percent</token>
<token t_id="233" sentence="7" number="18">of</token>
<token t_id="234" sentence="7" number="19">those</token>
<token t_id="235" sentence="7" number="20">polled</token>
<token t_id="236" sentence="7" number="21">saying</token>
<token t_id="237" sentence="7" number="22">the</token>
<token t_id="238" sentence="7" number="23">riots</token>
<token t_id="239" sentence="7" number="24">were</token>
<token t_id="240" sentence="7" number="25">a</token>
<token t_id="241" sentence="7" number="26">social</token>
<token t_id="242" sentence="7" number="27">uprising</token>
<token t_id="243" sentence="7" number="28">rather</token>
<token t_id="244" sentence="7" number="29">than</token>
<token t_id="245" sentence="7" number="30">an</token>
<token t_id="246" sentence="7" number="31">outburst</token>
<token t_id="247" sentence="7" number="32">by</token>
<token t_id="248" sentence="7" number="33">an</token>
<token t_id="249" sentence="7" number="34">isolated</token>
<token t_id="250" sentence="7" number="35">fringe</token>
<token t_id="251" sentence="7" number="36">of</token>
<token t_id="252" sentence="7" number="37">violent</token>
<token t_id="253" sentence="7" number="38">protesters</token>
<token t_id="254" sentence="7" number="39">.</token>
<token t_id="255" sentence="8" number="0">More</token>
<token t_id="256" sentence="8" number="1">demonstrations</token>
<token t_id="257" sentence="8" number="2">are</token>
<token t_id="258" sentence="8" number="3">planned</token>
<token t_id="259" sentence="8" number="4">for</token>
<token t_id="260" sentence="8" number="5">Monday</token>
<token t_id="261" sentence="8" number="6">,</token>
<token t_id="262" sentence="8" number="7">including</token>
<token t_id="263" sentence="8" number="8">one</token>
<token t_id="264" sentence="8" number="9">outside</token>
<token t_id="265" sentence="8" number="10">the</token>
<token t_id="266" sentence="8" number="11">police</token>
<token t_id="267" sentence="8" number="12">headquarters</token>
<token t_id="268" sentence="8" number="13">in</token>
<token t_id="269" sentence="8" number="14">Athens</token>
<token t_id="270" sentence="8" number="15">.</token>
<token t_id="271" sentence="9" number="0">Eight</token>
<token t_id="272" sentence="9" number="1">days</token>
<token t_id="273" sentence="9" number="2">of</token>
<token t_id="274" sentence="9" number="3">clashes</token>
<token t_id="275" sentence="9" number="4">have</token>
<token t_id="276" sentence="9" number="5">caused</token>
<token t_id="277" sentence="9" number="6">200</token>
<token t_id="278" sentence="9" number="7">million</token>
<token t_id="279" sentence="9" number="8">euros</token>
<token t_id="280" sentence="9" number="9">(</token>
<token t_id="281" sentence="9" number="10">$</token>
<token t_id="282" sentence="9" number="11">265.3</token>
<token t_id="283" sentence="9" number="12">million</token>
<token t_id="284" sentence="9" number="13">)</token>
<token t_id="285" sentence="9" number="14">of</token>
<token t_id="286" sentence="9" number="15">damage</token>
<token t_id="287" sentence="9" number="16">in</token>
<token t_id="288" sentence="9" number="17">Athens</token>
<token t_id="289" sentence="9" number="18">alone</token>
<token t_id="290" sentence="9" number="19">.</token>
<token t_id="291" sentence="10" number="0">The</token>
<token t_id="292" sentence="10" number="1">city</token>
<token t_id="293" sentence="10" number="2">was</token>
<token t_id="294" sentence="10" number="3">calm</token>
<token t_id="295" sentence="10" number="4">on</token>
<token t_id="296" sentence="10" number="5">Sunday</token>
<token t_id="297" sentence="10" number="6">but</token>
<token t_id="298" sentence="10" number="7">broken</token>
<token t_id="299" sentence="10" number="8">shop</token>
<token t_id="300" sentence="10" number="9">windows</token>
<token t_id="301" sentence="10" number="10">bore</token>
<token t_id="302" sentence="10" number="11">witness</token>
<token t_id="303" sentence="10" number="12">to</token>
<token t_id="304" sentence="10" number="13">the</token>
<token t_id="305" sentence="10" number="14">latest</token>
<token t_id="306" sentence="10" number="15">,</token>
<token t_id="307" sentence="10" number="16">sporadic</token>
<token t_id="308" sentence="10" number="17">riots</token>
<token t_id="309" sentence="10" number="18">overnight</token>
<token t_id="310" sentence="10" number="19">,</token>
<token t_id="311" sentence="10" number="20">when</token>
<token t_id="312" sentence="10" number="21">a</token>
<token t_id="313" sentence="10" number="22">few</token>
<token t_id="314" sentence="10" number="23">hundred</token>
<token t_id="315" sentence="10" number="24">youths</token>
<token t_id="316" sentence="10" number="25">wearing</token>
<token t_id="317" sentence="10" number="26">gas</token>
<token t_id="318" sentence="10" number="27">masks</token>
<token t_id="319" sentence="10" number="28">attacked</token>
<token t_id="320" sentence="10" number="29">a</token>
<token t_id="321" sentence="10" number="30">government</token>
<token t_id="322" sentence="10" number="31">building</token>
<token t_id="323" sentence="10" number="32">,</token>
<token t_id="324" sentence="10" number="33">four</token>
<token t_id="325" sentence="10" number="34">shops</token>
<token t_id="326" sentence="10" number="35">and</token>
<token t_id="327" sentence="10" number="36">two</token>
<token t_id="328" sentence="10" number="37">banks</token>
<token t_id="329" sentence="10" number="38">.</token>
<token t_id="330" sentence="11" number="0">``</token>
<token t_id="331" sentence="11" number="1">I</token>
<token t_id="332" sentence="11" number="2">'m</token>
<token t_id="333" sentence="11" number="3">tired</token>
<token t_id="334" sentence="11" number="4">of</token>
<token t_id="335" sentence="11" number="5">coming</token>
<token t_id="336" sentence="11" number="6">to</token>
<token t_id="337" sentence="11" number="7">the</token>
<token t_id="338" sentence="11" number="8">shop</token>
<token t_id="339" sentence="11" number="9">every</token>
<token t_id="340" sentence="11" number="10">night</token>
<token t_id="341" sentence="11" number="11">to</token>
<token t_id="342" sentence="11" number="12">check</token>
<token t_id="343" sentence="11" number="13">the</token>
<token t_id="344" sentence="11" number="14">damages</token>
<token t_id="345" sentence="11" number="15">.</token>
<token t_id="346" sentence="12" number="0">You</token>
<token t_id="347" sentence="12" number="1">think</token>
<token t_id="348" sentence="12" number="2">it</token>
<token t_id="349" sentence="12" number="3">'s</token>
<token t_id="350" sentence="12" number="4">going</token>
<token t_id="351" sentence="12" number="5">to</token>
<token t_id="352" sentence="12" number="6">calm</token>
<token t_id="353" sentence="12" number="7">down</token>
<token t_id="354" sentence="12" number="8">and</token>
<token t_id="355" sentence="12" number="9">then</token>
<token t_id="356" sentence="12" number="10">it</token>
<token t_id="357" sentence="12" number="11">starts</token>
<token t_id="358" sentence="12" number="12">again</token>
<token t_id="359" sentence="12" number="13">,</token>
<token t_id="360" sentence="12" number="14">''</token>
<token t_id="361" sentence="12" number="15">said</token>
<token t_id="362" sentence="12" number="16">Anna</token>
<token t_id="363" sentence="12" number="17">Pavlidou</token>
<token t_id="364" sentence="12" number="18">,</token>
<token t_id="365" sentence="12" number="19">manager</token>
<token t_id="366" sentence="12" number="20">of</token>
<token t_id="367" sentence="12" number="21">a</token>
<token t_id="368" sentence="12" number="22">central</token>
<token t_id="369" sentence="12" number="23">Athens</token>
<token t_id="370" sentence="12" number="24">mobile</token>
<token t_id="371" sentence="12" number="25">phone</token>
<token t_id="372" sentence="12" number="26">store</token>
<token t_id="373" sentence="12" number="27">that</token>
<token t_id="374" sentence="12" number="28">has</token>
<token t_id="375" sentence="12" number="29">been</token>
<token t_id="376" sentence="12" number="30">repeatedly</token>
<token t_id="377" sentence="12" number="31">attacked</token>
<token t_id="378" sentence="12" number="32">and</token>
<token t_id="379" sentence="12" number="33">looted</token>
<token t_id="380" sentence="12" number="34">.</token>
<token t_id="381" sentence="13" number="0">``</token>
<token t_id="382" sentence="13" number="1">The</token>
<token t_id="383" sentence="13" number="2">government</token>
<token t_id="384" sentence="13" number="3">should</token>
<token t_id="385" sentence="13" number="4">assume</token>
<token t_id="386" sentence="13" number="5">its</token>
<token t_id="387" sentence="13" number="6">responsibilities</token>
<token t_id="388" sentence="13" number="7">and</token>
<token t_id="389" sentence="13" number="8">resign</token>
<token t_id="390" sentence="13" number="9">.</token>
<token t_id="391" sentence="14" number="0">It</token>
<token t_id="392" sentence="14" number="1">did</token>
<token t_id="393" sentence="14" number="2">n't</token>
<token t_id="394" sentence="14" number="3">handle</token>
<token t_id="395" sentence="14" number="4">it</token>
<token t_id="396" sentence="14" number="5">well</token>
<token t_id="397" sentence="14" number="6">.</token>
<token t_id="398" sentence="15" number="0">If</token>
<token t_id="399" sentence="15" number="1">it</token>
<token t_id="400" sentence="15" number="2">had</token>
<token t_id="401" sentence="15" number="3">,</token>
<token t_id="402" sentence="15" number="4">we</token>
<token t_id="403" sentence="15" number="5">would</token>
<token t_id="404" sentence="15" number="6">n't</token>
<token t_id="405" sentence="15" number="7">have</token>
<token t_id="406" sentence="15" number="8">355</token>
<token t_id="407" sentence="15" number="9">damaged</token>
<token t_id="408" sentence="15" number="10">shops</token>
<token t_id="409" sentence="15" number="11">in</token>
<token t_id="410" sentence="15" number="12">Athens</token>
<token t_id="411" sentence="15" number="13">.</token>
<token t_id="412" sentence="16" number="0">I</token>
<token t_id="413" sentence="16" number="1">mean</token>
<token t_id="414" sentence="16" number="2">,</token>
<token t_id="415" sentence="16" number="3">we</token>
<token t_id="416" sentence="16" number="4">will</token>
<token t_id="417" sentence="16" number="5">not</token>
<token t_id="418" sentence="16" number="6">be</token>
<token t_id="419" sentence="16" number="7">able</token>
<token t_id="420" sentence="16" number="8">to</token>
<token t_id="421" sentence="16" number="9">open</token>
<token t_id="422" sentence="16" number="10">until</token>
<token t_id="423" sentence="16" number="11">Christmas</token>
<token t_id="424" sentence="16" number="12">,</token>
<token t_id="425" sentence="16" number="13">''</token>
<token t_id="426" sentence="16" number="14">she</token>
<token t_id="427" sentence="16" number="15">told</token>
<token t_id="428" sentence="16" number="16">Reuters</token>
<token t_id="429" sentence="16" number="17">.</token>
<token t_id="430" sentence="17" number="0">``</token>
<token t_id="431" sentence="17" number="1">Someone</token>
<token t_id="432" sentence="17" number="2">has</token>
<token t_id="433" sentence="17" number="3">to</token>
<token t_id="434" sentence="17" number="4">understand</token>
<token t_id="435" sentence="17" number="5">the</token>
<token t_id="436" sentence="17" number="6">deeper</token>
<token t_id="437" sentence="17" number="7">reasons</token>
<token t_id="438" sentence="17" number="8">for</token>
<token t_id="439" sentence="17" number="9">this</token>
<token t_id="440" sentence="17" number="10">--</token>
<token t_id="441" sentence="17" number="11">poverty</token>
<token t_id="442" sentence="17" number="12">,</token>
<token t_id="443" sentence="17" number="13">high</token>
<token t_id="444" sentence="17" number="14">unemployment</token>
<token t_id="445" sentence="17" number="15">--</token>
<token t_id="446" sentence="17" number="16">and</token>
<token t_id="447" sentence="17" number="17">solve</token>
<token t_id="448" sentence="17" number="18">it</token>
<token t_id="449" sentence="17" number="19">radically</token>
<token t_id="450" sentence="17" number="20">.</token>
<token t_id="451" sentence="17" number="21">''</token>
<token t_id="452" sentence="18" number="0">The</token>
<token t_id="453" sentence="18" number="1">policeman</token>
<token t_id="454" sentence="18" number="2">charged</token>
<token t_id="455" sentence="18" number="3">with</token>
<token t_id="456" sentence="18" number="4">killing</token>
<token t_id="457" sentence="18" number="5">Alexandros</token>
<token t_id="458" sentence="18" number="6">Grigoropoulos</token>
<token t_id="459" sentence="18" number="7">has</token>
<token t_id="460" sentence="18" number="8">been</token>
<token t_id="461" sentence="18" number="9">jailed</token>
<token t_id="462" sentence="18" number="10">along</token>
<token t_id="463" sentence="18" number="11">with</token>
<token t_id="464" sentence="18" number="12">a</token>
<token t_id="465" sentence="18" number="13">colleague</token>
<token t_id="466" sentence="18" number="14">pending</token>
<token t_id="467" sentence="18" number="15">trial</token>
<token t_id="468" sentence="18" number="16">,</token>
<token t_id="469" sentence="18" number="17">while</token>
<token t_id="470" sentence="18" number="18">more</token>
<token t_id="471" sentence="18" number="19">than</token>
<token t_id="472" sentence="18" number="20">400</token>
<token t_id="473" sentence="18" number="21">protesters</token>
<token t_id="474" sentence="18" number="22">have</token>
<token t_id="475" sentence="18" number="23">been</token>
<token t_id="476" sentence="18" number="24">detained</token>
<token t_id="477" sentence="18" number="25">over</token>
<token t_id="478" sentence="18" number="26">the</token>
<token t_id="479" sentence="18" number="27">unrest</token>
<token t_id="480" sentence="18" number="28">.</token>
<token t_id="481" sentence="19" number="0">In</token>
<token t_id="482" sentence="19" number="1">central</token>
<token t_id="483" sentence="19" number="2">Athens</token>
<token t_id="484" sentence="19" number="3">,</token>
<token t_id="485" sentence="19" number="4">where</token>
<token t_id="486" sentence="19" number="5">even</token>
<token t_id="487" sentence="19" number="6">in</token>
<token t_id="488" sentence="19" number="7">calmer</token>
<token t_id="489" sentence="19" number="8">times</token>
<token t_id="490" sentence="19" number="9">barely</token>
<token t_id="491" sentence="19" number="10">a</token>
<token t_id="492" sentence="19" number="11">week</token>
<token t_id="493" sentence="19" number="12">goes</token>
<token t_id="494" sentence="19" number="13">by</token>
<token t_id="495" sentence="19" number="14">without</token>
<token t_id="496" sentence="19" number="15">a</token>
<token t_id="497" sentence="19" number="16">demonstration</token>
<token t_id="498" sentence="19" number="17">,</token>
<token t_id="499" sentence="19" number="18">riot</token>
<token t_id="500" sentence="19" number="19">police</token>
<token t_id="501" sentence="19" number="20">with</token>
<token t_id="502" sentence="19" number="21">teargas</token>
<token t_id="503" sentence="19" number="22">canisters</token>
<token t_id="504" sentence="19" number="23">have</token>
<token t_id="505" sentence="19" number="24">been</token>
<token t_id="506" sentence="19" number="25">manning</token>
<token t_id="507" sentence="19" number="26">street</token>
<token t_id="508" sentence="19" number="27">corners</token>
<token t_id="509" sentence="19" number="28">at</token>
<token t_id="510" sentence="19" number="29">night</token>
<token t_id="511" sentence="19" number="30">,</token>
<token t_id="512" sentence="19" number="31">especially</token>
<token t_id="513" sentence="19" number="32">in</token>
<token t_id="514" sentence="19" number="33">the</token>
<token t_id="515" sentence="19" number="34">leftist</token>
<token t_id="516" sentence="19" number="35">Exarchia</token>
<token t_id="517" sentence="19" number="36">neighborhood</token>
<token t_id="518" sentence="19" number="37">where</token>
<token t_id="519" sentence="19" number="38">the</token>
<token t_id="520" sentence="19" number="39">boy</token>
<token t_id="521" sentence="19" number="40">was</token>
<token t_id="522" sentence="19" number="41">shot</token>
<token t_id="523" sentence="19" number="42">.</token>
<Markables>
<ACTION_OCCURRENCE m_id="15"  >
  <token_anchor t_id="45"/>
</ACTION_OCCURRENCE>
<ACTION_OCCURRENCE m_id="16"  >
  <token_anchor t_id="52"/>
</ACTION_OCCURRENCE>
<ACTION_OCCURRENCE m_id="17"  >
  <token_anchor t_id="56"/>
</ACTION_OCCURRENCE>
<ACTION_OCCURRENCE m_id="19"  >
  <token_anchor t_id="80"/>
</ACTION_OCCURRENCE>
<HUMAN_PART_PER m_id="24"  >
  <token_anchor t_id="60"/>
</HUMAN_PART_PER>
<HUMAN_PART_PER m_id="25"  >
  <token_anchor t_id="62"/>
</HUMAN_PART_PER>
<HUMAN_PART_PER m_id="22"  >
  <token_anchor t_id="49"/>
</HUMAN_PART_PER>
<LOC_GEO m_id="26"  >
  <token_anchor t_id="64"/>
  <token_anchor t_id="65"/>
</LOC_GEO>
<NON_HUMAN_PART m_id="27"  >
  <token_anchor t_id="84"/>
</NON_HUMAN_PART>
<NON_HUMAN_PART m_id="31"  >
  <token_anchor t_id="73"/>
</NON_HUMAN_PART>
<NON_HUMAN_PART m_id="20"  >
  <token_anchor t_id="76"/>
</NON_HUMAN_PART>
<TIME_DATE m_id="21"  >
  <token_anchor t_id="43"/>
  <token_anchor t_id="44"/>
</TIME_DATE>


<HUMAN_PART_PER m_id="32" note="byCROMER" >
  <token_anchor t_id="51"/>
</HUMAN_PART_PER>
<ACTION_STATE m_id="33" note="byCROMER" >
  <token_anchor t_id="70"/>
</ACTION_STATE>


<TIME_DATE m_id="39" RELATED_TO="" TAG_DESCRIPTOR="t19b_saturday" instance_id="TIM17819771332075563" />
<HUMAN_PART_PER m_id="38" RELATED_TO="" TAG_DESCRIPTOR="t19b_officer" instance_id="HUM17820759029533562" />
<ACTION_STATE m_id="37" RELATED_TO="" TAG_DESCRIPTOR="t19b_anger" instance_id="ACT17821191557403131" />
<ACTION_OCCURRENCE m_id="36" RELATED_TO="" TAG_DESCRIPTOR="t19b_sparked" instance_id="ACT17820732359105635" />
<HUMAN_PART_PER m_id="35" RELATED_TO="" TAG_DESCRIPTOR="t19b_alex" instance_id="HUM17819747019655492" />
<HUMAN_PART_PER m_id="34" RELATED_TO="" TAG_DESCRIPTOR="t19b_protesters" instance_id="HUM17820789442194100" />
<ACTION_OCCURRENCE m_id="42" RELATED_TO="" TAG_DESCRIPTOR="t19b_killing" instance_id="ACT17819728461396359" />
<ACTION_OCCURRENCE m_id="41" RELATED_TO="" TAG_DESCRIPTOR="t19b_riots" instance_id="ACT17819737684267059" />
<LOC_GEO m_id="40" RELATED_TO="" TAG_DESCRIPTOR="t19b_greece" instance_id="LOC17819756552118938" />
</Markables>

<Relations>
<CROSS_DOC_COREF r_id="33503" note="HUM17820789442194100" >
  <source m_id="25" />
  <target m_id="34" />
</CROSS_DOC_COREF>
<CROSS_DOC_COREF r_id="33504" note="HUM17819747019655492" >
  <source m_id="22" />
  <target m_id="35" />
</CROSS_DOC_COREF>
<CROSS_DOC_COREF r_id="33505" note="ACT17820732359105635" >
  <source m_id="16" />
  <target m_id="36" />
</CROSS_DOC_COREF>
<CROSS_DOC_COREF r_id="33506" note="ACT17821191557403131" >
  <source m_id="33" />
  <target m_id="37" />
</CROSS_DOC_COREF>
<CROSS_DOC_COREF r_id="33507" note="HUM17820759029533562" >
  <source m_id="32" />
  <target m_id="38" />
</CROSS_DOC_COREF>
<CROSS_DOC_COREF r_id="33508" note="TIM17819771332075563" >
  <source m_id="21" />
  <target m_id="39" />
</CROSS_DOC_COREF>
<CROSS_DOC_COREF r_id="33509" note="LOC17819756552118938" >
  <source m_id="26" />
  <target m_id="40" />
</CROSS_DOC_COREF>
<CROSS_DOC_COREF r_id="33510" note="ACT17819737684267059" >
  <source m_id="17" />
  <target m_id="41" />
</CROSS_DOC_COREF>
<CROSS_DOC_COREF r_id="33511" note="ACT17819728461396359" >
  <source m_id="15" />
  <target m_id="42" />
</CROSS_DOC_COREF>

</Relations>
</Document>
