<Document doc_name="19_9ecbplus.xml" doc_id="DOC15646259239616069">
<token t_id="1" sentence="0" number="0">http</token>
<token t_id="2" sentence="0" number="1">:</token>
<token t_id="3" sentence="0" number="2">/</token>
<token t_id="4" sentence="0" number="3">/</token>
<token t_id="5" sentence="0" number="4">pix11</token>
<token t_id="6" sentence="0" number="5">.</token>
<token t_id="7" sentence="0" number="6">com</token>
<token t_id="8" sentence="0" number="7">/</token>
<token t_id="9" sentence="0" number="8">2013</token>
<token t_id="10" sentence="0" number="9">/</token>
<token t_id="11" sentence="0" number="10">03</token>
<token t_id="12" sentence="0" number="11">/</token>
<token t_id="13" sentence="0" number="12">12</token>
<token t_id="14" sentence="0" number="13">/</token>
<token t_id="15" sentence="0" number="14">brooklyn</token>
<token t_id="16" sentence="0" number="15">-</token>
<token t_id="17" sentence="0" number="16">vigil</token>
<token t_id="18" sentence="0" number="17">-</token>
<token t_id="19" sentence="0" number="18">for</token>
<token t_id="20" sentence="0" number="19">-</token>
<token t_id="21" sentence="0" number="20">slain</token>
<token t_id="22" sentence="0" number="21">-</token>
<token t_id="23" sentence="0" number="22">teen</token>
<token t_id="24" sentence="0" number="23">-</token>
<token t_id="25" sentence="0" number="24">killed</token>
<token t_id="26" sentence="0" number="25">-</token>
<token t_id="27" sentence="0" number="26">by</token>
<token t_id="28" sentence="0" number="27">-</token>
<token t_id="29" sentence="0" number="28">nypd</token>
<token t_id="30" sentence="0" number="29">-</token>
<token t_id="31" sentence="0" number="30">snowballs</token>
<token t_id="32" sentence="0" number="31">-</token>
<token t_id="33" sentence="0" number="32">into</token>
<token t_id="34" sentence="0" number="33">-</token>
<token t_id="35" sentence="0" number="34">full</token>
<token t_id="36" sentence="0" number="35">-</token>
<token t_id="37" sentence="0" number="36">blown</token>
<token t_id="38" sentence="0" number="37">-</token>
<token t_id="39" sentence="0" number="38">riot</token>
<token t_id="40" sentence="0" number="39">/</token>
<token t_id="41" sentence="0" number="40">#axzz2gqbg2R2N</token>
<token t_id="42" sentence="1" number="0">Brooklyn</token>
<token t_id="43" sentence="1" number="1">vigil</token>
<token t_id="44" sentence="1" number="2">for</token>
<token t_id="45" sentence="1" number="3">slain</token>
<token t_id="46" sentence="1" number="4">teen</token>
<token t_id="47" sentence="1" number="5">killed</token>
<token t_id="48" sentence="1" number="6">by</token>
<token t_id="49" sentence="1" number="7">NYPD</token>
<token t_id="50" sentence="1" number="8">snowballs</token>
<token t_id="51" sentence="1" number="9">into</token>
<token t_id="52" sentence="1" number="10">full</token>
<token t_id="53" sentence="1" number="11">blown</token>
<token t_id="54" sentence="1" number="12">riot</token>
<token t_id="55" sentence="2" number="0">A</token>
<token t_id="56" sentence="2" number="1">candle</token>
<token t_id="57" sentence="2" number="2">light</token>
<token t_id="58" sentence="2" number="3">vigil</token>
<token t_id="59" sentence="2" number="4">turned</token>
<token t_id="60" sentence="2" number="5">violent</token>
<token t_id="61" sentence="2" number="6">Monday</token>
<token t_id="62" sentence="2" number="7">night</token>
<token t_id="63" sentence="2" number="8">in</token>
<token t_id="64" sentence="2" number="9">East</token>
<token t_id="65" sentence="2" number="10">Flatbush</token>
<token t_id="66" sentence="2" number="11">,</token>
<token t_id="67" sentence="2" number="12">Brooklyn</token>
<token t_id="68" sentence="2" number="13">.</token>
<token t_id="69" sentence="3" number="0">Dozens</token>
<token t_id="70" sentence="3" number="1">gathered</token>
<token t_id="71" sentence="3" number="2">to</token>
<token t_id="72" sentence="3" number="3">remember</token>
<token t_id="73" sentence="3" number="4">16</token>
<token t_id="74" sentence="3" number="5">-</token>
<token t_id="75" sentence="3" number="6">year</token>
<token t_id="76" sentence="3" number="7">-</token>
<token t_id="77" sentence="3" number="8">old</token>
<token t_id="78" sentence="3" number="9">Kimani</token>
<token t_id="79" sentence="3" number="10">Gray</token>
<token t_id="80" sentence="3" number="11">.</token>
<token t_id="81" sentence="4" number="0">NYPD</token>
<token t_id="82" sentence="4" number="1">officers</token>
<token t_id="83" sentence="4" number="2">shot</token>
<token t_id="84" sentence="4" number="3">and</token>
<token t_id="85" sentence="4" number="4">killed</token>
<token t_id="86" sentence="4" number="5">the</token>
<token t_id="87" sentence="4" number="6">teen</token>
<token t_id="88" sentence="4" number="7">late</token>
<token t_id="89" sentence="4" number="8">Saturday</token>
<token t_id="90" sentence="4" number="9">night</token>
<token t_id="91" sentence="4" number="10">.</token>
<token t_id="92" sentence="5" number="0">What</token>
<token t_id="93" sentence="5" number="1">started</token>
<token t_id="94" sentence="5" number="2">as</token>
<token t_id="95" sentence="5" number="3">a</token>
<token t_id="96" sentence="5" number="4">march</token>
<token t_id="97" sentence="5" number="5">,</token>
<token t_id="98" sentence="5" number="6">soon</token>
<token t_id="99" sentence="5" number="7">turned</token>
<token t_id="100" sentence="5" number="8">into</token>
<token t_id="101" sentence="5" number="9">a</token>
<token t_id="102" sentence="5" number="10">riot</token>
<token t_id="103" sentence="5" number="11">.</token>
<token t_id="104" sentence="6" number="0">Video</token>
<token t_id="105" sentence="6" number="1">posted</token>
<token t_id="106" sentence="6" number="2">on</token>
<token t_id="107" sentence="6" number="3">Youtube</token>
<token t_id="108" sentence="6" number="4">from</token>
<token t_id="109" sentence="6" number="5">OccupyBloomberg</token>
<token t_id="110" sentence="6" number="6">’</token>
<token t_id="111" sentence="6" number="7">s</token>
<token t_id="112" sentence="6" number="8">Ustream</token>
<token t_id="113" sentence="6" number="9">showed</token>
<token t_id="114" sentence="6" number="10">angry</token>
<token t_id="115" sentence="6" number="11">people</token>
<token t_id="116" sentence="6" number="12">screaming</token>
<token t_id="117" sentence="6" number="13">at</token>
<token t_id="118" sentence="6" number="14">the</token>
<token t_id="119" sentence="6" number="15">NYPD</token>
<token t_id="120" sentence="6" number="16">.</token>
<token t_id="121" sentence="7" number="0">According</token>
<token t_id="122" sentence="7" number="1">to</token>
<token t_id="123" sentence="7" number="2">reports</token>
<token t_id="124" sentence="7" number="3">from</token>
<token t_id="125" sentence="7" number="4">the</token>
<token t_id="126" sentence="7" number="5">scene</token>
<token t_id="127" sentence="7" number="6">,</token>
<token t_id="128" sentence="7" number="7">people</token>
<token t_id="129" sentence="7" number="8">vandalized</token>
<token t_id="130" sentence="7" number="9">property</token>
<token t_id="131" sentence="7" number="10">,</token>
<token t_id="132" sentence="7" number="11">looted</token>
<token t_id="133" sentence="7" number="12">and</token>
<token t_id="134" sentence="7" number="13">threw</token>
<token t_id="135" sentence="7" number="14">bottles</token>
<token t_id="136" sentence="7" number="15">at</token>
<token t_id="137" sentence="7" number="16">police</token>
<token t_id="138" sentence="7" number="17">.</token>
<token t_id="139" sentence="8" number="0">The</token>
<token t_id="140" sentence="8" number="1">NYPD</token>
<token t_id="141" sentence="8" number="2">said</token>
<token t_id="142" sentence="8" number="3">one</token>
<token t_id="143" sentence="8" number="4">person</token>
<token t_id="144" sentence="8" number="5">was</token>
<token t_id="145" sentence="8" number="6">arrested</token>
<token t_id="146" sentence="8" number="7">for</token>
<token t_id="147" sentence="8" number="8">disorderly</token>
<token t_id="148" sentence="8" number="9">conduct</token>
<token t_id="149" sentence="8" number="10">.</token>
<token t_id="150" sentence="9" number="0">Overnight</token>
<token t_id="151" sentence="9" number="1">and</token>
<token t_id="152" sentence="9" number="2">into</token>
<token t_id="153" sentence="9" number="3">early</token>
<token t_id="154" sentence="9" number="4">Tuesday</token>
<token t_id="155" sentence="9" number="5">morning</token>
<token t_id="156" sentence="9" number="6">,</token>
<token t_id="157" sentence="9" number="7">police</token>
<token t_id="158" sentence="9" number="8">barricaded</token>
<token t_id="159" sentence="9" number="9">Snyder</token>
<token t_id="160" sentence="9" number="10">Avenue</token>
<token t_id="161" sentence="9" number="11">in</token>
<token t_id="162" sentence="9" number="12">front</token>
<token t_id="163" sentence="9" number="13">of</token>
<token t_id="164" sentence="9" number="14">the</token>
<token t_id="165" sentence="9" number="15">67th</token>
<token t_id="166" sentence="9" number="16">precinct</token>
<token t_id="167" sentence="9" number="17">in</token>
<token t_id="168" sentence="9" number="18">East</token>
<token t_id="169" sentence="9" number="19">Flatbush</token>
<token t_id="170" sentence="9" number="20">.</token>
<token t_id="171" sentence="10" number="0">Police</token>
<token t_id="172" sentence="10" number="1">still</token>
<token t_id="173" sentence="10" number="2">wearing</token>
<token t_id="174" sentence="10" number="3">helmets</token>
<token t_id="175" sentence="10" number="4">,</token>
<token t_id="176" sentence="10" number="5">guarded</token>
<token t_id="177" sentence="10" number="6">the</token>
<token t_id="178" sentence="10" number="7">block</token>
<token t_id="179" sentence="10" number="8">.</token>
<token t_id="180" sentence="11" number="0">“</token>
<token t_id="181" sentence="11" number="1">Tonight</token>
<token t_id="182" sentence="11" number="2">,</token>
<token t_id="183" sentence="11" number="3">we</token>
<token t_id="184" sentence="11" number="4">saw</token>
<token t_id="185" sentence="11" number="5">an</token>
<token t_id="186" sentence="11" number="6">explosion</token>
<token t_id="187" sentence="11" number="7">of</token>
<token t_id="188" sentence="11" number="8">anger</token>
<token t_id="189" sentence="11" number="9">from</token>
<token t_id="190" sentence="11" number="10">the</token>
<token t_id="191" sentence="11" number="11">youth</token>
<token t_id="192" sentence="11" number="12">in</token>
<token t_id="193" sentence="11" number="13">my</token>
<token t_id="194" sentence="11" number="14">community</token>
<token t_id="195" sentence="11" number="15">.</token>
<token t_id="196" sentence="12" number="0">We</token>
<token t_id="197" sentence="12" number="1">have</token>
<token t_id="198" sentence="12" number="2">talked</token>
<token t_id="199" sentence="12" number="3">about</token>
<token t_id="200" sentence="12" number="4">this</token>
<token t_id="201" sentence="12" number="5">anger</token>
<token t_id="202" sentence="12" number="6">for</token>
<token t_id="203" sentence="12" number="7">years</token>
<token t_id="204" sentence="12" number="8">,</token>
<token t_id="205" sentence="12" number="9">but</token>
<token t_id="206" sentence="12" number="10">still</token>
<token t_id="207" sentence="12" number="11">the</token>
<token t_id="208" sentence="12" number="12">resources</token>
<token t_id="209" sentence="12" number="13">have</token>
<token t_id="210" sentence="12" number="14">not</token>
<token t_id="211" sentence="12" number="15">come</token>
<token t_id="212" sentence="12" number="16">to</token>
<token t_id="213" sentence="12" number="17">address</token>
<token t_id="214" sentence="12" number="18">it</token>
<token t_id="215" sentence="12" number="19">,</token>
<token t_id="216" sentence="12" number="20">”</token>
<token t_id="217" sentence="12" number="21">said</token>
<token t_id="218" sentence="12" number="22">Brooklyn</token>
<token t_id="219" sentence="12" number="23">Councilman</token>
<token t_id="220" sentence="12" number="24">Jumaane</token>
<token t_id="221" sentence="12" number="25">Williams</token>
<token t_id="222" sentence="12" number="26">in</token>
<token t_id="223" sentence="12" number="27">a</token>
<token t_id="224" sentence="12" number="28">press</token>
<token t_id="225" sentence="12" number="29">release</token>
<token t_id="226" sentence="12" number="30">following</token>
<token t_id="227" sentence="12" number="31">the</token>
<token t_id="228" sentence="12" number="32">riot</token>
<token t_id="229" sentence="12" number="33">.</token>
<token t_id="230" sentence="13" number="0">“</token>
<token t_id="231" sentence="13" number="1">We</token>
<token t_id="232" sentence="13" number="2">have</token>
<token t_id="233" sentence="13" number="3">talked</token>
<token t_id="234" sentence="13" number="4">about</token>
<token t_id="235" sentence="13" number="5">the</token>
<token t_id="236" sentence="13" number="6">corrosive</token>
<token t_id="237" sentence="13" number="7">relationship</token>
<token t_id="238" sentence="13" number="8">between</token>
<token t_id="239" sentence="13" number="9">our</token>
<token t_id="240" sentence="13" number="10">community</token>
<token t_id="241" sentence="13" number="11">and</token>
<token t_id="242" sentence="13" number="12">the</token>
<token t_id="243" sentence="13" number="13">NYPD</token>
<token t_id="244" sentence="13" number="14">,</token>
<token t_id="245" sentence="13" number="15">but</token>
<token t_id="246" sentence="13" number="16">still</token>
<token t_id="247" sentence="13" number="17">the</token>
<token t_id="248" sentence="13" number="18">Mayor</token>
<token t_id="249" sentence="13" number="19">and</token>
<token t_id="250" sentence="13" number="20">the</token>
<token t_id="251" sentence="13" number="21">Commissioner</token>
<token t_id="252" sentence="13" number="22">have</token>
<token t_id="253" sentence="13" number="23">failed</token>
<token t_id="254" sentence="13" number="24">to</token>
<token t_id="255" sentence="13" number="25">address</token>
<token t_id="256" sentence="13" number="26">the</token>
<token t_id="257" sentence="13" number="27">root</token>
<token t_id="258" sentence="13" number="28">causes</token>
<token t_id="259" sentence="13" number="29">of</token>
<token t_id="260" sentence="13" number="30">this</token>
<token t_id="261" sentence="13" number="31">tension</token>
<token t_id="262" sentence="13" number="32">.</token>
<token t_id="263" sentence="14" number="0">Tonight</token>
<token t_id="264" sentence="14" number="1">,</token>
<token t_id="265" sentence="14" number="2">we</token>
<token t_id="266" sentence="14" number="3">saw</token>
<token t_id="267" sentence="14" number="4">that</token>
<token t_id="268" sentence="14" number="5">tension</token>
<token t_id="269" sentence="14" number="6">turn</token>
<token t_id="270" sentence="14" number="7">in</token>
<token t_id="271" sentence="14" number="8">a</token>
<token t_id="272" sentence="14" number="9">destructive</token>
<token t_id="273" sentence="14" number="10">manner</token>
<token t_id="274" sentence="14" number="11">.</token>
<token t_id="275" sentence="15" number="0">I</token>
<token t_id="276" sentence="15" number="1">cannot</token>
<token t_id="277" sentence="15" number="2">and</token>
<token t_id="278" sentence="15" number="3">will</token>
<token t_id="279" sentence="15" number="4">not</token>
<token t_id="280" sentence="15" number="5">condone</token>
<token t_id="281" sentence="15" number="6">the</token>
<token t_id="282" sentence="15" number="7">damage</token>
<token t_id="283" sentence="15" number="8">caused</token>
<token t_id="284" sentence="15" number="9">to</token>
<token t_id="285" sentence="15" number="10">property</token>
<token t_id="286" sentence="15" number="11">or</token>
<token t_id="287" sentence="15" number="12">to</token>
<token t_id="288" sentence="15" number="13">person</token>
<token t_id="289" sentence="15" number="14">.</token>
<token t_id="290" sentence="15" number="15">”</token>
<token t_id="291" sentence="16" number="0">According</token>
<token t_id="292" sentence="16" number="1">to</token>
<token t_id="293" sentence="16" number="2">police</token>
<token t_id="294" sentence="16" number="3">,</token>
<token t_id="295" sentence="16" number="4">Kimani</token>
<token t_id="296" sentence="16" number="5">Gray</token>
<token t_id="297" sentence="16" number="6">had</token>
<token t_id="298" sentence="16" number="7">a</token>
<token t_id="299" sentence="16" number="8">.</token>
<token t_id="300" sentence="16" number="9">38</token>
<token t_id="301" sentence="16" number="10">caliber</token>
<token t_id="302" sentence="16" number="11">Rohm</token>
<token t_id="303" sentence="16" number="12">’</token>
<token t_id="304" sentence="16" number="13">s</token>
<token t_id="305" sentence="16" number="14">Industry</token>
<token t_id="306" sentence="16" number="15">revolver</token>
<token t_id="307" sentence="16" number="16">and</token>
<token t_id="308" sentence="16" number="17">he</token>
<token t_id="309" sentence="16" number="18">allegedly</token>
<token t_id="310" sentence="16" number="19">pointed</token>
<token t_id="311" sentence="16" number="20">it</token>
<token t_id="312" sentence="16" number="21">at</token>
<token t_id="313" sentence="16" number="22">the</token>
<token t_id="314" sentence="16" number="23">plain</token>
<token t_id="315" sentence="16" number="24">clothes</token>
<token t_id="316" sentence="16" number="25">officers</token>
<token t_id="317" sentence="16" number="26">Saturday</token>
<token t_id="318" sentence="16" number="27">night</token>
<token t_id="319" sentence="16" number="28">when</token>
<token t_id="320" sentence="16" number="29">they</token>
<token t_id="321" sentence="16" number="30">approached</token>
<token t_id="322" sentence="16" number="31">a</token>
<token t_id="323" sentence="16" number="32">group</token>
<token t_id="324" sentence="16" number="33">on</token>
<token t_id="325" sentence="16" number="34">East</token>
<token t_id="326" sentence="16" number="35">52nd</token>
<token t_id="327" sentence="16" number="36">street</token>
<token t_id="328" sentence="16" number="37">in</token>
<token t_id="329" sentence="16" number="38">East</token>
<token t_id="330" sentence="16" number="39">Flatbush</token>
<token t_id="331" sentence="16" number="40">.</token>
<token t_id="332" sentence="17" number="0">The</token>
<token t_id="333" sentence="17" number="1">officers</token>
<token t_id="334" sentence="17" number="2">fired</token>
<token t_id="335" sentence="17" number="3">their</token>
<token t_id="336" sentence="17" number="4">weapons</token>
<token t_id="337" sentence="17" number="5">and</token>
<token t_id="338" sentence="17" number="6">the</token>
<token t_id="339" sentence="17" number="7">teenager</token>
<token t_id="340" sentence="17" number="8">was</token>
<token t_id="341" sentence="17" number="9">pronounced</token>
<token t_id="342" sentence="17" number="10">dead</token>
<token t_id="343" sentence="17" number="11">at</token>
<token t_id="344" sentence="17" number="12">Kings</token>
<token t_id="345" sentence="17" number="13">County</token>
<token t_id="346" sentence="17" number="14">Hospital</token>
<token t_id="347" sentence="17" number="15">.</token>
<token t_id="348" sentence="18" number="0">The</token>
<token t_id="349" sentence="18" number="1">gun</token>
<token t_id="350" sentence="18" number="2">was</token>
<token t_id="351" sentence="18" number="3">found</token>
<token t_id="352" sentence="18" number="4">at</token>
<token t_id="353" sentence="18" number="5">the</token>
<token t_id="354" sentence="18" number="6">scene</token>
<token t_id="355" sentence="18" number="7">,</token>
<token t_id="356" sentence="18" number="8">said</token>
<token t_id="357" sentence="18" number="9">the</token>
<token t_id="358" sentence="18" number="10">NYPD</token>
<token t_id="359" sentence="18" number="11">.</token>
<Markables>
<ACTION_ASPECTUAL m_id="15"  >
  <token_anchor t_id="93"/>
</ACTION_ASPECTUAL>
<ACTION_OCCURRENCE m_id="9"  >
  <token_anchor t_id="59"/>
</ACTION_OCCURRENCE>
<ACTION_OCCURRENCE m_id="10"  >
  <token_anchor t_id="70"/>
</ACTION_OCCURRENCE>
<ACTION_OCCURRENCE m_id="11"  >
  <token_anchor t_id="72"/>
</ACTION_OCCURRENCE>
<ACTION_OCCURRENCE m_id="12"  >
  <token_anchor t_id="83"/>
</ACTION_OCCURRENCE>
<ACTION_OCCURRENCE m_id="13"  >
  <token_anchor t_id="85"/>
</ACTION_OCCURRENCE>
<ACTION_OCCURRENCE m_id="14"  >
  <token_anchor t_id="99"/>
</ACTION_OCCURRENCE>
<ACTION_OCCURRENCE m_id="1"  >
  <token_anchor t_id="43"/>
</ACTION_OCCURRENCE>
<ACTION_OCCURRENCE m_id="2"  >
  <token_anchor t_id="96"/>
</ACTION_OCCURRENCE>
<ACTION_OCCURRENCE m_id="3"  >
  <token_anchor t_id="102"/>
</ACTION_OCCURRENCE>
<ACTION_OCCURRENCE m_id="4"  >
  <token_anchor t_id="45"/>
</ACTION_OCCURRENCE>
<ACTION_OCCURRENCE m_id="5"  >
  <token_anchor t_id="47"/>
</ACTION_OCCURRENCE>
<ACTION_OCCURRENCE m_id="6"  >
  <token_anchor t_id="50"/>
</ACTION_OCCURRENCE>
<ACTION_OCCURRENCE m_id="7"  >
  <token_anchor t_id="54"/>
</ACTION_OCCURRENCE>
<ACTION_OCCURRENCE m_id="8"  >
  <token_anchor t_id="58"/>
</ACTION_OCCURRENCE>
<ACTION_STATE m_id="16"  >
  <token_anchor t_id="60"/>
</ACTION_STATE>
<HUMAN_PART_PER m_id="17"  >
  <token_anchor t_id="46"/>
</HUMAN_PART_PER>
<HUMAN_PART_PER m_id="18"  >
  <token_anchor t_id="78"/>
  <token_anchor t_id="79"/>
</HUMAN_PART_PER>
<HUMAN_PART_PER m_id="19"  >
  <token_anchor t_id="69"/>
</HUMAN_PART_PER>
<HUMAN_PART_PER m_id="20"  >
  <token_anchor t_id="82"/>
</HUMAN_PART_PER>
<HUMAN_PART_PER m_id="21"  >
  <token_anchor t_id="87"/>
</HUMAN_PART_PER>
<LOC_GEO m_id="24"  >
  <token_anchor t_id="63"/>
  <token_anchor t_id="64"/>
  <token_anchor t_id="65"/>
  <token_anchor t_id="66"/>
  <token_anchor t_id="67"/>
</LOC_GEO>
<LOC_GEO m_id="26"  >
  <token_anchor t_id="42"/>
</LOC_GEO>
<HUMAN_PART_PER m_id="31" note="byCROMER" >
  <token_anchor t_id="49"/>
</HUMAN_PART_PER>
<TIME_DATE m_id="32" note="byCROMER" >
  <token_anchor t_id="61"/>
  <token_anchor t_id="62"/>
</TIME_DATE>
<TIME_DATE m_id="33" note="byCROMER" >
  <token_anchor t_id="88"/>
  <token_anchor t_id="89"/>
  <token_anchor t_id="90"/>
</TIME_DATE>


<ACTION_OCCURRENCE m_id="39" RELATED_TO="" TAG_DESCRIPTOR="t19_shot" instance_id="ACT17734083605595938" />
<TIME_DATE m_id="38" RELATED_TO="" TAG_DESCRIPTOR="t19_monday" instance_id="TIM17818978271803904" />
<ACTION_OCCURRENCE m_id="37" RELATED_TO="" TAG_DESCRIPTOR="t19_riot" instance_id="ACT17733054001869323" />
<ACTION_OCCURRENCE m_id="36" RELATED_TO="" TAG_DESCRIPTOR="t19_killed" instance_id="ACT17734003472118220" />
<ACTION_STATE m_id="35" RELATED_TO="" TAG_DESCRIPTOR="t19_violent" instance_id="ACT17818565638851095" />
<HUMAN_PART_PER m_id="34" RELATED_TO="" TAG_DESCRIPTOR="t19_shooting_officers" instance_id="HUM17818785497733083" />
<TIME_DATE m_id="47" RELATED_TO="" TAG_DESCRIPTOR="t19_saturday" instance_id="TIM17733648676843763" />
<ACTION_OCCURRENCE m_id="46" RELATED_TO="" TAG_DESCRIPTOR="t19_vigil" instance_id="ACT17733022098456824" />
<LOC_GEO m_id="45" RELATED_TO="" TAG_DESCRIPTOR="t19_east_flatbush" instance_id="LOC17733635918368593" />
<HUMAN_PART_PER m_id="44" RELATED_TO="" TAG_DESCRIPTOR="t19_kimani_gray" instance_id="HUM17733560552295284" />
<ACTION_OCCURRENCE m_id="43" RELATED_TO="" TAG_DESCRIPTOR="t19_march" instance_id="ACT17734842257507750" />
<HUMAN_PART_PER m_id="42" RELATED_TO="" TAG_DESCRIPTOR="t19_crowd" instance_id="HUM17734031939890766" />
<LOC_GEO m_id="41" RELATED_TO="" TAG_DESCRIPTOR="t19_brooklyn" instance_id="LOC17733617835467628" />
<ACTION_OCCURRENCE m_id="40" RELATED_TO="" TAG_DESCRIPTOR="t19_turned_unpeaceful" instance_id="ACT17817554121469904" />
</Markables>

<Relations>
<CROSS_DOC_COREF r_id="41201" note="HUM17818785497733083" >
  <source m_id="31" />
  <source m_id="20" />
  <target m_id="34" />
</CROSS_DOC_COREF>
<CROSS_DOC_COREF r_id="41202" note="ACT17818565638851095" >
  <source m_id="16" />
  <target m_id="35" />
</CROSS_DOC_COREF>
<CROSS_DOC_COREF r_id="41203" note="ACT17734003472118220" >
  <source m_id="4" />
  <source m_id="5" />
  <source m_id="13" />
  <target m_id="36" />
</CROSS_DOC_COREF>
<CROSS_DOC_COREF r_id="41204" note="ACT17733054001869323" >
  <source m_id="7" />
  <source m_id="3" />
  <target m_id="37" />
</CROSS_DOC_COREF>
<CROSS_DOC_COREF r_id="41205" note="TIM17818978271803904" >
  <source m_id="32" />
  <target m_id="38" />
</CROSS_DOC_COREF>
<CROSS_DOC_COREF r_id="41206" note="ACT17734083605595938" >
  <source m_id="12" />
  <target m_id="39" />
</CROSS_DOC_COREF>
<CROSS_DOC_COREF r_id="41207" note="ACT17817554121469904" >
  <source m_id="9" />
  <source m_id="14" />
  <source m_id="6" />
  <target m_id="40" />
</CROSS_DOC_COREF>
<CROSS_DOC_COREF r_id="41208" note="LOC17733617835467628" >
  <source m_id="26" />
  <target m_id="41" />
</CROSS_DOC_COREF>
<CROSS_DOC_COREF r_id="41209" note="HUM17734031939890766" >
  <source m_id="19" />
  <target m_id="42" />
</CROSS_DOC_COREF>
<CROSS_DOC_COREF r_id="41210" note="ACT17734842257507750" >
  <source m_id="2" />
  <target m_id="43" />
</CROSS_DOC_COREF>
<CROSS_DOC_COREF r_id="41211" note="HUM17733560552295284" >
  <source m_id="17" />
  <source m_id="18" />
  <source m_id="21" />
  <target m_id="44" />
</CROSS_DOC_COREF>
<CROSS_DOC_COREF r_id="41212" note="LOC17733635918368593" >
  <source m_id="24" />
  <target m_id="45" />
</CROSS_DOC_COREF>
<CROSS_DOC_COREF r_id="41213" note="ACT17733022098456824" >
  <source m_id="8" />
  <source m_id="1" />
  <target m_id="46" />
</CROSS_DOC_COREF>
<CROSS_DOC_COREF r_id="41214" note="TIM17733648676843763" >
  <source m_id="33" />
  <target m_id="47" />
</CROSS_DOC_COREF>

</Relations>
</Document>
