<Document doc_name="23_10ecbplus.xml" doc_id="DOC15646333749946805">
<token t_id="1" sentence="0" number="0">http</token>
<token t_id="2" sentence="0" number="1">:</token>
<token t_id="3" sentence="0" number="2">/</token>
<token t_id="4" sentence="0" number="3">/</token>
<token t_id="5" sentence="0" number="4">www</token>
<token t_id="6" sentence="0" number="5">.</token>
<token t_id="7" sentence="0" number="6">theguardian</token>
<token t_id="8" sentence="0" number="7">.</token>
<token t_id="9" sentence="0" number="8">com</token>
<token t_id="10" sentence="0" number="9">/</token>
<token t_id="11" sentence="0" number="10">world</token>
<token t_id="12" sentence="0" number="11">/</token>
<token t_id="13" sentence="0" number="12">2013</token>
<token t_id="14" sentence="0" number="13">/</token>
<token t_id="15" sentence="0" number="14">sep</token>
<token t_id="16" sentence="0" number="15">/</token>
<token t_id="17" sentence="0" number="16">16</token>
<token t_id="18" sentence="0" number="17">/</token>
<token t_id="19" sentence="0" number="18">british</token>
<token t_id="20" sentence="0" number="19">-</token>
<token t_id="21" sentence="0" number="20">climber</token>
<token t_id="22" sentence="0" number="21">-</token>
<token t_id="23" sentence="0" number="22">dies</token>
<token t_id="24" sentence="0" number="23">-</token>
<token t_id="25" sentence="0" number="24">new</token>
<token t_id="26" sentence="0" number="25">-</token>
<token t_id="27" sentence="0" number="26">zealand</token>
<token t_id="28" sentence="0" number="27">-</token>
<token t_id="29" sentence="0" number="28">buckley</token>
<token t_id="30" sentence="1" number="0">British</token>
<token t_id="31" sentence="1" number="1">climber</token>
<token t_id="32" sentence="1" number="2">dies</token>
<token t_id="33" sentence="1" number="3">in</token>
<token t_id="34" sentence="1" number="4">New</token>
<token t_id="35" sentence="1" number="5">Zealand</token>
<token t_id="36" sentence="1" number="6">fall</token>
<token t_id="37" sentence="2" number="0">Robert</token>
<token t_id="38" sentence="2" number="1">Buckley</token>
<token t_id="39" sentence="2" number="2">the</token>
<token t_id="40" sentence="2" number="3">second</token>
<token t_id="41" sentence="2" number="4">climber</token>
<token t_id="42" sentence="2" number="5">to</token>
<token t_id="43" sentence="2" number="6">die</token>
<token t_id="44" sentence="2" number="7">in</token>
<token t_id="45" sentence="2" number="8">the</token>
<token t_id="46" sentence="2" number="9">Aoraki</token>
<token t_id="47" sentence="2" number="10">-</token>
<token t_id="48" sentence="2" number="11">Mount</token>
<token t_id="49" sentence="2" number="12">Cook</token>
<token t_id="50" sentence="2" number="13">national</token>
<token t_id="51" sentence="2" number="14">park</token>
<token t_id="52" sentence="2" number="15">at</token>
<token t_id="53" sentence="2" number="16">the</token>
<token t_id="54" sentence="2" number="17">weekend</token>
<token t_id="55" sentence="3" number="0">Monday</token>
<token t_id="56" sentence="3" number="1">16</token>
<token t_id="57" sentence="3" number="2">September</token>
<token t_id="58" sentence="3" number="3">2013</token>
<token t_id="59" sentence="3" number="4">03</token>
<token t_id="60" sentence="3" number="5">.</token>
<token t_id="61" sentence="3" number="6">31</token>
<token t_id="62" sentence="3" number="7">BST</token>
<token t_id="63" sentence="4" number="0">A</token>
<token t_id="64" sentence="4" number="1">British</token>
<token t_id="65" sentence="4" number="2">climber</token>
<token t_id="66" sentence="4" number="3">has</token>
<token t_id="67" sentence="4" number="4">fallen</token>
<token t_id="68" sentence="4" number="5">to</token>
<token t_id="69" sentence="4" number="6">his</token>
<token t_id="70" sentence="4" number="7">death</token>
<token t_id="71" sentence="4" number="8">in</token>
<token t_id="72" sentence="4" number="9">New</token>
<token t_id="73" sentence="4" number="10">Zealand</token>
<token t_id="74" sentence="4" number="11">.</token>
<token t_id="75" sentence="5" number="0">Robert</token>
<token t_id="76" sentence="5" number="1">Buckley</token>
<token t_id="77" sentence="5" number="2">,</token>
<token t_id="78" sentence="5" number="3">32</token>
<token t_id="79" sentence="5" number="4">,</token>
<token t_id="80" sentence="5" number="5">fell</token>
<token t_id="81" sentence="5" number="6">about</token>
<token t_id="82" sentence="5" number="7">2</token>
<token t_id="83" sentence="5" number="8">,</token>
<token t_id="84" sentence="5" number="9">000</token>
<token t_id="85" sentence="5" number="10">feet</token>
<token t_id="86" sentence="5" number="11">while</token>
<token t_id="87" sentence="5" number="12">climbing</token>
<token t_id="88" sentence="5" number="13">to</token>
<token t_id="89" sentence="5" number="14">a</token>
<token t_id="90" sentence="5" number="15">small</token>
<token t_id="91" sentence="5" number="16">hut</token>
<token t_id="92" sentence="5" number="17">on</token>
<token t_id="93" sentence="5" number="18">Mount</token>
<token t_id="94" sentence="5" number="19">Sefton</token>
<token t_id="95" sentence="5" number="20">in</token>
<token t_id="96" sentence="5" number="21">the</token>
<token t_id="97" sentence="5" number="22">Aoraki</token>
<token t_id="98" sentence="5" number="23">-</token>
<token t_id="99" sentence="5" number="24">Mount</token>
<token t_id="100" sentence="5" number="25">Cook</token>
<token t_id="101" sentence="5" number="26">national</token>
<token t_id="102" sentence="5" number="27">park</token>
<token t_id="103" sentence="5" number="28">on</token>
<token t_id="104" sentence="5" number="29">Saturday</token>
<token t_id="105" sentence="5" number="30">,</token>
<token t_id="106" sentence="5" number="31">police</token>
<token t_id="107" sentence="5" number="32">said</token>
<token t_id="108" sentence="5" number="33">.</token>
<token t_id="109" sentence="6" number="0">Buckley</token>
<token t_id="110" sentence="6" number="1">,</token>
<token t_id="111" sentence="6" number="2">who</token>
<token t_id="112" sentence="6" number="3">had</token>
<token t_id="113" sentence="6" number="4">been</token>
<token t_id="114" sentence="6" number="5">living</token>
<token t_id="115" sentence="6" number="6">and</token>
<token t_id="116" sentence="6" number="7">working</token>
<token t_id="117" sentence="6" number="8">in</token>
<token t_id="118" sentence="6" number="9">Christchurch</token>
<token t_id="119" sentence="6" number="10">,</token>
<token t_id="120" sentence="6" number="11">was</token>
<token t_id="121" sentence="6" number="12">one</token>
<token t_id="122" sentence="6" number="13">of</token>
<token t_id="123" sentence="6" number="14">four</token>
<token t_id="124" sentence="6" number="15">men</token>
<token t_id="125" sentence="6" number="16">who</token>
<token t_id="126" sentence="6" number="17">were</token>
<token t_id="127" sentence="6" number="18">trying</token>
<token t_id="128" sentence="6" number="19">to</token>
<token t_id="129" sentence="6" number="20">climb</token>
<token t_id="130" sentence="6" number="21">to</token>
<token t_id="131" sentence="6" number="22">the</token>
<token t_id="132" sentence="6" number="23">Sefton</token>
<token t_id="133" sentence="6" number="24">Bivvy</token>
<token t_id="134" sentence="6" number="25">from</token>
<token t_id="135" sentence="6" number="26">Mount</token>
<token t_id="136" sentence="6" number="27">Cook</token>
<token t_id="137" sentence="6" number="28">Village</token>
<token t_id="138" sentence="6" number="29">,</token>
<token t_id="139" sentence="6" number="30">according</token>
<token t_id="140" sentence="6" number="31">to</token>
<token t_id="141" sentence="6" number="32">New</token>
<token t_id="142" sentence="6" number="33">Zealand</token>
<token t_id="143" sentence="6" number="34">media</token>
<token t_id="144" sentence="6" number="35">reports</token>
<token t_id="145" sentence="6" number="36">.</token>
<token t_id="146" sentence="7" number="0">They</token>
<token t_id="147" sentence="7" number="1">were</token>
<token t_id="148" sentence="7" number="2">within</token>
<token t_id="149" sentence="7" number="3">80m</token>
<token t_id="150" sentence="7" number="4">of</token>
<token t_id="151" sentence="7" number="5">their</token>
<token t_id="152" sentence="7" number="6">destination</token>
<token t_id="153" sentence="7" number="7">when</token>
<token t_id="154" sentence="7" number="8">Buckley</token>
<token t_id="155" sentence="7" number="9">slipped</token>
<token t_id="156" sentence="7" number="10">.</token>
<token t_id="157" sentence="8" number="0">His</token>
<token t_id="158" sentence="8" number="1">companions</token>
<token t_id="159" sentence="8" number="2">raised</token>
<token t_id="160" sentence="8" number="3">the</token>
<token t_id="161" sentence="8" number="4">alarm</token>
<token t_id="162" sentence="8" number="5">,</token>
<token t_id="163" sentence="8" number="6">but</token>
<token t_id="164" sentence="8" number="7">then</token>
<token t_id="165" sentence="8" number="8">got</token>
<token t_id="166" sentence="8" number="9">stuck</token>
<token t_id="167" sentence="8" number="10">.</token>
<token t_id="168" sentence="9" number="0">A</token>
<token t_id="169" sentence="9" number="1">rescue</token>
<token t_id="170" sentence="9" number="2">helicopter</token>
<token t_id="171" sentence="9" number="3">found</token>
<token t_id="172" sentence="9" number="4">Buckley</token>
<token t_id="173" sentence="9" number="5">and</token>
<token t_id="174" sentence="9" number="6">the</token>
<token t_id="175" sentence="9" number="7">others</token>
<token t_id="176" sentence="9" number="8">but</token>
<token t_id="177" sentence="9" number="9">they</token>
<token t_id="178" sentence="9" number="10">could</token>
<token t_id="179" sentence="9" number="11">not</token>
<token t_id="180" sentence="9" number="12">be</token>
<token t_id="181" sentence="9" number="13">rescued</token>
<token t_id="182" sentence="9" number="14">until</token>
<token t_id="183" sentence="9" number="15">the</token>
<token t_id="184" sentence="9" number="16">next</token>
<token t_id="185" sentence="9" number="17">morning</token>
<token t_id="186" sentence="9" number="18">.</token>
<token t_id="187" sentence="10" number="0">Buckley's</token>
<token t_id="188" sentence="10" number="1">body</token>
<token t_id="189" sentence="10" number="2">was</token>
<token t_id="190" sentence="10" number="3">recovered</token>
<token t_id="191" sentence="10" number="4">later</token>
<token t_id="192" sentence="10" number="5">in</token>
<token t_id="193" sentence="10" number="6">the</token>
<token t_id="194" sentence="10" number="7">day</token>
<token t_id="195" sentence="10" number="8">.</token>
<token t_id="196" sentence="11" number="0">Police</token>
<token t_id="197" sentence="11" number="1">said</token>
<token t_id="198" sentence="11" number="2">in</token>
<token t_id="199" sentence="11" number="3">a</token>
<token t_id="200" sentence="11" number="4">statement</token>
<token t_id="201" sentence="11" number="5">it</token>
<token t_id="202" sentence="11" number="6">appeared</token>
<token t_id="203" sentence="11" number="7">the</token>
<token t_id="204" sentence="11" number="8">group</token>
<token t_id="205" sentence="11" number="9">was</token>
<token t_id="206" sentence="11" number="10">insufficiently</token>
<token t_id="207" sentence="11" number="11">equipped</token>
<token t_id="208" sentence="11" number="12">and</token>
<token t_id="209" sentence="11" number="13">experienced</token>
<token t_id="210" sentence="11" number="14">for</token>
<token t_id="211" sentence="11" number="15">the</token>
<token t_id="212" sentence="11" number="16">climb</token>
<token t_id="213" sentence="11" number="17">.</token>
<token t_id="214" sentence="12" number="0">The</token>
<token t_id="215" sentence="12" number="1">three</token>
<token t_id="216" sentence="12" number="2">other</token>
<token t_id="217" sentence="12" number="3">climbers</token>
<token t_id="218" sentence="12" number="4">were</token>
<token t_id="219" sentence="12" number="5">released</token>
<token t_id="220" sentence="12" number="6">after</token>
<token t_id="221" sentence="12" number="7">an</token>
<token t_id="222" sentence="12" number="8">examination</token>
<token t_id="223" sentence="12" number="9">by</token>
<token t_id="224" sentence="12" number="10">medical</token>
<token t_id="225" sentence="12" number="11">staff</token>
<token t_id="226" sentence="12" number="12">.</token>
<token t_id="227" sentence="13" number="0">The</token>
<token t_id="228" sentence="13" number="1">day</token>
<token t_id="229" sentence="13" number="2">before</token>
<token t_id="230" sentence="13" number="3">Buckley's</token>
<token t_id="231" sentence="13" number="4">death</token>
<token t_id="232" sentence="13" number="5">another</token>
<token t_id="233" sentence="13" number="6">climber</token>
<token t_id="234" sentence="13" number="7">,</token>
<token t_id="235" sentence="13" number="8">36</token>
<token t_id="236" sentence="13" number="9">-</token>
<token t_id="237" sentence="13" number="10">year</token>
<token t_id="238" sentence="13" number="11">-</token>
<token t_id="239" sentence="13" number="12">old</token>
<token t_id="240" sentence="13" number="13">Duncan</token>
<token t_id="241" sentence="13" number="14">Rait</token>
<token t_id="242" sentence="13" number="15">,</token>
<token t_id="243" sentence="13" number="16">died</token>
<token t_id="244" sentence="13" number="17">after</token>
<token t_id="245" sentence="13" number="18">slipping</token>
<token t_id="246" sentence="13" number="19">and</token>
<token t_id="247" sentence="13" number="20">falling</token>
<token t_id="248" sentence="13" number="21">about</token>
<token t_id="249" sentence="13" number="22">200</token>
<token t_id="250" sentence="13" number="23">feet</token>
<token t_id="251" sentence="13" number="24">from</token>
<token t_id="252" sentence="13" number="25">a</token>
<token t_id="253" sentence="13" number="26">ridge</token>
<token t_id="254" sentence="13" number="27">in</token>
<token t_id="255" sentence="13" number="28">the</token>
<token t_id="256" sentence="13" number="29">same</token>
<token t_id="257" sentence="13" number="30">national</token>
<token t_id="258" sentence="13" number="31">park</token>
<token t_id="259" sentence="13" number="32">.</token>
<token t_id="260" sentence="14" number="0">The</token>
<token t_id="261" sentence="14" number="1">New</token>
<token t_id="262" sentence="14" number="2">Zealand</token>
<token t_id="263" sentence="14" number="3">-</token>
<token t_id="264" sentence="14" number="4">born</token>
<token t_id="265" sentence="14" number="5">man</token>
<token t_id="266" sentence="14" number="6">,</token>
<token t_id="267" sentence="14" number="7">who</token>
<token t_id="268" sentence="14" number="8">lived</token>
<token t_id="269" sentence="14" number="9">in</token>
<token t_id="270" sentence="14" number="10">Australia</token>
<token t_id="271" sentence="14" number="11">,</token>
<token t_id="272" sentence="14" number="12">had</token>
<token t_id="273" sentence="14" number="13">been</token>
<token t_id="274" sentence="14" number="14">been</token>
<token t_id="275" sentence="14" number="15">dropped</token>
<token t_id="276" sentence="14" number="16">off</token>
<token t_id="277" sentence="14" number="17">by</token>
<token t_id="278" sentence="14" number="18">helicopter</token>
<token t_id="279" sentence="14" number="19">and</token>
<token t_id="280" sentence="14" number="20">was</token>
<token t_id="281" sentence="14" number="21">walking</token>
<token t_id="282" sentence="14" number="22">to</token>
<token t_id="283" sentence="14" number="23">a</token>
<token t_id="284" sentence="14" number="24">hut</token>
<token t_id="285" sentence="14" number="25">when</token>
<token t_id="286" sentence="14" number="26">he</token>
<token t_id="287" sentence="14" number="27">fell</token>
<token t_id="288" sentence="14" number="28">in</token>
<token t_id="289" sentence="14" number="29">the</token>
<token t_id="290" sentence="14" number="30">Tasman</token>
<token t_id="291" sentence="14" number="31">Glacier</token>
<token t_id="292" sentence="14" number="32">area</token>
<token t_id="293" sentence="14" number="33">.</token>
<token t_id="294" sentence="15" number="0">Police</token>
<token t_id="295" sentence="15" number="1">spokesman</token>
<token t_id="296" sentence="15" number="2">Dave</token>
<token t_id="297" sentence="15" number="3">Gaskin</token>
<token t_id="298" sentence="15" number="4">said</token>
<token t_id="299" sentence="15" number="5">the</token>
<token t_id="300" sentence="15" number="6">deaths</token>
<token t_id="301" sentence="15" number="7">were</token>
<token t_id="302" sentence="15" number="8">a</token>
<token t_id="303" sentence="15" number="9">reminder</token>
<token t_id="304" sentence="15" number="10">that</token>
<token t_id="305" sentence="15" number="11">climbers</token>
<token t_id="306" sentence="15" number="12">needed</token>
<token t_id="307" sentence="15" number="13">to</token>
<token t_id="308" sentence="15" number="14">use</token>
<token t_id="309" sentence="15" number="15">extreme</token>
<token t_id="310" sentence="15" number="16">caution</token>
<token t_id="311" sentence="15" number="17">.</token>
<token t_id="312" sentence="16" number="0">'I</token>
<token t_id="313" sentence="16" number="1">cant</token>
<token t_id="314" sentence="16" number="2">speak</token>
<token t_id="315" sentence="16" number="3">for</token>
<token t_id="316" sentence="16" number="4">the</token>
<token t_id="317" sentence="16" number="5">first</token>
<token t_id="318" sentence="16" number="6">death</token>
<token t_id="319" sentence="16" number="7">,</token>
<token t_id="320" sentence="16" number="8">but</token>
<token t_id="321" sentence="16" number="9">in</token>
<token t_id="322" sentence="16" number="10">this</token>
<token t_id="323" sentence="16" number="11">case</token>
<token t_id="324" sentence="16" number="12">it</token>
<token t_id="325" sentence="16" number="13">looks</token>
<token t_id="326" sentence="16" number="14">like</token>
<token t_id="327" sentence="16" number="15">to</token>
<token t_id="328" sentence="16" number="16">be</token>
<token t_id="329" sentence="16" number="17">a</token>
<token t_id="330" sentence="16" number="18">lack</token>
<token t_id="331" sentence="16" number="19">of</token>
<token t_id="332" sentence="16" number="20">experience</token>
<token t_id="333" sentence="16" number="21">,</token>
<token t_id="334" sentence="16" number="22">"</token>
<token t_id="335" sentence="16" number="23">Gaskin</token>
<token t_id="336" sentence="16" number="24">told</token>
<token t_id="337" sentence="16" number="25">the</token>
<token t_id="338" sentence="16" number="26">Timaru</token>
<token t_id="339" sentence="16" number="27">Herald</token>
<token t_id="340" sentence="16" number="28">.</token>
<token t_id="341" sentence="17" number="0">A</token>
<token t_id="342" sentence="17" number="1">Foreign</token>
<token t_id="343" sentence="17" number="2">Office</token>
<token t_id="344" sentence="17" number="3">spokeswoman</token>
<token t_id="345" sentence="17" number="4">said</token>
<token t_id="346" sentence="17" number="5">:</token>
<token t_id="347" sentence="17" number="6">"We</token>
<token t_id="348" sentence="17" number="7">are</token>
<token t_id="349" sentence="17" number="8">aware</token>
<token t_id="350" sentence="17" number="9">of</token>
<token t_id="351" sentence="17" number="10">the</token>
<token t_id="352" sentence="17" number="11">death</token>
<token t_id="353" sentence="17" number="12">of</token>
<token t_id="354" sentence="17" number="13">a</token>
<token t_id="355" sentence="17" number="14">British</token>
<token t_id="356" sentence="17" number="15">man</token>
<token t_id="357" sentence="17" number="16">in</token>
<token t_id="358" sentence="17" number="17">New</token>
<token t_id="359" sentence="17" number="18">Zealand</token>
<token t_id="360" sentence="17" number="19">.</token>
<token t_id="361" sentence="18" number="0">We</token>
<token t_id="362" sentence="18" number="1">are</token>
<token t_id="363" sentence="18" number="2">providing</token>
<token t_id="364" sentence="18" number="3">consular</token>
<token t_id="365" sentence="18" number="4">assistance</token>
<token t_id="366" sentence="18" number="5">at</token>
<token t_id="367" sentence="18" number="6">this</token>
<token t_id="368" sentence="18" number="7">time</token>
<token t_id="369" sentence="18" number="8">.</token>
<Markables>
<ACTION_OCCURRENCE m_id="9"  >
  <token_anchor t_id="87"/>
</ACTION_OCCURRENCE>
<ACTION_OCCURRENCE m_id="10"  >
  <token_anchor t_id="231"/>
</ACTION_OCCURRENCE>
<ACTION_OCCURRENCE m_id="11"  >
  <token_anchor t_id="243"/>
</ACTION_OCCURRENCE>
<ACTION_OCCURRENCE m_id="12"  >
  <token_anchor t_id="245"/>
</ACTION_OCCURRENCE>
<ACTION_OCCURRENCE m_id="13"  >
  <token_anchor t_id="247"/>
</ACTION_OCCURRENCE>
<ACTION_OCCURRENCE m_id="14"  >
  <token_anchor t_id="32"/>
</ACTION_OCCURRENCE>
<ACTION_OCCURRENCE m_id="4"  >
  <token_anchor t_id="36"/>
</ACTION_OCCURRENCE>
<ACTION_OCCURRENCE m_id="5"  >
  <token_anchor t_id="43"/>
</ACTION_OCCURRENCE>
<ACTION_OCCURRENCE m_id="6"  >
  <token_anchor t_id="67"/>
</ACTION_OCCURRENCE>
<ACTION_OCCURRENCE m_id="7"  >
  <token_anchor t_id="70"/>
</ACTION_OCCURRENCE>
<ACTION_OCCURRENCE m_id="8"  >
  <token_anchor t_id="80"/>
</ACTION_OCCURRENCE>
<ACTION_REPORTING m_id="23"  >
  <token_anchor t_id="107"/>
</ACTION_REPORTING>
<HUMAN_PART_PER m_id="20"  >
  <token_anchor t_id="75"/>
  <token_anchor t_id="76"/>
</HUMAN_PART_PER>
<HUMAN_PART_PER m_id="21"  >
  <token_anchor t_id="65"/>
</HUMAN_PART_PER>
<HUMAN_PART_PER m_id="22"  >
  <token_anchor t_id="106"/>
</HUMAN_PART_PER>
<HUMAN_PART_PER m_id="25"  >
  <token_anchor t_id="230"/>
</HUMAN_PART_PER>
<HUMAN_PART_PER m_id="26"  >
  <token_anchor t_id="240"/>
  <token_anchor t_id="241"/>
</HUMAN_PART_PER>
<HUMAN_PART_PER m_id="1"  >
  <token_anchor t_id="31"/>
</HUMAN_PART_PER>
<HUMAN_PART_PER m_id="2"  >
  <token_anchor t_id="37"/>
  <token_anchor t_id="38"/>
</HUMAN_PART_PER>
<LOC_GEO m_id="15"  >
  <token_anchor t_id="45"/>
  <token_anchor t_id="46"/>
  <token_anchor t_id="47"/>
  <token_anchor t_id="48"/>
  <token_anchor t_id="49"/>
  <token_anchor t_id="50"/>
  <token_anchor t_id="51"/>
</LOC_GEO>
<LOC_GEO m_id="16"  >
  <token_anchor t_id="71"/>
  <token_anchor t_id="72"/>
  <token_anchor t_id="73"/>
</LOC_GEO>
<LOC_GEO m_id="27"  >
  <token_anchor t_id="251"/>
  <token_anchor t_id="252"/>
  <token_anchor t_id="253"/>
  <token_anchor t_id="254"/>
  <token_anchor t_id="255"/>
  <token_anchor t_id="256"/>
  <token_anchor t_id="257"/>
  <token_anchor t_id="258"/>
</LOC_GEO>
<TIME_DATE m_id="18"  >
  <token_anchor t_id="103"/>
  <token_anchor t_id="104"/>
</TIME_DATE>
<TIME_DATE m_id="19"  >
  <token_anchor t_id="52"/>
  <token_anchor t_id="53"/>
  <token_anchor t_id="54"/>
</TIME_DATE>
<TIME_DATE m_id="24"  >
  <token_anchor t_id="227"/>
  <token_anchor t_id="228"/>
  <token_anchor t_id="229"/>
</TIME_DATE>
<TIME_OF_THE_DAY m_id="3"  >
  <token_anchor t_id="55"/>
  <token_anchor t_id="56"/>
  <token_anchor t_id="57"/>
  <token_anchor t_id="58"/>
  <token_anchor t_id="59"/>
  <token_anchor t_id="60"/>
  <token_anchor t_id="61"/>
  <token_anchor t_id="62"/>
</TIME_OF_THE_DAY>


<LOC_GEO m_id="31" note="byCROMER" >
  <token_anchor t_id="88"/>
  <token_anchor t_id="89"/>
  <token_anchor t_id="90"/>
  <token_anchor t_id="91"/>
  <token_anchor t_id="92"/>
  <token_anchor t_id="93"/>
  <token_anchor t_id="94"/>
  <token_anchor t_id="95"/>
  <token_anchor t_id="96"/>
  <token_anchor t_id="97"/>
  <token_anchor t_id="98"/>
  <token_anchor t_id="99"/>
  <token_anchor t_id="100"/>
  <token_anchor t_id="101"/>
  <token_anchor t_id="102"/>
</LOC_GEO>


<LOC_GEO m_id="33" RELATED_TO="" TAG_DESCRIPTOR="t23_hut_sefton" instance_id="LOC26686190003990875" />
<ACTION_OCCURRENCE m_id="32" RELATED_TO="" TAG_DESCRIPTOR="t23_fall_new_zealand" instance_id="ACT18240959809845886" />
<ACTION_OCCURRENCE m_id="45" RELATED_TO="" TAG_DESCRIPTOR="t23_death_australian" instance_id="ACT18241866471384329" />
<TIME_DATE m_id="44" RELATED_TO="" TAG_DESCRIPTOR="t23_friday" instance_id="TIM18241906891752760" />
<ACTION_OCCURRENCE m_id="43" RELATED_TO="" TAG_DESCRIPTOR="t23_fall_british" instance_id="ACT18240930604244937" />
<TIME_DATE m_id="42" RELATED_TO="" TAG_DESCRIPTOR="t23_saturday" instance_id="TIM18241918511925284" />
<LOC_GEO m_id="41" RELATED_TO="" TAG_DESCRIPTOR="t23_ridge" instance_id="LOC18241156396879727" />
<LOC_GEO m_id="39" RELATED_TO="" TAG_DESCRIPTOR="t23_cook" instance_id="LOC18241315453418084" />
<LOC_GEO m_id="40" RELATED_TO="" TAG_DESCRIPTOR="t23_new_zealand" instance_id="LOC18241115201609163" />
<ACTION_OCCURRENCE m_id="38" RELATED_TO="" TAG_DESCRIPTOR="t23_climbing_british" instance_id="ACT18241017154968914" />
<HUMAN_PART_PER m_id="37" RELATED_TO="" TAG_DESCRIPTOR="t23_raite" instance_id="HUM18241101412566180" />
<ACTION_OCCURRENCE m_id="36" RELATED_TO="" TAG_DESCRIPTOR="t23_death_british_man" instance_id="ACT18241002218927644" />
<ACTION_OCCURRENCE m_id="35" RELATED_TO="" TAG_DESCRIPTOR="t23_slip_raite" instance_id="ACT18271705435869962" />
<HUMAN_PART_PER m_id="34" RELATED_TO="" TAG_DESCRIPTOR="t23_buckley" instance_id="HUM18241090732508238" />
</Markables>

<Relations>
<CROSS_DOC_COREF r_id="41329" note="ACT18240959809845886" >
  <source m_id="13" />
  <target m_id="32" />
</CROSS_DOC_COREF>
<CROSS_DOC_COREF r_id="41330" note="LOC26686190003990875" >
  <source m_id="31" />
  <target m_id="33" />
</CROSS_DOC_COREF>
<CROSS_DOC_COREF r_id="41331" note="HUM18241090732508238" >
  <source m_id="20" />
  <source m_id="25" />
  <source m_id="1" />
  <source m_id="21" />
  <source m_id="2" />
  <target m_id="34" />
</CROSS_DOC_COREF>
<CROSS_DOC_COREF r_id="41332" note="ACT18271705435869962" >
  <source m_id="12" />
  <target m_id="35" />
</CROSS_DOC_COREF>
<CROSS_DOC_COREF r_id="41333" note="ACT18241002218927644" >
  <source m_id="5" />
  <source m_id="14" />
  <source m_id="7" />
  <source m_id="10" />
  <target m_id="36" />
</CROSS_DOC_COREF>
<CROSS_DOC_COREF r_id="41334" note="HUM18241101412566180" >
  <source m_id="26" />
  <target m_id="37" />
</CROSS_DOC_COREF>
<CROSS_DOC_COREF r_id="41335" note="ACT18241017154968914" >
  <source m_id="9" />
  <target m_id="38" />
</CROSS_DOC_COREF>
<CROSS_DOC_COREF r_id="41336" note="LOC18241315453418084" >
  <source m_id="15" />
  <target m_id="39" />
</CROSS_DOC_COREF>
<CROSS_DOC_COREF r_id="41337" note="LOC18241115201609163" >
  <source m_id="16" />
  <target m_id="40" />
</CROSS_DOC_COREF>
<CROSS_DOC_COREF r_id="41338" note="LOC18241156396879727" >
  <source m_id="27" />
  <target m_id="41" />
</CROSS_DOC_COREF>
<CROSS_DOC_COREF r_id="41339" note="TIM18241918511925284" >
  <source m_id="18" />
  <source m_id="19" />
  <target m_id="42" />
</CROSS_DOC_COREF>
<CROSS_DOC_COREF r_id="41340" note="ACT18240930604244937" >
  <source m_id="6" />
  <source m_id="4" />
  <source m_id="8" />
  <target m_id="43" />
</CROSS_DOC_COREF>
<CROSS_DOC_COREF r_id="41341" note="TIM18241906891752760" >
  <source m_id="24" />
  <target m_id="44" />
</CROSS_DOC_COREF>
<CROSS_DOC_COREF r_id="41342" note="ACT18241866471384329" >
  <source m_id="11" />
  <target m_id="45" />
</CROSS_DOC_COREF>

</Relations>
</Document>
