<Document doc_name="23_3ecb.xml" doc_id="DOC15654677204486141">
<token t_id="1" sentence="0" number="0">A</token>
<token t_id="2" sentence="0" number="1">colleague</token>
<token t_id="3" sentence="0" number="2">has</token>
<token t_id="4" sentence="0" number="3">paid</token>
<token t_id="5" sentence="0" number="4">tribute</token>
<token t_id="6" sentence="0" number="5">to</token>
<token t_id="7" sentence="0" number="6">a</token>
<token t_id="8" sentence="0" number="7">Perth</token>
<token t_id="9" sentence="0" number="8">doctor</token>
<token t_id="10" sentence="0" number="9">feared</token>
<token t_id="11" sentence="0" number="10">dead</token>
<token t_id="12" sentence="0" number="11">after</token>
<token t_id="13" sentence="0" number="12">a</token>
<token t_id="14" sentence="0" number="13">fall</token>
<token t_id="15" sentence="0" number="14">from</token>
<token t_id="16" sentence="0" number="15">a</token>
<token t_id="17" sentence="0" number="16">mountain</token>
<token t_id="18" sentence="0" number="17">in</token>
<token t_id="19" sentence="0" number="18">New</token>
<token t_id="20" sentence="0" number="19">Zealand</token>
<token t_id="21" sentence="0" number="20">.</token>
<Markables>
<ACTION_OCCURRENCE m_id="11"  >
  <token_anchor t_id="4"/>
  <token_anchor t_id="5"/>
</ACTION_OCCURRENCE>
<ACTION_OCCURRENCE m_id="12"  >
  <token_anchor t_id="10"/>
</ACTION_OCCURRENCE>
<ACTION_OCCURRENCE m_id="13"  >
  <token_anchor t_id="14"/>
</ACTION_OCCURRENCE>
<HUMAN_PART_PER m_id="9"  >
  <token_anchor t_id="2"/>
</HUMAN_PART_PER>
<HUMAN_PART_PER m_id="10"  >
  <token_anchor t_id="9"/>
</HUMAN_PART_PER>
<LOC_GEO m_id="14"  >
  <token_anchor t_id="16"/>
  <token_anchor t_id="17"/>
  <token_anchor t_id="18"/>
  <token_anchor t_id="19"/>
  <token_anchor t_id="20"/>
</LOC_GEO>
<LOC_GEO m_id="15"  >
  <token_anchor t_id="8"/>
</LOC_GEO>


<ACTION_OCCURRENCE m_id="16" note="byCROMER" >
  <token_anchor t_id="11"/>
</ACTION_OCCURRENCE>


<HUMAN_PART_PER m_id="21" RELATED_TO="" TAG_DESCRIPTOR="t23b_brother" instance_id="HUM18319674083945732" />
<LOC_GEO m_id="19" RELATED_TO="" TAG_DESCRIPTOR="t23b_perth" instance_id="LOC18319737183409910" />
<ACTION_OCCURRENCE m_id="20" RELATED_TO="" TAG_DESCRIPTOR="t23b_died" instance_id="ACT18319700214698432" />
<ACTION_OCCURRENCE m_id="18" RELATED_TO="" TAG_DESCRIPTOR="t23b_fall" instance_id="ACT18319724293841208" />
<LOC_GEO m_id="17" RELATED_TO="" TAG_DESCRIPTOR="t23_cook" instance_id="LOC18241315453418084" />
</Markables>

<Relations>
<CROSS_DOC_COREF r_id="33300" note="LOC18241315453418084" >
  <source m_id="14" />
  <target m_id="17" />
</CROSS_DOC_COREF>
<CROSS_DOC_COREF r_id="33301" note="ACT18319724293841208" >
  <source m_id="13" />
  <target m_id="18" />
</CROSS_DOC_COREF>
<CROSS_DOC_COREF r_id="33302" note="LOC18319737183409910" >
  <source m_id="15" />
  <target m_id="19" />
</CROSS_DOC_COREF>
<CROSS_DOC_COREF r_id="33303" note="ACT18319700214698432" >
  <source m_id="16" />
  <target m_id="20" />
</CROSS_DOC_COREF>
<CROSS_DOC_COREF r_id="33304" note="HUM18319674083945732" >
  <source m_id="10" />
  <target m_id="21" />
</CROSS_DOC_COREF>

</Relations>
</Document>
