<Document doc_name="23_4ecb.xml" doc_id="DOC15654677381897732">
<token t_id="1" sentence="0" number="0">Mark</token>
<token t_id="2" sentence="0" number="1">Vinar</token>
<token t_id="3" sentence="0" number="2">,</token>
<token t_id="4" sentence="0" number="3">an</token>
<token t_id="5" sentence="0" number="4">Australian</token>
<token t_id="6" sentence="0" number="5">climber</token>
<token t_id="7" sentence="0" number="6">from</token>
<token t_id="8" sentence="0" number="7">Perth</token>
<token t_id="9" sentence="0" number="8">,</token>
<token t_id="10" sentence="0" number="9">has</token>
<token t_id="11" sentence="0" number="10">been</token>
<token t_id="12" sentence="0" number="11">presumed</token>
<token t_id="13" sentence="0" number="12">dead</token>
<token t_id="14" sentence="0" number="13">after</token>
<token t_id="15" sentence="0" number="14">falling</token>
<token t_id="16" sentence="0" number="15">over</token>
<token t_id="17" sentence="0" number="16">half</token>
<token t_id="18" sentence="0" number="17">a</token>
<token t_id="19" sentence="0" number="18">kilometre</token>
<token t_id="20" sentence="0" number="19">from</token>
<token t_id="21" sentence="0" number="20">New</token>
<token t_id="22" sentence="0" number="21">Zealand</token>
<token t_id="23" sentence="0" number="22">'s</token>
<token t_id="24" sentence="0" number="23">highest</token>
<token t_id="25" sentence="0" number="24">peak</token>
<token t_id="26" sentence="0" number="25">,</token>
<token t_id="27" sentence="0" number="26">Mount</token>
<token t_id="28" sentence="0" number="27">Cook</token>
<token t_id="29" sentence="0" number="28">.</token>
<Markables>
<ACTION_OCCURRENCE m_id="10"  >
  <token_anchor t_id="15"/>
</ACTION_OCCURRENCE>
<HUMAN_PART_PER m_id="7"  >
  <token_anchor t_id="1"/>
  <token_anchor t_id="2"/>
</HUMAN_PART_PER>
<LOC_GEO m_id="8"  >
  <token_anchor t_id="8"/>
</LOC_GEO>
<LOC_GEO m_id="9"  >
  <token_anchor t_id="21"/>
  <token_anchor t_id="22"/>
  <token_anchor t_id="23"/>
  <token_anchor t_id="24"/>
  <token_anchor t_id="25"/>
  <token_anchor t_id="26"/>
  <token_anchor t_id="27"/>
  <token_anchor t_id="28"/>
</LOC_GEO>


<ACTION_OCCURRENCE m_id="11" note="byCROMER" >
  <token_anchor t_id="13"/>
</ACTION_OCCURRENCE>


<HUMAN_PART_PER m_id="16" RELATED_TO="" TAG_DESCRIPTOR="t23b_brother" instance_id="HUM18319674083945732" />
<ACTION_OCCURRENCE m_id="15" RELATED_TO="" TAG_DESCRIPTOR="t23b_died" instance_id="ACT18319700214698432" />
<ACTION_OCCURRENCE m_id="14" RELATED_TO="" TAG_DESCRIPTOR="t23b_fall" instance_id="ACT18319724293841208" />
<LOC_GEO m_id="13" RELATED_TO="" TAG_DESCRIPTOR="t23b_perth" instance_id="LOC18319737183409910" />
<LOC_GEO m_id="12" RELATED_TO="" TAG_DESCRIPTOR="t23_cook" instance_id="LOC18241315453418084" />
</Markables>

<Relations>
<CROSS_DOC_COREF r_id="33304" note="LOC18241315453418084" >
  <source m_id="9" />
  <target m_id="12" />
</CROSS_DOC_COREF>
<CROSS_DOC_COREF r_id="33305" note="LOC18319737183409910" >
  <source m_id="8" />
  <target m_id="13" />
</CROSS_DOC_COREF>
<CROSS_DOC_COREF r_id="33306" note="ACT18319724293841208" >
  <source m_id="10" />
  <target m_id="14" />
</CROSS_DOC_COREF>
<CROSS_DOC_COREF r_id="33307" note="ACT18319700214698432" >
  <source m_id="11" />
  <target m_id="15" />
</CROSS_DOC_COREF>
<CROSS_DOC_COREF r_id="33308" note="HUM18319674083945732" >
  <source m_id="7" />
  <target m_id="16" />
</CROSS_DOC_COREF>

</Relations>
</Document>
