<Document doc_name="23_5ecb.xml" doc_id="DOC15654677440997019">
<token t_id="1" sentence="0" number="0">AN</token>
<token t_id="2" sentence="0" number="1">AUSTRALIAN</token>
<token t_id="3" sentence="0" number="2">climber</token>
<token t_id="4" sentence="0" number="3">who</token>
<token t_id="5" sentence="0" number="4">watched</token>
<token t_id="6" sentence="0" number="5">his</token>
<token t_id="7" sentence="0" number="6">brother</token>
<token t_id="8" sentence="0" number="7">fall</token>
<token t_id="9" sentence="0" number="8">to</token>
<token t_id="10" sentence="0" number="9">his</token>
<token t_id="11" sentence="0" number="10">death</token>
<token t_id="12" sentence="0" number="11">on</token>
<token t_id="13" sentence="0" number="12">New</token>
<token t_id="14" sentence="0" number="13">Zealand</token>
<token t_id="15" sentence="0" number="14">'s</token>
<token t_id="16" sentence="0" number="15">highest</token>
<token t_id="17" sentence="0" number="16">peak</token>
<token t_id="18" sentence="0" number="17">said</token>
<token t_id="19" sentence="0" number="18">he</token>
<token t_id="20" sentence="0" number="19">was</token>
<token t_id="21" sentence="0" number="20">expecting</token>
<token t_id="22" sentence="0" number="21">to</token>
<token t_id="23" sentence="0" number="22">die</token>
<token t_id="24" sentence="0" number="23">that</token>
<token t_id="25" sentence="0" number="24">night</token>
<token t_id="26" sentence="0" number="25">on</token>
<token t_id="27" sentence="0" number="26">the</token>
<token t_id="28" sentence="0" number="27">treacherous</token>
<token t_id="29" sentence="0" number="28">mountain</token>
<token t_id="30" sentence="0" number="29">.</token>
<Markables>
<ACTION_OCCURRENCE m_id="19"  >
  <token_anchor t_id="8"/>
</ACTION_OCCURRENCE>
<ACTION_OCCURRENCE m_id="20"  >
  <token_anchor t_id="21"/>
</ACTION_OCCURRENCE>
<ACTION_OCCURRENCE m_id="21"  >
  <token_anchor t_id="23"/>
</ACTION_OCCURRENCE>
<ACTION_OCCURRENCE m_id="22"  >
  <token_anchor t_id="11"/>
</ACTION_OCCURRENCE>
<HUMAN_PART_PER m_id="15"  >
  <token_anchor t_id="3"/>
</HUMAN_PART_PER>
<HUMAN_PART_PER m_id="16"  >
  <token_anchor t_id="7"/>
</HUMAN_PART_PER>
<HUMAN_PART_PER m_id="17"  >
  <token_anchor t_id="19"/>
</HUMAN_PART_PER>
<LOC_GEO m_id="23"  >
  <token_anchor t_id="13"/>
  <token_anchor t_id="14"/>
  <token_anchor t_id="15"/>
  <token_anchor t_id="16"/>
  <token_anchor t_id="17"/>
</LOC_GEO>
<LOC_GEO m_id="24"  >
  <token_anchor t_id="27"/>
  <token_anchor t_id="28"/>
  <token_anchor t_id="29"/>
</LOC_GEO>
<TIME_DATE m_id="25"  >
  <token_anchor t_id="24"/>
  <token_anchor t_id="25"/>
</TIME_DATE>


<ACTION_PERCEPTION m_id="27" note="byCROMER" >
  <token_anchor t_id="5"/>
</ACTION_PERCEPTION>


<ACTION_PERCEPTION m_id="34" RELATED_TO="" TAG_DESCRIPTOR="t23b_watched_bro_fall" instance_id="ACT27332138770482467" />
<TIME_DATE m_id="33" RELATED_TO="" TAG_DESCRIPTOR="t23b_thursday" instance_id="TIM18320015216897145" />
<HUMAN_PART_PER m_id="32" RELATED_TO="" TAG_DESCRIPTOR="t23b_brother" instance_id="HUM18319674083945732" />
<HUMAN_PART_PER m_id="31" RELATED_TO="" TAG_DESCRIPTOR="t23b_climber" instance_id="HUM18319688289991189" />
<ACTION_OCCURRENCE m_id="30" RELATED_TO="" TAG_DESCRIPTOR="t23b_died" instance_id="ACT18319700214698432" />
<ACTION_OCCURRENCE m_id="29" RELATED_TO="" TAG_DESCRIPTOR="t23b_fall" instance_id="ACT18319724293841208" />
<LOC_GEO m_id="28" RELATED_TO="" TAG_DESCRIPTOR="t23_cook" instance_id="LOC18241315453418084" />
</Markables>

<Relations>
<CROSS_DOC_COREF r_id="47723" note="LOC18241315453418084" >
  <source m_id="24" />
  <source m_id="23" />
  <target m_id="28" />
</CROSS_DOC_COREF>
<CROSS_DOC_COREF r_id="47724" note="ACT18319724293841208" >
  <source m_id="19" />
  <target m_id="29" />
</CROSS_DOC_COREF>
<CROSS_DOC_COREF r_id="47725" note="ACT18319700214698432" >
  <source m_id="22" />
  <target m_id="30" />
</CROSS_DOC_COREF>
<CROSS_DOC_COREF r_id="47726" note="HUM18319688289991189" >
  <source m_id="15" />
  <source m_id="17" />
  <target m_id="31" />
</CROSS_DOC_COREF>
<CROSS_DOC_COREF r_id="47727" note="HUM18319674083945732" >
  <source m_id="16" />
  <target m_id="32" />
</CROSS_DOC_COREF>
<CROSS_DOC_COREF r_id="47728" note="TIM18320015216897145" >
  <source m_id="25" />
  <target m_id="33" />
</CROSS_DOC_COREF>
<CROSS_DOC_COREF r_id="47729" note="ACT27332138770482467" >
  <source m_id="27" />
  <target m_id="34" />
</CROSS_DOC_COREF>

</Relations>
</Document>
