<Document doc_name="3_10ecbplus.xml" doc_id="DOC15645975052736822">
<token t_id="1" sentence="0" number="0">http</token>
<token t_id="2" sentence="0" number="1">:</token>
<token t_id="3" sentence="0" number="2">/</token>
<token t_id="4" sentence="0" number="3">/</token>
<token t_id="5" sentence="0" number="4">www</token>
<token t_id="6" sentence="0" number="5">.</token>
<token t_id="7" sentence="0" number="6">utsandiego</token>
<token t_id="8" sentence="0" number="7">.</token>
<token t_id="9" sentence="0" number="8">com</token>
<token t_id="10" sentence="0" number="9">/</token>
<token t_id="11" sentence="0" number="10">news</token>
<token t_id="12" sentence="0" number="11">/</token>
<token t_id="13" sentence="0" number="12">2009</token>
<token t_id="14" sentence="0" number="13">/</token>
<token t_id="15" sentence="0" number="14">dec</token>
<token t_id="16" sentence="0" number="15">/</token>
<token t_id="17" sentence="0" number="16">07</token>
<token t_id="18" sentence="0" number="17">/</token>
<token t_id="19" sentence="0" number="18">texas</token>
<token t_id="20" sentence="0" number="19">-</token>
<token t_id="21" sentence="0" number="20">prisoner</token>
<token t_id="22" sentence="0" number="21">-</token>
<token t_id="23" sentence="0" number="22">captured</token>
<token t_id="24" sentence="0" number="23">-</token>
<token t_id="25" sentence="0" number="24">after</token>
<token t_id="26" sentence="0" number="25">-</token>
<token t_id="27" sentence="0" number="26">week</token>
<token t_id="28" sentence="0" number="27">-</token>
<token t_id="29" sentence="0" number="28">on</token>
<token t_id="30" sentence="0" number="29">-</token>
<token t_id="31" sentence="0" number="30">the</token>
<token t_id="32" sentence="0" number="31">-</token>
<token t_id="33" sentence="0" number="32">run</token>
<token t_id="34" sentence="0" number="33">/</token>
<token t_id="35" sentence="0" number="34">all</token>
<token t_id="36" sentence="0" number="35">/</token>
<token t_id="37" sentence="0" number="36">?</token>
<token t_id="38" sentence="0" number="37">print</token>
<token t_id="39" sentence="1" number="0">Texas</token>
<token t_id="40" sentence="1" number="1">prisoner</token>
<token t_id="41" sentence="1" number="2">captured</token>
<token t_id="42" sentence="1" number="3">after</token>
<token t_id="43" sentence="1" number="4">week</token>
<token t_id="44" sentence="1" number="5">on</token>
<token t_id="45" sentence="1" number="6">the</token>
<token t_id="46" sentence="1" number="7">run</token>
<token t_id="47" sentence="2" number="0">7</token>
<token t_id="48" sentence="2" number="1">:</token>
<token t_id="49" sentence="2" number="2">15</token>
<token t_id="50" sentence="2" number="3">a</token>
<token t_id="51" sentence="2" number="4">.</token>
<token t_id="52" sentence="2" number="5">m</token>
<token t_id="53" sentence="2" number="6">.</token>
<token t_id="54" sentence="2" number="7">Dec</token>
<token t_id="55" sentence="2" number="8">.</token>
<token t_id="56" sentence="2" number="9">7</token>
<token t_id="57" sentence="2" number="10">,</token>
<token t_id="58" sentence="2" number="11">2009</token>
<token t_id="59" sentence="3" number="0">A</token>
<token t_id="60" sentence="3" number="1">convicted</token>
<token t_id="61" sentence="3" number="2">sex</token>
<token t_id="62" sentence="3" number="3">offender</token>
<token t_id="63" sentence="3" number="4">who</token>
<token t_id="64" sentence="3" number="5">was</token>
<token t_id="65" sentence="3" number="6">the</token>
<token t_id="66" sentence="3" number="7">subject</token>
<token t_id="67" sentence="3" number="8">of</token>
<token t_id="68" sentence="3" number="9">a</token>
<token t_id="69" sentence="3" number="10">weeklong</token>
<token t_id="70" sentence="3" number="11">manhunt</token>
<token t_id="71" sentence="3" number="12">after</token>
<token t_id="72" sentence="3" number="13">pulling</token>
<token t_id="73" sentence="3" number="14">off</token>
<token t_id="74" sentence="3" number="15">a</token>
<token t_id="75" sentence="3" number="16">daring</token>
<token t_id="76" sentence="3" number="17">escape</token>
<token t_id="77" sentence="3" number="18">during</token>
<token t_id="78" sentence="3" number="19">a</token>
<token t_id="79" sentence="3" number="20">prison</token>
<token t_id="80" sentence="3" number="21">transfer</token>
<token t_id="81" sentence="3" number="22">was</token>
<token t_id="82" sentence="3" number="23">captured</token>
<token t_id="83" sentence="3" number="24">Monday</token>
<token t_id="84" sentence="3" number="25">after</token>
<token t_id="85" sentence="3" number="26">authorities</token>
<token t_id="86" sentence="3" number="27">received</token>
<token t_id="87" sentence="3" number="28">several</token>
<token t_id="88" sentence="3" number="29">phone</token>
<token t_id="89" sentence="3" number="30">tips</token>
<token t_id="90" sentence="3" number="31">,</token>
<token t_id="91" sentence="3" number="32">including</token>
<token t_id="92" sentence="3" number="33">one</token>
<token t_id="93" sentence="3" number="34">from</token>
<token t_id="94" sentence="3" number="35">a</token>
<token t_id="95" sentence="3" number="36">salesman</token>
<token t_id="96" sentence="3" number="37">who</token>
<token t_id="97" sentence="3" number="38">recognized</token>
<token t_id="98" sentence="3" number="39">the</token>
<token t_id="99" sentence="3" number="40">inmate</token>
<token t_id="100" sentence="3" number="41">outside</token>
<token t_id="101" sentence="3" number="42">his</token>
<token t_id="102" sentence="3" number="43">business</token>
<token t_id="103" sentence="3" number="44">.</token>
<token t_id="104" sentence="4" number="0">A</token>
<token t_id="105" sentence="4" number="1">hungry</token>
<token t_id="106" sentence="4" number="2">,</token>
<token t_id="107" sentence="4" number="3">wet</token>
<token t_id="108" sentence="4" number="4">and</token>
<token t_id="109" sentence="4" number="5">barefoot</token>
<token t_id="110" sentence="4" number="6">Arcade</token>
<token t_id="111" sentence="4" number="7">Joseph</token>
<token t_id="112" sentence="4" number="8">Comeaux</token>
<token t_id="113" sentence="4" number="9">Jr</token>
<token t_id="114" sentence="4" number="10">.</token>
<token t_id="115" sentence="4" number="11">was</token>
<token t_id="116" sentence="4" number="12">caught</token>
<token t_id="117" sentence="4" number="13">in</token>
<token t_id="118" sentence="4" number="14">northeast</token>
<token t_id="119" sentence="4" number="15">Houston</token>
<token t_id="120" sentence="4" number="16">,</token>
<token t_id="121" sentence="4" number="17">about</token>
<token t_id="122" sentence="4" number="18">25</token>
<token t_id="123" sentence="4" number="19">miles</token>
<token t_id="124" sentence="4" number="20">northwest</token>
<token t_id="125" sentence="4" number="21">of</token>
<token t_id="126" sentence="4" number="22">where</token>
<token t_id="127" sentence="4" number="23">he</token>
<token t_id="128" sentence="4" number="24">escaped</token>
<token t_id="129" sentence="4" number="25">,</token>
<token t_id="130" sentence="4" number="26">said</token>
<token t_id="131" sentence="4" number="27">Alfredo</token>
<token t_id="132" sentence="4" number="28">Perez</token>
<token t_id="133" sentence="4" number="29">,</token>
<token t_id="134" sentence="4" number="30">a</token>
<token t_id="135" sentence="4" number="31">spokesman</token>
<token t_id="136" sentence="4" number="32">for</token>
<token t_id="137" sentence="4" number="33">the</token>
<token t_id="138" sentence="4" number="34">U</token>
<token t_id="139" sentence="4" number="35">.</token>
<token t_id="140" sentence="4" number="36">S</token>
<token t_id="141" sentence="4" number="37">.</token>
<token t_id="142" sentence="4" number="38">Marshals</token>
<token t_id="143" sentence="4" number="39">Service</token>
<token t_id="144" sentence="4" number="40">.</token>
<token t_id="145" sentence="5" number="0">Comeaux</token>
<token t_id="146" sentence="5" number="1">,</token>
<token t_id="147" sentence="5" number="2">49</token>
<token t_id="148" sentence="5" number="3">,</token>
<token t_id="149" sentence="5" number="4">was</token>
<token t_id="150" sentence="5" number="5">in</token>
<token t_id="151" sentence="5" number="6">a</token>
<token t_id="152" sentence="5" number="7">wheelchair</token>
<token t_id="153" sentence="5" number="8">Nov</token>
<token t_id="154" sentence="5" number="9">.</token>
<token t_id="155" sentence="5" number="10">30</token>
<token t_id="156" sentence="5" number="11">when</token>
<token t_id="157" sentence="5" number="12">he</token>
<token t_id="158" sentence="5" number="13">pulled</token>
<token t_id="159" sentence="5" number="14">a</token>
<token t_id="160" sentence="5" number="15">gun</token>
<token t_id="161" sentence="5" number="16">on</token>
<token t_id="162" sentence="5" number="17">two</token>
<token t_id="163" sentence="5" number="18">guards</token>
<token t_id="164" sentence="5" number="19">and</token>
<token t_id="165" sentence="5" number="20">fired</token>
<token t_id="166" sentence="5" number="21">it</token>
<token t_id="167" sentence="5" number="22">during</token>
<token t_id="168" sentence="5" number="23">a</token>
<token t_id="169" sentence="5" number="24">transfer</token>
<token t_id="170" sentence="5" number="25">from</token>
<token t_id="171" sentence="5" number="26">a</token>
<token t_id="172" sentence="5" number="27">prison</token>
<token t_id="173" sentence="5" number="28">unit</token>
<token t_id="174" sentence="5" number="29">in</token>
<token t_id="175" sentence="5" number="30">Huntsville</token>
<token t_id="176" sentence="5" number="31">to</token>
<token t_id="177" sentence="5" number="32">one</token>
<token t_id="178" sentence="5" number="33">in</token>
<token t_id="179" sentence="5" number="34">Beaumont</token>
<token t_id="180" sentence="5" number="35">.</token>
<token t_id="181" sentence="6" number="0">The</token>
<token t_id="182" sentence="6" number="1">guards</token>
<token t_id="183" sentence="6" number="2">,</token>
<token t_id="184" sentence="6" number="3">who</token>
<token t_id="185" sentence="6" number="4">were</token>
<token t_id="186" sentence="6" number="5">unharmed</token>
<token t_id="187" sentence="6" number="6">,</token>
<token t_id="188" sentence="6" number="7">were</token>
<token t_id="189" sentence="6" number="8">forced</token>
<token t_id="190" sentence="6" number="9">to</token>
<token t_id="191" sentence="6" number="10">drive</token>
<token t_id="192" sentence="6" number="11">to</token>
<token t_id="193" sentence="6" number="12">the</token>
<token t_id="194" sentence="6" number="13">Baytown</token>
<token t_id="195" sentence="6" number="14">area</token>
<token t_id="196" sentence="6" number="15">,</token>
<token t_id="197" sentence="6" number="16">where</token>
<token t_id="198" sentence="6" number="17">Comeaux</token>
<token t_id="199" sentence="6" number="18">took</token>
<token t_id="200" sentence="6" number="19">their</token>
<token t_id="201" sentence="6" number="20">weapons</token>
<token t_id="202" sentence="6" number="21">,</token>
<token t_id="203" sentence="6" number="22">handcuffed</token>
<token t_id="204" sentence="6" number="23">them</token>
<token t_id="205" sentence="6" number="24">together</token>
<token t_id="206" sentence="6" number="25">and</token>
<token t_id="207" sentence="6" number="26">ran</token>
<token t_id="208" sentence="6" number="27">away</token>
<token t_id="209" sentence="6" number="28">.</token>
<token t_id="210" sentence="7" number="0">Comeaux</token>
<token t_id="211" sentence="7" number="1">was</token>
<token t_id="212" sentence="7" number="2">serving</token>
<token t_id="213" sentence="7" number="3">a</token>
<token t_id="214" sentence="7" number="4">sentence</token>
<token t_id="215" sentence="7" number="5">of</token>
<token t_id="216" sentence="7" number="6">life</token>
<token t_id="217" sentence="7" number="7">in</token>
<token t_id="218" sentence="7" number="8">prison</token>
<token t_id="219" sentence="7" number="9">for</token>
<token t_id="220" sentence="7" number="10">a</token>
<token t_id="221" sentence="7" number="11">1998</token>
<token t_id="222" sentence="7" number="12">aggravated</token>
<token t_id="223" sentence="7" number="13">sexual</token>
<token t_id="224" sentence="7" number="14">assault</token>
<token t_id="225" sentence="7" number="15">conviction</token>
<token t_id="226" sentence="7" number="16">in</token>
<token t_id="227" sentence="7" number="17">Brazos</token>
<token t_id="228" sentence="7" number="18">County</token>
<token t_id="229" sentence="7" number="19">,</token>
<token t_id="230" sentence="7" number="20">northwest</token>
<token t_id="231" sentence="7" number="21">of</token>
<token t_id="232" sentence="7" number="22">Houston</token>
<token t_id="233" sentence="7" number="23">.</token>
<token t_id="234" sentence="8" number="0">He</token>
<token t_id="235" sentence="8" number="1">was</token>
<token t_id="236" sentence="8" number="2">given</token>
<token t_id="237" sentence="8" number="3">two</token>
<token t_id="238" sentence="8" number="4">extra</token>
<token t_id="239" sentence="8" number="5">life</token>
<token t_id="240" sentence="8" number="6">sentences</token>
<token t_id="241" sentence="8" number="7">after</token>
<token t_id="242" sentence="8" number="8">being</token>
<token t_id="243" sentence="8" number="9">convicted</token>
<token t_id="244" sentence="8" number="10">of</token>
<token t_id="245" sentence="8" number="11">stabbing</token>
<token t_id="246" sentence="8" number="12">his</token>
<token t_id="247" sentence="8" number="13">wife</token>
<token t_id="248" sentence="8" number="14">and</token>
<token t_id="249" sentence="8" number="15">another</token>
<token t_id="250" sentence="8" number="16">person</token>
<token t_id="251" sentence="8" number="17">in</token>
<token t_id="252" sentence="8" number="18">1999</token>
<token t_id="253" sentence="8" number="19">while</token>
<token t_id="254" sentence="8" number="20">she</token>
<token t_id="255" sentence="8" number="21">visited</token>
<token t_id="256" sentence="8" number="22">him</token>
<token t_id="257" sentence="8" number="23">in</token>
<token t_id="258" sentence="8" number="24">prison</token>
<token t_id="259" sentence="8" number="25">.</token>
<Markables>
<ACTION_OCCURRENCE m_id="9"  >
  <token_anchor t_id="70"/>
</ACTION_OCCURRENCE>
<ACTION_OCCURRENCE m_id="10"  >
  <token_anchor t_id="72"/>
  <token_anchor t_id="73"/>
</ACTION_OCCURRENCE>
<ACTION_OCCURRENCE m_id="11"  >
  <token_anchor t_id="76"/>
</ACTION_OCCURRENCE>
<ACTION_OCCURRENCE m_id="80"  >
  <token_anchor t_id="240"/>
</ACTION_OCCURRENCE>
<ACTION_OCCURRENCE m_id="12"  >
  <token_anchor t_id="80"/>
</ACTION_OCCURRENCE>
<ACTION_OCCURRENCE m_id="81"  >
  <token_anchor t_id="245"/>
</ACTION_OCCURRENCE>
<ACTION_OCCURRENCE m_id="13"  >
  <token_anchor t_id="82"/>
</ACTION_OCCURRENCE>
<ACTION_OCCURRENCE m_id="14"  >
  <token_anchor t_id="86"/>
</ACTION_OCCURRENCE>
<ACTION_OCCURRENCE m_id="15"  >
  <token_anchor t_id="89"/>
</ACTION_OCCURRENCE>
<ACTION_OCCURRENCE m_id="16"  >
  <token_anchor t_id="97"/>
</ACTION_OCCURRENCE>
<ACTION_OCCURRENCE m_id="52"  >
  <token_anchor t_id="150"/>
  <token_anchor t_id="152"/>
</ACTION_OCCURRENCE>
<ACTION_OCCURRENCE m_id="54"  >
  <token_anchor t_id="158"/>
</ACTION_OCCURRENCE>
<ACTION_OCCURRENCE m_id="19"  >
  <token_anchor t_id="92"/>
</ACTION_OCCURRENCE>
<ACTION_OCCURRENCE m_id="55"  >
  <token_anchor t_id="165"/>
</ACTION_OCCURRENCE>
<ACTION_OCCURRENCE m_id="56"  >
  <token_anchor t_id="169"/>
</ACTION_OCCURRENCE>
<ACTION_OCCURRENCE m_id="57"  >
  <token_anchor t_id="189"/>
</ACTION_OCCURRENCE>
<ACTION_OCCURRENCE m_id="58"  >
  <token_anchor t_id="199"/>
</ACTION_OCCURRENCE>
<ACTION_OCCURRENCE m_id="59"  >
  <token_anchor t_id="191"/>
</ACTION_OCCURRENCE>
<ACTION_OCCURRENCE m_id="60"  >
  <token_anchor t_id="203"/>
</ACTION_OCCURRENCE>
<ACTION_OCCURRENCE m_id="61"  >
  <token_anchor t_id="207"/>
</ACTION_OCCURRENCE>
<ACTION_OCCURRENCE m_id="62"  >
  <token_anchor t_id="212"/>
</ACTION_OCCURRENCE>
<ACTION_OCCURRENCE m_id="30"  >
  <token_anchor t_id="116"/>
</ACTION_OCCURRENCE>
<ACTION_OCCURRENCE m_id="63"  >
  <token_anchor t_id="225"/>
</ACTION_OCCURRENCE>
<ACTION_OCCURRENCE m_id="64"  >
  <token_anchor t_id="224"/>
</ACTION_OCCURRENCE>
<ACTION_OCCURRENCE m_id="65"  >
  <token_anchor t_id="236"/>
</ACTION_OCCURRENCE>
<ACTION_OCCURRENCE m_id="33"  >
  <token_anchor t_id="128"/>
</ACTION_OCCURRENCE>
<ACTION_OCCURRENCE m_id="66"  >
  <token_anchor t_id="243"/>
</ACTION_OCCURRENCE>
<ACTION_OCCURRENCE m_id="67"  >
  <token_anchor t_id="255"/>
</ACTION_OCCURRENCE>
<ACTION_OCCURRENCE m_id="2"  >
  <token_anchor t_id="41"/>
</ACTION_OCCURRENCE>
<ACTION_OCCURRENCE m_id="5"  >
  <token_anchor t_id="44"/>
  <token_anchor t_id="45"/>
  <token_anchor t_id="46"/>
</ACTION_OCCURRENCE>
<ACTION_OCCURRENCE m_id="76"  >
  <token_anchor t_id="214"/>
</ACTION_OCCURRENCE>
<ACTION_REPORTING m_id="35"  >
  <token_anchor t_id="130"/>
</ACTION_REPORTING>
<ACTION_STATE m_id="27"  >
  <token_anchor t_id="105"/>
</ACTION_STATE>
<ACTION_STATE m_id="28"  >
  <token_anchor t_id="107"/>
</ACTION_STATE>
<ACTION_STATE m_id="29"  >
  <token_anchor t_id="109"/>
</ACTION_STATE>
<HUMAN_PART_ORG m_id="18"  >
  <token_anchor t_id="85"/>
</HUMAN_PART_ORG>
<HUMAN_PART_ORG m_id="38"  >
  <token_anchor t_id="138"/>
  <token_anchor t_id="139"/>
  <token_anchor t_id="140"/>
  <token_anchor t_id="141"/>
  <token_anchor t_id="142"/>
  <token_anchor t_id="143"/>
</HUMAN_PART_ORG>
<HUMAN_PART_PER m_id="45"  >
  <token_anchor t_id="198"/>
</HUMAN_PART_PER>
<HUMAN_PART_PER m_id="46"  >
  <token_anchor t_id="204"/>
</HUMAN_PART_PER>
<HUMAN_PART_PER m_id="47"  >
  <token_anchor t_id="210"/>
</HUMAN_PART_PER>
<HUMAN_PART_PER m_id="48"  >
  <token_anchor t_id="234"/>
</HUMAN_PART_PER>
<HUMAN_PART_PER m_id="49"  >
  <token_anchor t_id="247"/>
</HUMAN_PART_PER>
<HUMAN_PART_PER m_id="50"  >
  <token_anchor t_id="250"/>
</HUMAN_PART_PER>
<HUMAN_PART_PER m_id="51"  >
  <token_anchor t_id="254"/>
</HUMAN_PART_PER>
<HUMAN_PART_PER m_id="84"  >
  <token_anchor t_id="256"/>
</HUMAN_PART_PER>
<HUMAN_PART_PER m_id="89"  >
  <token_anchor t_id="110"/>
  <token_anchor t_id="111"/>
  <token_anchor t_id="112"/>
  <token_anchor t_id="113"/>
</HUMAN_PART_PER>
<HUMAN_PART_PER m_id="20"  >
  <token_anchor t_id="95"/>
</HUMAN_PART_PER>
<HUMAN_PART_PER m_id="21"  >
  <token_anchor t_id="96"/>
</HUMAN_PART_PER>
<HUMAN_PART_PER m_id="22"  >
  <token_anchor t_id="99"/>
</HUMAN_PART_PER>
<HUMAN_PART_PER m_id="34"  >
  <token_anchor t_id="127"/>
</HUMAN_PART_PER>
<HUMAN_PART_PER m_id="1"  >
  <token_anchor t_id="40"/>
</HUMAN_PART_PER>
<HUMAN_PART_PER m_id="36"  >
  <token_anchor t_id="131"/>
  <token_anchor t_id="132"/>
</HUMAN_PART_PER>
<HUMAN_PART_PER m_id="37"  >
  <token_anchor t_id="135"/>
</HUMAN_PART_PER>
<HUMAN_PART_PER m_id="40"  >
  <token_anchor t_id="145"/>
</HUMAN_PART_PER>
<HUMAN_PART_PER m_id="41"  >
  <token_anchor t_id="157"/>
</HUMAN_PART_PER>
<HUMAN_PART_PER m_id="6"  >
  <token_anchor t_id="62"/>
</HUMAN_PART_PER>
<HUMAN_PART_PER m_id="42"  >
  <token_anchor t_id="163"/>
</HUMAN_PART_PER>
<HUMAN_PART_PER m_id="7"  >
  <token_anchor t_id="63"/>
</HUMAN_PART_PER>
<HUMAN_PART_PER m_id="43"  >
  <token_anchor t_id="182"/>
</HUMAN_PART_PER>
<HUMAN_PART_PER m_id="8"  >
  <token_anchor t_id="66"/>
</HUMAN_PART_PER>
<HUMAN_PART_PER m_id="44"  >
  <token_anchor t_id="184"/>
</HUMAN_PART_PER>
<LOC_FAC m_id="83"  >
  <token_anchor t_id="257"/>
  <token_anchor t_id="258"/>
</LOC_FAC>
<LOC_FAC m_id="23"  >
  <token_anchor t_id="102"/>
</LOC_FAC>
<LOC_FAC m_id="69"  >
  <token_anchor t_id="172"/>
  <token_anchor t_id="173"/>
  <token_anchor t_id="174"/>
  <token_anchor t_id="175"/>
</LOC_FAC>
<LOC_FAC m_id="70"  >
  <token_anchor t_id="177"/>
  <token_anchor t_id="178"/>
  <token_anchor t_id="179"/>
</LOC_FAC>
<LOC_GEO m_id="79"  >
  <token_anchor t_id="226"/>
  <token_anchor t_id="227"/>
  <token_anchor t_id="228"/>
  <token_anchor t_id="229"/>
  <token_anchor t_id="230"/>
  <token_anchor t_id="231"/>
  <token_anchor t_id="232"/>
</LOC_GEO>
<LOC_GEO m_id="72"  >
  <token_anchor t_id="193"/>
  <token_anchor t_id="194"/>
  <token_anchor t_id="195"/>
</LOC_GEO>
<LOC_GEO m_id="73"  >
  <token_anchor t_id="197"/>
</LOC_GEO>
<NEG_ACTION_STATE m_id="71"  >
  <token_anchor t_id="186"/>
</NEG_ACTION_STATE>
<NON_HUMAN_PART m_id="31"  >
  <token_anchor t_id="88"/>
</NON_HUMAN_PART>
<NON_HUMAN_PART m_id="68"  >
  <token_anchor t_id="160"/>
</NON_HUMAN_PART>
<NON_HUMAN_PART m_id="75"  >
  <token_anchor t_id="201"/>
</NON_HUMAN_PART>
<TIME_DATE m_id="82"  >
  <token_anchor t_id="251"/>
  <token_anchor t_id="252"/>
</TIME_DATE>
<TIME_DATE m_id="17"  >
  <token_anchor t_id="83"/>
</TIME_DATE>
<TIME_DATE m_id="53"  >
  <token_anchor t_id="153"/>
  <token_anchor t_id="154"/>
  <token_anchor t_id="155"/>
</TIME_DATE>
<TIME_DATE m_id="77"  >
  <token_anchor t_id="220"/>
  <token_anchor t_id="221"/>
</TIME_DATE>
<TIME_DURATION m_id="3"  >
  <token_anchor t_id="42"/>
  <token_anchor t_id="43"/>
</TIME_DURATION>
<TIME_OF_THE_DAY m_id="4"  >
  <token_anchor t_id="47"/>
  <token_anchor t_id="48"/>
  <token_anchor t_id="49"/>
  <token_anchor t_id="50"/>
  <token_anchor t_id="51"/>
  <token_anchor t_id="52"/>
  <token_anchor t_id="53"/>
  <token_anchor t_id="54"/>
  <token_anchor t_id="55"/>
  <token_anchor t_id="56"/>
  <token_anchor t_id="57"/>
  <token_anchor t_id="58"/>
</TIME_OF_THE_DAY>


<TIME_DURATION m_id="90" note="byCROMER" >
  <token_anchor t_id="68"/>
  <token_anchor t_id="69"/>
</TIME_DURATION>


<ACTION_OCCURRENCE m_id="109" RELATED_TO="" TAG_DESCRIPTOR="t3_escape_nov_30" instance_id="ACT16190399378875259" />
<ACTION_OCCURRENCE m_id="108" RELATED_TO="" TAG_DESCRIPTOR="t3_drive" instance_id="ACT16366388107669308" />
<ACTION_OCCURRENCE m_id="107" RELATED_TO="" TAG_DESCRIPTOR="t3_life_sentence" instance_id="ACT16190287009148925" />
<ACTION_OCCURRENCE m_id="106" RELATED_TO="" TAG_DESCRIPTOR="t3_life_sentences_additional" instance_id="ACT16365819542938839" />
<LOC_FAC m_id="105" RELATED_TO="" TAG_DESCRIPTOR="t3_in_prison" instance_id="LOC16194091374025808" />
<ACTION_OCCURRENCE m_id="104" RELATED_TO="" TAG_DESCRIPTOR="t3_manhunt" instance_id="ACT16190430124254647" />
<ACTION_OCCURRENCE m_id="103" RELATED_TO="" TAG_DESCRIPTOR="t3_transport_to_beaumont" instance_id="ACT16190221130826649" />
<HUMAN_PART_PER m_id="24" RELATED_TO="" TAG_DESCRIPTOR="salesman" />
<ACTION_OCCURRENCE m_id="102" RELATED_TO="" TAG_DESCRIPTOR="t3_convicted_98" instance_id="ACT16359189190252970" />
<ACTION_OCCURRENCE m_id="101" RELATED_TO="" TAG_DESCRIPTOR="t3_wife_visiting" instance_id="ACT16359238305249129" />
<TIME_DATE m_id="100" RELATED_TO="" TAG_DESCRIPTOR="t3_nov_30" instance_id="TIM16194146972480475" />
<ACTION_OCCURRENCE m_id="120" RELATED_TO="" TAG_DESCRIPTOR="t3_stole_weapons" instance_id="ACT16190557470409823" />
<LOC_GEO m_id="74" RELATED_TO="" TAG_DESCRIPTOR="baytown_area" />
<LOC_FAC m_id="119" RELATED_TO="" TAG_DESCRIPTOR="t3_beaumont_prison" instance_id="LOC16193949713317606" />
<ACTION_OCCURRENCE m_id="118" RELATED_TO="" TAG_DESCRIPTOR="t3_fired_gun" instance_id="ACT16463289776296798" />
<ACTION_OCCURRENCE m_id="117" RELATED_TO="" TAG_DESCRIPTOR="t3_serving_98_sentence" instance_id="ACT16359289275604968" />
<HUMAN_PART_PER m_id="39" RELATED_TO="" TAG_DESCRIPTOR="alfredo_perez" />
<HUMAN_PART_PER m_id="116" RELATED_TO="" TAG_DESCRIPTOR="t3_1999_injured_inmate" instance_id="HUM16191097421604217" />
<ACTION_OCCURRENCE m_id="115" RELATED_TO="" TAG_DESCRIPTOR="t3_wife_attack" instance_id="ACT16365725523134804" />
<ACTION_OCCURRENCE m_id="114" RELATED_TO="" TAG_DESCRIPTOR="t3_capture" instance_id="ACT16190423131003198" />
<HUMAN_PART_PER m_id="113" RELATED_TO="" TAG_DESCRIPTOR="t3_authorities" instance_id="HUM16190805392864110" />
<HUMAN_PART_PER m_id="99" RELATED_TO="" TAG_DESCRIPTOR="t3_wife" instance_id="HUM16191108038332472" />
<ACTION_OCCURRENCE m_id="112" RELATED_TO="" TAG_DESCRIPTOR="t3_phonetips" instance_id="ACT16194136492087694" />
<HUMAN_PART_PER m_id="98" RELATED_TO="" TAG_DESCRIPTOR="t3_arcade_joseph_comeaux" instance_id="HUM16191028103267917" />
<LOC_GEO m_id="111" RELATED_TO="" TAG_DESCRIPTOR="t3_near_houston" instance_id="LOC16194005587699469" />
<ACTION_OCCURRENCE m_id="97" RELATED_TO="" TAG_DESCRIPTOR="t3_forced_to_drive" instance_id="ACT16190201621240931" />
<NON_HUMAN_PART m_id="110" RELATED_TO="" TAG_DESCRIPTOR="t3_guards_guns" instance_id="NON16190573113308635" />
<LOC_FAC m_id="96" RELATED_TO="" TAG_DESCRIPTOR="t3_huntsville_prison" instance_id="LOC16191059116035161" />
<ACTION_OCCURRENCE m_id="95" RELATED_TO="" TAG_DESCRIPTOR="t3_pulled_a_gun_on" instance_id="ACT16193905793611389" />
<NON_HUMAN_PART m_id="94" RELATED_TO="" TAG_DESCRIPTOR="t3_smuggled_gun" instance_id="NON16359258290270841" />
<ACTION_OCCURRENCE m_id="93" RELATED_TO="" TAG_DESCRIPTOR="t3_handcuffed" instance_id="ACT16190455057553790" />
<TIME_DURATION m_id="92" RELATED_TO="" TAG_DESCRIPTOR="t3_weeklong" instance_id="TIM16194104842948077" />
<ACTION_OCCURRENCE m_id="91" RELATED_TO="" TAG_DESCRIPTOR="t3_convicted_99" instance_id="ACT16359217056539621" />
</Markables>

<Relations>
<INTRA_DOC_COREF r_id="22159" >
<source m_id="20" />
<source m_id="21" />
<target m_id="24" />
</INTRA_DOC_COREF>
<INTRA_DOC_COREF r_id="22161" >
<source m_id="36" />
<source m_id="37" />
<target m_id="39" />
</INTRA_DOC_COREF>
<INTRA_DOC_COREF r_id="22162" >
<source m_id="72" />
<source m_id="73" />
<target m_id="74" />
</INTRA_DOC_COREF>
<CROSS_DOC_COREF r_id="22168" note="ACT16359217056539621" >
  <source m_id="66" />
  <target m_id="91" />
</CROSS_DOC_COREF>
<CROSS_DOC_COREF r_id="22169" note="TIM16194104842948077" >
  <source m_id="90" />
  <source m_id="3" />
  <target m_id="92" />
</CROSS_DOC_COREF>
<CROSS_DOC_COREF r_id="22170" note="ACT16190455057553790" >
  <source m_id="60" />
  <target m_id="93" />
</CROSS_DOC_COREF>
<CROSS_DOC_COREF r_id="22171" note="NON16359258290270841" >
  <source m_id="68" />
  <target m_id="94" />
</CROSS_DOC_COREF>
<CROSS_DOC_COREF r_id="22172" note="ACT16193905793611389" >
  <source m_id="54" />
  <target m_id="95" />
</CROSS_DOC_COREF>
<CROSS_DOC_COREF r_id="22173" note="LOC16191059116035161" >
  <source m_id="69" />
  <target m_id="96" />
</CROSS_DOC_COREF>
<CROSS_DOC_COREF r_id="22174" note="ACT16190201621240931" >
  <source m_id="57" />
  <target m_id="97" />
</CROSS_DOC_COREF>
<CROSS_DOC_COREF r_id="22175" note="HUM16191028103267917" >
  <source m_id="41" />
  <source m_id="45" />
  <source m_id="1" />
  <source m_id="8" />
  <source m_id="34" />
  <source m_id="89" />
  <source m_id="48" />
  <source m_id="47" />
  <source m_id="6" />
  <source m_id="7" />
  <source m_id="22" />
  <source m_id="40" />
  <source m_id="84" />
  <target m_id="98" />
</CROSS_DOC_COREF>
<CROSS_DOC_COREF r_id="22176" note="HUM16191108038332472" >
  <source m_id="49" />
  <source m_id="51" />
  <target m_id="99" />
</CROSS_DOC_COREF>
<CROSS_DOC_COREF r_id="22177" note="TIM16194146972480475" >
  <source m_id="53" />
  <target m_id="100" />
</CROSS_DOC_COREF>
<CROSS_DOC_COREF r_id="22178" note="ACT16359238305249129" >
  <source m_id="67" />
  <target m_id="101" />
</CROSS_DOC_COREF>
<CROSS_DOC_COREF r_id="22179" note="ACT16359189190252970" >
  <source m_id="63" />
  <target m_id="102" />
</CROSS_DOC_COREF>
<CROSS_DOC_COREF r_id="22180" note="ACT16190221130826649" >
  <source m_id="12" />
  <target m_id="103" />
</CROSS_DOC_COREF>
<CROSS_DOC_COREF r_id="22181" note="ACT16190430124254647" >
  <source m_id="9" />
  <target m_id="104" />
</CROSS_DOC_COREF>
<CROSS_DOC_COREF r_id="22182" note="LOC16194091374025808" >
  <source m_id="83" />
  <target m_id="105" />
</CROSS_DOC_COREF>
<CROSS_DOC_COREF r_id="22183" note="ACT16365819542938839" >
  <source m_id="80" />
  <target m_id="106" />
</CROSS_DOC_COREF>
<CROSS_DOC_COREF r_id="22184" note="ACT16190287009148925" >
  <source m_id="76" />
  <target m_id="107" />
</CROSS_DOC_COREF>
<CROSS_DOC_COREF r_id="22185" note="ACT16366388107669308" >
  <source m_id="59" />
  <target m_id="108" />
</CROSS_DOC_COREF>
<CROSS_DOC_COREF r_id="22186" note="ACT16190399378875259" >
  <source m_id="33" />
  <source m_id="61" />
  <source m_id="11" />
  <target m_id="109" />
</CROSS_DOC_COREF>
<CROSS_DOC_COREF r_id="22187" note="NON16190573113308635" >
  <source m_id="75" />
  <target m_id="110" />
</CROSS_DOC_COREF>
<CROSS_DOC_COREF r_id="22188" note="LOC16194005587699469" >
  <source m_id="79" />
  <target m_id="111" />
</CROSS_DOC_COREF>
<CROSS_DOC_COREF r_id="22189" note="ACT16194136492087694" >
  <source m_id="15" />
  <target m_id="112" />
</CROSS_DOC_COREF>
<CROSS_DOC_COREF r_id="22190" note="HUM16190805392864110" >
  <source m_id="46" />
  <source m_id="42" />
  <source m_id="43" />
  <source m_id="44" />
  <target m_id="113" />
</CROSS_DOC_COREF>
<CROSS_DOC_COREF r_id="22191" note="ACT16190423131003198" >
  <source m_id="30" />
  <source m_id="2" />
  <source m_id="13" />
  <target m_id="114" />
</CROSS_DOC_COREF>
<CROSS_DOC_COREF r_id="22192" note="ACT16365725523134804" >
  <source m_id="81" />
  <target m_id="115" />
</CROSS_DOC_COREF>
<CROSS_DOC_COREF r_id="22193" note="HUM16191097421604217" >
  <source m_id="50" />
  <target m_id="116" />
</CROSS_DOC_COREF>
<CROSS_DOC_COREF r_id="22194" note="ACT16359289275604968" >
  <source m_id="62" />
  <target m_id="117" />
</CROSS_DOC_COREF>
<CROSS_DOC_COREF r_id="22195" note="ACT16463289776296798" >
  <source m_id="55" />
  <target m_id="118" />
</CROSS_DOC_COREF>
<CROSS_DOC_COREF r_id="22196" note="LOC16193949713317606" >
  <source m_id="70" />
  <target m_id="119" />
</CROSS_DOC_COREF>
<CROSS_DOC_COREF r_id="22197" note="ACT16190557470409823" >
  <source m_id="58" />
  <target m_id="120" />
</CROSS_DOC_COREF>

</Relations>
</Document>
