<Document doc_name="3_1ecb.xml" doc_id="DOC15653621779569457">
<token t_id="1" sentence="0" number="0">After</token>
<token t_id="2" sentence="0" number="1">more</token>
<token t_id="3" sentence="0" number="2">than</token>
<token t_id="4" sentence="0" number="3">three</token>
<token t_id="5" sentence="0" number="4">years</token>
<token t_id="6" sentence="0" number="5">and</token>
<token t_id="7" sentence="0" number="6">a</token>
<token t_id="8" sentence="0" number="7">tangled</token>
<token t_id="9" sentence="0" number="8">trail</token>
<token t_id="10" sentence="0" number="9">of</token>
<token t_id="11" sentence="0" number="10">frustrating</token>
<token t_id="12" sentence="0" number="11">legal</token>
<token t_id="13" sentence="0" number="12">delays</token>
<token t_id="14" sentence="0" number="13">,</token>
<token t_id="15" sentence="0" number="14">the</token>
<token t_id="16" sentence="0" number="15">man</token>
<token t_id="17" sentence="0" number="16">who</token>
<token t_id="18" sentence="0" number="17">killed</token>
<token t_id="19" sentence="0" number="18">four</token>
<token t_id="20" sentence="0" number="19">people</token>
<token t_id="21" sentence="0" number="20">in</token>
<token t_id="22" sentence="0" number="21">a</token>
<token t_id="23" sentence="0" number="22">brazen</token>
<token t_id="24" sentence="0" number="23">courthouse</token>
<token t_id="25" sentence="0" number="24">escape</token>
<token t_id="26" sentence="0" number="25">was</token>
<token t_id="27" sentence="0" number="26">sentenced</token>
<token t_id="28" sentence="0" number="27">Saturday</token>
<token t_id="29" sentence="0" number="28">to</token>
<token t_id="30" sentence="0" number="29">prison</token>
<token t_id="31" sentence="0" number="30">for</token>
<token t_id="32" sentence="0" number="31">life</token>
<token t_id="33" sentence="0" number="32">without</token>
<token t_id="34" sentence="0" number="33">parole</token>
<token t_id="35" sentence="0" number="34">and</token>
<token t_id="36" sentence="0" number="35">hundreds</token>
<token t_id="37" sentence="0" number="36">of</token>
<token t_id="38" sentence="0" number="37">years</token>
<token t_id="39" sentence="0" number="38">more</token>
<token t_id="40" sentence="0" number="39">.</token>
<token t_id="41" sentence="1" number="0">Yet</token>
<token t_id="42" sentence="1" number="1">prosecutors</token>
<token t_id="43" sentence="1" number="2">who</token>
<token t_id="44" sentence="1" number="3">spent</token>
<token t_id="45" sentence="1" number="4">the</token>
<token t_id="46" sentence="1" number="5">last</token>
<token t_id="47" sentence="1" number="6">month</token>
<token t_id="48" sentence="1" number="7">urging</token>
<token t_id="49" sentence="1" number="8">jurors</token>
<token t_id="50" sentence="1" number="9">to</token>
<token t_id="51" sentence="1" number="10">sentence</token>
<token t_id="52" sentence="1" number="11">one</token>
<token t_id="53" sentence="1" number="12">of</token>
<token t_id="54" sentence="1" number="13">Atlanta</token>
<token t_id="55" sentence="1" number="14">'s</token>
<token t_id="56" sentence="1" number="15">most</token>
<token t_id="57" sentence="1" number="16">notorious</token>
<token t_id="58" sentence="1" number="17">criminals</token>
<token t_id="59" sentence="1" number="18">to</token>
<token t_id="60" sentence="1" number="19">death</token>
<token t_id="61" sentence="1" number="20">were</token>
<token t_id="62" sentence="1" number="21">not</token>
<token t_id="63" sentence="1" number="22">celebrating</token>
<token t_id="64" sentence="1" number="23">.</token>
<token t_id="65" sentence="2" number="0">``</token>
<token t_id="66" sentence="2" number="1">The</token>
<token t_id="67" sentence="2" number="2">community</token>
<token t_id="68" sentence="2" number="3">has</token>
<token t_id="69" sentence="2" number="4">spoken</token>
<token t_id="70" sentence="2" number="5">,</token>
<token t_id="71" sentence="2" number="6">''</token>
<token t_id="72" sentence="2" number="7">Fulton</token>
<token t_id="73" sentence="2" number="8">County</token>
<token t_id="74" sentence="2" number="9">District</token>
<token t_id="75" sentence="2" number="10">Attorney</token>
<token t_id="76" sentence="2" number="11">Paul</token>
<token t_id="77" sentence="2" number="12">Howard</token>
<token t_id="78" sentence="2" number="13">said</token>
<token t_id="79" sentence="2" number="14">at</token>
<token t_id="80" sentence="2" number="15">an</token>
<token t_id="81" sentence="2" number="16">emotional</token>
<token t_id="82" sentence="2" number="17">press</token>
<token t_id="83" sentence="2" number="18">conference</token>
<token t_id="84" sentence="2" number="19">after</token>
<token t_id="85" sentence="2" number="20">the</token>
<token t_id="86" sentence="2" number="21">sentencing</token>
<token t_id="87" sentence="2" number="22">of</token>
<token t_id="88" sentence="2" number="23">Brian</token>
<token t_id="89" sentence="2" number="24">Nichols</token>
<token t_id="90" sentence="2" number="25">.</token>
<token t_id="91" sentence="3" number="0">``</token>
<token t_id="92" sentence="3" number="1">Even</token>
<token t_id="93" sentence="3" number="2">though</token>
<token t_id="94" sentence="3" number="3">we</token>
<token t_id="95" sentence="3" number="4">are</token>
<token t_id="96" sentence="3" number="5">puzzled</token>
<token t_id="97" sentence="3" number="6">and</token>
<token t_id="98" sentence="3" number="7">terribly</token>
<token t_id="99" sentence="3" number="8">disappointed</token>
<token t_id="100" sentence="3" number="9">by</token>
<token t_id="101" sentence="3" number="10">the</token>
<token t_id="102" sentence="3" number="11">decision</token>
<token t_id="103" sentence="3" number="12">,</token>
<token t_id="104" sentence="3" number="13">we</token>
<token t_id="105" sentence="3" number="14">must</token>
<token t_id="106" sentence="3" number="15">accept</token>
<token t_id="107" sentence="3" number="16">the</token>
<token t_id="108" sentence="3" number="17">conclusion</token>
<token t_id="109" sentence="3" number="18">provided</token>
<token t_id="110" sentence="3" number="19">by</token>
<token t_id="111" sentence="3" number="20">our</token>
<token t_id="112" sentence="3" number="21">community</token>
<token t_id="113" sentence="3" number="22">.</token>
<token t_id="114" sentence="3" number="23">''</token>
<token t_id="115" sentence="4" number="0">It</token>
<token t_id="116" sentence="4" number="1">showed</token>
<token t_id="117" sentence="4" number="2">how</token>
<token t_id="118" sentence="4" number="3">difficult</token>
<token t_id="119" sentence="4" number="4">it</token>
<token t_id="120" sentence="4" number="5">is</token>
<token t_id="121" sentence="4" number="6">to</token>
<token t_id="122" sentence="4" number="7">get</token>
<token t_id="123" sentence="4" number="8">a</token>
<token t_id="124" sentence="4" number="9">capital</token>
<token t_id="125" sentence="4" number="10">sentence</token>
<token t_id="126" sentence="4" number="11">in</token>
<token t_id="127" sentence="4" number="12">Atlanta</token>
<token t_id="128" sentence="4" number="13">'s</token>
<token t_id="129" sentence="4" number="14">Fulton</token>
<token t_id="130" sentence="4" number="15">County</token>
<token t_id="131" sentence="4" number="16">,</token>
<token t_id="132" sentence="4" number="17">where</token>
<token t_id="133" sentence="4" number="18">death</token>
<token t_id="134" sentence="4" number="19">penalties</token>
<token t_id="135" sentence="4" number="20">are</token>
<token t_id="136" sentence="4" number="21">rare</token>
<token t_id="137" sentence="4" number="22">even</token>
<token t_id="138" sentence="4" number="23">in</token>
<token t_id="139" sentence="4" number="24">a</token>
<token t_id="140" sentence="4" number="25">state</token>
<token t_id="141" sentence="4" number="26">where</token>
<token t_id="142" sentence="4" number="27">support</token>
<token t_id="143" sentence="4" number="28">for</token>
<token t_id="144" sentence="4" number="29">capital</token>
<token t_id="145" sentence="4" number="30">punishment</token>
<token t_id="146" sentence="4" number="31">is</token>
<token t_id="147" sentence="4" number="32">widespread</token>
<token t_id="148" sentence="4" number="33">.</token>
<token t_id="149" sentence="5" number="0">Georgia</token>
<token t_id="150" sentence="5" number="1">tied</token>
<token t_id="151" sentence="5" number="2">for</token>
<token t_id="152" sentence="5" number="3">third</token>
<token t_id="153" sentence="5" number="4">in</token>
<token t_id="154" sentence="5" number="5">carrying</token>
<token t_id="155" sentence="5" number="6">out</token>
<token t_id="156" sentence="5" number="7">executions</token>
<token t_id="157" sentence="5" number="8">last</token>
<token t_id="158" sentence="5" number="9">year</token>
<token t_id="159" sentence="5" number="10">.</token>
<token t_id="160" sentence="6" number="0">And</token>
<token t_id="161" sentence="6" number="1">it</token>
<token t_id="162" sentence="6" number="2">underscored</token>
<token t_id="163" sentence="6" number="3">the</token>
<token t_id="164" sentence="6" number="4">problems</token>
<token t_id="165" sentence="6" number="5">Georgia</token>
<token t_id="166" sentence="6" number="6">prosecutors</token>
<token t_id="167" sentence="6" number="7">say</token>
<token t_id="168" sentence="6" number="8">they</token>
<token t_id="169" sentence="6" number="9">frequently</token>
<token t_id="170" sentence="6" number="10">face</token>
<token t_id="171" sentence="6" number="11">with</token>
<token t_id="172" sentence="6" number="12">the</token>
<token t_id="173" sentence="6" number="13">requirement</token>
<token t_id="174" sentence="6" number="14">that</token>
<token t_id="175" sentence="6" number="15">death</token>
<token t_id="176" sentence="6" number="16">sentences</token>
<token t_id="177" sentence="6" number="17">can</token>
<token t_id="178" sentence="6" number="18">only</token>
<token t_id="179" sentence="6" number="19">be</token>
<token t_id="180" sentence="6" number="20">returned</token>
<token t_id="181" sentence="6" number="21">by</token>
<token t_id="182" sentence="6" number="22">unanimous</token>
<token t_id="183" sentence="6" number="23">jury</token>
<token t_id="184" sentence="6" number="24">verdicts</token>
<token t_id="185" sentence="6" number="25">.</token>
<token t_id="186" sentence="7" number="0">Nichols</token>
<token t_id="187" sentence="7" number="1">,</token>
<token t_id="188" sentence="7" number="2">37</token>
<token t_id="189" sentence="7" number="3">,</token>
<token t_id="190" sentence="7" number="4">was</token>
<token t_id="191" sentence="7" number="5">found</token>
<token t_id="192" sentence="7" number="6">guilty</token>
<token t_id="193" sentence="7" number="7">last</token>
<token t_id="194" sentence="7" number="8">month</token>
<token t_id="195" sentence="7" number="9">of</token>
<token t_id="196" sentence="7" number="10">murdering</token>
<token t_id="197" sentence="7" number="11">a</token>
<token t_id="198" sentence="7" number="12">judge</token>
<token t_id="199" sentence="7" number="13">,</token>
<token t_id="200" sentence="7" number="14">a</token>
<token t_id="201" sentence="7" number="15">court</token>
<token t_id="202" sentence="7" number="16">reporter</token>
<token t_id="203" sentence="7" number="17">,</token>
<token t_id="204" sentence="7" number="18">a</token>
<token t_id="205" sentence="7" number="19">sheriff</token>
<token t_id="206" sentence="7" number="20">'s</token>
<token t_id="207" sentence="7" number="21">deputy</token>
<token t_id="208" sentence="7" number="22">and</token>
<token t_id="209" sentence="7" number="23">a</token>
<token t_id="210" sentence="7" number="24">federal</token>
<token t_id="211" sentence="7" number="25">agent</token>
<token t_id="212" sentence="7" number="26">in</token>
<token t_id="213" sentence="7" number="27">the</token>
<token t_id="214" sentence="7" number="28">March</token>
<token t_id="215" sentence="7" number="29">2005</token>
<token t_id="216" sentence="7" number="30">rampage</token>
<token t_id="217" sentence="7" number="31">.</token>
<token t_id="218" sentence="8" number="0">After</token>
<token t_id="219" sentence="8" number="1">four</token>
<token t_id="220" sentence="8" number="2">days</token>
<token t_id="221" sentence="8" number="3">deliberating</token>
<token t_id="222" sentence="8" number="4">on</token>
<token t_id="223" sentence="8" number="5">whether</token>
<token t_id="224" sentence="8" number="6">to</token>
<token t_id="225" sentence="8" number="7">recommend</token>
<token t_id="226" sentence="8" number="8">the</token>
<token t_id="227" sentence="8" number="9">death</token>
<token t_id="228" sentence="8" number="10">penalty</token>
<token t_id="229" sentence="8" number="11">,</token>
<token t_id="230" sentence="8" number="12">the</token>
<token t_id="231" sentence="8" number="13">jury</token>
<token t_id="232" sentence="8" number="14">deadlocked</token>
<token t_id="233" sentence="8" number="15">at</token>
<token t_id="234" sentence="8" number="16">9-3</token>
<token t_id="235" sentence="8" number="17">.</token>
<token t_id="236" sentence="9" number="0">Nichols</token>
<token t_id="237" sentence="9" number="1">will</token>
<token t_id="238" sentence="9" number="2">likely</token>
<token t_id="239" sentence="9" number="3">die</token>
<token t_id="240" sentence="9" number="4">in</token>
<token t_id="241" sentence="9" number="5">prison</token>
<token t_id="242" sentence="9" number="6">after</token>
<token t_id="243" sentence="9" number="7">Superior</token>
<token t_id="244" sentence="9" number="8">Court</token>
<token t_id="245" sentence="9" number="9">Judge</token>
<token t_id="246" sentence="9" number="10">James</token>
<token t_id="247" sentence="9" number="11">Bodiford</token>
<token t_id="248" sentence="9" number="12">handed</token>
<token t_id="249" sentence="9" number="13">down</token>
<token t_id="250" sentence="9" number="14">the</token>
<token t_id="251" sentence="9" number="15">maximum</token>
<token t_id="252" sentence="9" number="16">prison</token>
<token t_id="253" sentence="9" number="17">sentence</token>
<token t_id="254" sentence="9" number="18">on</token>
<token t_id="255" sentence="9" number="19">each</token>
<token t_id="256" sentence="9" number="20">of</token>
<token t_id="257" sentence="9" number="21">54</token>
<token t_id="258" sentence="9" number="22">charges</token>
<token t_id="259" sentence="9" number="23">.</token>
<token t_id="260" sentence="10" number="0">The</token>
<token t_id="261" sentence="10" number="1">deadlock</token>
<token t_id="262" sentence="10" number="2">devastated</token>
<token t_id="263" sentence="10" number="3">prosecutors</token>
<token t_id="264" sentence="10" number="4">,</token>
<token t_id="265" sentence="10" number="5">who</token>
<token t_id="266" sentence="10" number="6">had</token>
<token t_id="267" sentence="10" number="7">turned</token>
<token t_id="268" sentence="10" number="8">down</token>
<token t_id="269" sentence="10" number="9">an</token>
<token t_id="270" sentence="10" number="10">offer</token>
<token t_id="271" sentence="10" number="11">from</token>
<token t_id="272" sentence="10" number="12">Nichols</token>
<token t_id="273" sentence="10" number="13">'</token>
<token t_id="274" sentence="10" number="14">attorneys</token>
<token t_id="275" sentence="10" number="15">to</token>
<token t_id="276" sentence="10" number="16">plead</token>
<token t_id="277" sentence="10" number="17">guilty</token>
<token t_id="278" sentence="10" number="18">in</token>
<token t_id="279" sentence="10" number="19">exchange</token>
<token t_id="280" sentence="10" number="20">for</token>
<token t_id="281" sentence="10" number="21">a</token>
<token t_id="282" sentence="10" number="22">life</token>
<token t_id="283" sentence="10" number="23">sentence</token>
<token t_id="284" sentence="10" number="24">.</token>
<token t_id="285" sentence="11" number="0">The</token>
<token t_id="286" sentence="11" number="1">trial</token>
<token t_id="287" sentence="11" number="2">has</token>
<token t_id="288" sentence="11" number="3">already</token>
<token t_id="289" sentence="11" number="4">cost</token>
<token t_id="290" sentence="11" number="5">more</token>
<token t_id="291" sentence="11" number="6">than</token>
<token t_id="292" sentence="11" number="7">$</token>
<token t_id="293" sentence="11" number="8">2</token>
<token t_id="294" sentence="11" number="9">million</token>
<token t_id="295" sentence="11" number="10">,</token>
<token t_id="296" sentence="11" number="11">likely</token>
<token t_id="297" sentence="11" number="12">the</token>
<token t_id="298" sentence="11" number="13">most</token>
<token t_id="299" sentence="11" number="14">expensive</token>
<token t_id="300" sentence="11" number="15">in</token>
<token t_id="301" sentence="11" number="16">state</token>
<token t_id="302" sentence="11" number="17">history</token>
<token t_id="303" sentence="11" number="18">.</token>
<token t_id="304" sentence="12" number="0">And</token>
<token t_id="305" sentence="12" number="1">it</token>
<token t_id="306" sentence="12" number="2">may</token>
<token t_id="307" sentence="12" number="3">not</token>
<token t_id="308" sentence="12" number="4">be</token>
<token t_id="309" sentence="12" number="5">over</token>
<token t_id="310" sentence="12" number="6">yet:</token>
<token t_id="311" sentence="13" number="0">Howard</token>
<token t_id="312" sentence="13" number="1">said</token>
<token t_id="313" sentence="13" number="2">he</token>
<token t_id="314" sentence="13" number="3">'s</token>
<token t_id="315" sentence="13" number="4">talked</token>
<token t_id="316" sentence="13" number="5">to</token>
<token t_id="317" sentence="13" number="6">the</token>
<token t_id="318" sentence="13" number="7">U.S.</token>
<token t_id="319" sentence="13" number="8">Attorney</token>
<token t_id="320" sentence="13" number="9">about</token>
<token t_id="321" sentence="13" number="10">a</token>
<token t_id="322" sentence="13" number="11">federal</token>
<token t_id="323" sentence="13" number="12">death</token>
<token t_id="324" sentence="13" number="13">penalty</token>
<token t_id="325" sentence="13" number="14">trial</token>
<token t_id="326" sentence="13" number="15">for</token>
<token t_id="327" sentence="13" number="16">the</token>
<token t_id="328" sentence="13" number="17">federal</token>
<token t_id="329" sentence="13" number="18">agent</token>
<token t_id="330" sentence="13" number="19">'s</token>
<token t_id="331" sentence="13" number="20">slaying</token>
<token t_id="332" sentence="13" number="21">.</token>
<token t_id="333" sentence="14" number="0">In</token>
<token t_id="334" sentence="14" number="1">the</token>
<token t_id="335" sentence="14" number="2">meantime</token>
<token t_id="336" sentence="14" number="3">,</token>
<token t_id="337" sentence="14" number="4">Howard</token>
<token t_id="338" sentence="14" number="5">and</token>
<token t_id="339" sentence="14" number="6">some</token>
<token t_id="340" sentence="14" number="7">state</token>
<token t_id="341" sentence="14" number="8">legislative</token>
<token t_id="342" sentence="14" number="9">leaders</token>
<token t_id="343" sentence="14" number="10">said</token>
<token t_id="344" sentence="14" number="11">Georgia</token>
<token t_id="345" sentence="14" number="12">'s</token>
<token t_id="346" sentence="14" number="13">death</token>
<token t_id="347" sentence="14" number="14">penalty</token>
<token t_id="348" sentence="14" number="15">rules</token>
<token t_id="349" sentence="14" number="16">should</token>
<token t_id="350" sentence="14" number="17">be</token>
<token t_id="351" sentence="14" number="18">changed</token>
<token t_id="352" sentence="14" number="19">.</token>
<token t_id="353" sentence="15" number="0">``</token>
<token t_id="354" sentence="15" number="1">Georgia</token>
<token t_id="355" sentence="15" number="2">is</token>
<token t_id="356" sentence="15" number="3">a</token>
<token t_id="357" sentence="15" number="4">conservative</token>
<token t_id="358" sentence="15" number="5">state</token>
<token t_id="359" sentence="15" number="6">,</token>
<token t_id="360" sentence="15" number="7">but</token>
<token t_id="361" sentence="15" number="8">there</token>
<token t_id="362" sentence="15" number="9">are</token>
<token t_id="363" sentence="15" number="10">pockets</token>
<token t_id="364" sentence="15" number="11">where</token>
<token t_id="365" sentence="15" number="12">it</token>
<token t_id="366" sentence="15" number="13">is</token>
<token t_id="367" sentence="15" number="14">not</token>
<token t_id="368" sentence="15" number="15">,</token>
<token t_id="369" sentence="15" number="16">''</token>
<token t_id="370" sentence="15" number="17">said</token>
<token t_id="371" sentence="15" number="18">state</token>
<token t_id="372" sentence="15" number="19">Rep.</token>
<token t_id="373" sentence="15" number="20">Barry</token>
<token t_id="374" sentence="15" number="21">Fleming</token>
<token t_id="375" sentence="15" number="22">,</token>
<token t_id="376" sentence="15" number="23">a</token>
<token t_id="377" sentence="15" number="24">Republican</token>
<token t_id="378" sentence="15" number="25">who</token>
<token t_id="379" sentence="15" number="26">led</token>
<token t_id="380" sentence="15" number="27">a</token>
<token t_id="381" sentence="15" number="28">failed</token>
<token t_id="382" sentence="15" number="29">bid</token>
<token t_id="383" sentence="15" number="30">last</token>
<token t_id="384" sentence="15" number="31">year</token>
<token t_id="385" sentence="15" number="32">to</token>
<token t_id="386" sentence="15" number="33">allow</token>
<token t_id="387" sentence="15" number="34">judges</token>
<token t_id="388" sentence="15" number="35">to</token>
<token t_id="389" sentence="15" number="36">approve</token>
<token t_id="390" sentence="15" number="37">death</token>
<token t_id="391" sentence="15" number="38">penalties</token>
<token t_id="392" sentence="15" number="39">even</token>
<token t_id="393" sentence="15" number="40">if</token>
<token t_id="394" sentence="15" number="41">one</token>
<token t_id="395" sentence="15" number="42">or</token>
<token t_id="396" sentence="15" number="43">two</token>
<token t_id="397" sentence="15" number="44">jurors</token>
<token t_id="398" sentence="15" number="45">voted</token>
<token t_id="399" sentence="15" number="46">against</token>
<token t_id="400" sentence="15" number="47">it</token>
<token t_id="401" sentence="15" number="48">.</token>
<token t_id="402" sentence="16" number="0">``</token>
<token t_id="403" sentence="16" number="1">There</token>
<token t_id="404" sentence="16" number="2">are</token>
<token t_id="405" sentence="16" number="3">people</token>
<token t_id="406" sentence="16" number="4">who</token>
<token t_id="407" sentence="16" number="5">will</token>
<token t_id="408" sentence="16" number="6">attempt</token>
<token t_id="409" sentence="16" number="7">to</token>
<token t_id="410" sentence="16" number="8">nullify</token>
<token t_id="411" sentence="16" number="9">the</token>
<token t_id="412" sentence="16" number="10">law</token>
<token t_id="413" sentence="16" number="11">when</token>
<token t_id="414" sentence="16" number="12">they</token>
<token t_id="415" sentence="16" number="13">get</token>
<token t_id="416" sentence="16" number="14">on</token>
<token t_id="417" sentence="16" number="15">the</token>
<token t_id="418" sentence="16" number="16">jury</token>
<token t_id="419" sentence="16" number="17">.</token>
<token t_id="420" sentence="16" number="18">''</token>
<token t_id="421" sentence="17" number="0">The</token>
<token t_id="422" sentence="17" number="1">last</token>
<token t_id="423" sentence="17" number="2">time</token>
<token t_id="424" sentence="17" number="3">a</token>
<token t_id="425" sentence="17" number="4">Fulton</token>
<token t_id="426" sentence="17" number="5">County</token>
<token t_id="427" sentence="17" number="6">jury</token>
<token t_id="428" sentence="17" number="7">issued</token>
<token t_id="429" sentence="17" number="8">a</token>
<token t_id="430" sentence="17" number="9">death</token>
<token t_id="431" sentence="17" number="10">sentence</token>
<token t_id="432" sentence="17" number="11">was</token>
<token t_id="433" sentence="17" number="12">eight</token>
<token t_id="434" sentence="17" number="13">years</token>
<token t_id="435" sentence="17" number="14">ago</token>
<token t_id="436" sentence="17" number="15">,</token>
<token t_id="437" sentence="17" number="16">and</token>
<token t_id="438" sentence="17" number="17">only</token>
<token t_id="439" sentence="17" number="18">then</token>
<token t_id="440" sentence="17" number="19">for</token>
<token t_id="441" sentence="17" number="20">a</token>
<token t_id="442" sentence="17" number="21">triple</token>
<token t_id="443" sentence="17" number="22">murderer</token>
<token t_id="444" sentence="17" number="23">who</token>
<token t_id="445" sentence="17" number="24">killed</token>
<token t_id="446" sentence="17" number="25">a</token>
<token t_id="447" sentence="17" number="26">toddler</token>
<token t_id="448" sentence="17" number="27">.</token>
<token t_id="449" sentence="18" number="0">One</token>
<token t_id="450" sentence="18" number="1">factor</token>
<token t_id="451" sentence="18" number="2">could</token>
<token t_id="452" sentence="18" number="3">be</token>
<token t_id="453" sentence="18" number="4">race</token>
<token t_id="454" sentence="18" number="5">.</token>
<token t_id="455" sentence="19" number="0">The</token>
<token t_id="456" sentence="19" number="1">county</token>
<token t_id="457" sentence="19" number="2">is</token>
<token t_id="458" sentence="19" number="3">43</token>
<token t_id="459" sentence="19" number="4">percent</token>
<token t_id="460" sentence="19" number="5">black</token>
<token t_id="461" sentence="19" number="6">,</token>
<token t_id="462" sentence="19" number="7">and</token>
<token t_id="463" sentence="19" number="8">numerous</token>
<token t_id="464" sentence="19" number="9">polls</token>
<token t_id="465" sentence="19" number="10">and</token>
<token t_id="466" sentence="19" number="11">surveys</token>
<token t_id="467" sentence="19" number="12">have</token>
<token t_id="468" sentence="19" number="13">found</token>
<token t_id="469" sentence="19" number="14">that</token>
<token t_id="470" sentence="19" number="15">blacks</token>
<token t_id="471" sentence="19" number="16">are</token>
<token t_id="472" sentence="19" number="17">more</token>
<token t_id="473" sentence="19" number="18">likely</token>
<token t_id="474" sentence="19" number="19">than</token>
<token t_id="475" sentence="19" number="20">whites</token>
<token t_id="476" sentence="19" number="21">to</token>
<token t_id="477" sentence="19" number="22">oppose</token>
<token t_id="478" sentence="19" number="23">capital</token>
<token t_id="479" sentence="19" number="24">punishment</token>
<token t_id="480" sentence="19" number="25">.</token>
<token t_id="481" sentence="20" number="0">Eight</token>
<token t_id="482" sentence="20" number="1">of</token>
<token t_id="483" sentence="20" number="2">the</token>
<token t_id="484" sentence="20" number="3">jurors</token>
<token t_id="485" sentence="20" number="4">were</token>
<token t_id="486" sentence="20" number="5">black</token>
<token t_id="487" sentence="20" number="6">.</token>
<token t_id="488" sentence="21" number="0">The</token>
<token t_id="489" sentence="21" number="1">three</token>
<token t_id="490" sentence="21" number="2">who</token>
<token t_id="491" sentence="21" number="3">voted</token>
<token t_id="492" sentence="21" number="4">against</token>
<token t_id="493" sentence="21" number="5">the</token>
<token t_id="494" sentence="21" number="6">death</token>
<token t_id="495" sentence="21" number="7">penalty</token>
<token t_id="496" sentence="21" number="8">would</token>
<token t_id="497" sentence="21" number="9">not</token>
<token t_id="498" sentence="21" number="10">comment</token>
<token t_id="499" sentence="21" number="11">,</token>
<token t_id="500" sentence="21" number="12">but</token>
<token t_id="501" sentence="21" number="13">Howard</token>
<token t_id="502" sentence="21" number="14">said</token>
<token t_id="503" sentence="21" number="15">other</token>
<token t_id="504" sentence="21" number="16">jurors</token>
<token t_id="505" sentence="21" number="17">told</token>
<token t_id="506" sentence="21" number="18">him</token>
<token t_id="507" sentence="21" number="19">the</token>
<token t_id="508" sentence="21" number="20">three</token>
<token t_id="509" sentence="21" number="21">holdouts</token>
<token t_id="510" sentence="21" number="22">refused</token>
<token t_id="511" sentence="21" number="23">to</token>
<token t_id="512" sentence="21" number="24">deliberate</token>
<token t_id="513" sentence="21" number="25">.</token>
<token t_id="514" sentence="22" number="0">He</token>
<token t_id="515" sentence="22" number="1">said</token>
<token t_id="516" sentence="22" number="2">he</token>
<token t_id="517" sentence="22" number="3">was</token>
<token t_id="518" sentence="22" number="4">told</token>
<token t_id="519" sentence="22" number="5">that</token>
<token t_id="520" sentence="22" number="6">one</token>
<token t_id="521" sentence="22" number="7">was</token>
<token t_id="522" sentence="22" number="8">wearing</token>
<token t_id="523" sentence="22" number="9">headphones</token>
<token t_id="524" sentence="22" number="10">during</token>
<token t_id="525" sentence="22" number="11">the</token>
<token t_id="526" sentence="22" number="12">closed-door</token>
<token t_id="527" sentence="22" number="13">discussions</token>
<token t_id="528" sentence="22" number="14">this</token>
<token t_id="529" sentence="22" number="15">week</token>
<token t_id="530" sentence="22" number="16">.</token>
<token t_id="531" sentence="23" number="0">Two</token>
<token t_id="532" sentence="23" number="1">jurors</token>
<token t_id="533" sentence="23" number="2">who</token>
<token t_id="534" sentence="23" number="3">spoke</token>
<token t_id="535" sentence="23" number="4">at</token>
<token t_id="536" sentence="23" number="5">Howard</token>
<token t_id="537" sentence="23" number="6">'s</token>
<token t_id="538" sentence="23" number="7">news</token>
<token t_id="539" sentence="23" number="8">conference</token>
<token t_id="540" sentence="23" number="9">but</token>
<token t_id="541" sentence="23" number="10">declined</token>
<token t_id="542" sentence="23" number="11">to</token>
<token t_id="543" sentence="23" number="12">be</token>
<token t_id="544" sentence="23" number="13">identified</token>
<token t_id="545" sentence="23" number="14">said</token>
<token t_id="546" sentence="23" number="15">they</token>
<token t_id="547" sentence="23" number="16">worked</token>
<token t_id="548" sentence="23" number="17">hard</token>
<token t_id="549" sentence="23" number="18">to</token>
<token t_id="550" sentence="23" number="19">try</token>
<token t_id="551" sentence="23" number="20">to</token>
<token t_id="552" sentence="23" number="21">reach</token>
<token t_id="553" sentence="23" number="22">a</token>
<token t_id="554" sentence="23" number="23">verdict</token>
<token t_id="555" sentence="23" number="24">.</token>
<token t_id="556" sentence="24" number="0">``</token>
<token t_id="557" sentence="24" number="1">I</token>
<token t_id="558" sentence="24" number="2">believe</token>
<token t_id="559" sentence="24" number="3">Brian</token>
<token t_id="560" sentence="24" number="4">Nichols</token>
<token t_id="561" sentence="24" number="5">did</token>
<token t_id="562" sentence="24" number="6">not</token>
<token t_id="563" sentence="24" number="7">win</token>
<token t_id="564" sentence="24" number="8">.</token>
<token t_id="565" sentence="25" number="0">In</token>
<token t_id="566" sentence="25" number="1">his</token>
<token t_id="567" sentence="25" number="2">own</token>
<token t_id="568" sentence="25" number="3">words</token>
<token t_id="569" sentence="25" number="4">,</token>
<token t_id="570" sentence="25" number="5">he</token>
<token t_id="571" sentence="25" number="6">said</token>
<token t_id="572" sentence="25" number="7">it</token>
<token t_id="573" sentence="25" number="8">'s</token>
<token t_id="574" sentence="25" number="9">not</token>
<token t_id="575" sentence="25" number="10">his</token>
<token t_id="576" sentence="25" number="11">DNA</token>
<token t_id="577" sentence="25" number="12">to</token>
<token t_id="578" sentence="25" number="13">stay</token>
<token t_id="579" sentence="25" number="14">in</token>
<token t_id="580" sentence="25" number="15">jail</token>
<token t_id="581" sentence="25" number="16">,</token>
<token t_id="582" sentence="25" number="17">which</token>
<token t_id="583" sentence="25" number="18">is</token>
<token t_id="584" sentence="25" number="19">what</token>
<token t_id="585" sentence="25" number="20">he</token>
<token t_id="586" sentence="25" number="21">has</token>
<token t_id="587" sentence="25" number="22">to</token>
<token t_id="588" sentence="25" number="23">look</token>
<token t_id="589" sentence="25" number="24">forward</token>
<token t_id="590" sentence="25" number="25">to</token>
<token t_id="591" sentence="25" number="26">the</token>
<token t_id="592" sentence="25" number="27">rest</token>
<token t_id="593" sentence="25" number="28">of</token>
<token t_id="594" sentence="25" number="29">his</token>
<token t_id="595" sentence="25" number="30">life</token>
<token t_id="596" sentence="25" number="31">,</token>
<token t_id="597" sentence="25" number="32">''</token>
<token t_id="598" sentence="25" number="33">said</token>
<token t_id="599" sentence="25" number="34">Christina</token>
<token t_id="600" sentence="25" number="35">Greenway</token>
<token t_id="601" sentence="25" number="36">,</token>
<token t_id="602" sentence="25" number="37">daughter</token>
<token t_id="603" sentence="25" number="38">of</token>
<token t_id="604" sentence="25" number="39">slain</token>
<token t_id="605" sentence="25" number="40">court</token>
<token t_id="606" sentence="25" number="41">reporter</token>
<token t_id="607" sentence="25" number="42">Julie</token>
<token t_id="608" sentence="25" number="43">Ann</token>
<token t_id="609" sentence="25" number="44">Brandau</token>
<token t_id="610" sentence="25" number="45">.</token>
<token t_id="611" sentence="26" number="0">``</token>
<token t_id="612" sentence="26" number="1">I</token>
<token t_id="613" sentence="26" number="2">'m</token>
<token t_id="614" sentence="26" number="3">not</token>
<token t_id="615" sentence="26" number="4">disappointed</token>
<token t_id="616" sentence="26" number="5">and</token>
<token t_id="617" sentence="26" number="6">I</token>
<token t_id="618" sentence="26" number="7">have</token>
<token t_id="619" sentence="26" number="8">no</token>
<token t_id="620" sentence="26" number="9">regrets</token>
<token t_id="621" sentence="26" number="10">.</token>
<token t_id="622" sentence="26" number="11">''</token>
<token t_id="623" sentence="27" number="0">Nichols</token>
<token t_id="624" sentence="27" number="1">was</token>
<token t_id="625" sentence="27" number="2">being</token>
<token t_id="626" sentence="27" number="3">escorted</token>
<token t_id="627" sentence="27" number="4">to</token>
<token t_id="628" sentence="27" number="5">his</token>
<token t_id="629" sentence="27" number="6">trial</token>
<token t_id="630" sentence="27" number="7">for</token>
<token t_id="631" sentence="27" number="8">rape</token>
<token t_id="632" sentence="27" number="9">when</token>
<token t_id="633" sentence="27" number="10">he</token>
<token t_id="634" sentence="27" number="11">overpowered</token>
<token t_id="635" sentence="27" number="12">a</token>
<token t_id="636" sentence="27" number="13">deputy</token>
<token t_id="637" sentence="27" number="14">guarding</token>
<token t_id="638" sentence="27" number="15">him</token>
<token t_id="639" sentence="27" number="16">and</token>
<token t_id="640" sentence="27" number="17">stole</token>
<token t_id="641" sentence="27" number="18">her</token>
<token t_id="642" sentence="27" number="19">gun</token>
<token t_id="643" sentence="27" number="20">.</token>
<token t_id="644" sentence="28" number="0">He</token>
<token t_id="645" sentence="28" number="1">burst</token>
<token t_id="646" sentence="28" number="2">into</token>
<token t_id="647" sentence="28" number="3">the</token>
<token t_id="648" sentence="28" number="4">courtroom</token>
<token t_id="649" sentence="28" number="5">and</token>
<token t_id="650" sentence="28" number="6">shot</token>
<token t_id="651" sentence="28" number="7">and</token>
<token t_id="652" sentence="28" number="8">killed</token>
<token t_id="653" sentence="28" number="9">Superior</token>
<token t_id="654" sentence="28" number="10">Court</token>
<token t_id="655" sentence="28" number="11">Judge</token>
<token t_id="656" sentence="28" number="12">Rowland</token>
<token t_id="657" sentence="28" number="13">Barnes</token>
<token t_id="658" sentence="28" number="14">,</token>
<token t_id="659" sentence="28" number="15">Brandau</token>
<token t_id="660" sentence="28" number="16">and</token>
<token t_id="661" sentence="28" number="17">sheriff</token>
<token t_id="662" sentence="28" number="18">'s</token>
<token t_id="663" sentence="28" number="19">Deputy</token>
<token t_id="664" sentence="28" number="20">Hoyt</token>
<token t_id="665" sentence="28" number="21">Teasley</token>
<token t_id="666" sentence="28" number="22">.</token>
<token t_id="667" sentence="29" number="0">He</token>
<token t_id="668" sentence="29" number="1">fled</token>
<token t_id="669" sentence="29" number="2">downtown</token>
<token t_id="670" sentence="29" number="3">Atlanta</token>
<token t_id="671" sentence="29" number="4">and</token>
<token t_id="672" sentence="29" number="5">managed</token>
<token t_id="673" sentence="29" number="6">to</token>
<token t_id="674" sentence="29" number="7">evade</token>
<token t_id="675" sentence="29" number="8">hundreds</token>
<token t_id="676" sentence="29" number="9">of</token>
<token t_id="677" sentence="29" number="10">police</token>
<token t_id="678" sentence="29" number="11">officers</token>
<token t_id="679" sentence="29" number="12">searching</token>
<token t_id="680" sentence="29" number="13">for</token>
<token t_id="681" sentence="29" number="14">him</token>
<token t_id="682" sentence="29" number="15">overnight</token>
<token t_id="683" sentence="29" number="16">.</token>
<token t_id="684" sentence="30" number="0">In</token>
<token t_id="685" sentence="30" number="1">Atlanta</token>
<token t_id="686" sentence="30" number="2">'s</token>
<token t_id="687" sentence="30" number="3">posh</token>
<token t_id="688" sentence="30" number="4">Buckhead</token>
<token t_id="689" sentence="30" number="5">neighborhood</token>
<token t_id="690" sentence="30" number="6">,</token>
<token t_id="691" sentence="30" number="7">he</token>
<token t_id="692" sentence="30" number="8">shot</token>
<token t_id="693" sentence="30" number="9">and</token>
<token t_id="694" sentence="30" number="10">killed</token>
<token t_id="695" sentence="30" number="11">federal</token>
<token t_id="696" sentence="30" number="12">agent</token>
<token t_id="697" sentence="30" number="13">David</token>
<token t_id="698" sentence="30" number="14">Wilhelm</token>
<token t_id="699" sentence="30" number="15">at</token>
<token t_id="700" sentence="30" number="16">a</token>
<token t_id="701" sentence="30" number="17">house</token>
<token t_id="702" sentence="30" number="18">the</token>
<token t_id="703" sentence="30" number="19">agent</token>
<token t_id="704" sentence="30" number="20">was</token>
<token t_id="705" sentence="30" number="21">renovating</token>
<token t_id="706" sentence="30" number="22">.</token>
<token t_id="707" sentence="31" number="0">Death</token>
<token t_id="708" sentence="31" number="1">penalty</token>
<token t_id="709" sentence="31" number="2">experts</token>
<token t_id="710" sentence="31" number="3">said</token>
<token t_id="711" sentence="31" number="4">the</token>
<token t_id="712" sentence="31" number="5">Nichols</token>
<token t_id="713" sentence="31" number="6">verdict</token>
<token t_id="714" sentence="31" number="7">shows</token>
<token t_id="715" sentence="31" number="8">there</token>
<token t_id="716" sentence="31" number="9">'s</token>
<token t_id="717" sentence="31" number="10">no</token>
<token t_id="718" sentence="31" number="11">telling</token>
<token t_id="719" sentence="31" number="12">what</token>
<token t_id="720" sentence="31" number="13">will</token>
<token t_id="721" sentence="31" number="14">happen</token>
<token t_id="722" sentence="31" number="15">when</token>
<token t_id="723" sentence="31" number="16">a</token>
<token t_id="724" sentence="31" number="17">jury</token>
<token t_id="725" sentence="31" number="18">is</token>
<token t_id="726" sentence="31" number="19">asked</token>
<token t_id="727" sentence="31" number="20">to</token>
<token t_id="728" sentence="31" number="21">settle</token>
<token t_id="729" sentence="31" number="22">a</token>
<token t_id="730" sentence="31" number="23">capital</token>
<token t_id="731" sentence="31" number="24">case</token>
<token t_id="732" sentence="31" number="25">.</token>
<token t_id="733" sentence="32" number="0">``</token>
<token t_id="734" sentence="32" number="1">It</token>
<token t_id="735" sentence="32" number="2">'s</token>
<token t_id="736" sentence="32" number="3">very</token>
<token t_id="737" sentence="32" number="4">hard</token>
<token t_id="738" sentence="32" number="5">for</token>
<token t_id="739" sentence="32" number="6">12</token>
<token t_id="740" sentence="32" number="7">people</token>
<token t_id="741" sentence="32" number="8">to</token>
<token t_id="742" sentence="32" number="9">sit</token>
<token t_id="743" sentence="32" number="10">down</token>
<token t_id="744" sentence="32" number="11">around</token>
<token t_id="745" sentence="32" number="12">the</token>
<token t_id="746" sentence="32" number="13">table</token>
<token t_id="747" sentence="32" number="14">to</token>
<token t_id="748" sentence="32" number="15">make</token>
<token t_id="749" sentence="32" number="16">a</token>
<token t_id="750" sentence="32" number="17">decision</token>
<token t_id="751" sentence="32" number="18">to</token>
<token t_id="752" sentence="32" number="19">put</token>
<token t_id="753" sentence="32" number="20">another</token>
<token t_id="754" sentence="32" number="21">human</token>
<token t_id="755" sentence="32" number="22">being</token>
<token t_id="756" sentence="32" number="23">to</token>
<token t_id="757" sentence="32" number="24">death</token>
<token t_id="758" sentence="32" number="25">,</token>
<token t_id="759" sentence="32" number="26">''</token>
<token t_id="760" sentence="32" number="27">said</token>
<token t_id="761" sentence="32" number="28">Stephen</token>
<token t_id="762" sentence="32" number="29">Bright</token>
<token t_id="763" sentence="32" number="30">,</token>
<token t_id="764" sentence="32" number="31">a</token>
<token t_id="765" sentence="32" number="32">Yale</token>
<token t_id="766" sentence="32" number="33">Law</token>
<token t_id="767" sentence="32" number="34">School</token>
<token t_id="768" sentence="32" number="35">lecturer</token>
<token t_id="769" sentence="32" number="36">and</token>
<token t_id="770" sentence="32" number="37">a</token>
<token t_id="771" sentence="32" number="38">veteran</token>
<token t_id="772" sentence="32" number="39">capital</token>
<token t_id="773" sentence="32" number="40">defense</token>
<token t_id="774" sentence="32" number="41">attorney</token>
<token t_id="775" sentence="32" number="42">.</token>
<token t_id="776" sentence="33" number="0">Nichols</token>
<token t_id="777" sentence="33" number="1">,</token>
<token t_id="778" sentence="33" number="2">who</token>
<token t_id="779" sentence="33" number="3">argued</token>
<token t_id="780" sentence="33" number="4">he</token>
<token t_id="781" sentence="33" number="5">was</token>
<token t_id="782" sentence="33" number="6">insane</token>
<token t_id="783" sentence="33" number="7">when</token>
<token t_id="784" sentence="33" number="8">he</token>
<token t_id="785" sentence="33" number="9">carried</token>
<token t_id="786" sentence="33" number="10">out</token>
<token t_id="787" sentence="33" number="11">the</token>
<token t_id="788" sentence="33" number="12">killings</token>
<token t_id="789" sentence="33" number="13">,</token>
<token t_id="790" sentence="33" number="14">spoke</token>
<token t_id="791" sentence="33" number="15">for</token>
<token t_id="792" sentence="33" number="16">the</token>
<token t_id="793" sentence="33" number="17">first</token>
<token t_id="794" sentence="33" number="18">time</token>
<token t_id="795" sentence="33" number="19">in</token>
<token t_id="796" sentence="33" number="20">court</token>
<token t_id="797" sentence="33" number="21">on</token>
<token t_id="798" sentence="33" number="22">Saturday</token>
<token t_id="799" sentence="33" number="23">as</token>
<token t_id="800" sentence="33" number="24">relatives</token>
<token t_id="801" sentence="33" number="25">of</token>
<token t_id="802" sentence="33" number="26">the</token>
<token t_id="803" sentence="33" number="27">victims</token>
<token t_id="804" sentence="33" number="28">'</token>
<token t_id="805" sentence="33" number="29">families</token>
<token t_id="806" sentence="33" number="30">quietly</token>
<token t_id="807" sentence="33" number="31">wept</token>
<token t_id="808" sentence="33" number="32">.</token>
<token t_id="809" sentence="34" number="0">``</token>
<token t_id="810" sentence="34" number="1">I</token>
<token t_id="811" sentence="34" number="2">just</token>
<token t_id="812" sentence="34" number="3">wanted</token>
<token t_id="813" sentence="34" number="4">to</token>
<token t_id="814" sentence="34" number="5">say</token>
<token t_id="815" sentence="34" number="6">that</token>
<token t_id="816" sentence="34" number="7">I</token>
<token t_id="817" sentence="34" number="8">know</token>
<token t_id="818" sentence="34" number="9">that</token>
<token t_id="819" sentence="34" number="10">the</token>
<token t_id="820" sentence="34" number="11">things</token>
<token t_id="821" sentence="34" number="12">I</token>
<token t_id="822" sentence="34" number="13">'ve</token>
<token t_id="823" sentence="34" number="14">done</token>
<token t_id="824" sentence="34" number="15">caused</token>
<token t_id="825" sentence="34" number="16">a</token>
<token t_id="826" sentence="34" number="17">lot</token>
<token t_id="827" sentence="34" number="18">of</token>
<token t_id="828" sentence="34" number="19">pain</token>
<token t_id="829" sentence="34" number="20">and</token>
<token t_id="830" sentence="34" number="21">I</token>
<token t_id="831" sentence="34" number="22">'m</token>
<token t_id="832" sentence="34" number="23">sorry</token>
<token t_id="833" sentence="34" number="24">,</token>
<token t_id="834" sentence="34" number="25">''</token>
<token t_id="835" sentence="34" number="26">he</token>
<token t_id="836" sentence="34" number="27">said</token>
<token t_id="837" sentence="34" number="28">.</token>
<token t_id="838" sentence="35" number="0">``</token>
<token t_id="839" sentence="35" number="1">And</token>
<token t_id="840" sentence="35" number="2">I</token>
<token t_id="841" sentence="35" number="3">just</token>
<token t_id="842" sentence="35" number="4">wanted</token>
<token t_id="843" sentence="35" number="5">to</token>
<token t_id="844" sentence="35" number="6">say</token>
<token t_id="845" sentence="35" number="7">that</token>
<token t_id="846" sentence="35" number="8">I</token>
<token t_id="847" sentence="35" number="9">will</token>
<token t_id="848" sentence="35" number="10">not</token>
<token t_id="849" sentence="35" number="11">bring</token>
<token t_id="850" sentence="35" number="12">dishonor</token>
<token t_id="851" sentence="35" number="13">to</token>
<token t_id="852" sentence="35" number="14">the</token>
<token t_id="853" sentence="35" number="15">decision</token>
<token t_id="854" sentence="35" number="16">to</token>
<token t_id="855" sentence="35" number="17">spare</token>
<token t_id="856" sentence="35" number="18">my</token>
<token t_id="857" sentence="35" number="19">life</token>
<token t_id="858" sentence="35" number="20">.</token>
<token t_id="859" sentence="36" number="0">That</token>
<token t_id="860" sentence="36" number="1">'s</token>
<token t_id="861" sentence="36" number="2">it</token>
<token t_id="862" sentence="36" number="3">.</token>
<token t_id="863" sentence="36" number="4">''</token>
<token t_id="864" sentence="37" number="0">The</token>
<token t_id="865" sentence="37" number="1">judge</token>
<token t_id="866" sentence="37" number="2">had</token>
<token t_id="867" sentence="37" number="3">advice</token>
<token t_id="868" sentence="37" number="4">for</token>
<token t_id="869" sentence="37" number="5">anyone</token>
<token t_id="870" sentence="37" number="6">who</token>
<token t_id="871" sentence="37" number="7">deals</token>
<token t_id="872" sentence="37" number="8">with</token>
<token t_id="873" sentence="37" number="9">Nichols</token>
<token t_id="874" sentence="37" number="10">in</token>
<token t_id="875" sentence="37" number="11">the</token>
<token t_id="876" sentence="37" number="12">future:</token>
<token t_id="877" sentence="38" number="0">``</token>
<token t_id="878" sentence="38" number="1">Do</token>
<token t_id="879" sentence="38" number="2">not</token>
<token t_id="880" sentence="38" number="3">trust</token>
<token t_id="881" sentence="38" number="4">Mr.</token>
<token t_id="882" sentence="38" number="5">Nichols</token>
<token t_id="883" sentence="38" number="6">ever</token>
<token t_id="884" sentence="38" number="7">again</token>
<token t_id="885" sentence="38" number="8">.</token>
<token t_id="886" sentence="39" number="0">Ever</token>
<token t_id="887" sentence="39" number="1">again</token>
<token t_id="888" sentence="39" number="2">.</token>
<token t_id="889" sentence="40" number="0">Because</token>
<token t_id="890" sentence="40" number="1">he</token>
<token t_id="891" sentence="40" number="2">can</token>
<token t_id="892" sentence="40" number="3">not</token>
<token t_id="893" sentence="40" number="4">be</token>
<token t_id="894" sentence="40" number="5">trusted</token>
<token t_id="895" sentence="40" number="6">.</token>
<token t_id="896" sentence="40" number="7">''</token>
<Markables>
<ACTION_OCCURRENCE m_id="15"  >
  <token_anchor t_id="9"/>
</ACTION_OCCURRENCE>
<ACTION_OCCURRENCE m_id="18"  >
  <token_anchor t_id="18"/>
</ACTION_OCCURRENCE>
<ACTION_OCCURRENCE m_id="19"  >
  <token_anchor t_id="25"/>
</ACTION_OCCURRENCE>
<ACTION_OCCURRENCE m_id="20"  >
  <token_anchor t_id="27"/>
</ACTION_OCCURRENCE>
<HUMAN_PART_PER m_id="16"  >
  <token_anchor t_id="16"/>
</HUMAN_PART_PER>
<HUMAN_PART_PER m_id="17"  >
  <token_anchor t_id="20"/>
</HUMAN_PART_PER>
<LOC_FAC m_id="22"  >
  <token_anchor t_id="30"/>
</LOC_FAC>
<NON_HUMAN_PART m_id="24"  >
  <token_anchor t_id="32"/>
  <token_anchor t_id="33"/>
  <token_anchor t_id="34"/>
</NON_HUMAN_PART>
<TIME_DATE m_id="21"  >
  <token_anchor t_id="28"/>
</TIME_DATE>
<TIME_DURATION m_id="23"  >
  <token_anchor t_id="36"/>
  <token_anchor t_id="37"/>
  <token_anchor t_id="38"/>
</TIME_DURATION>
<TIME_DURATION m_id="14"  >
  <token_anchor t_id="4"/>
  <token_anchor t_id="5"/>
</TIME_DURATION>




<ACTION_OCCURRENCE m_id="31" RELATED_TO="" TAG_DESCRIPTOR="t3b_killed_four_people" instance_id="ACT16364016827612111" />
<NON_HUMAN_PART m_id="30" RELATED_TO="" TAG_DESCRIPTOR="t3b_life_sentences" instance_id="NON16364101653183219" />
<ACTION_OCCURRENCE m_id="29" RELATED_TO="" TAG_DESCRIPTOR="t3b_escape_courthouse" instance_id="ACT16363908220350960" />
<TIME_DATE m_id="28" RELATED_TO="" TAG_DESCRIPTOR="t3b_saturday" instance_id="TIM17394005099245792" />
<HUMAN_PART_PER m_id="27" RELATED_TO="" TAG_DESCRIPTOR="t3b_victims" instance_id="HUM17394193276401793" />
<HUMAN_PART_PER m_id="26" RELATED_TO="" TAG_DESCRIPTOR="t3b_nichols" instance_id="HUM16363941427037066" />
<ACTION_OCCURRENCE m_id="25" RELATED_TO="" TAG_DESCRIPTOR="t3b_judge_gave_life_sentence" instance_id="ACT16364140299507831" />
</Markables>

<Relations>
<CROSS_DOC_COREF r_id="32501" note="ACT16364140299507831" >
  <source m_id="20" />
  <target m_id="25" />
</CROSS_DOC_COREF>
<CROSS_DOC_COREF r_id="32502" note="HUM16363941427037066" >
  <source m_id="16" />
  <target m_id="26" />
</CROSS_DOC_COREF>
<CROSS_DOC_COREF r_id="32503" note="HUM17394193276401793" >
  <source m_id="17" />
  <target m_id="27" />
</CROSS_DOC_COREF>
<CROSS_DOC_COREF r_id="32504" note="TIM17394005099245792" >
  <source m_id="21" />
  <target m_id="28" />
</CROSS_DOC_COREF>
<CROSS_DOC_COREF r_id="32505" note="ACT16363908220350960" >
  <source m_id="19" />
  <target m_id="29" />
</CROSS_DOC_COREF>
<CROSS_DOC_COREF r_id="32506" note="NON16364101653183219" >
  <source m_id="24" />
  <target m_id="30" />
</CROSS_DOC_COREF>
<CROSS_DOC_COREF r_id="32507" note="ACT16364016827612111" >
  <source m_id="18" />
  <target m_id="31" />
</CROSS_DOC_COREF>

</Relations>
</Document>
