<Document doc_name="3_2ecbplus.xml" doc_id="DOC15645974617091705">
<token t_id="1" sentence="0" number="0">http</token>
<token t_id="2" sentence="0" number="1">:</token>
<token t_id="3" sentence="0" number="2">/</token>
<token t_id="4" sentence="0" number="3">/</token>
<token t_id="5" sentence="0" number="4">abcnews</token>
<token t_id="6" sentence="0" number="5">.</token>
<token t_id="7" sentence="0" number="6">go</token>
<token t_id="8" sentence="0" number="7">.</token>
<token t_id="9" sentence="0" number="8">com</token>
<token t_id="10" sentence="0" number="9">/</token>
<token t_id="11" sentence="0" number="10">US</token>
<token t_id="12" sentence="0" number="11">/</token>
<token t_id="13" sentence="0" number="12">convicted</token>
<token t_id="14" sentence="0" number="13">-</token>
<token t_id="15" sentence="0" number="14">child</token>
<token t_id="16" sentence="0" number="15">-</token>
<token t_id="17" sentence="0" number="16">molester</token>
<token t_id="18" sentence="0" number="17">-</token>
<token t_id="19" sentence="0" number="18">arcade</token>
<token t_id="20" sentence="0" number="19">-</token>
<token t_id="21" sentence="0" number="20">joseph</token>
<token t_id="22" sentence="0" number="21">-</token>
<token t_id="23" sentence="0" number="22">comeaux</token>
<token t_id="24" sentence="0" number="23">-</token>
<token t_id="25" sentence="0" number="24">jr</token>
<token t_id="26" sentence="0" number="25">-</token>
<token t_id="27" sentence="0" number="26">loose</token>
<token t_id="28" sentence="0" number="27">/</token>
<token t_id="29" sentence="0" number="28">story</token>
<token t_id="30" sentence="0" number="29">?</token>
<token t_id="31" sentence="0" number="30">id=9208916</token>
<token t_id="32" sentence="1" number="0">Convicted</token>
<token t_id="33" sentence="1" number="1">Child</token>
<token t_id="34" sentence="1" number="2">Molestor</token>
<token t_id="35" sentence="1" number="3">Arcade</token>
<token t_id="36" sentence="1" number="4">Joseph</token>
<token t_id="37" sentence="1" number="5">Comeaux</token>
<token t_id="38" sentence="1" number="6">Jr</token>
<token t_id="39" sentence="1" number="7">.</token>
<token t_id="40" sentence="1" number="8">On</token>
<token t_id="41" sentence="1" number="9">The</token>
<token t_id="42" sentence="1" number="10">Lam</token>
<token t_id="43" sentence="1" number="11">in</token>
<token t_id="44" sentence="1" number="12">Texas</token>
<token t_id="45" sentence="2" number="0">Nov</token>
<token t_id="46" sentence="2" number="1">.</token>
<token t_id="47" sentence="2" number="2">30</token>
<token t_id="48" sentence="2" number="3">,</token>
<token t_id="49" sentence="2" number="4">2009</token>
<token t_id="50" sentence="3" number="0">A</token>
<token t_id="51" sentence="3" number="1">convicted</token>
<token t_id="52" sentence="3" number="2">child</token>
<token t_id="53" sentence="3" number="3">molester</token>
<token t_id="54" sentence="3" number="4">who</token>
<token t_id="55" sentence="3" number="5">was</token>
<token t_id="56" sentence="3" number="6">supposedly</token>
<token t_id="57" sentence="3" number="7">confined</token>
<token t_id="58" sentence="3" number="8">to</token>
<token t_id="59" sentence="3" number="9">a</token>
<token t_id="60" sentence="3" number="10">wheelchair</token>
<token t_id="61" sentence="3" number="11">overpowered</token>
<token t_id="62" sentence="3" number="12">two</token>
<token t_id="63" sentence="3" number="13">prison</token>
<token t_id="64" sentence="3" number="14">guards</token>
<token t_id="65" sentence="3" number="15">today</token>
<token t_id="66" sentence="3" number="16">,</token>
<token t_id="67" sentence="3" number="17">handcuffed</token>
<token t_id="68" sentence="3" number="18">them</token>
<token t_id="69" sentence="3" number="19">,</token>
<token t_id="70" sentence="3" number="20">stole</token>
<token t_id="71" sentence="3" number="21">their</token>
<token t_id="72" sentence="3" number="22">weapons</token>
<token t_id="73" sentence="3" number="23">and</token>
<token t_id="74" sentence="3" number="24">walked</token>
<token t_id="75" sentence="3" number="25">off</token>
<token t_id="76" sentence="3" number="26">wearing</token>
<token t_id="77" sentence="3" number="27">one</token>
<token t_id="78" sentence="3" number="28">of</token>
<token t_id="79" sentence="3" number="29">their</token>
<token t_id="80" sentence="3" number="30">uniforms</token>
<token t_id="81" sentence="3" number="31">.</token>
<token t_id="82" sentence="4" number="0">Arcade</token>
<token t_id="83" sentence="4" number="1">Joseph</token>
<token t_id="84" sentence="4" number="2">Comeaux</token>
<token t_id="85" sentence="4" number="3">Jr</token>
<token t_id="86" sentence="4" number="4">.</token>
<token t_id="87" sentence="4" number="5">,</token>
<token t_id="88" sentence="4" number="6">49</token>
<token t_id="89" sentence="4" number="7">,</token>
<token t_id="90" sentence="4" number="8">is</token>
<token t_id="91" sentence="4" number="9">serving</token>
<token t_id="92" sentence="4" number="10">a</token>
<token t_id="93" sentence="4" number="11">life</token>
<token t_id="94" sentence="4" number="12">sentence</token>
<token t_id="95" sentence="4" number="13">for</token>
<token t_id="96" sentence="4" number="14">several</token>
<token t_id="97" sentence="4" number="15">charges</token>
<token t_id="98" sentence="4" number="16">–</token>
<token t_id="99" sentence="4" number="17">including</token>
<token t_id="100" sentence="4" number="18">indecency</token>
<token t_id="101" sentence="4" number="19">with</token>
<token t_id="102" sentence="4" number="20">a</token>
<token t_id="103" sentence="4" number="21">child</token>
<token t_id="104" sentence="4" number="22">–</token>
<token t_id="105" sentence="4" number="23">and</token>
<token t_id="106" sentence="4" number="24">was</token>
<token t_id="107" sentence="4" number="25">en</token>
<token t_id="108" sentence="4" number="26">route</token>
<token t_id="109" sentence="4" number="27">from</token>
<token t_id="110" sentence="4" number="28">the</token>
<token t_id="111" sentence="4" number="29">Estelle</token>
<token t_id="112" sentence="4" number="30">Unit</token>
<token t_id="113" sentence="4" number="31">in</token>
<token t_id="114" sentence="4" number="32">Huntsville</token>
<token t_id="115" sentence="4" number="33">,</token>
<token t_id="116" sentence="4" number="34">Texas</token>
<token t_id="117" sentence="4" number="35">,</token>
<token t_id="118" sentence="4" number="36">to</token>
<token t_id="119" sentence="4" number="37">the</token>
<token t_id="120" sentence="4" number="38">Stiles</token>
<token t_id="121" sentence="4" number="39">Unit</token>
<token t_id="122" sentence="4" number="40">in</token>
<token t_id="123" sentence="4" number="41">Beaumont</token>
<token t_id="124" sentence="4" number="42">,</token>
<token t_id="125" sentence="4" number="43">Texas</token>
<token t_id="126" sentence="4" number="44">,</token>
<token t_id="127" sentence="4" number="45">when</token>
<token t_id="128" sentence="4" number="46">he</token>
<token t_id="129" sentence="4" number="47">escaped</token>
<token t_id="130" sentence="4" number="48">just</token>
<token t_id="131" sentence="4" number="49">after</token>
<token t_id="132" sentence="4" number="50">9</token>
<token t_id="133" sentence="4" number="51">a</token>
<token t_id="134" sentence="4" number="52">.</token>
<token t_id="135" sentence="4" number="53">m</token>
<token t_id="136" sentence="4" number="54">.</token>
<token t_id="137" sentence="5" number="0">Lyons</token>
<token t_id="138" sentence="5" number="1">said</token>
<token t_id="139" sentence="5" number="2">that</token>
<token t_id="140" sentence="5" number="3">Comeaux</token>
<token t_id="141" sentence="5" number="4">used</token>
<token t_id="142" sentence="5" number="5">a</token>
<token t_id="143" sentence="5" number="6">wheelchair</token>
<token t_id="144" sentence="5" number="7">in</token>
<token t_id="145" sentence="5" number="8">prison</token>
<token t_id="146" sentence="5" number="9">–</token>
<token t_id="147" sentence="5" number="10">he</token>
<token t_id="148" sentence="5" number="11">"claimed</token>
<token t_id="149" sentence="5" number="12">it</token>
<token t_id="150" sentence="5" number="13">was</token>
<token t_id="151" sentence="5" number="14">necessary</token>
<token t_id="152" sentence="5" number="15">for</token>
<token t_id="153" sentence="5" number="16">his</token>
<token t_id="154" sentence="5" number="17">mobility"</token>
<token t_id="155" sentence="5" number="18">–</token>
<token t_id="156" sentence="5" number="19">and</token>
<token t_id="157" sentence="5" number="20">added</token>
<token t_id="158" sentence="5" number="21">,</token>
<token t_id="159" sentence="5" number="22">"Since</token>
<token t_id="160" sentence="5" number="23">he</token>
<token t_id="161" sentence="5" number="24">fled</token>
<token t_id="162" sentence="5" number="25">on</token>
<token t_id="163" sentence="5" number="26">foot</token>
<token t_id="164" sentence="5" number="27">,</token>
<token t_id="165" sentence="5" number="28">that's</token>
<token t_id="166" sentence="5" number="29">obviously</token>
<token t_id="167" sentence="5" number="30">in</token>
<token t_id="168" sentence="5" number="31">question</token>
<token t_id="169" sentence="5" number="32">.</token>
<token t_id="170" sentence="5" number="33">"</token>
<token t_id="171" sentence="6" number="0">Described</token>
<token t_id="172" sentence="6" number="1">as</token>
<token t_id="173" sentence="6" number="2">a</token>
<token t_id="174" sentence="6" number="3">6</token>
<token t_id="175" sentence="6" number="4">-</token>
<token t_id="176" sentence="6" number="5">feet</token>
<token t_id="177" sentence="6" number="6">tall</token>
<token t_id="178" sentence="6" number="7">and</token>
<token t_id="179" sentence="6" number="8">weighing</token>
<token t_id="180" sentence="6" number="9">approximately</token>
<token t_id="181" sentence="6" number="10">200</token>
<token t_id="182" sentence="6" number="11">pounds</token>
<token t_id="183" sentence="6" number="12">,</token>
<token t_id="184" sentence="6" number="13">Lyons</token>
<token t_id="185" sentence="6" number="14">warned</token>
<token t_id="186" sentence="6" number="15">that</token>
<token t_id="187" sentence="6" number="16">Comeaux</token>
<token t_id="188" sentence="6" number="17">knows</token>
<token t_id="189" sentence="6" number="18">the</token>
<token t_id="190" sentence="6" number="19">area</token>
<token t_id="191" sentence="6" number="20">where</token>
<token t_id="192" sentence="6" number="21">he</token>
<token t_id="193" sentence="6" number="22">escaped</token>
<token t_id="194" sentence="6" number="23">well</token>
<token t_id="195" sentence="6" number="24">and</token>
<token t_id="196" sentence="6" number="25">could</token>
<token t_id="197" sentence="6" number="26">have</token>
<token t_id="198" sentence="6" number="27">family</token>
<token t_id="199" sentence="6" number="28">nearby</token>
<token t_id="200" sentence="6" number="29">.</token>
<token t_id="201" sentence="7" number="0">He</token>
<token t_id="202" sentence="7" number="1">initially</token>
<token t_id="203" sentence="7" number="2">was</token>
<token t_id="204" sentence="7" number="3">imprisoned</token>
<token t_id="205" sentence="7" number="4">on</token>
<token t_id="206" sentence="7" number="5">February</token>
<token t_id="207" sentence="7" number="6">1979</token>
<token t_id="208" sentence="7" number="7">on</token>
<token t_id="209" sentence="7" number="8">three</token>
<token t_id="210" sentence="7" number="9">10</token>
<token t_id="211" sentence="7" number="10">-</token>
<token t_id="212" sentence="7" number="11">year</token>
<token t_id="213" sentence="7" number="12">sentences</token>
<token t_id="214" sentence="7" number="13">for</token>
<token t_id="215" sentence="7" number="14">rape</token>
<token t_id="216" sentence="7" number="15">of</token>
<token t_id="217" sentence="7" number="16">a</token>
<token t_id="218" sentence="7" number="17">child</token>
<token t_id="219" sentence="7" number="18">,</token>
<token t_id="220" sentence="7" number="19">aggravated</token>
<token t_id="221" sentence="7" number="20">rape</token>
<token t_id="222" sentence="7" number="21">of</token>
<token t_id="223" sentence="7" number="22">a</token>
<token t_id="224" sentence="7" number="23">child</token>
<token t_id="225" sentence="7" number="24">,</token>
<token t_id="226" sentence="7" number="25">and</token>
<token t_id="227" sentence="7" number="26">burglary</token>
<token t_id="228" sentence="7" number="27">of</token>
<token t_id="229" sentence="7" number="28">a</token>
<token t_id="230" sentence="7" number="29">building</token>
<token t_id="231" sentence="7" number="30">with</token>
<token t_id="232" sentence="7" number="31">the</token>
<token t_id="233" sentence="7" number="32">intent</token>
<token t_id="234" sentence="7" number="33">to</token>
<token t_id="235" sentence="7" number="34">commit</token>
<token t_id="236" sentence="7" number="35">theft</token>
<token t_id="237" sentence="7" number="36">.</token>
<token t_id="238" sentence="8" number="0">His</token>
<token t_id="239" sentence="8" number="1">supervision</token>
<token t_id="240" sentence="8" number="2">was</token>
<token t_id="241" sentence="8" number="3">revoked</token>
<token t_id="242" sentence="8" number="4">and</token>
<token t_id="243" sentence="8" number="5">he</token>
<token t_id="244" sentence="8" number="6">returned</token>
<token t_id="245" sentence="8" number="7">to</token>
<token t_id="246" sentence="8" number="8">prison</token>
<token t_id="247" sentence="8" number="9">in</token>
<token t_id="248" sentence="8" number="10">May</token>
<token t_id="249" sentence="8" number="11">1984</token>
<token t_id="250" sentence="8" number="12">with</token>
<token t_id="251" sentence="8" number="13">a</token>
<token t_id="252" sentence="8" number="14">new</token>
<token t_id="253" sentence="8" number="15">charge</token>
<token t_id="254" sentence="8" number="16">of</token>
<token t_id="255" sentence="8" number="17">indecency</token>
<token t_id="256" sentence="8" number="18">with</token>
<token t_id="257" sentence="8" number="19">a</token>
<token t_id="258" sentence="8" number="20">child</token>
<token t_id="259" sentence="8" number="21">,</token>
<token t_id="260" sentence="8" number="22">given</token>
<token t_id="261" sentence="8" number="23">a</token>
<token t_id="262" sentence="8" number="24">new</token>
<token t_id="263" sentence="8" number="25">20</token>
<token t_id="264" sentence="8" number="26">year</token>
<token t_id="265" sentence="8" number="27">sentence</token>
<token t_id="266" sentence="8" number="28">.</token>
<token t_id="267" sentence="9" number="0">Between</token>
<token t_id="268" sentence="9" number="1">1991</token>
<token t_id="269" sentence="9" number="2">and</token>
<token t_id="270" sentence="9" number="3">1998</token>
<token t_id="271" sentence="9" number="4">,</token>
<token t_id="272" sentence="9" number="5">Comeaux</token>
<token t_id="273" sentence="9" number="6">was</token>
<token t_id="274" sentence="9" number="7">in</token>
<token t_id="275" sentence="9" number="8">and</token>
<token t_id="276" sentence="9" number="9">out</token>
<token t_id="277" sentence="9" number="10">of</token>
<token t_id="278" sentence="9" number="11">prison</token>
<token t_id="279" sentence="9" number="12">on</token>
<token t_id="280" sentence="9" number="13">parole</token>
<token t_id="281" sentence="9" number="14">violations</token>
<token t_id="282" sentence="9" number="15">until</token>
<token t_id="283" sentence="9" number="16">he</token>
<token t_id="284" sentence="9" number="17">finally</token>
<token t_id="285" sentence="9" number="18">returned</token>
<token t_id="286" sentence="9" number="19">to</token>
<token t_id="287" sentence="9" number="20">prison</token>
<token t_id="288" sentence="9" number="21">in</token>
<token t_id="289" sentence="9" number="22">June</token>
<token t_id="290" sentence="9" number="23">1999</token>
<token t_id="291" sentence="9" number="24">to</token>
<token t_id="292" sentence="9" number="25">serve</token>
<token t_id="293" sentence="9" number="26">a</token>
<token t_id="294" sentence="9" number="27">life</token>
<token t_id="295" sentence="9" number="28">sentence</token>
<token t_id="296" sentence="9" number="29">for</token>
<token t_id="297" sentence="9" number="30">aggravated</token>
<token t_id="298" sentence="9" number="31">sexual</token>
<token t_id="299" sentence="9" number="32">assault</token>
<token t_id="300" sentence="9" number="33">.</token>
<token t_id="301" sentence="10" number="0">In</token>
<token t_id="302" sentence="10" number="1">1999</token>
<token t_id="303" sentence="10" number="2">,</token>
<token t_id="304" sentence="10" number="3">Comeaux</token>
<token t_id="305" sentence="10" number="4">stabbed</token>
<token t_id="306" sentence="10" number="5">his</token>
<token t_id="307" sentence="10" number="6">wife</token>
<token t_id="308" sentence="10" number="7">during</token>
<token t_id="309" sentence="10" number="8">a</token>
<token t_id="310" sentence="10" number="9">visit</token>
<token t_id="311" sentence="10" number="10">,</token>
<token t_id="312" sentence="10" number="11">using</token>
<token t_id="313" sentence="10" number="12">his</token>
<token t_id="314" sentence="10" number="13">wheelchair</token>
<token t_id="315" sentence="10" number="14">to</token>
<token t_id="316" sentence="10" number="15">pin</token>
<token t_id="317" sentence="10" number="16">her</token>
<token t_id="318" sentence="10" number="17">against</token>
<token t_id="319" sentence="10" number="18">a</token>
<token t_id="320" sentence="10" number="19">wall</token>
<token t_id="321" sentence="10" number="20">while</token>
<token t_id="322" sentence="10" number="21">he</token>
<token t_id="323" sentence="10" number="22">stabbed</token>
<token t_id="324" sentence="10" number="23">her</token>
<token t_id="325" sentence="10" number="24">.</token>
<token t_id="326" sentence="11" number="0">His</token>
<token t_id="327" sentence="11" number="1">wife</token>
<token t_id="328" sentence="11" number="2">survived</token>
<token t_id="329" sentence="11" number="3">,</token>
<token t_id="330" sentence="11" number="4">but</token>
<token t_id="331" sentence="11" number="5">another</token>
<token t_id="332" sentence="11" number="6">inmate</token>
<token t_id="333" sentence="11" number="7">who</token>
<token t_id="334" sentence="11" number="8">tried</token>
<token t_id="335" sentence="11" number="9">to</token>
<token t_id="336" sentence="11" number="10">break</token>
<token t_id="337" sentence="11" number="11">up</token>
<token t_id="338" sentence="11" number="12">the</token>
<token t_id="339" sentence="11" number="13">attack</token>
<token t_id="340" sentence="11" number="14">also</token>
<token t_id="341" sentence="11" number="15">suffered</token>
<token t_id="342" sentence="11" number="16">stab</token>
<token t_id="343" sentence="11" number="17">wounds</token>
<token t_id="344" sentence="11" number="18">,</token>
<token t_id="345" sentence="11" number="19">and</token>
<token t_id="346" sentence="11" number="20">Comeaux</token>
<token t_id="347" sentence="11" number="21">was</token>
<token t_id="348" sentence="11" number="22">convicted</token>
<token t_id="349" sentence="11" number="23">of</token>
<token t_id="350" sentence="11" number="24">additional</token>
<token t_id="351" sentence="11" number="25">assault</token>
<token t_id="352" sentence="11" number="26">charges</token>
<token t_id="353" sentence="11" number="27">and</token>
<token t_id="354" sentence="11" number="28">received</token>
<token t_id="355" sentence="11" number="29">two</token>
<token t_id="356" sentence="11" number="30">additional</token>
<token t_id="357" sentence="11" number="31">life</token>
<token t_id="358" sentence="11" number="32">sentences</token>
<token t_id="359" sentence="11" number="33">.</token>
<Markables>
<ACTION_ASPECTUAL m_id="105"  >
  <token_anchor t_id="285"/>
</ACTION_ASPECTUAL>
<ACTION_ASPECTUAL m_id="97"  >
  <token_anchor t_id="244"/>
</ACTION_ASPECTUAL>
<ACTION_OCCURRENCE m_id="41"  >
  <token_anchor t_id="148"/>
</ACTION_OCCURRENCE>
<ACTION_OCCURRENCE m_id="42"  >
  <token_anchor t_id="141"/>
</ACTION_OCCURRENCE>
<ACTION_OCCURRENCE m_id="43"  >
  <token_anchor t_id="161"/>
</ACTION_OCCURRENCE>
<ACTION_OCCURRENCE m_id="44"  >
  <token_anchor t_id="185"/>
</ACTION_OCCURRENCE>
<ACTION_OCCURRENCE m_id="76"  >
  <token_anchor t_id="94"/>
</ACTION_OCCURRENCE>
<ACTION_OCCURRENCE m_id="109"  >
  <token_anchor t_id="334"/>
</ACTION_OCCURRENCE>
<ACTION_OCCURRENCE m_id="45"  >
  <token_anchor t_id="193"/>
</ACTION_OCCURRENCE>
<ACTION_OCCURRENCE m_id="110"  >
  <token_anchor t_id="341"/>
</ACTION_OCCURRENCE>
<ACTION_OCCURRENCE m_id="46"  >
  <token_anchor t_id="204"/>
</ACTION_OCCURRENCE>
<ACTION_OCCURRENCE m_id="47"  >
  <token_anchor t_id="215"/>
</ACTION_OCCURRENCE>
<ACTION_OCCURRENCE m_id="48"  >
  <token_anchor t_id="221"/>
</ACTION_OCCURRENCE>
<ACTION_OCCURRENCE m_id="49"  >
  <token_anchor t_id="227"/>
</ACTION_OCCURRENCE>
<ACTION_OCCURRENCE m_id="50"  >
  <token_anchor t_id="233"/>
</ACTION_OCCURRENCE>
<ACTION_OCCURRENCE m_id="83"  >
  <token_anchor t_id="154"/>
</ACTION_OCCURRENCE>
<ACTION_OCCURRENCE m_id="51"  >
  <token_anchor t_id="235"/>
</ACTION_OCCURRENCE>
<ACTION_OCCURRENCE m_id="52"  >
  <token_anchor t_id="241"/>
</ACTION_OCCURRENCE>
<ACTION_OCCURRENCE m_id="53"  >
  <token_anchor t_id="253"/>
</ACTION_OCCURRENCE>
<ACTION_OCCURRENCE m_id="54"  >
  <token_anchor t_id="255"/>
</ACTION_OCCURRENCE>
<ACTION_OCCURRENCE m_id="55"  >
  <token_anchor t_id="265"/>
</ACTION_OCCURRENCE>
<ACTION_OCCURRENCE m_id="88"  >
  <token_anchor t_id="179"/>
</ACTION_OCCURRENCE>
<ACTION_OCCURRENCE m_id="56"  >
  <token_anchor t_id="281"/>
</ACTION_OCCURRENCE>
<ACTION_OCCURRENCE m_id="57"  >
  <token_anchor t_id="292"/>
</ACTION_OCCURRENCE>
<ACTION_OCCURRENCE m_id="58"  >
  <token_anchor t_id="295"/>
</ACTION_OCCURRENCE>
<ACTION_OCCURRENCE m_id="59"  >
  <token_anchor t_id="299"/>
</ACTION_OCCURRENCE>
<ACTION_OCCURRENCE m_id="60"  >
  <token_anchor t_id="305"/>
</ACTION_OCCURRENCE>
<ACTION_OCCURRENCE m_id="93"  >
  <token_anchor t_id="236"/>
</ACTION_OCCURRENCE>
<ACTION_OCCURRENCE m_id="61"  >
  <token_anchor t_id="316"/>
</ACTION_OCCURRENCE>
<ACTION_OCCURRENCE m_id="94"  >
  <token_anchor t_id="213"/>
</ACTION_OCCURRENCE>
<ACTION_OCCURRENCE m_id="62"  >
  <token_anchor t_id="310"/>
</ACTION_OCCURRENCE>
<ACTION_OCCURRENCE m_id="31"  >
  <token_anchor t_id="61"/>
</ACTION_OCCURRENCE>
<ACTION_OCCURRENCE m_id="63"  >
  <token_anchor t_id="323"/>
</ACTION_OCCURRENCE>
<ACTION_OCCURRENCE m_id="32"  >
  <token_anchor t_id="67"/>
</ACTION_OCCURRENCE>
<ACTION_OCCURRENCE m_id="64"  >
  <token_anchor t_id="336"/>
  <token_anchor t_id="337"/>
</ACTION_OCCURRENCE>
<ACTION_OCCURRENCE m_id="33"  >
  <token_anchor t_id="70"/>
</ACTION_OCCURRENCE>
<ACTION_OCCURRENCE m_id="65"  >
  <token_anchor t_id="328"/>
</ACTION_OCCURRENCE>
<ACTION_OCCURRENCE m_id="34"  >
  <token_anchor t_id="74"/>
</ACTION_OCCURRENCE>
<ACTION_OCCURRENCE m_id="66"  >
  <token_anchor t_id="339"/>
</ACTION_OCCURRENCE>
<ACTION_OCCURRENCE m_id="35"  >
  <token_anchor t_id="76"/>
</ACTION_OCCURRENCE>
<ACTION_OCCURRENCE m_id="67"  >
  <token_anchor t_id="348"/>
</ACTION_OCCURRENCE>
<ACTION_OCCURRENCE m_id="36"  >
  <token_anchor t_id="57"/>
</ACTION_OCCURRENCE>
<ACTION_OCCURRENCE m_id="68"  >
  <token_anchor t_id="352"/>
</ACTION_OCCURRENCE>
<ACTION_OCCURRENCE m_id="37"  >
  <token_anchor t_id="91"/>
</ACTION_OCCURRENCE>
<ACTION_OCCURRENCE m_id="69"  >
  <token_anchor t_id="354"/>
</ACTION_OCCURRENCE>
<ACTION_OCCURRENCE m_id="38"  >
  <token_anchor t_id="100"/>
</ACTION_OCCURRENCE>
<ACTION_OCCURRENCE m_id="70"  >
  <token_anchor t_id="358"/>
</ACTION_OCCURRENCE>
<ACTION_OCCURRENCE m_id="39"  >
  <token_anchor t_id="97"/>
</ACTION_OCCURRENCE>
<ACTION_OCCURRENCE m_id="40"  >
  <token_anchor t_id="129"/>
</ACTION_OCCURRENCE>
<ACTION_REPORTING m_id="80"  >
  <token_anchor t_id="138"/>
</ACTION_REPORTING>
<ACTION_REPORTING m_id="84"  >
  <token_anchor t_id="157"/>
</ACTION_REPORTING>
<ACTION_REPORTING m_id="87"  >
  <token_anchor t_id="171"/>
</ACTION_REPORTING>
<ACTION_STATE m_id="85"  >
  <token_anchor t_id="162"/>
  <token_anchor t_id="163"/>
</ACTION_STATE>
<ACTION_STATE m_id="86"  >
  <token_anchor t_id="168"/>
</ACTION_STATE>
<ACTION_STATE m_id="96"  >
  <token_anchor t_id="239"/>
</ACTION_STATE>
<HUMAN_PART_PER m_id="9"  >
  <token_anchor t_id="160"/>
</HUMAN_PART_PER>
<HUMAN_PART_PER m_id="10"  >
  <token_anchor t_id="147"/>
</HUMAN_PART_PER>
<HUMAN_PART_PER m_id="11"  >
  <token_anchor t_id="184"/>
</HUMAN_PART_PER>
<HUMAN_PART_PER m_id="12"  >
  <token_anchor t_id="187"/>
</HUMAN_PART_PER>
<HUMAN_PART_PER m_id="13"  >
  <token_anchor t_id="192"/>
</HUMAN_PART_PER>
<HUMAN_PART_PER m_id="14"  >
  <token_anchor t_id="201"/>
</HUMAN_PART_PER>
<HUMAN_PART_PER m_id="15"  >
  <token_anchor t_id="218"/>
</HUMAN_PART_PER>
<HUMAN_PART_PER m_id="16"  >
  <token_anchor t_id="224"/>
</HUMAN_PART_PER>
<HUMAN_PART_PER m_id="115"  >
  <token_anchor t_id="68"/>
</HUMAN_PART_PER>
<HUMAN_PART_PER m_id="17"  >
  <token_anchor t_id="243"/>
</HUMAN_PART_PER>
<HUMAN_PART_PER m_id="18"  >
  <token_anchor t_id="258"/>
</HUMAN_PART_PER>
<HUMAN_PART_PER m_id="19"  >
  <token_anchor t_id="272"/>
</HUMAN_PART_PER>
<HUMAN_PART_PER m_id="20"  >
  <token_anchor t_id="283"/>
</HUMAN_PART_PER>
<HUMAN_PART_PER m_id="21"  >
  <token_anchor t_id="304"/>
</HUMAN_PART_PER>
<HUMAN_PART_PER m_id="22"  >
  <token_anchor t_id="317"/>
</HUMAN_PART_PER>
<HUMAN_PART_PER m_id="23"  >
  <token_anchor t_id="322"/>
</HUMAN_PART_PER>
<HUMAN_PART_PER m_id="24"  >
  <token_anchor t_id="324"/>
</HUMAN_PART_PER>
<HUMAN_PART_PER m_id="25"  >
  <token_anchor t_id="327"/>
</HUMAN_PART_PER>
<HUMAN_PART_PER m_id="90"  >
  <token_anchor t_id="198"/>
</HUMAN_PART_PER>
<HUMAN_PART_PER m_id="26"  >
  <token_anchor t_id="307"/>
</HUMAN_PART_PER>
<HUMAN_PART_PER m_id="27"  >
  <token_anchor t_id="332"/>
</HUMAN_PART_PER>
<HUMAN_PART_PER m_id="28"  >
  <token_anchor t_id="346"/>
</HUMAN_PART_PER>
<HUMAN_PART_PER m_id="1"  >
  <token_anchor t_id="35"/>
  <token_anchor t_id="36"/>
  <token_anchor t_id="37"/>
  <token_anchor t_id="38"/>
</HUMAN_PART_PER>
<HUMAN_PART_PER m_id="2"  >
  <token_anchor t_id="53"/>
</HUMAN_PART_PER>
<HUMAN_PART_PER m_id="3"  >
  <token_anchor t_id="64"/>
</HUMAN_PART_PER>
<HUMAN_PART_PER m_id="4"  >
  <token_anchor t_id="82"/>
  <token_anchor t_id="83"/>
  <token_anchor t_id="84"/>
  <token_anchor t_id="85"/>
</HUMAN_PART_PER>
<HUMAN_PART_PER m_id="5"  >
  <token_anchor t_id="128"/>
</HUMAN_PART_PER>
<HUMAN_PART_PER m_id="6"  >
  <token_anchor t_id="103"/>
</HUMAN_PART_PER>
<HUMAN_PART_PER m_id="7"  >
  <token_anchor t_id="137"/>
</HUMAN_PART_PER>
<HUMAN_PART_PER m_id="8"  >
  <token_anchor t_id="140"/>
</HUMAN_PART_PER>
<LOC_FAC m_id="106"  >
  <token_anchor t_id="287"/>
</LOC_FAC>
<LOC_FAC m_id="77"  >
  <token_anchor t_id="110"/>
  <token_anchor t_id="111"/>
  <token_anchor t_id="112"/>
  <token_anchor t_id="113"/>
  <token_anchor t_id="114"/>
  <token_anchor t_id="115"/>
  <token_anchor t_id="116"/>
</LOC_FAC>
<LOC_FAC m_id="78"  >
  <token_anchor t_id="119"/>
  <token_anchor t_id="120"/>
  <token_anchor t_id="121"/>
  <token_anchor t_id="122"/>
  <token_anchor t_id="123"/>
  <token_anchor t_id="124"/>
  <token_anchor t_id="125"/>
</LOC_FAC>
<LOC_FAC m_id="82"  >
  <token_anchor t_id="144"/>
  <token_anchor t_id="145"/>
</LOC_FAC>
<LOC_FAC m_id="95"  >
  <token_anchor t_id="230"/>
</LOC_FAC>
<LOC_FAC m_id="98"  >
  <token_anchor t_id="246"/>
</LOC_FAC>
<LOC_FAC m_id="103"  >
  <token_anchor t_id="278"/>
</LOC_FAC>
<LOC_GEO m_id="89"  >
  <token_anchor t_id="189"/>
  <token_anchor t_id="190"/>
</LOC_GEO>
<LOC_GEO m_id="30"  >
  <token_anchor t_id="44"/>
</LOC_GEO>
<NON_HUMAN_PART m_id="73"  >
  <token_anchor t_id="72"/>
</NON_HUMAN_PART>
<NON_HUMAN_PART m_id="74"  >
  <token_anchor t_id="80"/>
</NON_HUMAN_PART>
<NON_HUMAN_PART m_id="107"  >
  <token_anchor t_id="314"/>
</NON_HUMAN_PART>
<NON_HUMAN_PART m_id="108"  >
  <token_anchor t_id="320"/>
</NON_HUMAN_PART>
<NON_HUMAN_PART m_id="111"  >
  <token_anchor t_id="343"/>
</NON_HUMAN_PART>
<NON_HUMAN_PART m_id="81"  >
  <token_anchor t_id="143"/>
</NON_HUMAN_PART>
<NON_HUMAN_PART m_id="72"  >
  <token_anchor t_id="60"/>
</NON_HUMAN_PART>
<TIME_DATE m_id="75"  >
  <token_anchor t_id="65"/>
</TIME_DATE>
<TIME_DATE m_id="91"  >
  <token_anchor t_id="205"/>
  <token_anchor t_id="206"/>
  <token_anchor t_id="207"/>
</TIME_DATE>
<TIME_DATE m_id="99"  >
  <token_anchor t_id="247"/>
  <token_anchor t_id="248"/>
  <token_anchor t_id="249"/>
</TIME_DATE>
<TIME_DATE m_id="100"  >
  <token_anchor t_id="288"/>
  <token_anchor t_id="289"/>
  <token_anchor t_id="290"/>
</TIME_DATE>
<TIME_DATE m_id="101"  >
  <token_anchor t_id="301"/>
  <token_anchor t_id="302"/>
</TIME_DATE>
<TIME_DATE m_id="102"  >
  <token_anchor t_id="267"/>
  <token_anchor t_id="268"/>
  <token_anchor t_id="269"/>
  <token_anchor t_id="270"/>
</TIME_DATE>
<TIME_DATE m_id="71"  >
  <token_anchor t_id="45"/>
  <token_anchor t_id="46"/>
  <token_anchor t_id="47"/>
  <token_anchor t_id="48"/>
  <token_anchor t_id="49"/>
</TIME_DATE>
<TIME_DURATION m_id="92"  >
  <token_anchor t_id="210"/>
  <token_anchor t_id="211"/>
  <token_anchor t_id="212"/>
</TIME_DURATION>
<TIME_DURATION m_id="104"  >
  <token_anchor t_id="263"/>
  <token_anchor t_id="264"/>
</TIME_DURATION>
<TIME_DATE m_id="117" note="byCROMER" >
  <token_anchor t_id="130"/>
  <token_anchor t_id="131"/>
  <token_anchor t_id="132"/>
  <token_anchor t_id="133"/>
  <token_anchor t_id="134"/>
  <token_anchor t_id="135"/>
</TIME_DATE>
<ACTION_OCCURRENCE m_id="118" note="byCROMER" >
  <token_anchor t_id="40"/>
  <token_anchor t_id="41"/>
  <token_anchor t_id="42"/>
</ACTION_OCCURRENCE>


<ACTION_OCCURRENCE m_id="139" RELATED_TO="" TAG_DESCRIPTOR="t3_life_sentence" instance_id="ACT16190287009148925" />
<ACTION_OCCURRENCE m_id="138" RELATED_TO="" TAG_DESCRIPTOR="t3_life_sentences_additional" instance_id="ACT16365819542938839" />
<ACTION_OCCURRENCE m_id="137" RELATED_TO="" TAG_DESCRIPTOR="t3_confined" instance_id="ACT16190411392635469" />
<HUMAN_PART_PER m_id="136" RELATED_TO="" TAG_DESCRIPTOR="t3_child" instance_id="HUM16359168153481109" />
<ACTION_OCCURRENCE m_id="135" RELATED_TO="" TAG_DESCRIPTOR="t3_serving_99_sentence" instance_id="ACT16359279725760014" />
<LOC_FAC m_id="134" RELATED_TO="" TAG_DESCRIPTOR="t3_in_prison" instance_id="LOC16194091374025808" />
<NON_HUMAN_PART m_id="133" RELATED_TO="" TAG_DESCRIPTOR="t3_uniforms" instance_id="NON16343577923617706" />
<ACTION_OCCURRENCE m_id="132" RELATED_TO="" TAG_DESCRIPTOR="t3_wearing_guard_uniform" instance_id="ACT16190470592053238" />
<ACTION_OCCURRENCE m_id="131" RELATED_TO="" TAG_DESCRIPTOR="t3_wife_visiting" instance_id="ACT16359238305249129" />
<ACTION_OCCURRENCE m_id="130" RELATED_TO="" TAG_DESCRIPTOR="t3_charge_99" instance_id="ACT16359208078539047" />
<TIME_DATE m_id="129" RELATED_TO="" TAG_DESCRIPTOR="t3_nov_30" instance_id="TIM16194146972480475" />
<HUMAN_PART_PER m_id="128" RELATED_TO="" TAG_DESCRIPTOR="t3_wife" instance_id="HUM16191108038332472" />
<ACTION_OCCURRENCE m_id="127" RELATED_TO="" TAG_DESCRIPTOR="t3_parole_violations" instance_id="ACT16365858731394630" />
<HUMAN_PART_PER m_id="126" RELATED_TO="" TAG_DESCRIPTOR="t3_arcade_joseph_comeaux" instance_id="HUM16191028103267917" />
<ACTION_OCCURRENCE m_id="125" RELATED_TO="" TAG_DESCRIPTOR="t3_aggravated_child_rape" instance_id="ACT16190539395261503" />
<LOC_FAC m_id="124" RELATED_TO="" TAG_DESCRIPTOR="t3_estelle_unit" instance_id="LOC16361009043327475" />
<HUMAN_PART_PER m_id="123" RELATED_TO="" TAG_DESCRIPTOR="t3_2_guards" instance_id="HUM16191073352696029" />
<ACTION_OCCURRENCE m_id="122" RELATED_TO="" TAG_DESCRIPTOR="t3_handcuffed" instance_id="ACT16190455057553790" />
<ACTION_OCCURRENCE m_id="121" RELATED_TO="" TAG_DESCRIPTOR="t3_convicted_99" instance_id="ACT16359217056539621" />
<NON_HUMAN_PART m_id="120" RELATED_TO="" TAG_DESCRIPTOR="t3_wheelchair" instance_id="NON16190657921842030" />
<ACTION_OCCURRENCE m_id="150" RELATED_TO="" TAG_DESCRIPTOR="t3_stole_weapons" instance_id="ACT16190557470409823" />
<ACTION_OCCURRENCE m_id="119" RELATED_TO="" TAG_DESCRIPTOR="t3_charge_98" instance_id="ACT16359199360598790" />
<ACTION_OCCURRENCE m_id="149" RELATED_TO="" TAG_DESCRIPTOR="t3_burglary_charge" instance_id="ACT16190502910512618" />
<HUMAN_PART_PER m_id="148" RELATED_TO="" TAG_DESCRIPTOR="t3_lyons" instance_id="HUM16379737465826225" />
<LOC_FAC m_id="147" RELATED_TO="" TAG_DESCRIPTOR="t3_beaumont_prison" instance_id="LOC16193949713317606" />
<ACTION_OCCURRENCE m_id="146" RELATED_TO="" TAG_DESCRIPTOR="t3_child_rape" instance_id="ACT16190529021622304" />
<ACTION_OCCURRENCE m_id="145" RELATED_TO="" TAG_DESCRIPTOR="t3_serving_98_sentence" instance_id="ACT16359289275604968" />
<LOC_GEO m_id="144" RELATED_TO="" TAG_DESCRIPTOR="t3_where_he_escaped" instance_id="LOC16193979814097189" />
<ACTION_OCCURRENCE m_id="143" RELATED_TO="" TAG_DESCRIPTOR="t3_wife_attack" instance_id="ACT16365725523134804" />
<HUMAN_PART_PER m_id="142" RELATED_TO="" TAG_DESCRIPTOR="t3_1999_injured_inmate" instance_id="HUM16191097421604217" />
<NON_HUMAN_PART m_id="141" RELATED_TO="" TAG_DESCRIPTOR="t3_guards_guns" instance_id="NON16190573113308635" />
<ACTION_OCCURRENCE m_id="140" RELATED_TO="" TAG_DESCRIPTOR="t3_escape_nov_30" instance_id="ACT16190399378875259" />
</Markables>

<Relations>
<CROSS_DOC_COREF r_id="23803" note="ACT16359199360598790" >
  <source m_id="39" />
  <target m_id="119" />
</CROSS_DOC_COREF>
<CROSS_DOC_COREF r_id="23804" note="NON16190657921842030" >
  <source m_id="72" />
  <source m_id="81" />
  <target m_id="120" />
</CROSS_DOC_COREF>
<CROSS_DOC_COREF r_id="23805" note="ACT16359217056539621" >
  <source m_id="67" />
  <target m_id="121" />
</CROSS_DOC_COREF>
<CROSS_DOC_COREF r_id="23806" note="ACT16190455057553790" >
  <source m_id="32" />
  <target m_id="122" />
</CROSS_DOC_COREF>
<CROSS_DOC_COREF r_id="23807" note="HUM16191073352696029" >
  <source m_id="115" />
  <source m_id="3" />
  <target m_id="123" />
</CROSS_DOC_COREF>
<CROSS_DOC_COREF r_id="23808" note="LOC16361009043327475" >
  <source m_id="77" />
  <target m_id="124" />
</CROSS_DOC_COREF>
<CROSS_DOC_COREF r_id="23809" note="ACT16190539395261503" >
  <source m_id="59" />
  <target m_id="125" />
</CROSS_DOC_COREF>
<CROSS_DOC_COREF r_id="23810" note="HUM16191028103267917" >
  <source m_id="20" />
  <source m_id="13" />
  <source m_id="17" />
  <source m_id="5" />
  <source m_id="21" />
  <source m_id="14" />
  <source m_id="4" />
  <source m_id="19" />
  <source m_id="1" />
  <source m_id="28" />
  <source m_id="9" />
  <source m_id="10" />
  <source m_id="12" />
  <source m_id="23" />
  <source m_id="2" />
  <source m_id="8" />
  <target m_id="126" />
</CROSS_DOC_COREF>
<CROSS_DOC_COREF r_id="23811" note="ACT16365858731394630" >
  <source m_id="56" />
  <target m_id="127" />
</CROSS_DOC_COREF>
<CROSS_DOC_COREF r_id="23812" note="HUM16191108038332472" >
  <source m_id="26" />
  <source m_id="22" />
  <source m_id="25" />
  <source m_id="24" />
  <target m_id="128" />
</CROSS_DOC_COREF>
<CROSS_DOC_COREF r_id="23813" note="TIM16194146972480475" >
  <source m_id="71" />
  <source m_id="117" />
  <source m_id="75" />
  <target m_id="129" />
</CROSS_DOC_COREF>
<CROSS_DOC_COREF r_id="23814" note="ACT16359208078539047" >
  <source m_id="53" />
  <target m_id="130" />
</CROSS_DOC_COREF>
<CROSS_DOC_COREF r_id="23815" note="ACT16359238305249129" >
  <source m_id="62" />
  <target m_id="131" />
</CROSS_DOC_COREF>
<CROSS_DOC_COREF r_id="23816" note="ACT16190470592053238" >
  <source m_id="35" />
  <target m_id="132" />
</CROSS_DOC_COREF>
<CROSS_DOC_COREF r_id="23817" note="NON16343577923617706" >
  <source m_id="74" />
  <target m_id="133" />
</CROSS_DOC_COREF>
<CROSS_DOC_COREF r_id="23818" note="LOC16194091374025808" >
  <source m_id="82" />
  <source m_id="106" />
  <target m_id="134" />
</CROSS_DOC_COREF>
<CROSS_DOC_COREF r_id="23819" note="ACT16359279725760014" >
  <source m_id="57" />
  <target m_id="135" />
</CROSS_DOC_COREF>
<CROSS_DOC_COREF r_id="23820" note="HUM16359168153481109" >
  <source m_id="6" />
  <target m_id="136" />
</CROSS_DOC_COREF>
<CROSS_DOC_COREF r_id="23821" note="ACT16190411392635469" >
  <source m_id="36" />
  <target m_id="137" />
</CROSS_DOC_COREF>
<CROSS_DOC_COREF r_id="23822" note="ACT16365819542938839" >
  <source m_id="70" />
  <target m_id="138" />
</CROSS_DOC_COREF>
<CROSS_DOC_COREF r_id="23823" note="ACT16190287009148925" >
  <source m_id="76" />
  <target m_id="139" />
</CROSS_DOC_COREF>
<CROSS_DOC_COREF r_id="23824" note="ACT16190399378875259" >
  <source m_id="45" />
  <source m_id="40" />
  <source m_id="43" />
  <source m_id="34" />
  <source m_id="118" />
  <target m_id="140" />
</CROSS_DOC_COREF>
<CROSS_DOC_COREF r_id="23825" note="NON16190573113308635" >
  <source m_id="73" />
  <target m_id="141" />
</CROSS_DOC_COREF>
<CROSS_DOC_COREF r_id="23826" note="HUM16191097421604217" >
  <source m_id="27" />
  <target m_id="142" />
</CROSS_DOC_COREF>
<CROSS_DOC_COREF r_id="23827" note="ACT16365725523134804" >
  <source m_id="66" />
  <source m_id="60" />
  <target m_id="143" />
</CROSS_DOC_COREF>
<CROSS_DOC_COREF r_id="23828" note="LOC16193979814097189" >
  <source m_id="89" />
  <target m_id="144" />
</CROSS_DOC_COREF>
<CROSS_DOC_COREF r_id="23829" note="ACT16359289275604968" >
  <source m_id="37" />
  <target m_id="145" />
</CROSS_DOC_COREF>
<CROSS_DOC_COREF r_id="23830" note="ACT16190529021622304" >
  <source m_id="38" />
  <source m_id="48" />
  <target m_id="146" />
</CROSS_DOC_COREF>
<CROSS_DOC_COREF r_id="23831" note="LOC16193949713317606" >
  <source m_id="78" />
  <target m_id="147" />
</CROSS_DOC_COREF>
<CROSS_DOC_COREF r_id="23832" note="HUM16379737465826225" >
  <source m_id="7" />
  <target m_id="148" />
</CROSS_DOC_COREF>
<CROSS_DOC_COREF r_id="23833" note="ACT16190502910512618" >
  <source m_id="49" />
  <target m_id="149" />
</CROSS_DOC_COREF>
<CROSS_DOC_COREF r_id="23834" note="ACT16190557470409823" >
  <source m_id="33" />
  <target m_id="150" />
</CROSS_DOC_COREF>

</Relations>
</Document>
