<Document doc_name="3_3ecbplus.xml" doc_id="DOC15645974825264049">
<token t_id="1" sentence="0" number="0">http</token>
<token t_id="2" sentence="0" number="1">:</token>
<token t_id="3" sentence="0" number="2">/</token>
<token t_id="4" sentence="0" number="3">/</token>
<token t_id="5" sentence="0" number="4">www</token>
<token t_id="6" sentence="0" number="5">.</token>
<token t_id="7" sentence="0" number="6">nowpublic</token>
<token t_id="8" sentence="0" number="7">.</token>
<token t_id="9" sentence="0" number="8">com</token>
<token t_id="10" sentence="0" number="9">/</token>
<token t_id="11" sentence="0" number="10">world</token>
<token t_id="12" sentence="0" number="11">/</token>
<token t_id="13" sentence="0" number="12">arcade</token>
<token t_id="14" sentence="0" number="13">-</token>
<token t_id="15" sentence="0" number="14">joseph</token>
<token t_id="16" sentence="0" number="15">-</token>
<token t_id="17" sentence="0" number="16">comeaux</token>
<token t_id="18" sentence="0" number="17">-</token>
<token t_id="19" sentence="0" number="18">jr</token>
<token t_id="20" sentence="0" number="19">-</token>
<token t_id="21" sentence="0" number="20">texas</token>
<token t_id="22" sentence="0" number="21">-</token>
<token t_id="23" sentence="0" number="22">child</token>
<token t_id="24" sentence="0" number="23">-</token>
<token t_id="25" sentence="0" number="24">molester</token>
<token t_id="26" sentence="0" number="25">-</token>
<token t_id="27" sentence="0" number="26">escaped</token>
<token t_id="28" sentence="0" number="27">-</token>
<token t_id="29" sentence="0" number="28">and</token>
<token t_id="30" sentence="0" number="29">-</token>
<token t_id="31" sentence="0" number="30">armed</token>
<token t_id="32" sentence="1" number="0">Arcade</token>
<token t_id="33" sentence="1" number="1">Joseph</token>
<token t_id="34" sentence="1" number="2">Comeaux</token>
<token t_id="35" sentence="1" number="3">Jr</token>
<token t_id="36" sentence="1" number="4">:</token>
<token t_id="37" sentence="1" number="5">Texas</token>
<token t_id="38" sentence="1" number="6">Child</token>
<token t_id="39" sentence="1" number="7">Molester</token>
<token t_id="40" sentence="1" number="8">Escaped</token>
<token t_id="41" sentence="1" number="9">and</token>
<token t_id="42" sentence="1" number="10">Armed</token>
<token t_id="43" sentence="2" number="0">November</token>
<token t_id="44" sentence="2" number="1">30</token>
<token t_id="45" sentence="2" number="2">,</token>
<token t_id="46" sentence="2" number="3">2009</token>
<token t_id="47" sentence="2" number="4">at</token>
<token t_id="48" sentence="2" number="5">02</token>
<token t_id="49" sentence="2" number="6">:</token>
<token t_id="50" sentence="2" number="7">22</token>
<token t_id="51" sentence="2" number="8">pm</token>
<token t_id="52" sentence="3" number="0">Texas</token>
<token t_id="53" sentence="3" number="1">inmate</token>
<token t_id="54" sentence="3" number="2">Arcade</token>
<token t_id="55" sentence="3" number="3">Joseph</token>
<token t_id="56" sentence="3" number="4">Comeaux</token>
<token t_id="57" sentence="3" number="5">Jr</token>
<token t_id="58" sentence="3" number="6">.</token>
<token t_id="59" sentence="3" number="7">escaped</token>
<token t_id="60" sentence="3" number="8">when</token>
<token t_id="61" sentence="3" number="9">he</token>
<token t_id="62" sentence="3" number="10">was</token>
<token t_id="63" sentence="3" number="11">being</token>
<token t_id="64" sentence="3" number="12">transported</token>
<token t_id="65" sentence="3" number="13">to</token>
<token t_id="66" sentence="3" number="14">a</token>
<token t_id="67" sentence="3" number="15">prison</token>
<token t_id="68" sentence="3" number="16">in</token>
<token t_id="69" sentence="3" number="17">Beaumont</token>
<token t_id="70" sentence="3" number="18">from</token>
<token t_id="71" sentence="3" number="19">Huntsville</token>
<token t_id="72" sentence="3" number="20">.</token>
<token t_id="73" sentence="4" number="0">Arcade</token>
<token t_id="74" sentence="4" number="1">Joseph</token>
<token t_id="75" sentence="4" number="2">Comeaux</token>
<token t_id="76" sentence="4" number="3">Jr</token>
<token t_id="77" sentence="4" number="4">.</token>
<token t_id="78" sentence="4" number="5">is</token>
<token t_id="79" sentence="4" number="6">a</token>
<token t_id="80" sentence="4" number="7">convicted</token>
<token t_id="81" sentence="4" number="8">sex</token>
<token t_id="82" sentence="4" number="9">offender</token>
<token t_id="83" sentence="4" number="10">serving</token>
<token t_id="84" sentence="4" number="11">a</token>
<token t_id="85" sentence="4" number="12">life</token>
<token t_id="86" sentence="4" number="13">sentence</token>
<token t_id="87" sentence="4" number="14">.</token>
<token t_id="88" sentence="5" number="0">Comeaux</token>
<token t_id="89" sentence="5" number="1">escaped</token>
<token t_id="90" sentence="5" number="2">with</token>
<token t_id="91" sentence="5" number="3">a</token>
<token t_id="92" sentence="5" number="4">12</token>
<token t_id="93" sentence="5" number="5">-</token>
<token t_id="94" sentence="5" number="6">gauge</token>
<token t_id="95" sentence="5" number="7">shotgun</token>
<token t_id="96" sentence="5" number="8">and</token>
<token t_id="97" sentence="5" number="9">2</token>
<token t_id="98" sentence="5" number="10">semiautomatic</token>
<token t_id="99" sentence="5" number="11">pistols</token>
<token t_id="100" sentence="5" number="12">.</token>
<token t_id="101" sentence="6" number="0">He</token>
<token t_id="102" sentence="6" number="1">initially</token>
<token t_id="103" sentence="6" number="2">was</token>
<token t_id="104" sentence="6" number="3">imprisoned</token>
<token t_id="105" sentence="6" number="4">on</token>
<token t_id="106" sentence="6" number="5">February</token>
<token t_id="107" sentence="6" number="6">1979</token>
<token t_id="108" sentence="6" number="7">on</token>
<token t_id="109" sentence="6" number="8">three</token>
<token t_id="110" sentence="6" number="9">10</token>
<token t_id="111" sentence="6" number="10">-</token>
<token t_id="112" sentence="6" number="11">year</token>
<token t_id="113" sentence="6" number="12">sentences</token>
<token t_id="114" sentence="6" number="13">for</token>
<token t_id="115" sentence="6" number="14">rape</token>
<token t_id="116" sentence="6" number="15">of</token>
<token t_id="117" sentence="6" number="16">a</token>
<token t_id="118" sentence="6" number="17">child</token>
<token t_id="119" sentence="6" number="18">,</token>
<token t_id="120" sentence="6" number="19">aggravated</token>
<token t_id="121" sentence="6" number="20">rape</token>
<token t_id="122" sentence="6" number="21">of</token>
<token t_id="123" sentence="6" number="22">a</token>
<token t_id="124" sentence="6" number="23">child</token>
<token t_id="125" sentence="6" number="24">,</token>
<token t_id="126" sentence="6" number="25">and</token>
<token t_id="127" sentence="6" number="26">burglary</token>
<token t_id="128" sentence="6" number="27">of</token>
<token t_id="129" sentence="6" number="28">a</token>
<token t_id="130" sentence="6" number="29">building</token>
<token t_id="131" sentence="6" number="30">with</token>
<token t_id="132" sentence="6" number="31">the</token>
<token t_id="133" sentence="6" number="32">intent</token>
<token t_id="134" sentence="6" number="33">to</token>
<token t_id="135" sentence="6" number="34">commit</token>
<token t_id="136" sentence="6" number="35">theft</token>
<token t_id="137" sentence="6" number="36">.</token>
<token t_id="138" sentence="7" number="0">His</token>
<token t_id="139" sentence="7" number="1">supervision</token>
<token t_id="140" sentence="7" number="2">was</token>
<token t_id="141" sentence="7" number="3">revoked</token>
<token t_id="142" sentence="7" number="4">and</token>
<token t_id="143" sentence="7" number="5">he</token>
<token t_id="144" sentence="7" number="6">returned</token>
<token t_id="145" sentence="7" number="7">to</token>
<token t_id="146" sentence="7" number="8">prison</token>
<token t_id="147" sentence="7" number="9">in</token>
<token t_id="148" sentence="7" number="10">May</token>
<token t_id="149" sentence="7" number="11">1984</token>
<token t_id="150" sentence="7" number="12">with</token>
<token t_id="151" sentence="7" number="13">a</token>
<token t_id="152" sentence="7" number="14">new</token>
<token t_id="153" sentence="7" number="15">charge</token>
<token t_id="154" sentence="7" number="16">of</token>
<token t_id="155" sentence="7" number="17">indecency</token>
<token t_id="156" sentence="7" number="18">with</token>
<token t_id="157" sentence="7" number="19">a</token>
<token t_id="158" sentence="7" number="20">child</token>
<token t_id="159" sentence="7" number="21">,</token>
<token t_id="160" sentence="7" number="22">given</token>
<token t_id="161" sentence="7" number="23">a</token>
<token t_id="162" sentence="7" number="24">new</token>
<token t_id="163" sentence="7" number="25">20</token>
<token t_id="164" sentence="7" number="26">year</token>
<token t_id="165" sentence="7" number="27">sentence</token>
<token t_id="166" sentence="7" number="28">.</token>
<token t_id="167" sentence="8" number="0">Between</token>
<token t_id="168" sentence="8" number="1">1991</token>
<token t_id="169" sentence="8" number="2">and</token>
<token t_id="170" sentence="8" number="3">1998</token>
<token t_id="171" sentence="8" number="4">,</token>
<token t_id="172" sentence="8" number="5">Comeaux</token>
<token t_id="173" sentence="8" number="6">was</token>
<token t_id="174" sentence="8" number="7">in</token>
<token t_id="175" sentence="8" number="8">and</token>
<token t_id="176" sentence="8" number="9">out</token>
<token t_id="177" sentence="8" number="10">of</token>
<token t_id="178" sentence="8" number="11">prison</token>
<token t_id="179" sentence="8" number="12">on</token>
<token t_id="180" sentence="8" number="13">parole</token>
<token t_id="181" sentence="8" number="14">violations</token>
<token t_id="182" sentence="8" number="15">until</token>
<token t_id="183" sentence="8" number="16">he</token>
<token t_id="184" sentence="8" number="17">finally</token>
<token t_id="185" sentence="8" number="18">returned</token>
<token t_id="186" sentence="8" number="19">to</token>
<token t_id="187" sentence="8" number="20">prison</token>
<token t_id="188" sentence="8" number="21">in</token>
<token t_id="189" sentence="8" number="22">June</token>
<token t_id="190" sentence="8" number="23">1999</token>
<token t_id="191" sentence="8" number="24">to</token>
<token t_id="192" sentence="8" number="25">serve</token>
<token t_id="193" sentence="8" number="26">a</token>
<token t_id="194" sentence="8" number="27">life</token>
<token t_id="195" sentence="8" number="28">sentence</token>
<token t_id="196" sentence="8" number="29">for</token>
<token t_id="197" sentence="8" number="30">aggravated</token>
<token t_id="198" sentence="8" number="31">sexual</token>
<token t_id="199" sentence="8" number="32">assault</token>
<token t_id="200" sentence="8" number="33">.</token>
<Markables>
<ACTION_ASPECTUAL m_id="50"  >
  <token_anchor t_id="185"/>
</ACTION_ASPECTUAL>
<ACTION_ASPECTUAL m_id="39"  >
  <token_anchor t_id="144"/>
</ACTION_ASPECTUAL>
<ACTION_OCCURRENCE m_id="41"  >
  <token_anchor t_id="155"/>
</ACTION_OCCURRENCE>
<ACTION_OCCURRENCE m_id="42"  >
  <token_anchor t_id="160"/>
</ACTION_OCCURRENCE>
<ACTION_OCCURRENCE m_id="43"  >
  <token_anchor t_id="165"/>
</ACTION_OCCURRENCE>
<ACTION_OCCURRENCE m_id="13"  >
  <token_anchor t_id="59"/>
</ACTION_OCCURRENCE>
<ACTION_OCCURRENCE m_id="14"  >
  <token_anchor t_id="64"/>
</ACTION_OCCURRENCE>
<ACTION_OCCURRENCE m_id="48"  >
  <token_anchor t_id="181"/>
</ACTION_OCCURRENCE>
<ACTION_OCCURRENCE m_id="18"  >
  <token_anchor t_id="82"/>
</ACTION_OCCURRENCE>
<ACTION_OCCURRENCE m_id="19"  >
  <token_anchor t_id="83"/>
</ACTION_OCCURRENCE>
<ACTION_OCCURRENCE m_id="20"  >
  <token_anchor t_id="86"/>
</ACTION_OCCURRENCE>
<ACTION_OCCURRENCE m_id="21"  >
  <token_anchor t_id="89"/>
</ACTION_OCCURRENCE>
<ACTION_OCCURRENCE m_id="53"  >
  <token_anchor t_id="192"/>
</ACTION_OCCURRENCE>
<ACTION_OCCURRENCE m_id="22"  >
  <token_anchor t_id="104"/>
</ACTION_OCCURRENCE>
<ACTION_OCCURRENCE m_id="54"  >
  <token_anchor t_id="195"/>
</ACTION_OCCURRENCE>
<ACTION_OCCURRENCE m_id="23"  >
  <token_anchor t_id="113"/>
</ACTION_OCCURRENCE>
<ACTION_OCCURRENCE m_id="55"  >
  <token_anchor t_id="199"/>
</ACTION_OCCURRENCE>
<ACTION_OCCURRENCE m_id="24"  >
  <token_anchor t_id="115"/>
</ACTION_OCCURRENCE>
<ACTION_OCCURRENCE m_id="25"  >
  <token_anchor t_id="121"/>
</ACTION_OCCURRENCE>
<ACTION_OCCURRENCE m_id="26"  >
  <token_anchor t_id="127"/>
</ACTION_OCCURRENCE>
<ACTION_OCCURRENCE m_id="27"  >
  <token_anchor t_id="133"/>
</ACTION_OCCURRENCE>
<ACTION_OCCURRENCE m_id="28"  >
  <token_anchor t_id="136"/>
</ACTION_OCCURRENCE>
<ACTION_OCCURRENCE m_id="32"  >
  <token_anchor t_id="135"/>
</ACTION_OCCURRENCE>
<ACTION_OCCURRENCE m_id="35"  >
  <token_anchor t_id="139"/>
</ACTION_OCCURRENCE>
<ACTION_OCCURRENCE m_id="36"  >
  <token_anchor t_id="141"/>
</ACTION_OCCURRENCE>
<ACTION_OCCURRENCE m_id="7"  >
  <token_anchor t_id="40"/>
</ACTION_OCCURRENCE>
<ACTION_OCCURRENCE m_id="40"  >
  <token_anchor t_id="153"/>
</ACTION_OCCURRENCE>
<ACTION_STATE m_id="8"  >
  <token_anchor t_id="42"/>
</ACTION_STATE>
<HUMAN_PART_GENERIC m_id="11"  >
  <token_anchor t_id="118"/>
</HUMAN_PART_GENERIC>
<HUMAN_PART_GENERIC m_id="12"  >
  <token_anchor t_id="124"/>
</HUMAN_PART_GENERIC>
<HUMAN_PART_GENERIC m_id="44"  >
  <token_anchor t_id="158"/>
</HUMAN_PART_GENERIC>
<HUMAN_PART_PER m_id="9"  >
  <token_anchor t_id="32"/>
  <token_anchor t_id="33"/>
  <token_anchor t_id="34"/>
  <token_anchor t_id="35"/>
</HUMAN_PART_PER>
<HUMAN_PART_PER m_id="10"  >
  <token_anchor t_id="54"/>
  <token_anchor t_id="55"/>
  <token_anchor t_id="56"/>
  <token_anchor t_id="57"/>
</HUMAN_PART_PER>
<HUMAN_PART_PER m_id="17"  >
  <token_anchor t_id="73"/>
  <token_anchor t_id="74"/>
  <token_anchor t_id="75"/>
  <token_anchor t_id="76"/>
</HUMAN_PART_PER>
<HUMAN_PART_PER m_id="49"  >
  <token_anchor t_id="183"/>
</HUMAN_PART_PER>
<HUMAN_PART_PER m_id="1"  >
  <token_anchor t_id="61"/>
</HUMAN_PART_PER>
<HUMAN_PART_PER m_id="2"  >
  <token_anchor t_id="88"/>
</HUMAN_PART_PER>
<HUMAN_PART_PER m_id="3"  >
  <token_anchor t_id="101"/>
</HUMAN_PART_PER>
<HUMAN_PART_PER m_id="4"  >
  <token_anchor t_id="143"/>
</HUMAN_PART_PER>
<HUMAN_PART_PER m_id="5"  >
  <token_anchor t_id="172"/>
</HUMAN_PART_PER>
<LOC_FAC m_id="15"  >
  <token_anchor t_id="66"/>
  <token_anchor t_id="67"/>
  <token_anchor t_id="68"/>
  <token_anchor t_id="69"/>
</LOC_FAC>
<LOC_FAC m_id="47"  >
  <token_anchor t_id="178"/>
</LOC_FAC>
<LOC_FAC m_id="51"  >
  <token_anchor t_id="187"/>
</LOC_FAC>
<LOC_FAC m_id="37"  >
  <token_anchor t_id="145"/>
  <token_anchor t_id="146"/>
</LOC_FAC>
<NON_HUMAN_PART m_id="31"  >
  <token_anchor t_id="130"/>
</NON_HUMAN_PART>
<NON_HUMAN_PART m_id="33"  >
  <token_anchor t_id="95"/>
</NON_HUMAN_PART>
<NON_HUMAN_PART m_id="34"  >
  <token_anchor t_id="99"/>
</NON_HUMAN_PART>
<TIME_DATE m_id="52"  >
  <token_anchor t_id="188"/>
  <token_anchor t_id="189"/>
  <token_anchor t_id="190"/>
</TIME_DATE>
<TIME_DATE m_id="29"  >
  <token_anchor t_id="105"/>
  <token_anchor t_id="106"/>
  <token_anchor t_id="107"/>
</TIME_DATE>
<TIME_DATE m_id="38"  >
  <token_anchor t_id="147"/>
  <token_anchor t_id="148"/>
  <token_anchor t_id="149"/>
</TIME_DATE>
<TIME_DURATION m_id="45"  >
  <token_anchor t_id="163"/>
  <token_anchor t_id="164"/>
</TIME_DURATION>
<TIME_DURATION m_id="46"  >
  <token_anchor t_id="167"/>
  <token_anchor t_id="168"/>
  <token_anchor t_id="169"/>
  <token_anchor t_id="170"/>
</TIME_DURATION>
<TIME_DURATION m_id="30"  >
  <token_anchor t_id="110"/>
  <token_anchor t_id="111"/>
  <token_anchor t_id="112"/>
</TIME_DURATION>
<TIME_OF_THE_DAY m_id="6"  >
  <token_anchor t_id="43"/>
  <token_anchor t_id="44"/>
  <token_anchor t_id="45"/>
  <token_anchor t_id="46"/>
  <token_anchor t_id="47"/>
  <token_anchor t_id="48"/>
  <token_anchor t_id="49"/>
  <token_anchor t_id="50"/>
  <token_anchor t_id="51"/>
</TIME_OF_THE_DAY>


<LOC_GEO m_id="58" note="byCROMER" >
  <token_anchor t_id="71"/>
</LOC_GEO>


<ACTION_OCCURRENCE m_id="62" RELATED_TO="" TAG_DESCRIPTOR="t3_serving_99_sentence" instance_id="ACT16359279725760014" />
<ACTION_OCCURRENCE m_id="59" RELATED_TO="" TAG_DESCRIPTOR="t3_transport_to_beaumont" instance_id="ACT16190221130826649" />
<LOC_FAC m_id="61" RELATED_TO="" TAG_DESCRIPTOR="t3_in_prison" instance_id="LOC16194091374025808" />
<ACTION_OCCURRENCE m_id="60" RELATED_TO="" TAG_DESCRIPTOR="t3_1999_assault" instance_id="ACT16190254917113628" />
<ACTION_OCCURRENCE m_id="73" RELATED_TO="" TAG_DESCRIPTOR="t3_burglary_charge" instance_id="ACT16190502910512618" />
<LOC_FAC m_id="72" RELATED_TO="" TAG_DESCRIPTOR="t3_beaumont_prison" instance_id="LOC16193949713317606" />
<ACTION_OCCURRENCE m_id="71" RELATED_TO="" TAG_DESCRIPTOR="t3_child_rape" instance_id="ACT16190529021622304" />
<ACTION_OCCURRENCE m_id="69" RELATED_TO="" TAG_DESCRIPTOR="t3_parole_violations" instance_id="ACT16365858731394630" />
<ACTION_OCCURRENCE m_id="70" RELATED_TO="" TAG_DESCRIPTOR="t3_serving_98_sentence" instance_id="ACT16359289275604968" />
<NON_HUMAN_PART m_id="68" RELATED_TO="" TAG_DESCRIPTOR="t3_pistols" instance_id="NON16190638213841321" />
<HUMAN_PART_PER m_id="67" RELATED_TO="" TAG_DESCRIPTOR="t3_arcade_joseph_comeaux" instance_id="HUM16191028103267917" />
<LOC_GEO m_id="66" RELATED_TO="" TAG_DESCRIPTOR="t3_huntsville" instance_id="LOC16194067144655479" />
<ACTION_OCCURRENCE m_id="65" RELATED_TO="" TAG_DESCRIPTOR="t3_escape_nov_30" instance_id="ACT16190399378875259" />
<ACTION_OCCURRENCE m_id="64" RELATED_TO="" TAG_DESCRIPTOR="t3_life_sentence" instance_id="ACT16190287009148925" />
<NON_HUMAN_PART m_id="63" RELATED_TO="" TAG_DESCRIPTOR="t3_shotgun" instance_id="NON16190646148404970" />
</Markables>

<Relations>
<CROSS_DOC_COREF r_id="22178" note="ACT16190221130826649" >
  <source m_id="14" />
  <target m_id="59" />
</CROSS_DOC_COREF>
<CROSS_DOC_COREF r_id="22179" note="ACT16190254917113628" >
  <source m_id="55" />
  <target m_id="60" />
</CROSS_DOC_COREF>
<CROSS_DOC_COREF r_id="22180" note="LOC16194091374025808" >
  <source m_id="37" />
  <source m_id="47" />
  <target m_id="61" />
</CROSS_DOC_COREF>
<CROSS_DOC_COREF r_id="22181" note="ACT16359279725760014" >
  <source m_id="53" />
  <target m_id="62" />
</CROSS_DOC_COREF>
<CROSS_DOC_COREF r_id="22182" note="NON16190646148404970" >
  <source m_id="33" />
  <target m_id="63" />
</CROSS_DOC_COREF>
<CROSS_DOC_COREF r_id="22183" note="ACT16190287009148925" >
  <source m_id="23" />
  <source m_id="20" />
  <target m_id="64" />
</CROSS_DOC_COREF>
<CROSS_DOC_COREF r_id="22184" note="ACT16190399378875259" >
  <source m_id="13" />
  <source m_id="7" />
  <source m_id="21" />
  <target m_id="65" />
</CROSS_DOC_COREF>
<CROSS_DOC_COREF r_id="22185" note="LOC16194067144655479" >
  <source m_id="58" />
  <target m_id="66" />
</CROSS_DOC_COREF>
<CROSS_DOC_COREF r_id="22186" note="HUM16191028103267917" >
  <source m_id="5" />
  <source m_id="1" />
  <source m_id="3" />
  <source m_id="4" />
  <source m_id="9" />
  <source m_id="10" />
  <source m_id="17" />
  <source m_id="49" />
  <source m_id="2" />
  <target m_id="67" />
</CROSS_DOC_COREF>
<CROSS_DOC_COREF r_id="22187" note="NON16190638213841321" >
  <source m_id="34" />
  <target m_id="68" />
</CROSS_DOC_COREF>
<CROSS_DOC_COREF r_id="22188" note="ACT16365858731394630" >
  <source m_id="48" />
  <target m_id="69" />
</CROSS_DOC_COREF>
<CROSS_DOC_COREF r_id="22189" note="ACT16359289275604968" >
  <source m_id="19" />
  <target m_id="70" />
</CROSS_DOC_COREF>
<CROSS_DOC_COREF r_id="22190" note="ACT16190529021622304" >
  <source m_id="24" />
  <source m_id="41" />
  <target m_id="71" />
</CROSS_DOC_COREF>
<CROSS_DOC_COREF r_id="22191" note="LOC16193949713317606" >
  <source m_id="15" />
  <target m_id="72" />
</CROSS_DOC_COREF>
<CROSS_DOC_COREF r_id="22192" note="ACT16190502910512618" >
  <source m_id="26" />
  <target m_id="73" />
</CROSS_DOC_COREF>

</Relations>
</Document>
