<Document doc_name="3_5ecbplus.xml" doc_id="DOC15645975353984659">
<token t_id="1" sentence="0" number="0">http</token>
<token t_id="2" sentence="0" number="1">:</token>
<token t_id="3" sentence="0" number="2">/</token>
<token t_id="4" sentence="0" number="3">/</token>
<token t_id="5" sentence="0" number="4">www</token>
<token t_id="6" sentence="0" number="5">.</token>
<token t_id="7" sentence="0" number="6">nydailynews</token>
<token t_id="8" sentence="0" number="7">.</token>
<token t_id="9" sentence="0" number="8">com</token>
<token t_id="10" sentence="0" number="9">/</token>
<token t_id="11" sentence="0" number="10">news</token>
<token t_id="12" sentence="0" number="11">/</token>
<token t_id="13" sentence="0" number="12">national</token>
<token t_id="14" sentence="0" number="13">/</token>
<token t_id="15" sentence="0" number="14">texas</token>
<token t_id="16" sentence="0" number="15">-</token>
<token t_id="17" sentence="0" number="16">convict</token>
<token t_id="18" sentence="0" number="17">-</token>
<token t_id="19" sentence="0" number="18">arcade</token>
<token t_id="20" sentence="0" number="19">-</token>
<token t_id="21" sentence="0" number="20">joseph</token>
<token t_id="22" sentence="0" number="21">-</token>
<token t_id="23" sentence="0" number="22">comeaux</token>
<token t_id="24" sentence="0" number="23">-</token>
<token t_id="25" sentence="0" number="24">jr</token>
<token t_id="26" sentence="0" number="25">-</token>
<token t_id="27" sentence="0" number="26">riding</token>
<token t_id="28" sentence="0" number="27">-</token>
<token t_id="29" sentence="0" number="28">wheelchair</token>
<token t_id="30" sentence="0" number="29">-</token>
<token t_id="31" sentence="0" number="30">pulls</token>
<token t_id="32" sentence="0" number="31">-</token>
<token t_id="33" sentence="0" number="32">gun</token>
<token t_id="34" sentence="0" number="33">-</token>
<token t_id="35" sentence="0" number="34">guards</token>
<token t_id="36" sentence="0" number="35">-</token>
<token t_id="37" sentence="0" number="36">escapes</token>
<token t_id="38" sentence="0" number="37">-</token>
<token t_id="39" sentence="0" number="38">foot</token>
<token t_id="40" sentence="0" number="39">-</token>
<token t_id="41" sentence="0" number="40">article</token>
<token t_id="42" sentence="0" number="41">-</token>
<token t_id="43" sentence="0" number="42">1</token>
<token t_id="44" sentence="0" number="43">.</token>
<token t_id="45" sentence="0" number="44">432180</token>
<token t_id="46" sentence="1" number="0">Texas</token>
<token t_id="47" sentence="1" number="1">convict</token>
<token t_id="48" sentence="1" number="2">Arcade</token>
<token t_id="49" sentence="1" number="3">Joseph</token>
<token t_id="50" sentence="1" number="4">Comeaux</token>
<token t_id="51" sentence="1" number="5">Jr</token>
<token t_id="52" sentence="1" number="6">.</token>
<token t_id="53" sentence="1" number="7">,</token>
<token t_id="54" sentence="1" number="8">riding</token>
<token t_id="55" sentence="1" number="9">in</token>
<token t_id="56" sentence="1" number="10">wheelchair</token>
<token t_id="57" sentence="1" number="11">,</token>
<token t_id="58" sentence="1" number="12">pulls</token>
<token t_id="59" sentence="1" number="13">gun</token>
<token t_id="60" sentence="1" number="14">on</token>
<token t_id="61" sentence="1" number="15">guards</token>
<token t_id="62" sentence="1" number="16">,</token>
<token t_id="63" sentence="1" number="17">escapes</token>
<token t_id="64" sentence="1" number="18">on</token>
<token t_id="65" sentence="1" number="19">foot</token>
<token t_id="66" sentence="2" number="0">THURSDAY</token>
<token t_id="67" sentence="2" number="1">,</token>
<token t_id="68" sentence="2" number="2">DECEMBER</token>
<token t_id="69" sentence="2" number="3">3</token>
<token t_id="70" sentence="2" number="4">,</token>
<token t_id="71" sentence="2" number="5">2009</token>
<token t_id="72" sentence="2" number="6">,</token>
<token t_id="73" sentence="2" number="7">9</token>
<token t_id="74" sentence="2" number="8">:</token>
<token t_id="75" sentence="2" number="9">36</token>
<token t_id="76" sentence="2" number="10">AM</token>
<token t_id="77" sentence="3" number="0">Rewards</token>
<token t_id="78" sentence="3" number="1">totaling</token>
<token t_id="79" sentence="3" number="2">$30</token>
<token t_id="80" sentence="3" number="3">,</token>
<token t_id="81" sentence="3" number="4">000</token>
<token t_id="82" sentence="3" number="5">are</token>
<token t_id="83" sentence="3" number="6">offered</token>
<token t_id="84" sentence="3" number="7">for</token>
<token t_id="85" sentence="3" number="8">information</token>
<token t_id="86" sentence="3" number="9">leading</token>
<token t_id="87" sentence="3" number="10">to</token>
<token t_id="88" sentence="3" number="11">Texas</token>
<token t_id="89" sentence="3" number="12">prison</token>
<token t_id="90" sentence="3" number="13">escapee</token>
<token t_id="91" sentence="3" number="14">Arcade</token>
<token t_id="92" sentence="3" number="15">Joseph</token>
<token t_id="93" sentence="3" number="16">Comeaux</token>
<token t_id="94" sentence="3" number="17">Jr</token>
<token t_id="95" sentence="3" number="18">.</token>
<token t_id="96" sentence="4" number="0">Department</token>
<token t_id="97" sentence="4" number="1">of</token>
<token t_id="98" sentence="4" number="2">Corrections</token>
<token t_id="99" sentence="4" number="3">spokeswoman</token>
<token t_id="100" sentence="4" number="4">Michelle</token>
<token t_id="101" sentence="4" number="5">Lyons</token>
<token t_id="102" sentence="4" number="6">said</token>
<token t_id="103" sentence="4" number="7">Thursday</token>
<token t_id="104" sentence="4" number="8">that</token>
<token t_id="105" sentence="4" number="9">the</token>
<token t_id="106" sentence="4" number="10">convicted</token>
<token t_id="107" sentence="4" number="11">sex</token>
<token t_id="108" sentence="4" number="12">offender</token>
<token t_id="109" sentence="4" number="13">was</token>
<token t_id="110" sentence="4" number="14">still</token>
<token t_id="111" sentence="4" number="15">on</token>
<token t_id="112" sentence="4" number="16">the</token>
<token t_id="113" sentence="4" number="17">run</token>
<token t_id="114" sentence="4" number="18">.</token>
<token t_id="115" sentence="5" number="0">Comeaux</token>
<token t_id="116" sentence="5" number="1">was</token>
<token t_id="117" sentence="5" number="2">in</token>
<token t_id="118" sentence="5" number="3">a</token>
<token t_id="119" sentence="5" number="4">wheelchair</token>
<token t_id="120" sentence="5" number="5">Monday</token>
<token t_id="121" sentence="5" number="6">when</token>
<token t_id="122" sentence="5" number="7">he</token>
<token t_id="123" sentence="5" number="8">pulled</token>
<token t_id="124" sentence="5" number="9">a</token>
<token t_id="125" sentence="5" number="10">gun</token>
<token t_id="126" sentence="5" number="11">on</token>
<token t_id="127" sentence="5" number="12">two</token>
<token t_id="128" sentence="5" number="13">guards</token>
<token t_id="129" sentence="5" number="14">during</token>
<token t_id="130" sentence="5" number="15">a</token>
<token t_id="131" sentence="5" number="16">transfer</token>
<token t_id="132" sentence="5" number="17">from</token>
<token t_id="133" sentence="5" number="18">a</token>
<token t_id="134" sentence="5" number="19">unit</token>
<token t_id="135" sentence="5" number="20">in</token>
<token t_id="136" sentence="5" number="21">Huntsville</token>
<token t_id="137" sentence="5" number="22">to</token>
<token t_id="138" sentence="5" number="23">one</token>
<token t_id="139" sentence="5" number="24">in</token>
<token t_id="140" sentence="5" number="25">Beaumont</token>
<token t_id="141" sentence="5" number="26">.</token>
<token t_id="142" sentence="6" number="0">Both</token>
<token t_id="143" sentence="6" number="1">guards</token>
<token t_id="144" sentence="6" number="2">were</token>
<token t_id="145" sentence="6" number="3">released</token>
<token t_id="146" sentence="6" number="4">after</token>
<token t_id="147" sentence="6" number="5">being</token>
<token t_id="148" sentence="6" number="6">forced</token>
<token t_id="149" sentence="6" number="7">to</token>
<token t_id="150" sentence="6" number="8">drive</token>
<token t_id="151" sentence="6" number="9">to</token>
<token t_id="152" sentence="6" number="10">the</token>
<token t_id="153" sentence="6" number="11">Baytown</token>
<token t_id="154" sentence="6" number="12">area</token>
<token t_id="155" sentence="6" number="13">,</token>
<token t_id="156" sentence="6" number="14">where</token>
<token t_id="157" sentence="6" number="15">Comeaux</token>
<token t_id="158" sentence="6" number="16">ran</token>
<token t_id="159" sentence="6" number="17">way</token>
<token t_id="160" sentence="6" number="18">.</token>
<token t_id="161" sentence="7" number="0">Comeaux</token>
<token t_id="162" sentence="7" number="1">was</token>
<token t_id="163" sentence="7" number="2">serving</token>
<token t_id="164" sentence="7" number="3">life</token>
<token t_id="165" sentence="7" number="4">in</token>
<token t_id="166" sentence="7" number="5">prison</token>
<token t_id="167" sentence="7" number="6">for</token>
<token t_id="168" sentence="7" number="7">aggravated</token>
<token t_id="169" sentence="7" number="8">sexual</token>
<token t_id="170" sentence="7" number="9">assault</token>
<token t_id="171" sentence="7" number="10">out</token>
<token t_id="172" sentence="7" number="11">of</token>
<token t_id="173" sentence="7" number="12">Brazos</token>
<token t_id="174" sentence="7" number="13">County</token>
<token t_id="175" sentence="7" number="14">.</token>
<Markables>
<ACTION_OCCURRENCE m_id="12"  >
  <token_anchor t_id="54"/>
</ACTION_OCCURRENCE>
<ACTION_OCCURRENCE m_id="13"  >
  <token_anchor t_id="63"/>
</ACTION_OCCURRENCE>
<ACTION_OCCURRENCE m_id="14"  >
  <token_anchor t_id="58"/>
</ACTION_OCCURRENCE>
<ACTION_OCCURRENCE m_id="15"  >
  <token_anchor t_id="83"/>
</ACTION_OCCURRENCE>
<ACTION_OCCURRENCE m_id="16"  >
  <token_anchor t_id="86"/>
</ACTION_OCCURRENCE>
<ACTION_OCCURRENCE m_id="17"  >
  <token_anchor t_id="106"/>
</ACTION_OCCURRENCE>
<ACTION_OCCURRENCE m_id="18"  >
  <token_anchor t_id="111"/>
  <token_anchor t_id="112"/>
  <token_anchor t_id="113"/>
</ACTION_OCCURRENCE>
<ACTION_OCCURRENCE m_id="19"  >
  <token_anchor t_id="123"/>
</ACTION_OCCURRENCE>
<ACTION_OCCURRENCE m_id="20"  >
  <token_anchor t_id="131"/>
</ACTION_OCCURRENCE>
<ACTION_OCCURRENCE m_id="21"  >
  <token_anchor t_id="145"/>
</ACTION_OCCURRENCE>
<ACTION_OCCURRENCE m_id="22"  >
  <token_anchor t_id="150"/>
</ACTION_OCCURRENCE>
<ACTION_OCCURRENCE m_id="23"  >
  <token_anchor t_id="158"/>
</ACTION_OCCURRENCE>
<ACTION_OCCURRENCE m_id="24"  >
  <token_anchor t_id="163"/>
</ACTION_OCCURRENCE>
<ACTION_OCCURRENCE m_id="25"  >
  <token_anchor t_id="170"/>
</ACTION_OCCURRENCE>
<ACTION_OCCURRENCE m_id="35"  >
  <token_anchor t_id="148"/>
</ACTION_OCCURRENCE>
<HUMAN_PART_PER m_id="9"  >
  <token_anchor t_id="128"/>
</HUMAN_PART_PER>
<HUMAN_PART_PER m_id="10"  >
  <token_anchor t_id="143"/>
</HUMAN_PART_PER>
<HUMAN_PART_PER m_id="11"  >
  <token_anchor t_id="157"/>
</HUMAN_PART_PER>
<HUMAN_PART_PER m_id="2"  >
  <token_anchor t_id="48"/>
  <token_anchor t_id="49"/>
  <token_anchor t_id="50"/>
  <token_anchor t_id="51"/>
</HUMAN_PART_PER>
<HUMAN_PART_PER m_id="3"  >
  <token_anchor t_id="61"/>
</HUMAN_PART_PER>
<HUMAN_PART_PER m_id="4"  >
  <token_anchor t_id="91"/>
  <token_anchor t_id="92"/>
  <token_anchor t_id="93"/>
  <token_anchor t_id="94"/>
</HUMAN_PART_PER>
<HUMAN_PART_PER m_id="36"  >
  <token_anchor t_id="90"/>
</HUMAN_PART_PER>
<HUMAN_PART_PER m_id="5"  >
  <token_anchor t_id="100"/>
  <token_anchor t_id="101"/>
</HUMAN_PART_PER>
<HUMAN_PART_PER m_id="6"  >
  <token_anchor t_id="108"/>
</HUMAN_PART_PER>
<HUMAN_PART_PER m_id="7"  >
  <token_anchor t_id="115"/>
</HUMAN_PART_PER>
<HUMAN_PART_PER m_id="8"  >
  <token_anchor t_id="161"/>
</HUMAN_PART_PER>
<LOC_FAC m_id="31"  >
  <token_anchor t_id="89"/>
</LOC_FAC>
<LOC_FAC m_id="34"  >
  <token_anchor t_id="165"/>
  <token_anchor t_id="166"/>
</LOC_FAC>
<LOC_GEO m_id="26"  >
  <token_anchor t_id="171"/>
  <token_anchor t_id="172"/>
  <token_anchor t_id="173"/>
  <token_anchor t_id="174"/>
</LOC_GEO>
<LOC_GEO m_id="29"  >
  <token_anchor t_id="151"/>
  <token_anchor t_id="152"/>
  <token_anchor t_id="153"/>
  <token_anchor t_id="154"/>
</LOC_GEO>
<NON_HUMAN_PART m_id="33"  >
  <token_anchor t_id="77"/>
</NON_HUMAN_PART>
<NON_HUMAN_PART m_id="37"  >
  <token_anchor t_id="125"/>
</NON_HUMAN_PART>
<NON_HUMAN_PART m_id="39"  >
  <token_anchor t_id="56"/>
</NON_HUMAN_PART>
<NON_HUMAN_PART m_id="40"  >
  <token_anchor t_id="59"/>
</NON_HUMAN_PART>
<TIME_DATE m_id="30"  >
  <token_anchor t_id="120"/>
</TIME_DATE>
<TIME_DATE m_id="32"  >
  <token_anchor t_id="103"/>
</TIME_DATE>
<TIME_DURATION m_id="38"  >
  <token_anchor t_id="164"/>
</TIME_DURATION>
<TIME_OF_THE_DAY m_id="1"  >
  <token_anchor t_id="66"/>
  <token_anchor t_id="67"/>
  <token_anchor t_id="68"/>
  <token_anchor t_id="69"/>
  <token_anchor t_id="70"/>
  <token_anchor t_id="71"/>
  <token_anchor t_id="72"/>
  <token_anchor t_id="73"/>
  <token_anchor t_id="74"/>
  <token_anchor t_id="75"/>
  <token_anchor t_id="76"/>
</TIME_OF_THE_DAY>


<LOC_FAC m_id="44" note="byCROMER" >
  <token_anchor t_id="138"/>
  <token_anchor t_id="139"/>
  <token_anchor t_id="140"/>
</LOC_FAC>
<LOC_FAC m_id="45" note="byCROMER" >
  <token_anchor t_id="133"/>
  <token_anchor t_id="134"/>
  <token_anchor t_id="135"/>
  <token_anchor t_id="136"/>
</LOC_FAC>


<ACTION_OCCURRENCE m_id="50" RELATED_TO="" TAG_DESCRIPTOR="t3_needed_wheelchair" instance_id="ACT16359306151984426" />
<LOC_FAC m_id="65" RELATED_TO="" TAG_DESCRIPTOR="t3_beaumont_prison" instance_id="LOC16193949713317606" />
<HUMAN_PART_PER m_id="64" RELATED_TO="" TAG_DESCRIPTOR="t3_lyons" instance_id="HUM16379737465826225" />
<TIME_DATE m_id="63" RELATED_TO="" TAG_DESCRIPTOR="t3_nov_30" instance_id="TIM16194146972480475" />
<ACTION_OCCURRENCE m_id="62" RELATED_TO="" TAG_DESCRIPTOR="t3_serving_98_sentence" instance_id="ACT16359289275604968" />
<HUMAN_PART_PER m_id="61" RELATED_TO="" TAG_DESCRIPTOR="t3_arcade_joseph_comeaux" instance_id="HUM16191028103267917" />
<ACTION_OCCURRENCE m_id="60" RELATED_TO="" TAG_DESCRIPTOR="t3_drive" instance_id="ACT16366388107669308" />
<LOC_FAC m_id="49" RELATED_TO="" TAG_DESCRIPTOR="t3_in_prison" instance_id="LOC16194091374025808" />
<ACTION_OCCURRENCE m_id="48" RELATED_TO="" TAG_DESCRIPTOR="t3_transport_to_beaumont" instance_id="ACT16190221130826649" />
<NON_HUMAN_PART m_id="47" RELATED_TO="" TAG_DESCRIPTOR="t3_wheelchair" instance_id="NON16190657921842030" />
<ACTION_OCCURRENCE m_id="46" RELATED_TO="" TAG_DESCRIPTOR="t3_convicted_98" instance_id="ACT16359189190252970" />
<ACTION_OCCURRENCE m_id="59" RELATED_TO="" TAG_DESCRIPTOR="t3_aggravated_child_rape" instance_id="ACT16190539395261503" />
<ACTION_OCCURRENCE m_id="58" RELATED_TO="" TAG_DESCRIPTOR="t3_escape_nov_30" instance_id="ACT16190399378875259" />
<ACTION_OCCURRENCE m_id="57" RELATED_TO="" TAG_DESCRIPTOR="t3_forced_to_drive" instance_id="ACT16190201621240931" />
<TIME_DURATION m_id="56" RELATED_TO="" TAG_DESCRIPTOR="t3_life" instance_id="TIM16369079463765225" />
<HUMAN_PART_PER m_id="55" RELATED_TO="" TAG_DESCRIPTOR="t3_2_guards" instance_id="HUM16191073352696029" />
<LOC_FAC m_id="54" RELATED_TO="" TAG_DESCRIPTOR="t3_huntsville_prison" instance_id="LOC16191059116035161" />
<LOC_GEO m_id="53" RELATED_TO="" TAG_DESCRIPTOR="t3_baytown" instance_id="LOC16193991475097297" />
<ACTION_OCCURRENCE m_id="52" RELATED_TO="" TAG_DESCRIPTOR="t3_pulled_a_gun_on" instance_id="ACT16193905793611389" />
<NON_HUMAN_PART m_id="51" RELATED_TO="" TAG_DESCRIPTOR="t3_smuggled_gun" instance_id="NON16359258290270841" />
</Markables>

<Relations>
<CROSS_DOC_COREF r_id="22185" note="ACT16359189190252970" >
  <source m_id="17" />
  <target m_id="46" />
</CROSS_DOC_COREF>
<CROSS_DOC_COREF r_id="22186" note="NON16190657921842030" >
  <source m_id="39" />
  <target m_id="47" />
</CROSS_DOC_COREF>
<CROSS_DOC_COREF r_id="22187" note="ACT16190221130826649" >
  <source m_id="20" />
  <target m_id="48" />
</CROSS_DOC_COREF>
<CROSS_DOC_COREF r_id="22188" note="LOC16194091374025808" >
  <source m_id="34" />
  <target m_id="49" />
</CROSS_DOC_COREF>
<CROSS_DOC_COREF r_id="22189" note="ACT16359306151984426" >
  <source m_id="12" />
  <target m_id="50" />
</CROSS_DOC_COREF>
<CROSS_DOC_COREF r_id="22190" note="NON16359258290270841" >
  <source m_id="40" />
  <source m_id="37" />
  <target m_id="51" />
</CROSS_DOC_COREF>
<CROSS_DOC_COREF r_id="22191" note="ACT16193905793611389" >
  <source m_id="14" />
  <source m_id="19" />
  <target m_id="52" />
</CROSS_DOC_COREF>
<CROSS_DOC_COREF r_id="22192" note="LOC16193991475097297" >
  <source m_id="29" />
  <target m_id="53" />
</CROSS_DOC_COREF>
<CROSS_DOC_COREF r_id="22193" note="LOC16191059116035161" >
  <source m_id="45" />
  <target m_id="54" />
</CROSS_DOC_COREF>
<CROSS_DOC_COREF r_id="22194" note="HUM16191073352696029" >
  <source m_id="3" />
  <source m_id="10" />
  <source m_id="9" />
  <target m_id="55" />
</CROSS_DOC_COREF>
<CROSS_DOC_COREF r_id="22195" note="TIM16369079463765225" >
  <source m_id="38" />
  <target m_id="56" />
</CROSS_DOC_COREF>
<CROSS_DOC_COREF r_id="22196" note="ACT16190201621240931" >
  <source m_id="35" />
  <target m_id="57" />
</CROSS_DOC_COREF>
<CROSS_DOC_COREF r_id="22197" note="ACT16190399378875259" >
  <source m_id="23" />
  <source m_id="13" />
  <target m_id="58" />
</CROSS_DOC_COREF>
<CROSS_DOC_COREF r_id="22198" note="ACT16190539395261503" >
  <source m_id="25" />
  <target m_id="59" />
</CROSS_DOC_COREF>
<CROSS_DOC_COREF r_id="22199" note="ACT16366388107669308" >
  <source m_id="22" />
  <target m_id="60" />
</CROSS_DOC_COREF>
<CROSS_DOC_COREF r_id="22200" note="HUM16191028103267917" >
  <source m_id="7" />
  <source m_id="11" />
  <source m_id="6" />
  <source m_id="2" />
  <source m_id="36" />
  <source m_id="4" />
  <source m_id="8" />
  <target m_id="61" />
</CROSS_DOC_COREF>
<CROSS_DOC_COREF r_id="22201" note="ACT16359289275604968" >
  <source m_id="24" />
  <target m_id="62" />
</CROSS_DOC_COREF>
<CROSS_DOC_COREF r_id="22202" note="TIM16194146972480475" >
  <source m_id="30" />
  <target m_id="63" />
</CROSS_DOC_COREF>
<CROSS_DOC_COREF r_id="22203" note="HUM16379737465826225" >
  <source m_id="5" />
  <target m_id="64" />
</CROSS_DOC_COREF>
<CROSS_DOC_COREF r_id="22204" note="LOC16193949713317606" >
  <source m_id="44" />
  <target m_id="65" />
</CROSS_DOC_COREF>

</Relations>
</Document>
