<Document doc_name="3_5ecb.xml" doc_id="DOC15653621703838376">
<token t_id="1" sentence="0" number="0">A</token>
<token t_id="2" sentence="0" number="1">judge</token>
<token t_id="3" sentence="0" number="2">in</token>
<token t_id="4" sentence="0" number="3">Fulton</token>
<token t_id="5" sentence="0" number="4">County</token>
<token t_id="6" sentence="0" number="5">,</token>
<token t_id="7" sentence="0" number="6">Ga</token>
<token t_id="8" sentence="0" number="7">.</token>
<token t_id="9" sentence="0" number="8">,</token>
<token t_id="10" sentence="0" number="9">sentenced</token>
<token t_id="11" sentence="0" number="10">Brian</token>
<token t_id="12" sentence="0" number="11">Nichols</token>
<token t_id="13" sentence="0" number="12">Saturday</token>
<token t_id="14" sentence="0" number="13">to</token>
<token t_id="15" sentence="0" number="14">multiple</token>
<token t_id="16" sentence="0" number="15">life</token>
<token t_id="17" sentence="0" number="16">prison</token>
<token t_id="18" sentence="0" number="17">sentences</token>
<token t_id="19" sentence="0" number="18">for</token>
<token t_id="20" sentence="0" number="19">his</token>
<token t_id="21" sentence="0" number="20">deadly</token>
<token t_id="22" sentence="0" number="21">2005</token>
<token t_id="23" sentence="0" number="22">rampage</token>
<token t_id="24" sentence="0" number="23">at</token>
<token t_id="25" sentence="0" number="24">Fulton</token>
<token t_id="26" sentence="0" number="25">Courthouse</token>
<token t_id="27" sentence="0" number="26">.</token>
<token t_id="28" sentence="1" number="0">Superior</token>
<token t_id="29" sentence="1" number="1">Court</token>
<token t_id="30" sentence="1" number="2">Judge</token>
<token t_id="31" sentence="1" number="3">James</token>
<token t_id="32" sentence="1" number="4">Bodiford</token>
<token t_id="33" sentence="1" number="5">sentenced</token>
<token t_id="34" sentence="1" number="6">Nichols</token>
<token t_id="35" sentence="1" number="7">to</token>
<token t_id="36" sentence="1" number="8">seven</token>
<token t_id="37" sentence="1" number="9">consecutive</token>
<token t_id="38" sentence="1" number="10">life</token>
<token t_id="39" sentence="1" number="11">sentences</token>
<token t_id="40" sentence="1" number="12">and</token>
<token t_id="41" sentence="1" number="13">four</token>
<token t_id="42" sentence="1" number="14">sentences</token>
<token t_id="43" sentence="1" number="15">of</token>
<token t_id="44" sentence="1" number="16">life</token>
<token t_id="45" sentence="1" number="17">without</token>
<token t_id="46" sentence="1" number="18">parole</token>
<token t_id="47" sentence="1" number="19">for</token>
<token t_id="48" sentence="1" number="20">the</token>
<token t_id="49" sentence="1" number="21">March</token>
<token t_id="50" sentence="1" number="22">11</token>
<token t_id="51" sentence="1" number="23">,</token>
<token t_id="52" sentence="1" number="24">2005</token>
<token t_id="53" sentence="1" number="25">,</token>
<token t_id="54" sentence="1" number="26">incident</token>
<token t_id="55" sentence="1" number="27">that</token>
<token t_id="56" sentence="1" number="28">left</token>
<token t_id="57" sentence="1" number="29">four</token>
<token t_id="58" sentence="1" number="30">people</token>
<token t_id="59" sentence="1" number="31">dead</token>
<token t_id="60" sentence="1" number="32">,</token>
<token t_id="61" sentence="1" number="33">The</token>
<token t_id="62" sentence="1" number="34">Atlanta</token>
<token t_id="63" sentence="1" number="35">Journal-Constitution</token>
<token t_id="64" sentence="1" number="36">reported</token>
<token t_id="65" sentence="1" number="37">.</token>
<token t_id="66" sentence="2" number="0">``</token>
<token t_id="67" sentence="2" number="1">You</token>
<token t_id="68" sentence="2" number="2">'ll</token>
<token t_id="69" sentence="2" number="3">be</token>
<token t_id="70" sentence="2" number="4">pleased</token>
<token t_id="71" sentence="2" number="5">to</token>
<token t_id="72" sentence="2" number="6">know</token>
<token t_id="73" sentence="2" number="7">that</token>
<token t_id="74" sentence="2" number="8">I</token>
<token t_id="75" sentence="2" number="9">'m</token>
<token t_id="76" sentence="2" number="10">not</token>
<token t_id="77" sentence="2" number="11">going</token>
<token t_id="78" sentence="2" number="12">to</token>
<token t_id="79" sentence="2" number="13">lecture</token>
<token t_id="80" sentence="2" number="14">too</token>
<token t_id="81" sentence="2" number="15">much</token>
<token t_id="82" sentence="2" number="16">this</token>
<token t_id="83" sentence="2" number="17">morning</token>
<token t_id="84" sentence="2" number="18">,</token>
<token t_id="85" sentence="2" number="19">''</token>
<token t_id="86" sentence="2" number="20">Bodiford</token>
<token t_id="87" sentence="2" number="21">said</token>
<token t_id="88" sentence="2" number="22">.</token>
<token t_id="89" sentence="3" number="0">``</token>
<token t_id="90" sentence="3" number="1">I</token>
<token t_id="91" sentence="3" number="2">'m</token>
<token t_id="92" sentence="3" number="3">not</token>
<token t_id="93" sentence="3" number="4">going</token>
<token t_id="94" sentence="3" number="5">to</token>
<token t_id="95" sentence="3" number="6">express</token>
<token t_id="96" sentence="3" number="7">outrage</token>
<token t_id="97" sentence="3" number="8">and</token>
<token t_id="98" sentence="3" number="9">I</token>
<token t_id="99" sentence="3" number="10">'m</token>
<token t_id="100" sentence="3" number="11">not</token>
<token t_id="101" sentence="3" number="12">going</token>
<token t_id="102" sentence="3" number="13">to</token>
<token t_id="103" sentence="3" number="14">express</token>
<token t_id="104" sentence="3" number="15">any</token>
<token t_id="105" sentence="3" number="16">feelings</token>
<token t_id="106" sentence="3" number="17">might</token>
<token t_id="107" sentence="3" number="18">have</token>
<token t_id="108" sentence="3" number="19">.</token>
<token t_id="109" sentence="4" number="0">The</token>
<token t_id="110" sentence="4" number="1">jury</token>
<token t_id="111" sentence="4" number="2">has</token>
<token t_id="112" sentence="4" number="3">spoken</token>
<token t_id="113" sentence="4" number="4">and</token>
<token t_id="114" sentence="4" number="5">I</token>
<token t_id="115" sentence="4" number="6">respect</token>
<token t_id="116" sentence="4" number="7">the</token>
<token t_id="117" sentence="4" number="8">jury</token>
<token t_id="118" sentence="4" number="9">.</token>
<token t_id="119" sentence="5" number="0">I</token>
<token t_id="120" sentence="5" number="1">think</token>
<token t_id="121" sentence="5" number="2">the</token>
<token t_id="122" sentence="5" number="3">jury</token>
<token t_id="123" sentence="5" number="4">did</token>
<token t_id="124" sentence="5" number="5">everything</token>
<token t_id="125" sentence="5" number="6">it</token>
<token t_id="126" sentence="5" number="7">could</token>
<token t_id="127" sentence="5" number="8">to</token>
<token t_id="128" sentence="5" number="9">come</token>
<token t_id="129" sentence="5" number="10">up</token>
<token t_id="130" sentence="5" number="11">with</token>
<token t_id="131" sentence="5" number="12">a</token>
<token t_id="132" sentence="5" number="13">unanimous</token>
<token t_id="133" sentence="5" number="14">sentence</token>
<token t_id="134" sentence="5" number="15">.</token>
<token t_id="135" sentence="5" number="16">''</token>
<token t_id="136" sentence="6" number="0">Nichols</token>
<token t_id="137" sentence="6" number="1">was</token>
<token t_id="138" sentence="6" number="2">convicted</token>
<token t_id="139" sentence="6" number="3">of</token>
<token t_id="140" sentence="6" number="4">overpowering</token>
<token t_id="141" sentence="6" number="5">a</token>
<token t_id="142" sentence="6" number="6">sheriff</token>
<token t_id="143" sentence="6" number="7">'s</token>
<token t_id="144" sentence="6" number="8">deputy</token>
<token t_id="145" sentence="6" number="9">before</token>
<token t_id="146" sentence="6" number="10">killing</token>
<token t_id="147" sentence="6" number="11">Superior</token>
<token t_id="148" sentence="6" number="12">Court</token>
<token t_id="149" sentence="6" number="13">Judge</token>
<token t_id="150" sentence="6" number="14">Rowland</token>
<token t_id="151" sentence="6" number="15">Barnes</token>
<token t_id="152" sentence="6" number="16">,</token>
<token t_id="153" sentence="6" number="17">court</token>
<token t_id="154" sentence="6" number="18">reporter</token>
<token t_id="155" sentence="6" number="19">Julie</token>
<token t_id="156" sentence="6" number="20">Ann</token>
<token t_id="157" sentence="6" number="21">Brandau</token>
<token t_id="158" sentence="6" number="22">,</token>
<token t_id="159" sentence="6" number="23">Sheriff</token>
<token t_id="160" sentence="6" number="24">'s</token>
<token t_id="161" sentence="6" number="25">Deputy</token>
<token t_id="162" sentence="6" number="26">Sgt.</token>
<token t_id="163" sentence="6" number="27">Hoyt</token>
<token t_id="164" sentence="6" number="28">Teasley</token>
<token t_id="165" sentence="6" number="29">and</token>
<token t_id="166" sentence="6" number="30">U.S.</token>
<token t_id="167" sentence="6" number="31">Customs</token>
<token t_id="168" sentence="6" number="32">Agent</token>
<token t_id="169" sentence="6" number="33">David</token>
<token t_id="170" sentence="6" number="34">Wilhelm</token>
<token t_id="171" sentence="6" number="35">.</token>
<token t_id="172" sentence="7" number="0">The</token>
<token t_id="173" sentence="7" number="1">Journal-Constitution</token>
<token t_id="174" sentence="7" number="2">said</token>
<token t_id="175" sentence="7" number="3">Nichols</token>
<token t_id="176" sentence="7" number="4">,</token>
<token t_id="177" sentence="7" number="5">who</token>
<token t_id="178" sentence="7" number="6">also</token>
<token t_id="179" sentence="7" number="7">received</token>
<token t_id="180" sentence="7" number="8">an</token>
<token t_id="181" sentence="7" number="9">additional</token>
<token t_id="182" sentence="7" number="10">sentence</token>
<token t_id="183" sentence="7" number="11">of</token>
<token t_id="184" sentence="7" number="12">485</token>
<token t_id="185" sentence="7" number="13">years</token>
<token t_id="186" sentence="7" number="14">,</token>
<token t_id="187" sentence="7" number="15">offered</token>
<token t_id="188" sentence="7" number="16">a</token>
<token t_id="189" sentence="7" number="17">show</token>
<token t_id="190" sentence="7" number="18">of</token>
<token t_id="191" sentence="7" number="19">remorse</token>
<token t_id="192" sentence="7" number="20">before</token>
<token t_id="193" sentence="7" number="21">his</token>
<token t_id="194" sentence="7" number="22">sentence</token>
<token t_id="195" sentence="7" number="23">was</token>
<token t_id="196" sentence="7" number="24">announced</token>
<token t_id="197" sentence="7" number="25">Saturday</token>
<token t_id="198" sentence="7" number="26">.</token>
<token t_id="199" sentence="8" number="0">``</token>
<token t_id="200" sentence="8" number="1">I</token>
<token t_id="201" sentence="8" number="2">am</token>
<token t_id="202" sentence="8" number="3">sorry</token>
<token t_id="203" sentence="8" number="4">.</token>
<token t_id="204" sentence="9" number="0">I</token>
<token t_id="205" sentence="9" number="1">just</token>
<token t_id="206" sentence="9" number="2">want</token>
<token t_id="207" sentence="9" number="3">to</token>
<token t_id="208" sentence="9" number="4">say</token>
<token t_id="209" sentence="9" number="5">that</token>
<token t_id="210" sentence="9" number="6">I</token>
<token t_id="211" sentence="9" number="7">will</token>
<token t_id="212" sentence="9" number="8">not</token>
<token t_id="213" sentence="9" number="9">bring</token>
<token t_id="214" sentence="9" number="10">dishonor</token>
<token t_id="215" sentence="9" number="11">to</token>
<token t_id="216" sentence="9" number="12">the</token>
<token t_id="217" sentence="9" number="13">decision</token>
<token t_id="218" sentence="9" number="14">to</token>
<token t_id="219" sentence="9" number="15">spare</token>
<token t_id="220" sentence="9" number="16">my</token>
<token t_id="221" sentence="9" number="17">life</token>
<token t_id="222" sentence="9" number="18">,</token>
<token t_id="223" sentence="9" number="19">''</token>
<token t_id="224" sentence="9" number="20">the</token>
<token t_id="225" sentence="9" number="21">convicted</token>
<token t_id="226" sentence="9" number="22">killer</token>
<token t_id="227" sentence="9" number="23">said</token>
<token t_id="228" sentence="9" number="24">.</token>
<Markables>
<ACTION_OCCURRENCE m_id="15"  >
  <token_anchor t_id="10"/>
</ACTION_OCCURRENCE>
<ACTION_OCCURRENCE m_id="16"  >
  <token_anchor t_id="23"/>
</ACTION_OCCURRENCE>
<HUMAN_PART_PER m_id="11"  >
  <token_anchor t_id="2"/>
</HUMAN_PART_PER>
<HUMAN_PART_PER m_id="12"  >
  <token_anchor t_id="11"/>
  <token_anchor t_id="12"/>
</HUMAN_PART_PER>
<LOC_FAC m_id="18"  >
  <token_anchor t_id="24"/>
  <token_anchor t_id="25"/>
  <token_anchor t_id="26"/>
</LOC_FAC>
<LOC_GEO m_id="13"  >
  <token_anchor t_id="3"/>
  <token_anchor t_id="4"/>
  <token_anchor t_id="5"/>
  <token_anchor t_id="6"/>
  <token_anchor t_id="7"/>
</LOC_GEO>
<NON_HUMAN_PART m_id="17"  >
  <token_anchor t_id="18"/>
</NON_HUMAN_PART>
<TIME_DATE m_id="19"  >
  <token_anchor t_id="22"/>
</TIME_DATE>
<TIME_DATE m_id="14"  >
  <token_anchor t_id="13"/>
</TIME_DATE>




<LOC_GEO m_id="27" RELATED_TO="" TAG_DESCRIPTOR="t3b_fulton_county" instance_id="LOC16363853346668369" />
<HUMAN_PART_PER m_id="26" RELATED_TO="" TAG_DESCRIPTOR="t3b_judge" instance_id="HUM17394069217658264" />
<ACTION_OCCURRENCE m_id="25" RELATED_TO="" TAG_DESCRIPTOR="t3b_rampage_2005_courthouse" instance_id="ACT16363838532225250" />
<NON_HUMAN_PART m_id="24" RELATED_TO="" TAG_DESCRIPTOR="t3b_life_sentences" instance_id="NON16364101653183219" />
<TIME_DATE m_id="23" RELATED_TO="" TAG_DESCRIPTOR="t3b_saturday" instance_id="TIM17394005099245792" />
<HUMAN_PART_PER m_id="22" RELATED_TO="" TAG_DESCRIPTOR="t3b_nichols" instance_id="HUM16363941427037066" />
<ACTION_OCCURRENCE m_id="21" RELATED_TO="" TAG_DESCRIPTOR="t3b_judge_gave_life_sentence" instance_id="ACT16364140299507831" />
</Markables>

<Relations>
<CROSS_DOC_COREF r_id="52887" note="ACT16364140299507831" >
  <source m_id="15" />
  <target m_id="21" />
</CROSS_DOC_COREF>
<CROSS_DOC_COREF r_id="52888" note="HUM16363941427037066" >
  <source m_id="12" />
  <target m_id="22" />
</CROSS_DOC_COREF>
<CROSS_DOC_COREF r_id="52889" note="TIM17394005099245792" >
  <source m_id="14" />
  <target m_id="23" />
</CROSS_DOC_COREF>
<CROSS_DOC_COREF r_id="52890" note="NON16364101653183219" >
  <source m_id="17" />
  <target m_id="24" />
</CROSS_DOC_COREF>
<CROSS_DOC_COREF r_id="52891" note="ACT16363838532225250" >
  <source m_id="16" />
  <target m_id="25" />
</CROSS_DOC_COREF>
<CROSS_DOC_COREF r_id="52892" note="HUM17394069217658264" >
  <source m_id="11" />
  <target m_id="26" />
</CROSS_DOC_COREF>
<CROSS_DOC_COREF r_id="52893" note="LOC16363853346668369" >
  <source m_id="13" />
  <target m_id="27" />
</CROSS_DOC_COREF>

</Relations>
</Document>
