<Document doc_name="13_16ecb.xml" doc_id="DOC15654285277244974">
<token t_id="1" sentence="0" number="0">Palin</token>
<token t_id="2" sentence="0" number="1">'s</token>
<token t_id="3" sentence="0" number="2">Church</token>
<token t_id="4" sentence="0" number="3">Damaged</token>
<token t_id="5" sentence="0" number="4">In</token>
<token t_id="6" sentence="0" number="5">Suspicious</token>
<token t_id="7" sentence="0" number="6">Fire</token>
<token t_id="8" sentence="1" number="0">Authorities</token>
<token t_id="9" sentence="1" number="1">estimate</token>
<token t_id="10" sentence="1" number="2">the</token>
<token t_id="11" sentence="1" number="3">damages</token>
<token t_id="12" sentence="1" number="4">to</token>
<token t_id="13" sentence="1" number="5">the</token>
<token t_id="14" sentence="1" number="6">Wasilla</token>
<token t_id="15" sentence="1" number="7">Bible</token>
<token t_id="16" sentence="1" number="8">Church</token>
<token t_id="17" sentence="1" number="9">at</token>
<token t_id="18" sentence="1" number="10">$</token>
<token t_id="19" sentence="1" number="11">1</token>
<token t_id="20" sentence="1" number="12">million</token>
<token t_id="21" sentence="1" number="13">.</token>
<token t_id="22" sentence="2" number="0">No</token>
<token t_id="23" sentence="2" number="1">one</token>
<token t_id="24" sentence="2" number="2">was</token>
<token t_id="25" sentence="2" number="3">injured</token>
<token t_id="26" sentence="2" number="4">in</token>
<token t_id="27" sentence="2" number="5">the</token>
<token t_id="28" sentence="2" number="6">fire</token>
<token t_id="29" sentence="2" number="7">last</token>
<token t_id="30" sentence="2" number="8">night</token>
<token t_id="31" sentence="2" number="9">,</token>
<token t_id="32" sentence="2" number="10">which</token>
<token t_id="33" sentence="2" number="11">was</token>
<token t_id="34" sentence="2" number="12">intentionally</token>
<token t_id="35" sentence="2" number="13">set</token>
<token t_id="36" sentence="2" number="14">while</token>
<token t_id="37" sentence="2" number="15">people</token>
<token t_id="38" sentence="2" number="16">,</token>
<token t_id="39" sentence="2" number="17">including</token>
<token t_id="40" sentence="2" number="18">two</token>
<token t_id="41" sentence="2" number="19">children</token>
<token t_id="42" sentence="2" number="20">,</token>
<token t_id="43" sentence="2" number="21">were</token>
<token t_id="44" sentence="2" number="22">inside</token>
<token t_id="45" sentence="2" number="23">.</token>
<token t_id="46" sentence="3" number="0">The</token>
<token t_id="47" sentence="3" number="1">local</token>
<token t_id="48" sentence="3" number="2">fire</token>
<token t_id="49" sentence="3" number="3">chief</token>
<token t_id="50" sentence="3" number="4">says</token>
<token t_id="51" sentence="3" number="5">the</token>
<token t_id="52" sentence="3" number="6">fire</token>
<token t_id="53" sentence="3" number="7">``</token>
<token t_id="54" sentence="3" number="8">is</token>
<token t_id="55" sentence="3" number="9">definitely</token>
<token t_id="56" sentence="3" number="10">suspicious</token>
<token t_id="57" sentence="3" number="11">.</token>
<token t_id="58" sentence="3" number="12">''</token>
<token t_id="59" sentence="4" number="0">Pastor</token>
<token t_id="60" sentence="4" number="1">Larry</token>
<token t_id="61" sentence="4" number="2">Kroon</token>
<token t_id="62" sentence="4" number="3">declined</token>
<token t_id="63" sentence="4" number="4">to</token>
<token t_id="64" sentence="4" number="5">say</token>
<token t_id="65" sentence="4" number="6">if</token>
<token t_id="66" sentence="4" number="7">the</token>
<token t_id="67" sentence="4" number="8">blaze</token>
<token t_id="68" sentence="4" number="9">was</token>
<token t_id="69" sentence="4" number="10">politically</token>
<token t_id="70" sentence="4" number="11">based</token>
<token t_id="71" sentence="4" number="12">or</token>
<token t_id="72" sentence="4" number="13">directed</token>
<token t_id="73" sentence="4" number="14">at</token>
<token t_id="74" sentence="4" number="15">Palin</token>
<token t_id="75" sentence="4" number="16">,</token>
<token t_id="76" sentence="4" number="17">the</token>
<token t_id="77" sentence="4" number="18">failed</token>
<token t_id="78" sentence="4" number="19">Republican</token>
<token t_id="79" sentence="4" number="20">vice</token>
<token t_id="80" sentence="4" number="21">presidential</token>
<token t_id="81" sentence="4" number="22">candidate</token>
<token t_id="82" sentence="4" number="23">.</token>
<token t_id="83" sentence="5" number="0">He</token>
<token t_id="84" sentence="5" number="1">also</token>
<token t_id="85" sentence="5" number="2">declined</token>
<token t_id="86" sentence="5" number="3">to</token>
<token t_id="87" sentence="5" number="4">say</token>
<token t_id="88" sentence="5" number="5">whether</token>
<token t_id="89" sentence="5" number="6">the</token>
<token t_id="90" sentence="5" number="7">church</token>
<token t_id="91" sentence="5" number="8">has</token>
<token t_id="92" sentence="5" number="9">received</token>
<token t_id="93" sentence="5" number="10">any</token>
<token t_id="94" sentence="5" number="11">recent</token>
<token t_id="95" sentence="5" number="12">threats</token>
<token t_id="96" sentence="5" number="13">.</token>
<token t_id="97" sentence="6" number="0">Palin</token>
<token t_id="98" sentence="6" number="1">stopped</token>
<token t_id="99" sentence="6" number="2">by</token>
<token t_id="100" sentence="6" number="3">the</token>
<token t_id="101" sentence="6" number="4">church</token>
<token t_id="102" sentence="6" number="5">this</token>
<token t_id="103" sentence="6" number="6">morning</token>
<token t_id="104" sentence="6" number="7">.</token>
<token t_id="105" sentence="7" number="0">Her</token>
<token t_id="106" sentence="7" number="1">spokesman</token>
<token t_id="107" sentence="7" number="2">,</token>
<token t_id="108" sentence="7" number="3">Bill</token>
<token t_id="109" sentence="7" number="4">McAllister</token>
<token t_id="110" sentence="7" number="5">,</token>
<token t_id="111" sentence="7" number="6">says</token>
<token t_id="112" sentence="7" number="7">Palin</token>
<token t_id="113" sentence="7" number="8">told</token>
<token t_id="114" sentence="7" number="9">an</token>
<token t_id="115" sentence="7" number="10">assistant</token>
<token t_id="116" sentence="7" number="11">pastor</token>
<token t_id="117" sentence="7" number="12">she</token>
<token t_id="118" sentence="7" number="13">apologizes</token>
<token t_id="119" sentence="7" number="14">if</token>
<token t_id="120" sentence="7" number="15">the</token>
<token t_id="121" sentence="7" number="16">fire</token>
<token t_id="122" sentence="7" number="17">was</token>
<token t_id="123" sentence="7" number="18">connected</token>
<token t_id="124" sentence="7" number="19">to</token>
<token t_id="125" sentence="7" number="20">the</token>
<token t_id="126" sentence="7" number="21">``</token>
<token t_id="127" sentence="7" number="22">undeserved</token>
<token t_id="128" sentence="7" number="23">negative</token>
<token t_id="129" sentence="7" number="24">attention</token>
<token t_id="130" sentence="7" number="25">''</token>
<token t_id="131" sentence="7" number="26">the</token>
<token t_id="132" sentence="7" number="27">church</token>
<token t_id="133" sentence="7" number="28">has</token>
<token t_id="134" sentence="7" number="29">received</token>
<token t_id="135" sentence="7" number="30">since</token>
<token t_id="136" sentence="7" number="31">she</token>
<token t_id="137" sentence="7" number="32">became</token>
<token t_id="138" sentence="7" number="33">the</token>
<token t_id="139" sentence="7" number="34">vice</token>
<token t_id="140" sentence="7" number="35">presidential</token>
<token t_id="141" sentence="7" number="36">candidate</token>
<token t_id="142" sentence="7" number="37">on</token>
<token t_id="143" sentence="7" number="38">Aug.</token>
<token t_id="144" sentence="7" number="39">29</token>
<token t_id="145" sentence="7" number="40">.</token>
<Markables>
<ACTION_OCCURRENCE m_id="6"  >
  <token_anchor t_id="4"/>
</ACTION_OCCURRENCE>
<ACTION_STATE m_id="7"  >
  <token_anchor t_id="6"/>
</ACTION_STATE>
<NON_HUMAN_PART m_id="8" note="byCROMER" >
  <token_anchor t_id="3"/>
</NON_HUMAN_PART>
<ACTION_OCCURRENCE m_id="9" note="byCROMER" >
  <token_anchor t_id="7"/>
</ACTION_OCCURRENCE>


<ACTION_OCCURRENCE m_id="12" RELATED_TO="" TAG_DESCRIPTOR="t13b_destroyed" instance_id="ACT17476241401707929" />
<NON_HUMAN_PART m_id="11" RELATED_TO="" TAG_DESCRIPTOR="t13_wassila_church_building" instance_id="NON28318767695137921" />
<ACTION_OCCURRENCE m_id="10" RELATED_TO="" TAG_DESCRIPTOR="t13_church_fire" instance_id="ACT17474554307413590" />
</Markables>

<Relations>
<CROSS_DOC_COREF r_id="34013" note="ACT17474554307413590" >
  <source m_id="9" />
  <target m_id="10" />
</CROSS_DOC_COREF>
<CROSS_DOC_COREF r_id="34014" note="NON28318767695137921" >
  <source m_id="8" />
  <target m_id="11" />
</CROSS_DOC_COREF>
<CROSS_DOC_COREF r_id="34015" note="ACT17476241401707929" >
  <source m_id="6" />
  <target m_id="12" />
</CROSS_DOC_COREF>

</Relations>
</Document>
