<Document doc_name="13_11ecbplus.xml" doc_id="DOC15646181945958484">
<token t_id="1" sentence="0" number="0">http</token>
<token t_id="2" sentence="0" number="1">:</token>
<token t_id="3" sentence="0" number="2">/</token>
<token t_id="4" sentence="0" number="3">/</token>
<token t_id="5" sentence="0" number="4">www</token>
<token t_id="6" sentence="0" number="5">.</token>
<token t_id="7" sentence="0" number="6">frontiersman</token>
<token t_id="8" sentence="0" number="7">.</token>
<token t_id="9" sentence="0" number="8">com</token>
<token t_id="10" sentence="0" number="9">/</token>
<token t_id="11" sentence="0" number="10">news</token>
<token t_id="12" sentence="0" number="11">/</token>
<token t_id="13" sentence="0" number="12">historic</token>
<token t_id="14" sentence="0" number="13">-</token>
<token t_id="15" sentence="0" number="14">mat</token>
<token t_id="16" sentence="0" number="15">-</token>
<token t_id="17" sentence="0" number="16">maid</token>
<token t_id="18" sentence="0" number="17">-</token>
<token t_id="19" sentence="0" number="18">warehouse</token>
<token t_id="20" sentence="0" number="19">-</token>
<token t_id="21" sentence="0" number="20">burns</token>
<token t_id="22" sentence="0" number="21">/</token>
<token t_id="23" sentence="0" number="22">article</token>
<token t_id="24" sentence="0" number="23">_</token>
<token t_id="25" sentence="0" number="24">e84396ea</token>
<token t_id="26" sentence="0" number="25">-</token>
<token t_id="27" sentence="0" number="26">e0b6</token>
<token t_id="28" sentence="0" number="27">-</token>
<token t_id="29" sentence="0" number="28">11e1</token>
<token t_id="30" sentence="0" number="29">-</token>
<token t_id="31" sentence="0" number="30">a449</token>
<token t_id="32" sentence="0" number="31">-</token>
<token t_id="33" sentence="0" number="32">0019bb2963f4</token>
<token t_id="34" sentence="0" number="33">.</token>
<token t_id="35" sentence="0" number="34">html</token>
<token t_id="36" sentence="0" number="35">?</token>
<token t_id="37" sentence="0" number="36">mode=image&amp;photo=</token>
<token t_id="38" sentence="1" number="0">Historic</token>
<token t_id="39" sentence="1" number="1">Mat</token>
<token t_id="40" sentence="1" number="2">Maid</token>
<token t_id="41" sentence="1" number="3">warehouse</token>
<token t_id="42" sentence="1" number="4">burns</token>
<token t_id="43" sentence="2" number="0">Mat</token>
<token t_id="44" sentence="2" number="1">Maid</token>
<token t_id="45" sentence="2" number="2">mop</token>
<token t_id="46" sentence="2" number="3">up</token>
<token t_id="47" sentence="3" number="0">Remains</token>
<token t_id="48" sentence="3" number="1">of</token>
<token t_id="49" sentence="3" number="2">the</token>
<token t_id="50" sentence="3" number="3">Mat</token>
<token t_id="51" sentence="3" number="4">Maid</token>
<token t_id="52" sentence="3" number="5">warehouse</token>
<token t_id="53" sentence="3" number="6">smolder</token>
<token t_id="54" sentence="3" number="7">Tuesday</token>
<token t_id="55" sentence="3" number="8">morning</token>
<token t_id="56" sentence="3" number="9">in</token>
<token t_id="57" sentence="3" number="10">Palmer</token>
<token t_id="58" sentence="3" number="11">.</token>
<token t_id="59" sentence="4" number="0">The</token>
<token t_id="60" sentence="4" number="1">fire</token>
<token t_id="61" sentence="4" number="2">was</token>
<token t_id="62" sentence="4" number="3">reported</token>
<token t_id="63" sentence="4" number="4">at</token>
<token t_id="64" sentence="4" number="5">3</token>
<token t_id="65" sentence="4" number="6">:</token>
<token t_id="66" sentence="4" number="7">33</token>
<token t_id="67" sentence="4" number="8">a</token>
<token t_id="68" sentence="4" number="9">.</token>
<token t_id="69" sentence="4" number="10">m</token>
<token t_id="70" sentence="4" number="11">.</token>
<token t_id="71" sentence="4" number="12">and</token>
<token t_id="72" sentence="4" number="13">is</token>
<token t_id="73" sentence="4" number="14">under</token>
<token t_id="74" sentence="4" number="15">investigation</token>
<token t_id="75" sentence="4" number="16">by</token>
<token t_id="76" sentence="4" number="17">the</token>
<token t_id="77" sentence="4" number="18">Palmer</token>
<token t_id="78" sentence="4" number="19">Police</token>
<token t_id="79" sentence="4" number="20">and</token>
<token t_id="80" sentence="4" number="21">the</token>
<token t_id="81" sentence="4" number="22">State</token>
<token t_id="82" sentence="4" number="23">Fire</token>
<token t_id="83" sentence="4" number="24">Marshal</token>
<token t_id="84" sentence="4" number="25">.</token>
<Markables>
<ACTION_OCCURRENCE m_id="1"  >
  <token_anchor t_id="42"/>
</ACTION_OCCURRENCE>
<ACTION_OCCURRENCE m_id="2"  >
  <token_anchor t_id="45"/>
  <token_anchor t_id="46"/>
</ACTION_OCCURRENCE>
<ACTION_OCCURRENCE m_id="3"  >
  <token_anchor t_id="53"/>
</ACTION_OCCURRENCE>
<ACTION_STATE m_id="8"  >
  <token_anchor t_id="73"/>
  <token_anchor t_id="74"/>
</ACTION_STATE>
<HUMAN_PART_ORG m_id="9"  >
  <token_anchor t_id="77"/>
  <token_anchor t_id="78"/>
</HUMAN_PART_ORG>
<HUMAN_PART_ORG m_id="10"  >
  <token_anchor t_id="81"/>
  <token_anchor t_id="82"/>
  <token_anchor t_id="83"/>
</HUMAN_PART_ORG>
<LOC_FAC m_id="13"  >
  <token_anchor t_id="43"/>
  <token_anchor t_id="44"/>
</LOC_FAC>
<LOC_GEO m_id="7"  >
  <token_anchor t_id="56"/>
  <token_anchor t_id="57"/>
</LOC_GEO>
<NON_HUMAN_PART m_id="14"  >
  <token_anchor t_id="47"/>
  <token_anchor t_id="48"/>
  <token_anchor t_id="49"/>
  <token_anchor t_id="50"/>
  <token_anchor t_id="51"/>
  <token_anchor t_id="52"/>
</NON_HUMAN_PART>
<TIME_OF_THE_DAY m_id="6"  >
  <token_anchor t_id="64"/>
  <token_anchor t_id="65"/>
  <token_anchor t_id="66"/>
  <token_anchor t_id="67"/>
  <token_anchor t_id="68"/>
  <token_anchor t_id="69"/>
</TIME_OF_THE_DAY>


<ACTION_REPORTING m_id="15" note="byCROMER" >
  <token_anchor t_id="62"/>
</ACTION_REPORTING>
<NON_HUMAN_PART m_id="16" note="byCROMER" >
  <token_anchor t_id="38"/>
  <token_anchor t_id="39"/>
  <token_anchor t_id="40"/>
  <token_anchor t_id="41"/>
</NON_HUMAN_PART>
<ACTION_OCCURRENCE m_id="17" note="byCROMER" >
  <token_anchor t_id="60"/>
</ACTION_OCCURRENCE>
<TIME_DATE m_id="18" note="byCROMER" >
  <token_anchor t_id="54"/>
  <token_anchor t_id="55"/>
</TIME_DATE>


<LOC_FAC m_id="26" RELATED_TO="" TAG_DESCRIPTOR="t13_matanuska_maid_creamery" instance_id="LOC17473794221821858" />
<TIME_OF_THE_DAY m_id="25" RELATED_TO="" TAG_DESCRIPTOR="t13_3.33" instance_id="TIM17475887856444679" />
<LOC_GEO m_id="24" RELATED_TO="" TAG_DESCRIPTOR="t13_palmer" instance_id="LOC17475085268494506" />
<ACTION_REPORTING m_id="23" RELATED_TO="" TAG_DESCRIPTOR="t13_reported_fire" instance_id="ACT28320401701486991" />
<ACTION_OCCURRENCE m_id="22" RELATED_TO="" TAG_DESCRIPTOR="t13_burned" instance_id="ACT17473908395875575" />
<TIME_DATE m_id="19" RELATED_TO="" TAG_DESCRIPTOR="t13_tuesday" instance_id="TIM17474345247586703" />
<ACTION_OCCURRENCE m_id="21" RELATED_TO="" TAG_DESCRIPTOR="t13_fire" instance_id="ACT17473889933267520" />
<NON_HUMAN_PART m_id="20" RELATED_TO="" TAG_DESCRIPTOR="t13_manatuska_creamery_building" instance_id="NON28318790724994183" />
</Markables>

<Relations>
<CROSS_DOC_COREF r_id="24899" note="TIM17474345247586703" >
  <source m_id="18" />
  <target m_id="19" />
</CROSS_DOC_COREF>
<CROSS_DOC_COREF r_id="24900" note="NON28318790724994183" >
  <source m_id="16" />
  <target m_id="20" />
</CROSS_DOC_COREF>
<CROSS_DOC_COREF r_id="24901" note="ACT17473889933267520" >
  <source m_id="17" />
  <target m_id="21" />
</CROSS_DOC_COREF>
<CROSS_DOC_COREF r_id="24902" note="ACT17473908395875575" >
  <source m_id="1" />
  <target m_id="22" />
</CROSS_DOC_COREF>
<CROSS_DOC_COREF r_id="24903" note="ACT28320401701486991" >
  <source m_id="15" />
  <target m_id="23" />
</CROSS_DOC_COREF>
<CROSS_DOC_COREF r_id="24904" note="LOC17475085268494506" >
  <source m_id="7" />
  <target m_id="24" />
</CROSS_DOC_COREF>
<CROSS_DOC_COREF r_id="24905" note="TIM17475887856444679" >
  <source m_id="6" />
  <target m_id="25" />
</CROSS_DOC_COREF>
<CROSS_DOC_COREF r_id="24906" note="LOC17473794221821858" >
  <source m_id="13" />
  <target m_id="26" />
</CROSS_DOC_COREF>

</Relations>
</Document>
