<Document doc_name="13_13ecbplus.xml" doc_id="DOC15646182311680640">
<token t_id="1" sentence="0" number="0">http</token>
<token t_id="2" sentence="0" number="1">:</token>
<token t_id="3" sentence="0" number="2">/</token>
<token t_id="4" sentence="0" number="3">/</token>
<token t_id="5" sentence="0" number="4">www</token>
<token t_id="6" sentence="0" number="5">.</token>
<token t_id="7" sentence="0" number="6">alaskajournal</token>
<token t_id="8" sentence="0" number="7">.</token>
<token t_id="9" sentence="0" number="8">com</token>
<token t_id="10" sentence="0" number="9">/</token>
<token t_id="11" sentence="0" number="10">Alaska</token>
<token t_id="12" sentence="0" number="11">-</token>
<token t_id="13" sentence="0" number="12">Journal</token>
<token t_id="14" sentence="0" number="13">-</token>
<token t_id="15" sentence="0" number="14">of</token>
<token t_id="16" sentence="0" number="15">-</token>
<token t_id="17" sentence="0" number="16">Commerce</token>
<token t_id="18" sentence="0" number="17">/</token>
<token t_id="19" sentence="0" number="18">August</token>
<token t_id="20" sentence="0" number="19">-</token>
<token t_id="21" sentence="0" number="20">Issue</token>
<token t_id="22" sentence="0" number="21">-</token>
<token t_id="23" sentence="0" number="22">1</token>
<token t_id="24" sentence="0" number="23">-</token>
<token t_id="25" sentence="0" number="24">2012</token>
<token t_id="26" sentence="0" number="25">/</token>
<token t_id="27" sentence="0" number="26">Historic</token>
<token t_id="28" sentence="0" number="27">-</token>
<token t_id="29" sentence="0" number="28">dairy</token>
<token t_id="30" sentence="0" number="29">-</token>
<token t_id="31" sentence="0" number="30">building</token>
<token t_id="32" sentence="0" number="31">-</token>
<token t_id="33" sentence="0" number="32">destroyed</token>
<token t_id="34" sentence="0" number="33">-</token>
<token t_id="35" sentence="0" number="34">by</token>
<token t_id="36" sentence="0" number="35">-</token>
<token t_id="37" sentence="0" number="36">fire</token>
<token t_id="38" sentence="0" number="37">/</token>
<token t_id="39" sentence="1" number="0">Historic</token>
<token t_id="40" sentence="1" number="1">dairy</token>
<token t_id="41" sentence="1" number="2">building</token>
<token t_id="42" sentence="1" number="3">destroyed</token>
<token t_id="43" sentence="1" number="4">by</token>
<token t_id="44" sentence="1" number="5">fire</token>
<token t_id="45" sentence="2" number="0">Published</token>
<token t_id="46" sentence="2" number="1">:</token>
<token t_id="47" sentence="2" number="2">2012</token>
<token t_id="48" sentence="2" number="3">.</token>
<token t_id="49" sentence="2" number="4">08</token>
<token t_id="50" sentence="2" number="5">.</token>
<token t_id="51" sentence="2" number="6">08</token>
<token t_id="52" sentence="2" number="7">09</token>
<token t_id="53" sentence="2" number="8">:</token>
<token t_id="54" sentence="2" number="9">01</token>
<token t_id="55" sentence="2" number="10">AM</token>
<token t_id="56" sentence="3" number="0">A</token>
<token t_id="57" sentence="3" number="1">fire</token>
<token t_id="58" sentence="3" number="2">on</token>
<token t_id="59" sentence="3" number="3">Tuesday</token>
<token t_id="60" sentence="3" number="4">destroyed</token>
<token t_id="61" sentence="3" number="5">Palmer's</token>
<token t_id="62" sentence="3" number="6">historic</token>
<token t_id="63" sentence="3" number="7">Matanuska</token>
<token t_id="64" sentence="3" number="8">Maid</token>
<token t_id="65" sentence="3" number="9">Dairy</token>
<token t_id="66" sentence="3" number="10">warehouse</token>
<token t_id="67" sentence="3" number="11">building</token>
<token t_id="68" sentence="3" number="12">,</token>
<token t_id="69" sentence="3" number="13">which</token>
<token t_id="70" sentence="3" number="14">was</token>
<token t_id="71" sentence="3" number="15">built</token>
<token t_id="72" sentence="3" number="16">in</token>
<token t_id="73" sentence="3" number="17">the</token>
<token t_id="74" sentence="3" number="18">1930s</token>
<token t_id="75" sentence="3" number="19">when</token>
<token t_id="76" sentence="3" number="20">colonists</token>
<token t_id="77" sentence="3" number="21">arrived</token>
<token t_id="78" sentence="3" number="22">from</token>
<token t_id="79" sentence="3" number="23">the</token>
<token t_id="80" sentence="3" number="24">Midwest</token>
<token t_id="81" sentence="3" number="25">to</token>
<token t_id="82" sentence="3" number="26">try</token>
<token t_id="83" sentence="3" number="27">their</token>
<token t_id="84" sentence="3" number="28">hand</token>
<token t_id="85" sentence="3" number="29">at</token>
<token t_id="86" sentence="3" number="30">farming</token>
<token t_id="87" sentence="3" number="31">in</token>
<token t_id="88" sentence="3" number="32">Alaska</token>
<token t_id="89" sentence="3" number="33">.</token>
<token t_id="90" sentence="4" number="0">Jon</token>
<token t_id="91" sentence="4" number="1">Owen</token>
<token t_id="92" sentence="4" number="2">,</token>
<token t_id="93" sentence="4" number="3">the</token>
<token t_id="94" sentence="4" number="4">city's</token>
<token t_id="95" sentence="4" number="5">public</token>
<token t_id="96" sentence="4" number="6">safety</token>
<token t_id="97" sentence="4" number="7">director</token>
<token t_id="98" sentence="4" number="8">,</token>
<token t_id="99" sentence="4" number="9">said</token>
<token t_id="100" sentence="4" number="10">a</token>
<token t_id="101" sentence="4" number="11">call</token>
<token t_id="102" sentence="4" number="12">came</token>
<token t_id="103" sentence="4" number="13">in</token>
<token t_id="104" sentence="4" number="14">from</token>
<token t_id="105" sentence="4" number="15">the</token>
<token t_id="106" sentence="4" number="16">Valley</token>
<token t_id="107" sentence="4" number="17">Hotel</token>
<token t_id="108" sentence="4" number="18">at</token>
<token t_id="109" sentence="4" number="19">3</token>
<token t_id="110" sentence="4" number="20">:</token>
<token t_id="111" sentence="4" number="21">33</token>
<token t_id="112" sentence="4" number="22">a</token>
<token t_id="113" sentence="4" number="23">.</token>
<token t_id="114" sentence="4" number="24">m</token>
<token t_id="115" sentence="4" number="25">.</token>
<token t_id="116" sentence="4" number="26">from</token>
<token t_id="117" sentence="4" number="27">someone</token>
<token t_id="118" sentence="4" number="28">who</token>
<token t_id="119" sentence="4" number="29">saw</token>
<token t_id="120" sentence="4" number="30">the</token>
<token t_id="121" sentence="4" number="31">vacant</token>
<token t_id="122" sentence="4" number="32">building</token>
<token t_id="123" sentence="4" number="33">across</token>
<token t_id="124" sentence="4" number="34">town</token>
<token t_id="125" sentence="4" number="35">on</token>
<token t_id="126" sentence="4" number="36">fire</token>
<token t_id="127" sentence="4" number="37">.</token>
<token t_id="128" sentence="5" number="0">By</token>
<token t_id="129" sentence="5" number="1">the</token>
<token t_id="130" sentence="5" number="2">time</token>
<token t_id="131" sentence="5" number="3">fire</token>
<token t_id="132" sentence="5" number="4">crews</token>
<token t_id="133" sentence="5" number="5">arrived</token>
<token t_id="134" sentence="5" number="6">,</token>
<token t_id="135" sentence="5" number="7">flames</token>
<token t_id="136" sentence="5" number="8">could</token>
<token t_id="137" sentence="5" number="9">be</token>
<token t_id="138" sentence="5" number="10">seen</token>
<token t_id="139" sentence="5" number="11">coming</token>
<token t_id="140" sentence="5" number="12">out</token>
<token t_id="141" sentence="5" number="13">from</token>
<token t_id="142" sentence="5" number="14">under</token>
<token t_id="143" sentence="5" number="15">the</token>
<token t_id="144" sentence="5" number="16">eaves</token>
<token t_id="145" sentence="5" number="17">all</token>
<token t_id="146" sentence="5" number="18">the</token>
<token t_id="147" sentence="5" number="19">way</token>
<token t_id="148" sentence="5" number="20">around</token>
<token t_id="149" sentence="5" number="21">the</token>
<token t_id="150" sentence="5" number="22">building</token>
<token t_id="151" sentence="5" number="23">.</token>
<token t_id="152" sentence="6" number="0">In</token>
<token t_id="153" sentence="6" number="1">the</token>
<token t_id="154" sentence="6" number="2">next</token>
<token t_id="155" sentence="6" number="3">minute</token>
<token t_id="156" sentence="6" number="4">or</token>
<token t_id="157" sentence="6" number="5">two</token>
<token t_id="158" sentence="6" number="6">,</token>
<token t_id="159" sentence="6" number="7">the</token>
<token t_id="160" sentence="6" number="8">entire</token>
<token t_id="161" sentence="6" number="9">roof</token>
<token t_id="162" sentence="6" number="10">was</token>
<token t_id="163" sentence="6" number="11">in</token>
<token t_id="164" sentence="6" number="12">flames</token>
<token t_id="165" sentence="6" number="13">,</token>
<token t_id="166" sentence="6" number="14">Owen</token>
<token t_id="167" sentence="6" number="15">said</token>
<token t_id="168" sentence="6" number="16">.</token>
<token t_id="169" sentence="7" number="0">Firefighters</token>
<token t_id="170" sentence="7" number="1">worked</token>
<token t_id="171" sentence="7" number="2">quickly</token>
<token t_id="172" sentence="7" number="3">to</token>
<token t_id="173" sentence="7" number="4">contain</token>
<token t_id="174" sentence="7" number="5">the</token>
<token t_id="175" sentence="7" number="6">blaze</token>
<token t_id="176" sentence="7" number="7">.</token>
<token t_id="177" sentence="8" number="0">More</token>
<token t_id="178" sentence="8" number="1">than</token>
<token t_id="179" sentence="8" number="2">two</token>
<token t_id="180" sentence="8" number="3">dozen</token>
<token t_id="181" sentence="8" number="4">pieces</token>
<token t_id="182" sentence="8" number="5">of</token>
<token t_id="183" sentence="8" number="6">firefighting</token>
<token t_id="184" sentence="8" number="7">equipment</token>
<token t_id="185" sentence="8" number="8">were</token>
<token t_id="186" sentence="8" number="9">brought</token>
<token t_id="187" sentence="8" number="10">to</token>
<token t_id="188" sentence="8" number="11">the</token>
<token t_id="189" sentence="8" number="12">scene</token>
<token t_id="190" sentence="8" number="13">,</token>
<token t_id="191" sentence="8" number="14">including</token>
<token t_id="192" sentence="8" number="15">some</token>
<token t_id="193" sentence="8" number="16">that</token>
<token t_id="194" sentence="8" number="17">were</token>
<token t_id="195" sentence="8" number="18">placed</token>
<token t_id="196" sentence="8" number="19">between</token>
<token t_id="197" sentence="8" number="20">the</token>
<token t_id="198" sentence="8" number="21">warehouse</token>
<token t_id="199" sentence="8" number="22">building</token>
<token t_id="200" sentence="8" number="23">and</token>
<token t_id="201" sentence="8" number="24">a</token>
<token t_id="202" sentence="8" number="25">petroleum</token>
<token t_id="203" sentence="8" number="26">distribution</token>
<token t_id="204" sentence="8" number="27">company</token>
<token t_id="205" sentence="8" number="28">next</token>
<token t_id="206" sentence="8" number="29">door</token>
<token t_id="207" sentence="8" number="30">,</token>
<token t_id="208" sentence="8" number="31">Owen</token>
<token t_id="209" sentence="8" number="32">said</token>
<token t_id="210" sentence="8" number="33">.</token>
<token t_id="211" sentence="9" number="0">About</token>
<token t_id="212" sentence="9" number="1">5</token>
<token t_id="213" sentence="9" number="2">,</token>
<token t_id="214" sentence="9" number="3">000</token>
<token t_id="215" sentence="9" number="4">gallons</token>
<token t_id="216" sentence="9" number="5">of</token>
<token t_id="217" sentence="9" number="6">water</token>
<token t_id="218" sentence="9" number="7">a</token>
<token t_id="219" sentence="9" number="8">minute</token>
<token t_id="220" sentence="9" number="9">was</token>
<token t_id="221" sentence="9" number="10">poured</token>
<token t_id="222" sentence="9" number="11">on</token>
<token t_id="223" sentence="9" number="12">the</token>
<token t_id="224" sentence="9" number="13">fire</token>
<token t_id="225" sentence="9" number="14">.</token>
<token t_id="226" sentence="10" number="0">It</token>
<token t_id="227" sentence="10" number="1">took</token>
<token t_id="228" sentence="10" number="2">about</token>
<token t_id="229" sentence="10" number="3">three</token>
<token t_id="230" sentence="10" number="4">hours</token>
<token t_id="231" sentence="10" number="5">to</token>
<token t_id="232" sentence="10" number="6">knock</token>
<token t_id="233" sentence="10" number="7">the</token>
<token t_id="234" sentence="10" number="8">fire</token>
<token t_id="235" sentence="10" number="9">down</token>
<token t_id="236" sentence="10" number="10">,</token>
<token t_id="237" sentence="10" number="11">but</token>
<token t_id="238" sentence="10" number="12">the</token>
<token t_id="239" sentence="10" number="13">building</token>
<token t_id="240" sentence="10" number="14">was</token>
<token t_id="241" sentence="10" number="15">destroyed</token>
<token t_id="242" sentence="10" number="16">,</token>
<token t_id="243" sentence="10" number="17">he</token>
<token t_id="244" sentence="10" number="18">said</token>
<token t_id="245" sentence="10" number="19">.</token>
<token t_id="246" sentence="11" number="0">The</token>
<token t_id="247" sentence="11" number="1">warehouse</token>
<token t_id="248" sentence="11" number="2">building</token>
<token t_id="249" sentence="11" number="3">,</token>
<token t_id="250" sentence="11" number="4">one</token>
<token t_id="251" sentence="11" number="5">of</token>
<token t_id="252" sentence="11" number="6">the</token>
<token t_id="253" sentence="11" number="7">oldest</token>
<token t_id="254" sentence="11" number="8">in</token>
<token t_id="255" sentence="11" number="9">Palmer</token>
<token t_id="256" sentence="11" number="10">,</token>
<token t_id="257" sentence="11" number="11">had</token>
<token t_id="258" sentence="11" number="12">been</token>
<token t_id="259" sentence="11" number="13">vacant</token>
<token t_id="260" sentence="11" number="14">for</token>
<token t_id="261" sentence="11" number="15">years</token>
<token t_id="262" sentence="11" number="16">and</token>
<token t_id="263" sentence="11" number="17">was</token>
<token t_id="264" sentence="11" number="18">boarded</token>
<token t_id="265" sentence="11" number="19">up</token>
<token t_id="266" sentence="11" number="20">,</token>
<token t_id="267" sentence="11" number="21">Palmer</token>
<token t_id="268" sentence="11" number="22">City</token>
<token t_id="269" sentence="11" number="23">Clerk</token>
<token t_id="270" sentence="11" number="24">Janette</token>
<token t_id="271" sentence="11" number="25">Bower</token>
<token t_id="272" sentence="11" number="26">told</token>
<token t_id="273" sentence="11" number="27">The</token>
<token t_id="274" sentence="11" number="28">Associated</token>
<token t_id="275" sentence="11" number="29">Press</token>
<token t_id="276" sentence="11" number="30">.</token>
<token t_id="277" sentence="12" number="0">"It</token>
<token t_id="278" sentence="12" number="1">is</token>
<token t_id="279" sentence="12" number="2">very</token>
<token t_id="280" sentence="12" number="3">,</token>
<token t_id="281" sentence="12" number="4">very</token>
<token t_id="282" sentence="12" number="5">sad</token>
<token t_id="283" sentence="12" number="6">,</token>
<token t_id="284" sentence="12" number="7">"</token>
<token t_id="285" sentence="12" number="8">Bower</token>
<token t_id="286" sentence="12" number="9">said</token>
<token t_id="287" sentence="12" number="10">.</token>
<token t_id="288" sentence="13" number="0">The</token>
<token t_id="289" sentence="13" number="1">building</token>
<token t_id="290" sentence="13" number="2">was</token>
<token t_id="291" sentence="13" number="3">constructed</token>
<token t_id="292" sentence="13" number="4">in</token>
<token t_id="293" sentence="13" number="5">1935</token>
<token t_id="294" sentence="13" number="6">,</token>
<token t_id="295" sentence="13" number="7">predating</token>
<token t_id="296" sentence="13" number="8">statehood</token>
<token t_id="297" sentence="13" number="9">by</token>
<token t_id="298" sentence="13" number="10">more</token>
<token t_id="299" sentence="13" number="11">than</token>
<token t_id="300" sentence="13" number="12">20</token>
<token t_id="301" sentence="13" number="13">years</token>
<token t_id="302" sentence="13" number="14">.</token>
<token t_id="303" sentence="14" number="0">"That</token>
<token t_id="304" sentence="14" number="1">is</token>
<token t_id="305" sentence="14" number="2">really</token>
<token t_id="306" sentence="14" number="3">old</token>
<token t_id="307" sentence="14" number="4">for</token>
<token t_id="308" sentence="14" number="5">Alaska</token>
<token t_id="309" sentence="14" number="6">standards</token>
<token t_id="310" sentence="14" number="7">,</token>
<token t_id="311" sentence="14" number="8">"</token>
<token t_id="312" sentence="14" number="9">Bower</token>
<token t_id="313" sentence="14" number="10">said</token>
<token t_id="314" sentence="14" number="11">.</token>
<token t_id="315" sentence="15" number="0">The</token>
<token t_id="316" sentence="15" number="1">city</token>
<token t_id="317" sentence="15" number="2">was</token>
<token t_id="318" sentence="15" number="3">negotiating</token>
<token t_id="319" sentence="15" number="4">to</token>
<token t_id="320" sentence="15" number="5">purchase</token>
<token t_id="321" sentence="15" number="6">the</token>
<token t_id="322" sentence="15" number="7">property</token>
<token t_id="323" sentence="15" number="8">,</token>
<token t_id="324" sentence="15" number="9">along</token>
<token t_id="325" sentence="15" number="10">with</token>
<token t_id="326" sentence="15" number="11">at</token>
<token t_id="327" sentence="15" number="12">least</token>
<token t_id="328" sentence="15" number="13">a</token>
<token t_id="329" sentence="15" number="14">half</token>
<token t_id="330" sentence="15" number="15">-</token>
<token t_id="331" sentence="15" number="16">dozen</token>
<token t_id="332" sentence="15" number="17">others</token>
<token t_id="333" sentence="15" number="18">that</token>
<token t_id="334" sentence="15" number="19">once</token>
<token t_id="335" sentence="15" number="20">were</token>
<token t_id="336" sentence="15" number="21">part</token>
<token t_id="337" sentence="15" number="22">of</token>
<token t_id="338" sentence="15" number="23">the</token>
<token t_id="339" sentence="15" number="24">Matanuska</token>
<token t_id="340" sentence="15" number="25">Maid</token>
<token t_id="341" sentence="15" number="26">Dairy</token>
<token t_id="342" sentence="15" number="27">operation</token>
<token t_id="343" sentence="15" number="28">.</token>
<token t_id="344" sentence="16" number="0">Voters</token>
<token t_id="345" sentence="16" number="1">in</token>
<token t_id="346" sentence="16" number="2">2009</token>
<token t_id="347" sentence="16" number="3">approved</token>
<token t_id="348" sentence="16" number="4">a</token>
<token t_id="349" sentence="16" number="5">$3</token>
<token t_id="350" sentence="16" number="6">million</token>
<token t_id="351" sentence="16" number="7">bond</token>
<token t_id="352" sentence="16" number="8">to</token>
<token t_id="353" sentence="16" number="9">buy</token>
<token t_id="354" sentence="16" number="10">the</token>
<token t_id="355" sentence="16" number="11">properties</token>
<token t_id="356" sentence="16" number="12">,</token>
<token t_id="357" sentence="16" number="13">Bower</token>
<token t_id="358" sentence="16" number="14">said</token>
<token t_id="359" sentence="16" number="15">.</token>
<token t_id="360" sentence="17" number="0">But</token>
<token t_id="361" sentence="17" number="1">the</token>
<token t_id="362" sentence="17" number="2">negotiations</token>
<token t_id="363" sentence="17" number="3">were</token>
<token t_id="364" sentence="17" number="4">ongoing</token>
<token t_id="365" sentence="17" number="5">.</token>
<token t_id="366" sentence="18" number="0">Palmer</token>
<token t_id="367" sentence="18" number="1">does</token>
<token t_id="368" sentence="18" number="2">not</token>
<token t_id="369" sentence="18" number="3">own</token>
<token t_id="370" sentence="18" number="4">the</token>
<token t_id="371" sentence="18" number="5">properties</token>
<token t_id="372" sentence="18" number="6">,</token>
<token t_id="373" sentence="18" number="7">Bower</token>
<token t_id="374" sentence="18" number="8">said</token>
<token t_id="375" sentence="18" number="9">.</token>
<token t_id="376" sentence="19" number="0">While</token>
<token t_id="377" sentence="19" number="1">the</token>
<token t_id="378" sentence="19" number="2">city</token>
<token t_id="379" sentence="19" number="3">hadn't</token>
<token t_id="380" sentence="19" number="4">settled</token>
<token t_id="381" sentence="19" number="5">on</token>
<token t_id="382" sentence="19" number="6">a</token>
<token t_id="383" sentence="19" number="7">plan</token>
<token t_id="384" sentence="19" number="8">for</token>
<token t_id="385" sentence="19" number="9">the</token>
<token t_id="386" sentence="19" number="10">Mat</token>
<token t_id="387" sentence="19" number="11">Maid</token>
<token t_id="388" sentence="19" number="12">properties</token>
<token t_id="389" sentence="19" number="13">,</token>
<token t_id="390" sentence="19" number="14">some</token>
<token t_id="391" sentence="19" number="15">ideas</token>
<token t_id="392" sentence="19" number="16">had</token>
<token t_id="393" sentence="19" number="17">been</token>
<token t_id="394" sentence="19" number="18">bounced</token>
<token t_id="395" sentence="19" number="19">around</token>
<token t_id="396" sentence="19" number="20">,</token>
<token t_id="397" sentence="19" number="21">she</token>
<token t_id="398" sentence="19" number="22">said</token>
<token t_id="399" sentence="19" number="23">,</token>
<token t_id="400" sentence="19" number="24">including</token>
<token t_id="401" sentence="19" number="25">turning</token>
<token t_id="402" sentence="19" number="26">the</token>
<token t_id="403" sentence="19" number="27">properties</token>
<token t_id="404" sentence="19" number="28">into</token>
<token t_id="405" sentence="19" number="29">a</token>
<token t_id="406" sentence="19" number="30">new</token>
<token t_id="407" sentence="19" number="31">city</token>
<token t_id="408" sentence="19" number="32">hall</token>
<token t_id="409" sentence="19" number="33">complex</token>
<token t_id="410" sentence="19" number="34">,</token>
<token t_id="411" sentence="19" number="35">or</token>
<token t_id="412" sentence="19" number="36">using</token>
<token t_id="413" sentence="19" number="37">them</token>
<token t_id="414" sentence="19" number="38">for</token>
<token t_id="415" sentence="19" number="39">a</token>
<token t_id="416" sentence="19" number="40">museum</token>
<token t_id="417" sentence="19" number="41">or</token>
<token t_id="418" sentence="19" number="42">theater</token>
<token t_id="419" sentence="19" number="43">arts</token>
<token t_id="420" sentence="19" number="44">building</token>
<token t_id="421" sentence="19" number="45">.</token>
<token t_id="422" sentence="20" number="0">Bower</token>
<token t_id="423" sentence="20" number="1">said</token>
<token t_id="424" sentence="20" number="2">the</token>
<token t_id="425" sentence="20" number="3">colonists</token>
<token t_id="426" sentence="20" number="4">settled</token>
<token t_id="427" sentence="20" number="5">in</token>
<token t_id="428" sentence="20" number="6">the</token>
<token t_id="429" sentence="20" number="7">Palmer</token>
<token t_id="430" sentence="20" number="8">area</token>
<token t_id="431" sentence="20" number="9">under</token>
<token t_id="432" sentence="20" number="10">the</token>
<token t_id="433" sentence="20" number="11">New</token>
<token t_id="434" sentence="20" number="12">Deal</token>
<token t_id="435" sentence="20" number="13">to</token>
<token t_id="436" sentence="20" number="14">spur</token>
<token t_id="437" sentence="20" number="15">economic</token>
<token t_id="438" sentence="20" number="16">development</token>
<token t_id="439" sentence="20" number="17">during</token>
<token t_id="440" sentence="20" number="18">the</token>
<token t_id="441" sentence="20" number="19">Great</token>
<token t_id="442" sentence="20" number="20">Depression</token>
<token t_id="443" sentence="20" number="21">.</token>
<token t_id="444" sentence="21" number="0">The</token>
<token t_id="445" sentence="21" number="1">idea</token>
<token t_id="446" sentence="21" number="2">was</token>
<token t_id="447" sentence="21" number="3">to</token>
<token t_id="448" sentence="21" number="4">see</token>
<token t_id="449" sentence="21" number="5">if</token>
<token t_id="450" sentence="21" number="6">there</token>
<token t_id="451" sentence="21" number="7">were</token>
<token t_id="452" sentence="21" number="8">agricultural</token>
<token t_id="453" sentence="21" number="9">opportunities</token>
<token t_id="454" sentence="21" number="10">to</token>
<token t_id="455" sentence="21" number="11">be</token>
<token t_id="456" sentence="21" number="12">had</token>
<token t_id="457" sentence="21" number="13">in</token>
<token t_id="458" sentence="21" number="14">Alaska</token>
<token t_id="459" sentence="21" number="15">,</token>
<token t_id="460" sentence="21" number="16">Bower</token>
<token t_id="461" sentence="21" number="17">said</token>
<token t_id="462" sentence="21" number="18">.</token>
<token t_id="463" sentence="22" number="0">More</token>
<token t_id="464" sentence="22" number="1">than</token>
<token t_id="465" sentence="22" number="2">200</token>
<token t_id="466" sentence="22" number="3">families</token>
<token t_id="467" sentence="22" number="4">,</token>
<token t_id="468" sentence="22" number="5">mostly</token>
<token t_id="469" sentence="22" number="6">from</token>
<token t_id="470" sentence="22" number="7">Wisconsin</token>
<token t_id="471" sentence="22" number="8">and</token>
<token t_id="472" sentence="22" number="9">Minnesota</token>
<token t_id="473" sentence="22" number="10">,</token>
<token t_id="474" sentence="22" number="11">were</token>
<token t_id="475" sentence="22" number="12">brought</token>
<token t_id="476" sentence="22" number="13">to</token>
<token t_id="477" sentence="22" number="14">Alaska</token>
<token t_id="478" sentence="22" number="15">under</token>
<token t_id="479" sentence="22" number="16">the</token>
<token t_id="480" sentence="22" number="17">Matanuska</token>
<token t_id="481" sentence="22" number="18">Colony</token>
<token t_id="482" sentence="22" number="19">project</token>
<token t_id="483" sentence="22" number="20">.</token>
<token t_id="484" sentence="23" number="0">Bower</token>
<token t_id="485" sentence="23" number="1">said</token>
<token t_id="486" sentence="23" number="2">the</token>
<token t_id="487" sentence="23" number="3">warehouse</token>
<token t_id="488" sentence="23" number="4">building</token>
<token t_id="489" sentence="23" number="5">was</token>
<token t_id="490" sentence="23" number="6">one</token>
<token t_id="491" sentence="23" number="7">of</token>
<token t_id="492" sentence="23" number="8">the</token>
<token t_id="493" sentence="23" number="9">first</token>
<token t_id="494" sentence="23" number="10">structures</token>
<token t_id="495" sentence="23" number="11">to</token>
<token t_id="496" sentence="23" number="12">be</token>
<token t_id="497" sentence="23" number="13">built</token>
<token t_id="498" sentence="23" number="14">.</token>
<token t_id="499" sentence="24" number="0">The</token>
<token t_id="500" sentence="24" number="1">Mat</token>
<token t_id="501" sentence="24" number="2">Maid</token>
<token t_id="502" sentence="24" number="3">dairy</token>
<token t_id="503" sentence="24" number="4">started</token>
<token t_id="504" sentence="24" number="5">at</token>
<token t_id="505" sentence="24" number="6">that</token>
<token t_id="506" sentence="24" number="7">time</token>
<token t_id="507" sentence="24" number="8">as</token>
<token t_id="508" sentence="24" number="9">a</token>
<token t_id="509" sentence="24" number="10">dairy</token>
<token t_id="510" sentence="24" number="11">cooperative</token>
<token t_id="511" sentence="24" number="12">.</token>
<token t_id="512" sentence="25" number="0">It</token>
<token t_id="513" sentence="25" number="1">was</token>
<token t_id="514" sentence="25" number="2">taken</token>
<token t_id="515" sentence="25" number="3">over</token>
<token t_id="516" sentence="25" number="4">by</token>
<token t_id="517" sentence="25" number="5">the</token>
<token t_id="518" sentence="25" number="6">state</token>
<token t_id="519" sentence="25" number="7">in</token>
<token t_id="520" sentence="25" number="8">the</token>
<token t_id="521" sentence="25" number="9">mid</token>
<token t_id="522" sentence="25" number="10">-</token>
<token t_id="523" sentence="25" number="11">1980s</token>
<token t_id="524" sentence="25" number="12">after</token>
<token t_id="525" sentence="25" number="13">its</token>
<token t_id="526" sentence="25" number="14">private</token>
<token t_id="527" sentence="25" number="15">owner</token>
<token t_id="528" sentence="25" number="16">went</token>
<token t_id="529" sentence="25" number="17">bankrupt</token>
<token t_id="530" sentence="25" number="18">.</token>
<token t_id="531" sentence="26" number="0">The</token>
<token t_id="532" sentence="26" number="1">money</token>
<token t_id="533" sentence="26" number="2">-</token>
<token t_id="534" sentence="26" number="3">losing</token>
<token t_id="535" sentence="26" number="4">operation</token>
<token t_id="536" sentence="26" number="5">was</token>
<token t_id="537" sentence="26" number="6">subsidized</token>
<token t_id="538" sentence="26" number="7">by</token>
<token t_id="539" sentence="26" number="8">the</token>
<token t_id="540" sentence="26" number="9">state</token>
<token t_id="541" sentence="26" number="10">and</token>
<token t_id="542" sentence="26" number="11">shut</token>
<token t_id="543" sentence="26" number="12">down</token>
<token t_id="544" sentence="26" number="13">for</token>
<token t_id="545" sentence="26" number="14">good</token>
<token t_id="546" sentence="26" number="15">in</token>
<token t_id="547" sentence="26" number="16">December</token>
<token t_id="548" sentence="26" number="17">2007</token>
<token t_id="549" sentence="26" number="18">.</token>
<token t_id="550" sentence="27" number="0">It</token>
<token t_id="551" sentence="27" number="1">appeared</token>
<token t_id="552" sentence="27" number="2">for</token>
<token t_id="553" sentence="27" number="3">a</token>
<token t_id="554" sentence="27" number="4">time</token>
<token t_id="555" sentence="27" number="5">that</token>
<token t_id="556" sentence="27" number="6">the</token>
<token t_id="557" sentence="27" number="7">valley's</token>
<token t_id="558" sentence="27" number="8">tradition</token>
<token t_id="559" sentence="27" number="9">of</token>
<token t_id="560" sentence="27" number="10">dairy</token>
<token t_id="561" sentence="27" number="11">farming</token>
<token t_id="562" sentence="27" number="12">also</token>
<token t_id="563" sentence="27" number="13">would</token>
<token t_id="564" sentence="27" number="14">be</token>
<token t_id="565" sentence="27" number="15">lost</token>
<token t_id="566" sentence="27" number="16">but</token>
<token t_id="567" sentence="27" number="17">it</token>
<token t_id="568" sentence="27" number="18">was</token>
<token t_id="569" sentence="27" number="19">revived</token>
<token t_id="570" sentence="27" number="20">in</token>
<token t_id="571" sentence="27" number="21">2008</token>
<token t_id="572" sentence="27" number="22">under</token>
<token t_id="573" sentence="27" number="23">a</token>
<token t_id="574" sentence="27" number="24">private</token>
<token t_id="575" sentence="27" number="25">operation</token>
<token t_id="576" sentence="27" number="26">called</token>
<token t_id="577" sentence="27" number="27">the</token>
<token t_id="578" sentence="27" number="28">Matanuska</token>
<token t_id="579" sentence="27" number="29">Creamery</token>
<token t_id="580" sentence="27" number="30">,</token>
<token t_id="581" sentence="27" number="31">which</token>
<token t_id="582" sentence="27" number="32">is</token>
<token t_id="583" sentence="27" number="33">successfully</token>
<token t_id="584" sentence="27" number="34">filling</token>
<token t_id="585" sentence="27" number="35">a</token>
<token t_id="586" sentence="27" number="36">niche</token>
<token t_id="587" sentence="27" number="37">market</token>
<token t_id="588" sentence="27" number="38">for</token>
<token t_id="589" sentence="27" number="39">fresh</token>
<token t_id="590" sentence="27" number="40">milk</token>
<token t_id="591" sentence="27" number="41">and</token>
<token t_id="592" sentence="27" number="42">cheese</token>
<token t_id="593" sentence="27" number="43">produced</token>
<token t_id="594" sentence="27" number="44">entirely</token>
<token t_id="595" sentence="27" number="45">by</token>
<token t_id="596" sentence="27" number="46">Alaska</token>
<token t_id="597" sentence="27" number="47">farmers</token>
<token t_id="598" sentence="27" number="48">.</token>
<Markables>
<ACTION_OCCURRENCE m_id="13"  >
  <token_anchor t_id="82"/>
  <token_anchor t_id="83"/>
  <token_anchor t_id="84"/>
</ACTION_OCCURRENCE>
<ACTION_OCCURRENCE m_id="18"  >
  <token_anchor t_id="101"/>
</ACTION_OCCURRENCE>
<ACTION_OCCURRENCE m_id="19"  >
  <token_anchor t_id="102"/>
  <token_anchor t_id="103"/>
</ACTION_OCCURRENCE>
<ACTION_OCCURRENCE m_id="26"  >
  <token_anchor t_id="44"/>
</ACTION_OCCURRENCE>
<ACTION_OCCURRENCE m_id="1"  >
  <token_anchor t_id="42"/>
</ACTION_OCCURRENCE>
<ACTION_OCCURRENCE m_id="2"  >
  <token_anchor t_id="60"/>
</ACTION_OCCURRENCE>
<ACTION_OCCURRENCE m_id="3"  >
  <token_anchor t_id="71"/>
</ACTION_OCCURRENCE>
<ACTION_OCCURRENCE m_id="4"  >
  <token_anchor t_id="77"/>
</ACTION_OCCURRENCE>
<ACTION_OCCURRENCE m_id="5"  >
  <token_anchor t_id="86"/>
</ACTION_OCCURRENCE>
<ACTION_OCCURRENCE m_id="6"  >
  <token_anchor t_id="57"/>
</ACTION_OCCURRENCE>
<ACTION_REPORTING m_id="17"  >
  <token_anchor t_id="99"/>
</ACTION_REPORTING>
<ACTION_STATE m_id="23"  >
  <token_anchor t_id="125"/>
  <token_anchor t_id="126"/>
</ACTION_STATE>
<HUMAN_PART_GENERIC m_id="10"  >
  <token_anchor t_id="76"/>
</HUMAN_PART_GENERIC>
<HUMAN_PART_PER m_id="14"  >
  <token_anchor t_id="90"/>
  <token_anchor t_id="91"/>
</HUMAN_PART_PER>
<HUMAN_PART_PER m_id="15"  >
  <token_anchor t_id="97"/>
</HUMAN_PART_PER>
<HUMAN_PART_PER m_id="16"  >
  <token_anchor t_id="117"/>
</HUMAN_PART_PER>
<LOC_FAC m_id="20"  >
  <token_anchor t_id="106"/>
  <token_anchor t_id="107"/>
</LOC_FAC>
<LOC_GEO m_id="11"  >
  <token_anchor t_id="79"/>
  <token_anchor t_id="80"/>
</LOC_GEO>
<LOC_GEO m_id="12"  >
  <token_anchor t_id="87"/>
  <token_anchor t_id="88"/>
</LOC_GEO>
<TIME_DATE m_id="9"  >
  <token_anchor t_id="72"/>
  <token_anchor t_id="73"/>
  <token_anchor t_id="74"/>
</TIME_DATE>
<TIME_DATE m_id="7"  >
  <token_anchor t_id="58"/>
  <token_anchor t_id="59"/>
</TIME_DATE>
<TIME_OF_THE_DAY m_id="21"  >
  <token_anchor t_id="108"/>
  <token_anchor t_id="109"/>
  <token_anchor t_id="110"/>
  <token_anchor t_id="111"/>
  <token_anchor t_id="112"/>
  <token_anchor t_id="113"/>
  <token_anchor t_id="114"/>
</TIME_OF_THE_DAY>
<TIME_OF_THE_DAY m_id="8"  >
  <token_anchor t_id="47"/>
  <token_anchor t_id="48"/>
  <token_anchor t_id="49"/>
  <token_anchor t_id="50"/>
  <token_anchor t_id="51"/>
  <token_anchor t_id="52"/>
  <token_anchor t_id="53"/>
  <token_anchor t_id="54"/>
  <token_anchor t_id="55"/>
</TIME_OF_THE_DAY>


<NON_HUMAN_PART m_id="29" note="byCROMER" >
  <token_anchor t_id="122"/>
</NON_HUMAN_PART>
<NON_HUMAN_PART m_id="30" note="byCROMER" >
  <token_anchor t_id="63"/>
  <token_anchor t_id="64"/>
  <token_anchor t_id="65"/>
  <token_anchor t_id="66"/>
  <token_anchor t_id="67"/>
</NON_HUMAN_PART>
<NON_HUMAN_PART m_id="31" note="byCROMER" >
  <token_anchor t_id="39"/>
  <token_anchor t_id="40"/>
  <token_anchor t_id="41"/>
</NON_HUMAN_PART>
<LOC_GEO m_id="32" note="byCROMER" >
  <token_anchor t_id="61"/>
</LOC_GEO>


<TIME_DATE m_id="33" RELATED_TO="" TAG_DESCRIPTOR="t13_tuesday" instance_id="TIM17474345247586703" />
<ACTION_OCCURRENCE m_id="42" RELATED_TO="" TAG_DESCRIPTOR="t13_fire_destroyed" instance_id="ACT17473989188667483" />
<TIME_OF_THE_DAY m_id="41" RELATED_TO="" TAG_DESCRIPTOR="t13_3.33" instance_id="TIM17475887856444679" />
<HUMAN_PART_PER m_id="39" RELATED_TO="" TAG_DESCRIPTOR="t13_owen" instance_id="HUM17475529366295058" />
<LOC_GEO m_id="40" RELATED_TO="" TAG_DESCRIPTOR="t13_palmer" instance_id="LOC17475085268494506" />
<LOC_GEO m_id="38" RELATED_TO="" TAG_DESCRIPTOR="t13_alaska" instance_id="LOC17475571775274501" />
<ACTION_OCCURRENCE m_id="37" RELATED_TO="" TAG_DESCRIPTOR="t13_fire" instance_id="ACT17473889933267520" />
<HUMAN_PART_PER m_id="36" RELATED_TO="" TAG_DESCRIPTOR="t13_person_who_called_911" instance_id="HUM17474951363799655" />
<NON_HUMAN_PART m_id="35" RELATED_TO="" TAG_DESCRIPTOR="t13_manatuska_creamery_building" instance_id="NON28318790724994183" />
<LOC_FAC m_id="34" RELATED_TO="" TAG_DESCRIPTOR="t13_valley_hotel" instance_id="LOC17475874283842230" />
</Markables>

<Relations>
<CROSS_DOC_COREF r_id="24903" note="TIM17474345247586703" >
  <source m_id="7" />
  <target m_id="33" />
</CROSS_DOC_COREF>
<CROSS_DOC_COREF r_id="24904" note="LOC17475874283842230" >
  <source m_id="20" />
  <target m_id="34" />
</CROSS_DOC_COREF>
<CROSS_DOC_COREF r_id="24905" note="NON28318790724994183" >
  <source m_id="29" />
  <source m_id="30" />
  <source m_id="31" />
  <target m_id="35" />
</CROSS_DOC_COREF>
<CROSS_DOC_COREF r_id="24906" note="HUM17474951363799655" >
  <source m_id="16" />
  <target m_id="36" />
</CROSS_DOC_COREF>
<CROSS_DOC_COREF r_id="24907" note="ACT17473889933267520" >
  <source m_id="6" />
  <source m_id="26" />
  <target m_id="37" />
</CROSS_DOC_COREF>
<CROSS_DOC_COREF r_id="24908" note="LOC17475571775274501" >
  <source m_id="12" />
  <target m_id="38" />
</CROSS_DOC_COREF>
<CROSS_DOC_COREF r_id="24909" note="HUM17475529366295058" >
  <source m_id="15" />
  <source m_id="14" />
  <target m_id="39" />
</CROSS_DOC_COREF>
<CROSS_DOC_COREF r_id="24910" note="LOC17475085268494506" >
  <source m_id="32" />
  <target m_id="40" />
</CROSS_DOC_COREF>
<CROSS_DOC_COREF r_id="24911" note="TIM17475887856444679" >
  <source m_id="21" />
  <target m_id="41" />
</CROSS_DOC_COREF>
<CROSS_DOC_COREF r_id="24912" note="ACT17473989188667483" >
  <source m_id="1" />
  <source m_id="2" />
  <target m_id="42" />
</CROSS_DOC_COREF>

</Relations>
</Document>
