<Document doc_name="13_14ecb.xml" doc_id="DOC15654285159202055">
<token t_id="1" sentence="0" number="0">Wasilla</token>
<token t_id="2" sentence="0" number="1">Bible</token>
<token t_id="3" sentence="0" number="2">Church</token>
<token t_id="4" sentence="0" number="3">,</token>
<token t_id="5" sentence="0" number="4">the</token>
<token t_id="6" sentence="0" number="5">home</token>
<token t_id="7" sentence="0" number="6">church</token>
<token t_id="8" sentence="0" number="7">of</token>
<token t_id="9" sentence="0" number="8">Alaska</token>
<token t_id="10" sentence="0" number="9">Gov.</token>
<token t_id="11" sentence="0" number="10">Sarah</token>
<token t_id="12" sentence="0" number="11">Palin</token>
<token t_id="13" sentence="0" number="12">and</token>
<token t_id="14" sentence="0" number="13">her</token>
<token t_id="15" sentence="0" number="14">family</token>
<token t_id="16" sentence="0" number="15">,</token>
<token t_id="17" sentence="0" number="16">received</token>
<token t_id="18" sentence="0" number="17">an</token>
<token t_id="19" sentence="0" number="18">estimated</token>
<token t_id="20" sentence="0" number="19">$</token>
<token t_id="21" sentence="0" number="20">1</token>
<token t_id="22" sentence="0" number="21">million</token>
<token t_id="23" sentence="0" number="22">in</token>
<token t_id="24" sentence="0" number="23">damage</token>
<token t_id="25" sentence="0" number="24">from</token>
<token t_id="26" sentence="0" number="25">a</token>
<token t_id="27" sentence="0" number="26">fire</token>
<token t_id="28" sentence="0" number="27">that</token>
<token t_id="29" sentence="0" number="28">was</token>
<token t_id="30" sentence="0" number="29">deliberately</token>
<token t_id="31" sentence="0" number="30">set</token>
<token t_id="32" sentence="0" number="31">Friday</token>
<token t_id="33" sentence="0" number="32">night</token>
<token t_id="34" sentence="0" number="33">.</token>
<token t_id="35" sentence="1" number="0">No</token>
<token t_id="36" sentence="1" number="1">one</token>
<token t_id="37" sentence="1" number="2">was</token>
<token t_id="38" sentence="1" number="3">injured</token>
<token t_id="39" sentence="1" number="4">,</token>
<token t_id="40" sentence="1" number="5">but</token>
<token t_id="41" sentence="1" number="6">several</token>
<token t_id="42" sentence="1" number="7">people</token>
<token t_id="43" sentence="1" number="8">,</token>
<token t_id="44" sentence="1" number="9">including</token>
<token t_id="45" sentence="1" number="10">two</token>
<token t_id="46" sentence="1" number="11">children</token>
<token t_id="47" sentence="1" number="12">,</token>
<token t_id="48" sentence="1" number="13">were</token>
<token t_id="49" sentence="1" number="14">inside</token>
<token t_id="50" sentence="1" number="15">the</token>
<token t_id="51" sentence="1" number="16">church</token>
<token t_id="52" sentence="1" number="17">when</token>
<token t_id="53" sentence="1" number="18">the</token>
<token t_id="54" sentence="1" number="19">blaze</token>
<token t_id="55" sentence="1" number="20">started</token>
<token t_id="56" sentence="1" number="21">.</token>
<token t_id="57" sentence="2" number="0">Palin</token>
<token t_id="58" sentence="2" number="1">spokesman</token>
<token t_id="59" sentence="2" number="2">Bill</token>
<token t_id="60" sentence="2" number="3">McAllister</token>
<token t_id="61" sentence="2" number="4">said</token>
<token t_id="62" sentence="2" number="5">that</token>
<token t_id="63" sentence="2" number="6">Palin</token>
<token t_id="64" sentence="2" number="7">told</token>
<token t_id="65" sentence="2" number="8">an</token>
<token t_id="66" sentence="2" number="9">assistant</token>
<token t_id="67" sentence="2" number="10">pastor</token>
<token t_id="68" sentence="2" number="11">she</token>
<token t_id="69" sentence="2" number="12">was</token>
<token t_id="70" sentence="2" number="13">sorry</token>
<token t_id="71" sentence="2" number="14">if</token>
<token t_id="72" sentence="2" number="15">the</token>
<token t_id="73" sentence="2" number="16">fire</token>
<token t_id="74" sentence="2" number="17">was</token>
<token t_id="75" sentence="2" number="18">related</token>
<token t_id="76" sentence="2" number="19">to</token>
<token t_id="77" sentence="2" number="20">the</token>
<token t_id="78" sentence="2" number="21">``</token>
<token t_id="79" sentence="2" number="22">undeserved</token>
<token t_id="80" sentence="2" number="23">negative</token>
<token t_id="81" sentence="2" number="24">attention</token>
<token t_id="82" sentence="2" number="25">''</token>
<token t_id="83" sentence="2" number="26">the</token>
<token t_id="84" sentence="2" number="27">church</token>
<token t_id="85" sentence="2" number="28">had</token>
<token t_id="86" sentence="2" number="29">received</token>
<token t_id="87" sentence="2" number="30">since</token>
<token t_id="88" sentence="2" number="31">she</token>
<token t_id="89" sentence="2" number="32">became</token>
<token t_id="90" sentence="2" number="33">the</token>
<token t_id="91" sentence="2" number="34">Republican</token>
<token t_id="92" sentence="2" number="35">vice</token>
<token t_id="93" sentence="2" number="36">presidential</token>
<token t_id="94" sentence="2" number="37">candidate</token>
<token t_id="95" sentence="2" number="38">earlier</token>
<token t_id="96" sentence="2" number="39">this</token>
<token t_id="97" sentence="2" number="40">year</token>
<token t_id="98" sentence="2" number="41">.</token>
<token t_id="99" sentence="3" number="0">``</token>
<token t_id="100" sentence="3" number="1">Whatever</token>
<token t_id="101" sentence="3" number="2">the</token>
<token t_id="102" sentence="3" number="3">motives</token>
<token t_id="103" sentence="3" number="4">of</token>
<token t_id="104" sentence="3" number="5">the</token>
<token t_id="105" sentence="3" number="6">arsonist</token>
<token t_id="106" sentence="3" number="7">,</token>
<token t_id="107" sentence="3" number="8">the</token>
<token t_id="108" sentence="3" number="9">governor</token>
<token t_id="109" sentence="3" number="10">has</token>
<token t_id="110" sentence="3" number="11">faith</token>
<token t_id="111" sentence="3" number="12">in</token>
<token t_id="112" sentence="3" number="13">the</token>
<token t_id="113" sentence="3" number="14">scriptural</token>
<token t_id="114" sentence="3" number="15">passage</token>
<token t_id="115" sentence="3" number="16">that</token>
<token t_id="116" sentence="3" number="17">what</token>
<token t_id="117" sentence="3" number="18">was</token>
<token t_id="118" sentence="3" number="19">intended</token>
<token t_id="119" sentence="3" number="20">for</token>
<token t_id="120" sentence="3" number="21">evil</token>
<token t_id="121" sentence="3" number="22">will</token>
<token t_id="122" sentence="3" number="23">in</token>
<token t_id="123" sentence="3" number="24">some</token>
<token t_id="124" sentence="3" number="25">way</token>
<token t_id="125" sentence="3" number="26">be</token>
<token t_id="126" sentence="3" number="27">used</token>
<token t_id="127" sentence="3" number="28">for</token>
<token t_id="128" sentence="3" number="29">good</token>
<token t_id="129" sentence="3" number="30">,</token>
<token t_id="130" sentence="3" number="31">''</token>
<token t_id="131" sentence="3" number="32">McAllister</token>
<token t_id="132" sentence="3" number="33">added</token>
<token t_id="133" sentence="3" number="34">.</token>
<Markables>
<ACTION_OCCURRENCE m_id="16"  >
  <token_anchor t_id="27"/>
</ACTION_OCCURRENCE>
<ACTION_OCCURRENCE m_id="17"  >
  <token_anchor t_id="31"/>
</ACTION_OCCURRENCE>
<HUMAN_PART_PER m_id="13"  >
  <token_anchor t_id="11"/>
  <token_anchor t_id="12"/>
</HUMAN_PART_PER>
<HUMAN_PART_PER m_id="14"  >
  <token_anchor t_id="15"/>
</HUMAN_PART_PER>
<TIME_OF_THE_DAY m_id="18"  >
  <token_anchor t_id="32"/>
  <token_anchor t_id="33"/>
</TIME_OF_THE_DAY>


<ACTION_OCCURRENCE m_id="19" note="byCROMER" >
  <token_anchor t_id="24"/>
</ACTION_OCCURRENCE>
<HUMAN_PART_ORG m_id="20" note="byCROMER" >
  <token_anchor t_id="1"/>
  <token_anchor t_id="2"/>
  <token_anchor t_id="3"/>
</HUMAN_PART_ORG>


<ACTION_OCCURRENCE m_id="27" RELATED_TO="" TAG_DESCRIPTOR="t13b_destroyed" instance_id="ACT17476241401707929" />
<HUMAN_PART_PER m_id="26" RELATED_TO="" TAG_DESCRIPTOR="t13_palin" instance_id="HUM17474479699693914" />
<ACTION_OCCURRENCE m_id="25" RELATED_TO="" TAG_DESCRIPTOR="t13b_arson" instance_id="ACT17476188805643910" />
<TIME_OF_THE_DAY m_id="24" RELATED_TO="" TAG_DESCRIPTOR="t13b_friday_night" instance_id="TIM17476578442583570" />
<HUMAN_PART_ORG m_id="23" RELATED_TO="" TAG_DESCRIPTOR="t13b_org_church" instance_id="HUM28321461982534522" />
<HUMAN_PART_PER m_id="22" RELATED_TO="" TAG_DESCRIPTOR="t13b_family" instance_id="HUM17476795258982705" />
<ACTION_OCCURRENCE m_id="21" RELATED_TO="" TAG_DESCRIPTOR="t13_church_fire" instance_id="ACT17474554307413590" />
</Markables>

<Relations>
<CROSS_DOC_COREF r_id="34006" note="ACT17474554307413590" >
  <source m_id="16" />
  <target m_id="21" />
</CROSS_DOC_COREF>
<CROSS_DOC_COREF r_id="34007" note="HUM17476795258982705" >
  <source m_id="14" />
  <target m_id="22" />
</CROSS_DOC_COREF>
<CROSS_DOC_COREF r_id="34008" note="HUM28321461982534522" >
  <source m_id="20" />
  <target m_id="23" />
</CROSS_DOC_COREF>
<CROSS_DOC_COREF r_id="34009" note="TIM17476578442583570" >
  <source m_id="18" />
  <target m_id="24" />
</CROSS_DOC_COREF>
<CROSS_DOC_COREF r_id="34010" note="ACT17476188805643910" >
  <source m_id="17" />
  <target m_id="25" />
</CROSS_DOC_COREF>
<CROSS_DOC_COREF r_id="34011" note="HUM17474479699693914" >
  <source m_id="13" />
  <target m_id="26" />
</CROSS_DOC_COREF>
<CROSS_DOC_COREF r_id="34012" note="ACT17476241401707929" >
  <source m_id="19" />
  <target m_id="27" />
</CROSS_DOC_COREF>

</Relations>
</Document>
