<Document doc_name="13_20ecb.xml" doc_id="DOC15654285807772032">
<token t_id="1" sentence="0" number="0">Authorities</token>
<token t_id="2" sentence="0" number="1">suspect</token>
<token t_id="3" sentence="0" number="2">arson</token>
<token t_id="4" sentence="0" number="3">is</token>
<token t_id="5" sentence="0" number="4">the</token>
<token t_id="6" sentence="0" number="5">cause</token>
<token t_id="7" sentence="0" number="6">of</token>
<token t_id="8" sentence="0" number="7">a</token>
<token t_id="9" sentence="0" number="8">fire</token>
<token t_id="10" sentence="0" number="9">that</token>
<token t_id="11" sentence="0" number="10">caused</token>
<token t_id="12" sentence="0" number="11">an</token>
<token t_id="13" sentence="0" number="12">estimated</token>
<token t_id="14" sentence="0" number="13">$</token>
<token t_id="15" sentence="0" number="14">1</token>
<token t_id="16" sentence="0" number="15">million</token>
<token t_id="17" sentence="0" number="16">in</token>
<token t_id="18" sentence="0" number="17">damage</token>
<token t_id="19" sentence="0" number="18">to</token>
<token t_id="20" sentence="0" number="19">Gov.</token>
<token t_id="21" sentence="0" number="20">Sarah</token>
<token t_id="22" sentence="0" number="21">Palin</token>
<token t_id="23" sentence="0" number="22">'s</token>
<token t_id="24" sentence="0" number="23">church</token>
<token t_id="25" sentence="0" number="24">,</token>
<token t_id="26" sentence="0" number="25">reports</token>
<token t_id="27" sentence="0" number="26">this</token>
<token t_id="28" sentence="0" number="27">morning</token>
<token t_id="29" sentence="0" number="28">'s</token>
<token t_id="30" sentence="0" number="29">Anchorage</token>
<token t_id="31" sentence="0" number="30">Daily</token>
<token t_id="32" sentence="0" number="31">News</token>
<token t_id="33" sentence="0" number="32">.</token>
<token t_id="34" sentence="1" number="0">Firefighters</token>
<token t_id="35" sentence="1" number="1">were</token>
<token t_id="36" sentence="1" number="2">called</token>
<token t_id="37" sentence="1" number="3">to</token>
<token t_id="38" sentence="1" number="4">Wasilla</token>
<token t_id="39" sentence="1" number="5">Bible</token>
<token t_id="40" sentence="1" number="6">Church</token>
<token t_id="41" sentence="1" number="7">about</token>
<token t_id="42" sentence="1" number="8">9:40</token>
<token t_id="43" sentence="1" number="9">p.m.</token>
<token t_id="44" sentence="1" number="10">and</token>
<token t_id="45" sentence="1" number="11">found</token>
<token t_id="46" sentence="1" number="12">flames</token>
<token t_id="47" sentence="1" number="13">and</token>
<token t_id="48" sentence="1" number="14">smoke</token>
<token t_id="49" sentence="1" number="15">coming</token>
<token t_id="50" sentence="1" number="16">out</token>
<token t_id="51" sentence="1" number="17">windows</token>
<token t_id="52" sentence="1" number="18">at</token>
<token t_id="53" sentence="1" number="19">the</token>
<token t_id="54" sentence="1" number="20">back</token>
<token t_id="55" sentence="1" number="21">of</token>
<token t_id="56" sentence="1" number="22">the</token>
<token t_id="57" sentence="1" number="23">three-story</token>
<token t_id="58" sentence="1" number="24">structure</token>
<token t_id="59" sentence="1" number="25">,</token>
<token t_id="60" sentence="1" number="26">said</token>
<token t_id="61" sentence="1" number="27">James</token>
<token t_id="62" sentence="1" number="28">Steele</token>
<token t_id="63" sentence="1" number="29">,</token>
<token t_id="64" sentence="1" number="30">chief</token>
<token t_id="65" sentence="1" number="31">of</token>
<token t_id="66" sentence="1" number="32">the</token>
<token t_id="67" sentence="1" number="33">Central</token>
<token t_id="68" sentence="1" number="34">Mat-Su</token>
<token t_id="69" sentence="1" number="35">Fire</token>
<token t_id="70" sentence="1" number="36">Department</token>
<token t_id="71" sentence="1" number="37">.</token>
<token t_id="72" sentence="2" number="0">Five</token>
<token t_id="73" sentence="2" number="1">women</token>
<token t_id="74" sentence="2" number="2">,</token>
<token t_id="75" sentence="2" number="3">and</token>
<token t_id="76" sentence="2" number="4">possibly</token>
<token t_id="77" sentence="2" number="5">a</token>
<token t_id="78" sentence="2" number="6">couple</token>
<token t_id="79" sentence="2" number="7">of</token>
<token t_id="80" sentence="2" number="8">children</token>
<token t_id="81" sentence="2" number="9">,</token>
<token t_id="82" sentence="2" number="10">were</token>
<token t_id="83" sentence="2" number="11">inside</token>
<token t_id="84" sentence="2" number="12">the</token>
<token t_id="85" sentence="2" number="13">church</token>
<token t_id="86" sentence="2" number="14">working</token>
<token t_id="87" sentence="2" number="15">on</token>
<token t_id="88" sentence="2" number="16">crafts</token>
<token t_id="89" sentence="2" number="17">,</token>
<token t_id="90" sentence="2" number="18">but</token>
<token t_id="91" sentence="2" number="19">everyone</token>
<token t_id="92" sentence="2" number="20">got</token>
<token t_id="93" sentence="2" number="21">out</token>
<token t_id="94" sentence="2" number="22">safely</token>
<token t_id="95" sentence="2" number="23">after</token>
<token t_id="96" sentence="2" number="24">a</token>
<token t_id="97" sentence="2" number="25">fire</token>
<token t_id="98" sentence="2" number="26">alarm</token>
<token t_id="99" sentence="2" number="27">alerted</token>
<token t_id="100" sentence="2" number="28">them</token>
<token t_id="101" sentence="2" number="29">to</token>
<token t_id="102" sentence="2" number="30">trouble</token>
<token t_id="103" sentence="2" number="31">,</token>
<token t_id="104" sentence="2" number="32">Steele</token>
<token t_id="105" sentence="2" number="33">said</token>
<token t_id="106" sentence="2" number="34">.</token>
<token t_id="107" sentence="3" number="0">It</token>
<token t_id="108" sentence="3" number="1">was</token>
<token t_id="109" sentence="3" number="2">the</token>
<token t_id="110" sentence="3" number="3">biggest</token>
<token t_id="111" sentence="3" number="4">fire</token>
<token t_id="112" sentence="3" number="5">the</token>
<token t_id="113" sentence="3" number="6">department</token>
<token t_id="114" sentence="3" number="7">has</token>
<token t_id="115" sentence="3" number="8">seen</token>
<token t_id="116" sentence="3" number="9">this</token>
<token t_id="117" sentence="3" number="10">year</token>
<token t_id="118" sentence="3" number="11">,</token>
<token t_id="119" sentence="3" number="12">and</token>
<token t_id="120" sentence="3" number="13">Steele</token>
<token t_id="121" sentence="3" number="14">said</token>
<token t_id="122" sentence="3" number="15">as</token>
<token t_id="123" sentence="3" number="16">many</token>
<token t_id="124" sentence="3" number="17">as</token>
<token t_id="125" sentence="3" number="18">35</token>
<token t_id="126" sentence="3" number="19">to</token>
<token t_id="127" sentence="3" number="20">40</token>
<token t_id="128" sentence="3" number="21">volunteer</token>
<token t_id="129" sentence="3" number="22">firefighters</token>
<token t_id="130" sentence="3" number="23">came</token>
<token t_id="131" sentence="3" number="24">from</token>
<token t_id="132" sentence="3" number="25">across</token>
<token t_id="133" sentence="3" number="26">the</token>
<token t_id="134" sentence="3" number="27">region</token>
<token t_id="135" sentence="3" number="28">to</token>
<token t_id="136" sentence="3" number="29">battle</token>
<token t_id="137" sentence="3" number="30">the</token>
<token t_id="138" sentence="3" number="31">blaze</token>
<token t_id="139" sentence="3" number="32">.</token>
<Markables>
<ACTION_CAUSATIVE m_id="15"  >
  <token_anchor t_id="6"/>
</ACTION_CAUSATIVE>
<ACTION_OCCURRENCE m_id="13"  >
  <token_anchor t_id="2"/>
</ACTION_OCCURRENCE>
<ACTION_OCCURRENCE m_id="14"  >
  <token_anchor t_id="3"/>
</ACTION_OCCURRENCE>
<ACTION_OCCURRENCE m_id="16"  >
  <token_anchor t_id="9"/>
</ACTION_OCCURRENCE>
<ACTION_REPORTING m_id="19"  >
  <token_anchor t_id="26"/>
</ACTION_REPORTING>
<HUMAN_PART_ORG m_id="21"  >
  <token_anchor t_id="30"/>
  <token_anchor t_id="31"/>
  <token_anchor t_id="32"/>
</HUMAN_PART_ORG>
<HUMAN_PART_PER m_id="12"  >
  <token_anchor t_id="1"/>
</HUMAN_PART_PER>
<TIME_OF_THE_DAY m_id="20"  >
  <token_anchor t_id="27"/>
  <token_anchor t_id="28"/>
</TIME_OF_THE_DAY>


<ACTION_OCCURRENCE m_id="22" note="byCROMER" >
  <token_anchor t_id="18"/>
</ACTION_OCCURRENCE>
<NON_HUMAN_PART m_id="23" note="byCROMER" >
  <token_anchor t_id="24"/>
</NON_HUMAN_PART>


<ACTION_OCCURRENCE m_id="28" RELATED_TO="" TAG_DESCRIPTOR="t13b_destroyed" instance_id="ACT17476241401707929" />
<ACTION_OCCURRENCE m_id="27" RELATED_TO="" TAG_DESCRIPTOR="t13b_arson" instance_id="ACT17476188805643910" />
<ACTION_OCCURRENCE m_id="26" RELATED_TO="" TAG_DESCRIPTOR="t13b_suspect" instance_id="ACT17476808283153309" />
<NON_HUMAN_PART m_id="25" RELATED_TO="" TAG_DESCRIPTOR="t13_wassila_church_building" instance_id="NON28318767695137921" />
<ACTION_OCCURRENCE m_id="24" RELATED_TO="" TAG_DESCRIPTOR="t13_church_fire" instance_id="ACT17474554307413590" />
</Markables>

<Relations>
<CROSS_DOC_COREF r_id="33627" note="ACT17474554307413590" >
  <source m_id="16" />
  <target m_id="24" />
</CROSS_DOC_COREF>
<CROSS_DOC_COREF r_id="33628" note="NON28318767695137921" >
  <source m_id="23" />
  <target m_id="25" />
</CROSS_DOC_COREF>
<CROSS_DOC_COREF r_id="33629" note="ACT17476808283153309" >
  <source m_id="13" />
  <target m_id="26" />
</CROSS_DOC_COREF>
<CROSS_DOC_COREF r_id="33630" note="ACT17476188805643910" >
  <source m_id="14" />
  <target m_id="27" />
</CROSS_DOC_COREF>
<CROSS_DOC_COREF r_id="33631" note="ACT17476241401707929" >
  <source m_id="22" />
  <target m_id="28" />
</CROSS_DOC_COREF>

</Relations>
</Document>
