<Document doc_name="13_2ecb.xml" doc_id="DOC15654284391889093">
<token t_id="1" sentence="0" number="0">Alaska</token>
<token t_id="2" sentence="0" number="1">Gov.</token>
<token t_id="3" sentence="0" number="2">Sarah</token>
<token t_id="4" sentence="0" number="3">Palin</token>
<token t_id="5" sentence="0" number="4">,</token>
<token t_id="6" sentence="0" number="5">her</token>
<token t_id="7" sentence="0" number="6">husband</token>
<token t_id="8" sentence="0" number="7">Todd</token>
<token t_id="9" sentence="0" number="8">and</token>
<token t_id="10" sentence="0" number="9">up</token>
<token t_id="11" sentence="0" number="10">to</token>
<token t_id="12" sentence="0" number="11">1,000</token>
<token t_id="13" sentence="0" number="12">fellow</token>
<token t_id="14" sentence="0" number="13">parishioners</token>
<token t_id="15" sentence="0" number="14">will</token>
<token t_id="16" sentence="0" number="15">worship</token>
<token t_id="17" sentence="0" number="16">in</token>
<token t_id="18" sentence="0" number="17">a</token>
<token t_id="19" sentence="0" number="18">local</token>
<token t_id="20" sentence="0" number="19">school</token>
<token t_id="21" sentence="0" number="20">this</token>
<token t_id="22" sentence="0" number="21">morning</token>
<token t_id="23" sentence="0" number="22">after</token>
<token t_id="24" sentence="0" number="23">a</token>
<token t_id="25" sentence="0" number="24">suspicious</token>
<token t_id="26" sentence="0" number="25">fire</token>
<token t_id="27" sentence="0" number="26">virtually</token>
<token t_id="28" sentence="0" number="27">destroyed</token>
<token t_id="29" sentence="0" number="28">the</token>
<token t_id="30" sentence="0" number="29">Wasilla</token>
<token t_id="31" sentence="0" number="30">Bible</token>
<token t_id="32" sentence="0" number="31">Church</token>
<token t_id="33" sentence="0" number="32">early</token>
<token t_id="34" sentence="0" number="33">Saturday</token>
<token t_id="35" sentence="0" number="34">.</token>
<token t_id="36" sentence="1" number="0">The</token>
<token t_id="37" sentence="1" number="1">Rev.</token>
<token t_id="38" sentence="1" number="2">Larry</token>
<token t_id="39" sentence="1" number="3">Kroon</token>
<token t_id="40" sentence="1" number="4">said</token>
<token t_id="41" sentence="1" number="5">some</token>
<token t_id="42" sentence="1" number="6">parishioners</token>
<token t_id="43" sentence="1" number="7">were</token>
<token t_id="44" sentence="1" number="8">in</token>
<token t_id="45" sentence="1" number="9">the</token>
<token t_id="46" sentence="1" number="10">church</token>
<token t_id="47" sentence="1" number="11">on</token>
<token t_id="48" sentence="1" number="12">Nicola</token>
<token t_id="49" sentence="1" number="13">Avenue</token>
<token t_id="50" sentence="1" number="14">at</token>
<token t_id="51" sentence="1" number="15">the</token>
<token t_id="52" sentence="1" number="16">time</token>
<token t_id="53" sentence="1" number="17">the</token>
<token t_id="54" sentence="1" number="18">fire</token>
<token t_id="55" sentence="1" number="19">was</token>
<token t_id="56" sentence="1" number="20">noticed</token>
<token t_id="57" sentence="1" number="21">but</token>
<token t_id="58" sentence="1" number="22">no</token>
<token t_id="59" sentence="1" number="23">one</token>
<token t_id="60" sentence="1" number="24">was</token>
<token t_id="61" sentence="1" number="25">injured</token>
<token t_id="62" sentence="1" number="26">.</token>
<token t_id="63" sentence="2" number="0">Firefighters</token>
<token t_id="64" sentence="2" number="1">baAlaska</token>
<token t_id="65" sentence="2" number="2">Republican</token>
<token t_id="66" sentence="2" number="3">governor</token>
<token t_id="67" sentence="2" number="4">and</token>
<token t_id="68" sentence="2" number="5">GOP</token>
<token t_id="69" sentence="2" number="6">vice</token>
<token t_id="70" sentence="2" number="7">presidential</token>
<token t_id="71" sentence="2" number="8">candidate</token>
<token t_id="72" sentence="2" number="9">Sarah</token>
<token t_id="73" sentence="2" number="10">Palin</token>
<token t_id="74" sentence="2" number="11">whose</token>
<token t_id="75" sentence="2" number="12">church</token>
<token t_id="76" sentence="2" number="13">was</token>
<token t_id="77" sentence="2" number="14">burned</token>
<token t_id="78" sentence="2" number="15">Saturday</token>
<token t_id="79" sentence="2" number="16">by</token>
<token t_id="80" sentence="2" number="17">suspected</token>
<token t_id="81" sentence="2" number="18">arsonttled</token>
<token t_id="82" sentence="2" number="19">for</token>
<token t_id="83" sentence="2" number="20">about</token>
<token t_id="84" sentence="2" number="21">eight</token>
<token t_id="85" sentence="2" number="22">hours</token>
<token t_id="86" sentence="2" number="23">in</token>
<token t_id="87" sentence="2" number="24">minus-20</token>
<token t_id="88" sentence="2" number="25">degree</token>
<token t_id="89" sentence="2" number="26">temperatures</token>
<token t_id="90" sentence="2" number="27">to</token>
<token t_id="91" sentence="2" number="28">completely</token>
<token t_id="92" sentence="2" number="29">extinguish</token>
<token t_id="93" sentence="2" number="30">the</token>
<token t_id="94" sentence="2" number="31">blaze</token>
<token t_id="95" sentence="2" number="32">that</token>
<token t_id="96" sentence="2" number="33">began</token>
<token t_id="97" sentence="2" number="34">at</token>
<token t_id="98" sentence="2" number="35">the</token>
<token t_id="99" sentence="2" number="36">front</token>
<token t_id="100" sentence="2" number="37">door</token>
<token t_id="101" sentence="2" number="38">.</token>
<token t_id="102" sentence="3" number="0">The</token>
<token t_id="103" sentence="3" number="1">former</token>
<token t_id="104" sentence="3" number="2">Republican</token>
<token t_id="105" sentence="3" number="3">vice</token>
<token t_id="106" sentence="3" number="4">presidential</token>
<token t_id="107" sentence="3" number="5">candidate</token>
<token t_id="108" sentence="3" number="6">went</token>
<token t_id="109" sentence="3" number="7">to</token>
<token t_id="110" sentence="3" number="8">the</token>
<token t_id="111" sentence="3" number="9">church</token>
<token t_id="112" sentence="3" number="10">Saturday</token>
<token t_id="113" sentence="3" number="11">to</token>
<token t_id="114" sentence="3" number="12">apologize</token>
<token t_id="115" sentence="3" number="13">to</token>
<token t_id="116" sentence="3" number="14">pastors</token>
<token t_id="117" sentence="3" number="15">in</token>
<token t_id="118" sentence="3" number="16">case</token>
<token t_id="119" sentence="3" number="17">the</token>
<token t_id="120" sentence="3" number="18">estimated</token>
<token t_id="121" sentence="3" number="19">$</token>
<token t_id="122" sentence="3" number="20">1</token>
<token t_id="123" sentence="3" number="21">million</token>
<token t_id="124" sentence="3" number="22">fire</token>
<token t_id="125" sentence="3" number="23">damages</token>
<token t_id="126" sentence="3" number="24">,</token>
<token t_id="127" sentence="3" number="25">suspected</token>
<token t_id="128" sentence="3" number="26">as</token>
<token t_id="129" sentence="3" number="27">arson</token>
<token t_id="130" sentence="3" number="28">,</token>
<token t_id="131" sentence="3" number="29">were</token>
<token t_id="132" sentence="3" number="30">``</token>
<token t_id="133" sentence="3" number="31">in</token>
<token t_id="134" sentence="3" number="32">any</token>
<token t_id="135" sentence="3" number="33">way</token>
<token t_id="136" sentence="3" number="34">connected</token>
<token t_id="137" sentence="3" number="35">to</token>
<token t_id="138" sentence="3" number="36">the</token>
<token t_id="139" sentence="3" number="37">undeserved</token>
<token t_id="140" sentence="3" number="38">negative</token>
<token t_id="141" sentence="3" number="39">attention</token>
<token t_id="142" sentence="3" number="40">the</token>
<token t_id="143" sentence="3" number="41">church</token>
<token t_id="144" sentence="3" number="42">has</token>
<token t_id="145" sentence="3" number="43">received</token>
<token t_id="146" sentence="3" number="44">''</token>
<token t_id="147" sentence="3" number="45">since</token>
<token t_id="148" sentence="3" number="46">the</token>
<token t_id="149" sentence="3" number="47">governor</token>
<token t_id="150" sentence="3" number="48">'s</token>
<token t_id="151" sentence="3" number="49">involvement</token>
<token t_id="152" sentence="3" number="50">with</token>
<token t_id="153" sentence="3" number="51">John</token>
<token t_id="154" sentence="3" number="52">McCain</token>
<token t_id="155" sentence="3" number="53">'s</token>
<token t_id="156" sentence="3" number="54">presidential</token>
<token t_id="157" sentence="3" number="55">campaign</token>
<token t_id="158" sentence="3" number="56">.</token>
<token t_id="159" sentence="4" number="0">The</token>
<token t_id="160" sentence="4" number="1">30-year-old</token>
<token t_id="161" sentence="4" number="2">congregation</token>
<token t_id="162" sentence="4" number="3">in</token>
<token t_id="163" sentence="4" number="4">Wasilla</token>
<token t_id="164" sentence="4" number="5">,</token>
<token t_id="165" sentence="4" number="6">about</token>
<token t_id="166" sentence="4" number="7">40</token>
<token t_id="167" sentence="4" number="8">miles</token>
<token t_id="168" sentence="4" number="9">north</token>
<token t_id="169" sentence="4" number="10">of</token>
<token t_id="170" sentence="4" number="11">Anchorage</token>
<token t_id="171" sentence="4" number="12">,</token>
<token t_id="172" sentence="4" number="13">had</token>
<token t_id="173" sentence="4" number="14">moved</token>
<token t_id="174" sentence="4" number="15">into</token>
<token t_id="175" sentence="4" number="16">its</token>
<token t_id="176" sentence="4" number="17">new</token>
<token t_id="177" sentence="4" number="18">church</token>
<token t_id="178" sentence="4" number="19">just</token>
<token t_id="179" sentence="4" number="20">30</token>
<token t_id="180" sentence="4" number="21">months</token>
<token t_id="181" sentence="4" number="22">ago</token>
<token t_id="182" sentence="4" number="23">.</token>
<token t_id="183" sentence="5" number="0">Church</token>
<token t_id="184" sentence="5" number="1">officials</token>
<token t_id="185" sentence="5" number="2">said</token>
<token t_id="186" sentence="5" number="3">they</token>
<token t_id="187" sentence="5" number="4">expect</token>
<token t_id="188" sentence="5" number="5">to</token>
<token t_id="189" sentence="5" number="6">hold</token>
<token t_id="190" sentence="5" number="7">services</token>
<token t_id="191" sentence="5" number="8">at</token>
<token t_id="192" sentence="5" number="9">the</token>
<token t_id="193" sentence="5" number="10">Wasilla</token>
<token t_id="194" sentence="5" number="11">Middle</token>
<token t_id="195" sentence="5" number="12">School</token>
<token t_id="196" sentence="5" number="13">for</token>
<token t_id="197" sentence="5" number="14">the</token>
<token t_id="198" sentence="5" number="15">foreseeable</token>
<token t_id="199" sentence="5" number="16">future</token>
<token t_id="200" sentence="5" number="17">during</token>
<token t_id="201" sentence="5" number="18">repairs</token>
<token t_id="202" sentence="5" number="19">.</token>
<Markables>
<ACTION_OCCURRENCE m_id="18"  >
  <token_anchor t_id="16"/>
</ACTION_OCCURRENCE>
<ACTION_OCCURRENCE m_id="19"  >
  <token_anchor t_id="26"/>
</ACTION_OCCURRENCE>
<ACTION_OCCURRENCE m_id="20"  >
  <token_anchor t_id="28"/>
</ACTION_OCCURRENCE>
<HUMAN_PART_PER m_id="15"  >
  <token_anchor t_id="3"/>
  <token_anchor t_id="4"/>
</HUMAN_PART_PER>
<HUMAN_PART_PER m_id="16"  >
  <token_anchor t_id="8"/>
</HUMAN_PART_PER>
<HUMAN_PART_PER m_id="17"  >
  <token_anchor t_id="14"/>
</HUMAN_PART_PER>
<LOC_FAC m_id="23"  >
  <token_anchor t_id="18"/>
  <token_anchor t_id="19"/>
  <token_anchor t_id="20"/>
</LOC_FAC>
<TIME_OF_THE_DAY m_id="24"  >
  <token_anchor t_id="21"/>
  <token_anchor t_id="22"/>
</TIME_OF_THE_DAY>
<TIME_OF_THE_DAY m_id="22"  >
  <token_anchor t_id="33"/>
  <token_anchor t_id="34"/>
</TIME_OF_THE_DAY>


<NON_HUMAN_PART m_id="25" note="byCROMER" >
  <token_anchor t_id="30"/>
  <token_anchor t_id="31"/>
  <token_anchor t_id="32"/>
</NON_HUMAN_PART>


<ACTION_OCCURRENCE m_id="31" RELATED_TO="" TAG_DESCRIPTOR="t13b_destroyed" instance_id="ACT17476241401707929" />
<HUMAN_PART_PER m_id="30" RELATED_TO="" TAG_DESCRIPTOR="t13_palin" instance_id="HUM17474479699693914" />
<TIME_OF_THE_DAY m_id="29" RELATED_TO="" TAG_DESCRIPTOR="t13b_early_saturday" instance_id="TIM17476349659391839" />
<LOC_FAC m_id="28" RELATED_TO="" TAG_DESCRIPTOR="t13b_school" instance_id="LOC17476993006820833" />
<NON_HUMAN_PART m_id="27" RELATED_TO="" TAG_DESCRIPTOR="t13_wassila_church_building" instance_id="NON28318767695137921" />
<ACTION_OCCURRENCE m_id="26" RELATED_TO="" TAG_DESCRIPTOR="t13_church_fire" instance_id="ACT17474554307413590" />
</Markables>

<Relations>
<CROSS_DOC_COREF r_id="33972" note="ACT17474554307413590" >
  <source m_id="19" />
  <target m_id="26" />
</CROSS_DOC_COREF>
<CROSS_DOC_COREF r_id="33973" note="NON28318767695137921" >
  <source m_id="25" />
  <target m_id="27" />
</CROSS_DOC_COREF>
<CROSS_DOC_COREF r_id="33974" note="LOC17476993006820833" >
  <source m_id="23" />
  <target m_id="28" />
</CROSS_DOC_COREF>
<CROSS_DOC_COREF r_id="33975" note="TIM17476349659391839" >
  <source m_id="22" />
  <target m_id="29" />
</CROSS_DOC_COREF>
<CROSS_DOC_COREF r_id="33976" note="HUM17474479699693914" >
  <source m_id="15" />
  <target m_id="30" />
</CROSS_DOC_COREF>
<CROSS_DOC_COREF r_id="33977" note="ACT17476241401707929" >
  <source m_id="20" />
  <target m_id="31" />
</CROSS_DOC_COREF>

</Relations>
</Document>
