<Document doc_name="13_9ecb.xml" doc_id="DOC15654284652952100">
<token t_id="1" sentence="0" number="0">The</token>
<token t_id="2" sentence="0" number="1">church</token>
<token t_id="3" sentence="0" number="2">Alaska</token>
<token t_id="4" sentence="0" number="3">Gov.Sarah</token>
<token t_id="5" sentence="0" number="4">Palin</token>
<token t_id="6" sentence="0" number="5">attends</token>
<token t_id="7" sentence="0" number="6">was</token>
<token t_id="8" sentence="0" number="7">badly</token>
<token t_id="9" sentence="0" number="8">damaged</token>
<token t_id="10" sentence="0" number="9">by</token>
<token t_id="11" sentence="0" number="10">fire</token>
<token t_id="12" sentence="0" number="11">Friday</token>
<token t_id="13" sentence="0" number="12">night</token>
<token t_id="14" sentence="0" number="13">,</token>
<token t_id="15" sentence="0" number="14">and</token>
<token t_id="16" sentence="0" number="15">investigators</token>
<token t_id="17" sentence="0" number="16">suspect</token>
<token t_id="18" sentence="0" number="17">arson</token>
<token t_id="19" sentence="0" number="18">.</token>
<token t_id="20" sentence="1" number="0">Palin</token>
<token t_id="21" sentence="1" number="1">,</token>
<token t_id="22" sentence="1" number="2">who</token>
<token t_id="23" sentence="1" number="3">was</token>
<token t_id="24" sentence="1" number="4">also</token>
<token t_id="25" sentence="1" number="5">the</token>
<token t_id="26" sentence="1" number="6">Republican</token>
<token t_id="27" sentence="1" number="7">vice</token>
<token t_id="28" sentence="1" number="8">presidential</token>
<token t_id="29" sentence="1" number="9">candidate</token>
<token t_id="30" sentence="1" number="10">,</token>
<token t_id="31" sentence="1" number="11">apologized</token>
<token t_id="32" sentence="1" number="12">if</token>
<token t_id="33" sentence="1" number="13">the</token>
<token t_id="34" sentence="1" number="14">fire</token>
<token t_id="35" sentence="1" number="15">was</token>
<token t_id="36" sentence="1" number="16">in</token>
<token t_id="37" sentence="1" number="17">any</token>
<token t_id="38" sentence="1" number="18">way</token>
<token t_id="39" sentence="1" number="19">connected</token>
<token t_id="40" sentence="1" number="20">to</token>
<token t_id="41" sentence="1" number="21">the</token>
<token t_id="42" sentence="1" number="22">attention</token>
<token t_id="43" sentence="1" number="23">the</token>
<token t_id="44" sentence="1" number="24">church</token>
<token t_id="45" sentence="1" number="25">received</token>
<token t_id="46" sentence="1" number="26">during</token>
<token t_id="47" sentence="1" number="27">the</token>
<token t_id="48" sentence="1" number="28">campaign</token>
<token t_id="49" sentence="1" number="29">.</token>
<token t_id="50" sentence="2" number="0">The</token>
<token t_id="51" sentence="2" number="1">fire</token>
<token t_id="52" sentence="2" number="2">caused</token>
<token t_id="53" sentence="2" number="3">more</token>
<token t_id="54" sentence="2" number="4">than</token>
<token t_id="55" sentence="2" number="5">$</token>
<token t_id="56" sentence="2" number="6">1</token>
<token t_id="57" sentence="2" number="7">million</token>
<token t_id="58" sentence="2" number="8">in</token>
<token t_id="59" sentence="2" number="9">damages</token>
<token t_id="60" sentence="2" number="10">,</token>
<token t_id="61" sentence="2" number="11">the</token>
<token t_id="62" sentence="2" number="12">Anchorage</token>
<token t_id="63" sentence="2" number="13">Daily</token>
<token t_id="64" sentence="2" number="14">News</token>
<token t_id="65" sentence="2" number="15">reported</token>
<token t_id="66" sentence="2" number="16">.</token>
<token t_id="67" sentence="3" number="0">Firefighters</token>
<token t_id="68" sentence="3" number="1">were</token>
<token t_id="69" sentence="3" number="2">called</token>
<token t_id="70" sentence="3" number="3">to</token>
<token t_id="71" sentence="3" number="4">the</token>
<token t_id="72" sentence="3" number="5">blaze</token>
<token t_id="73" sentence="3" number="6">at</token>
<token t_id="74" sentence="3" number="7">around</token>
<token t_id="75" sentence="3" number="8">9:40</token>
<token t_id="76" sentence="3" number="9">p.m</token>
<token t_id="77" sentence="3" number="10">.</token>
<token t_id="78" sentence="4" number="0">Friday</token>
<token t_id="79" sentence="4" number="1">night</token>
<token t_id="80" sentence="4" number="2">.</token>
<token t_id="81" sentence="5" number="0">The</token>
<token t_id="82" sentence="5" number="1">arrived</token>
<token t_id="83" sentence="5" number="2">to</token>
<token t_id="84" sentence="5" number="3">find</token>
<token t_id="85" sentence="5" number="4">smoke</token>
<token t_id="86" sentence="5" number="5">and</token>
<token t_id="87" sentence="5" number="6">flames</token>
<token t_id="88" sentence="5" number="7">coming</token>
<token t_id="89" sentence="5" number="8">out</token>
<token t_id="90" sentence="5" number="9">of</token>
<token t_id="91" sentence="5" number="10">the</token>
<token t_id="92" sentence="5" number="11">windows</token>
<token t_id="93" sentence="5" number="12">at</token>
<token t_id="94" sentence="5" number="13">the</token>
<token t_id="95" sentence="5" number="14">back</token>
<token t_id="96" sentence="5" number="15">of</token>
<token t_id="97" sentence="5" number="16">the</token>
<token t_id="98" sentence="5" number="17">three-story</token>
<token t_id="99" sentence="5" number="18">building</token>
<token t_id="100" sentence="5" number="19">.</token>
<token t_id="101" sentence="6" number="0">Five</token>
<token t_id="102" sentence="6" number="1">adult</token>
<token t_id="103" sentence="6" number="2">women</token>
<token t_id="104" sentence="6" number="3">and</token>
<token t_id="105" sentence="6" number="4">possibly</token>
<token t_id="106" sentence="6" number="5">two</token>
<token t_id="107" sentence="6" number="6">children</token>
<token t_id="108" sentence="6" number="7">were</token>
<token t_id="109" sentence="6" number="8">inside</token>
<token t_id="110" sentence="6" number="9">the</token>
<token t_id="111" sentence="6" number="10">church</token>
<token t_id="112" sentence="6" number="11">,</token>
<token t_id="113" sentence="6" number="12">but</token>
<token t_id="114" sentence="6" number="13">escaped</token>
<token t_id="115" sentence="6" number="14">unharmed</token>
<token t_id="116" sentence="6" number="15">,</token>
<token t_id="117" sentence="6" number="16">Central</token>
<token t_id="118" sentence="6" number="17">Mat-Su</token>
<token t_id="119" sentence="6" number="18">Fire</token>
<token t_id="120" sentence="6" number="19">Department</token>
<token t_id="121" sentence="6" number="20">Chief</token>
<token t_id="122" sentence="6" number="21">James</token>
<token t_id="123" sentence="6" number="22">Steele</token>
<token t_id="124" sentence="6" number="23">told</token>
<token t_id="125" sentence="6" number="24">reporters</token>
<token t_id="126" sentence="6" number="25">.</token>
<token t_id="127" sentence="7" number="0">It</token>
<token t_id="128" sentence="7" number="1">took</token>
<token t_id="129" sentence="7" number="2">about</token>
<token t_id="130" sentence="7" number="3">40</token>
<token t_id="131" sentence="7" number="4">volunteer</token>
<token t_id="132" sentence="7" number="5">firefighters</token>
<token t_id="133" sentence="7" number="6">to</token>
<token t_id="134" sentence="7" number="7">knock</token>
<token t_id="135" sentence="7" number="8">down</token>
<token t_id="136" sentence="7" number="9">the</token>
<token t_id="137" sentence="7" number="10">blaze</token>
<token t_id="138" sentence="7" number="11">,</token>
<token t_id="139" sentence="7" number="12">Steele</token>
<token t_id="140" sentence="7" number="13">said</token>
<token t_id="141" sentence="7" number="14">.</token>
<Markables>
<ACTION_OCCURRENCE m_id="21"  >
  <token_anchor t_id="17"/>
</ACTION_OCCURRENCE>
<ACTION_OCCURRENCE m_id="15"  >
  <token_anchor t_id="9"/>
</ACTION_OCCURRENCE>
<ACTION_OCCURRENCE m_id="16"  >
  <token_anchor t_id="11"/>
</ACTION_OCCURRENCE>
<ACTION_OCCURRENCE m_id="17"  >
  <token_anchor t_id="6"/>
</ACTION_OCCURRENCE>
<ACTION_OCCURRENCE m_id="20"  >
  <token_anchor t_id="18"/>
</ACTION_OCCURRENCE>
<HUMAN_PART_PER m_id="14"  >
  <token_anchor t_id="4"/>
  <token_anchor t_id="5"/>
</HUMAN_PART_PER>
<HUMAN_PART_PER m_id="19"  >
  <token_anchor t_id="16"/>
</HUMAN_PART_PER>
<TIME_OF_THE_DAY m_id="18"  >
  <token_anchor t_id="12"/>
  <token_anchor t_id="13"/>
</TIME_OF_THE_DAY>


<NON_HUMAN_PART m_id="22" note="byCROMER" >
  <token_anchor t_id="1"/>
  <token_anchor t_id="2"/>
</NON_HUMAN_PART>


<ACTION_OCCURRENCE m_id="30" RELATED_TO="" TAG_DESCRIPTOR="t13b_destroyed" instance_id="ACT17476241401707929" />
<ACTION_OCCURRENCE m_id="29" RELATED_TO="" TAG_DESCRIPTOR="t13b_attends" instance_id="ACT17476220205227381" />
<HUMAN_PART_PER m_id="28" RELATED_TO="" TAG_DESCRIPTOR="t13_palin" instance_id="HUM17474479699693914" />
<ACTION_OCCURRENCE m_id="27" RELATED_TO="" TAG_DESCRIPTOR="t13b_arson" instance_id="ACT17476188805643910" />
<TIME_OF_THE_DAY m_id="26" RELATED_TO="" TAG_DESCRIPTOR="t13b_friday_night" instance_id="TIM17476578442583570" />
<ACTION_OCCURRENCE m_id="25" RELATED_TO="" TAG_DESCRIPTOR="t13b_suspect" instance_id="ACT17476808283153309" />
<NON_HUMAN_PART m_id="24" RELATED_TO="" TAG_DESCRIPTOR="t13_wassila_church_building" instance_id="NON28318767695137921" />
<ACTION_OCCURRENCE m_id="23" RELATED_TO="" TAG_DESCRIPTOR="t13_church_fire" instance_id="ACT17474554307413590" />
</Markables>

<Relations>
<CROSS_DOC_COREF r_id="41545" note="ACT17474554307413590" >
  <source m_id="16" />
  <target m_id="23" />
</CROSS_DOC_COREF>
<CROSS_DOC_COREF r_id="41546" note="NON28318767695137921" >
  <source m_id="22" />
  <target m_id="24" />
</CROSS_DOC_COREF>
<CROSS_DOC_COREF r_id="41547" note="ACT17476808283153309" >
  <source m_id="21" />
  <target m_id="25" />
</CROSS_DOC_COREF>
<CROSS_DOC_COREF r_id="41548" note="TIM17476578442583570" >
  <source m_id="18" />
  <target m_id="26" />
</CROSS_DOC_COREF>
<CROSS_DOC_COREF r_id="41549" note="ACT17476188805643910" >
  <source m_id="20" />
  <target m_id="27" />
</CROSS_DOC_COREF>
<CROSS_DOC_COREF r_id="41550" note="HUM17474479699693914" >
  <source m_id="14" />
  <target m_id="28" />
</CROSS_DOC_COREF>
<CROSS_DOC_COREF r_id="41551" note="ACT17476220205227381" >
  <source m_id="17" />
  <target m_id="29" />
</CROSS_DOC_COREF>
<CROSS_DOC_COREF r_id="41552" note="ACT17476241401707929" >
  <source m_id="15" />
  <target m_id="30" />
</CROSS_DOC_COREF>

</Relations>
</Document>
