<Document doc_name="2_10ecbplus.xml" doc_id="DOC15645952830259059">
<token t_id="1" sentence="0" number="0">http</token>
<token t_id="2" sentence="0" number="1">:</token>
<token t_id="3" sentence="0" number="2">/</token>
<token t_id="4" sentence="0" number="3">/</token>
<token t_id="5" sentence="0" number="4">variety</token>
<token t_id="6" sentence="0" number="5">.</token>
<token t_id="7" sentence="0" number="6">com</token>
<token t_id="8" sentence="0" number="7">/</token>
<token t_id="9" sentence="0" number="8">2013</token>
<token t_id="10" sentence="0" number="9">/</token>
<token t_id="11" sentence="0" number="10">film</token>
<token t_id="12" sentence="0" number="11">/</token>
<token t_id="13" sentence="0" number="12">news</token>
<token t_id="14" sentence="0" number="13">/</token>
<token t_id="15" sentence="0" number="14">ellen</token>
<token t_id="16" sentence="0" number="15">-</token>
<token t_id="17" sentence="0" number="16">degeneres</token>
<token t_id="18" sentence="0" number="17">-</token>
<token t_id="19" sentence="0" number="18">to</token>
<token t_id="20" sentence="0" number="19">-</token>
<token t_id="21" sentence="0" number="20">host</token>
<token t_id="22" sentence="0" number="21">-</token>
<token t_id="23" sentence="0" number="22">oscars</token>
<token t_id="24" sentence="0" number="23">-</token>
<token t_id="25" sentence="0" number="24">1200566939</token>
<token t_id="26" sentence="0" number="25">/</token>
<token t_id="27" sentence="1" number="0">Ellen</token>
<token t_id="28" sentence="1" number="1">DeGeneres</token>
<token t_id="29" sentence="1" number="2">To</token>
<token t_id="30" sentence="1" number="3">Host</token>
<token t_id="31" sentence="1" number="4">Oscars</token>
<token t_id="32" sentence="2" number="0">AUGUST</token>
<token t_id="33" sentence="2" number="1">2</token>
<token t_id="34" sentence="2" number="2">,</token>
<token t_id="35" sentence="2" number="3">2013</token>
<token t_id="36" sentence="2" number="4">|</token>
<token t_id="37" sentence="2" number="5">08</token>
<token t_id="38" sentence="2" number="6">:</token>
<token t_id="39" sentence="2" number="7">06AM</token>
<token t_id="40" sentence="2" number="8">PT</token>
<token t_id="41" sentence="3" number="0">Talkshow</token>
<token t_id="42" sentence="3" number="1">host</token>
<token t_id="43" sentence="3" number="2">returns</token>
<token t_id="44" sentence="3" number="3">for</token>
<token t_id="45" sentence="3" number="4">second</token>
<token t_id="46" sentence="3" number="5">Oscar</token>
<token t_id="47" sentence="3" number="6">tour</token>
<token t_id="48" sentence="4" number="0">And</token>
<token t_id="49" sentence="4" number="1">the</token>
<token t_id="50" sentence="4" number="2">next</token>
<token t_id="51" sentence="4" number="3">host</token>
<token t_id="52" sentence="4" number="4">of</token>
<token t_id="53" sentence="4" number="5">the</token>
<token t_id="54" sentence="4" number="6">Academy</token>
<token t_id="55" sentence="4" number="7">Awards</token>
<token t_id="56" sentence="4" number="8">is</token>
<token t_id="57" sentence="4" number="9">…</token>
<token t_id="58" sentence="4" number="10">Ellen</token>
<token t_id="59" sentence="4" number="11">DeGeneres</token>
<token t_id="60" sentence="4" number="12">.</token>
<token t_id="61" sentence="5" number="0">It</token>
<token t_id="62" sentence="5" number="1">will</token>
<token t_id="63" sentence="5" number="2">be</token>
<token t_id="64" sentence="5" number="3">DeGeneres</token>
<token t_id="65" sentence="5" number="4">’</token>
<token t_id="66" sentence="5" number="5">second</token>
<token t_id="67" sentence="5" number="6">tour</token>
<token t_id="68" sentence="5" number="7">of</token>
<token t_id="69" sentence="5" number="8">duty</token>
<token t_id="70" sentence="5" number="9">as</token>
<token t_id="71" sentence="5" number="10">Oscar</token>
<token t_id="72" sentence="5" number="11">host</token>
<token t_id="73" sentence="5" number="12">,</token>
<token t_id="74" sentence="5" number="13">having</token>
<token t_id="75" sentence="5" number="14">previously</token>
<token t_id="76" sentence="5" number="15">emceed</token>
<token t_id="77" sentence="5" number="16">the</token>
<token t_id="78" sentence="5" number="17">79th</token>
<token t_id="79" sentence="5" number="18">annual</token>
<token t_id="80" sentence="5" number="19">Academy</token>
<token t_id="81" sentence="5" number="20">Awards</token>
<token t_id="82" sentence="5" number="21">in</token>
<token t_id="83" sentence="5" number="22">2007</token>
<token t_id="84" sentence="5" number="23">and</token>
<token t_id="85" sentence="5" number="24">earning</token>
<token t_id="86" sentence="5" number="25">an</token>
<token t_id="87" sentence="5" number="26">Emmy</token>
<token t_id="88" sentence="5" number="27">nomination</token>
<token t_id="89" sentence="5" number="28">.</token>
<token t_id="90" sentence="6" number="0">The</token>
<token t_id="91" sentence="6" number="1">popular</token>
<token t_id="92" sentence="6" number="2">syndicated</token>
<token t_id="93" sentence="6" number="3">talkshow</token>
<token t_id="94" sentence="6" number="4">host</token>
<token t_id="95" sentence="6" number="5">also</token>
<token t_id="96" sentence="6" number="6">fronted</token>
<token t_id="97" sentence="6" number="7">the</token>
<token t_id="98" sentence="6" number="8">Emmys</token>
<token t_id="99" sentence="6" number="9">in</token>
<token t_id="100" sentence="6" number="10">2001</token>
<token t_id="101" sentence="6" number="11">and</token>
<token t_id="102" sentence="6" number="12">2005</token>
<token t_id="103" sentence="6" number="13">(</token>
<token t_id="104" sentence="6" number="14">co</token>
<token t_id="105" sentence="6" number="15">-</token>
<token t_id="106" sentence="6" number="16">hosting</token>
<token t_id="107" sentence="6" number="17">them</token>
<token t_id="108" sentence="6" number="18">in</token>
<token t_id="109" sentence="6" number="19">2003</token>
<token t_id="110" sentence="6" number="20">)</token>
<token t_id="111" sentence="6" number="21">.</token>
<token t_id="112" sentence="7" number="0">“</token>
<token t_id="113" sentence="7" number="1">I</token>
<token t_id="114" sentence="7" number="2">am</token>
<token t_id="115" sentence="7" number="3">so</token>
<token t_id="116" sentence="7" number="4">excited</token>
<token t_id="117" sentence="7" number="5">to</token>
<token t_id="118" sentence="7" number="6">be</token>
<token t_id="119" sentence="7" number="7">hosting</token>
<token t_id="120" sentence="7" number="8">the</token>
<token t_id="121" sentence="7" number="9">Oscars</token>
<token t_id="122" sentence="7" number="10">for</token>
<token t_id="123" sentence="7" number="11">the</token>
<token t_id="124" sentence="7" number="12">second</token>
<token t_id="125" sentence="7" number="13">time</token>
<token t_id="126" sentence="7" number="14">,</token>
<token t_id="127" sentence="7" number="15">”</token>
<token t_id="128" sentence="7" number="16">DeGeneres</token>
<token t_id="129" sentence="7" number="17">said</token>
<token t_id="130" sentence="7" number="18">,</token>
<token t_id="131" sentence="7" number="19">joking</token>
<token t_id="132" sentence="7" number="20">that</token>
<token t_id="133" sentence="7" number="21">“</token>
<token t_id="134" sentence="7" number="22">you</token>
<token t_id="135" sentence="7" number="23">know</token>
<token t_id="136" sentence="7" number="24">what</token>
<token t_id="137" sentence="7" number="25">they</token>
<token t_id="138" sentence="7" number="26">say</token>
<token t_id="139" sentence="7" number="27">–</token>
<token t_id="140" sentence="7" number="28">the</token>
<token t_id="141" sentence="7" number="29">third</token>
<token t_id="142" sentence="7" number="30">time</token>
<token t_id="143" sentence="7" number="31">’</token>
<token t_id="144" sentence="7" number="32">s</token>
<token t_id="145" sentence="7" number="33">the</token>
<token t_id="146" sentence="7" number="34">charm</token>
<token t_id="147" sentence="7" number="35">.</token>
<token t_id="148" sentence="7" number="36">”</token>
<token t_id="149" sentence="8" number="0">“</token>
<token t_id="150" sentence="8" number="1">We</token>
<token t_id="151" sentence="8" number="2">are</token>
<token t_id="152" sentence="8" number="3">thrilled</token>
<token t_id="153" sentence="8" number="4">to</token>
<token t_id="154" sentence="8" number="5">have</token>
<token t_id="155" sentence="8" number="6">Ellen</token>
<token t_id="156" sentence="8" number="7">DeGeneres</token>
<token t_id="157" sentence="8" number="8">host</token>
<token t_id="158" sentence="8" number="9">the</token>
<token t_id="159" sentence="8" number="10">Oscars</token>
<token t_id="160" sentence="8" number="11">,</token>
<token t_id="161" sentence="8" number="12">”</token>
<token t_id="162" sentence="8" number="13">said</token>
<token t_id="163" sentence="8" number="14">Zadan</token>
<token t_id="164" sentence="8" number="15">and</token>
<token t_id="165" sentence="8" number="16">Meron</token>
<token t_id="166" sentence="8" number="17">jointly</token>
<token t_id="167" sentence="8" number="18">.</token>
<token t_id="168" sentence="9" number="0">“</token>
<token t_id="169" sentence="9" number="1">It</token>
<token t_id="170" sentence="9" number="2">is</token>
<token t_id="171" sentence="9" number="3">an</token>
<token t_id="172" sentence="9" number="4">honor</token>
<token t_id="173" sentence="9" number="5">to</token>
<token t_id="174" sentence="9" number="6">welcome</token>
<token t_id="175" sentence="9" number="7">back</token>
<token t_id="176" sentence="9" number="8">Ellen</token>
<token t_id="177" sentence="9" number="9">DeGeneres</token>
<token t_id="178" sentence="9" number="10">as</token>
<token t_id="179" sentence="9" number="11">the</token>
<token t_id="180" sentence="9" number="12">host</token>
<token t_id="181" sentence="9" number="13">of</token>
<token t_id="182" sentence="9" number="14">the</token>
<token t_id="183" sentence="9" number="15">biggest</token>
<token t_id="184" sentence="9" number="16">entertainment</token>
<token t_id="185" sentence="9" number="17">celebration</token>
<token t_id="186" sentence="9" number="18">of</token>
<token t_id="187" sentence="9" number="19">the</token>
<token t_id="188" sentence="9" number="20">year</token>
<token t_id="189" sentence="9" number="21">,</token>
<token t_id="190" sentence="9" number="22">”</token>
<token t_id="191" sentence="9" number="23">said</token>
<token t_id="192" sentence="9" number="24">ABC</token>
<token t_id="193" sentence="9" number="25">Entertainment</token>
<token t_id="194" sentence="9" number="26">Group</token>
<token t_id="195" sentence="9" number="27">prexy</token>
<token t_id="196" sentence="9" number="28">Paul</token>
<token t_id="197" sentence="9" number="29">Lee</token>
<token t_id="198" sentence="9" number="30">.</token>
<token t_id="199" sentence="10" number="0">Over</token>
<token t_id="200" sentence="10" number="1">the</token>
<token t_id="201" sentence="10" number="2">last</token>
<token t_id="202" sentence="10" number="3">eight</token>
<token t_id="203" sentence="10" number="4">years</token>
<token t_id="204" sentence="10" number="5">,</token>
<token t_id="205" sentence="10" number="6">the</token>
<token t_id="206" sentence="10" number="7">2007</token>
<token t_id="207" sentence="10" number="8">Oscars</token>
<token t_id="208" sentence="10" number="9">hosted</token>
<token t_id="209" sentence="10" number="10">by</token>
<token t_id="210" sentence="10" number="11">DeGeneres</token>
<token t_id="211" sentence="10" number="12">stands</token>
<token t_id="212" sentence="10" number="13">as</token>
<token t_id="213" sentence="10" number="14">the</token>
<token t_id="214" sentence="10" number="15">top</token>
<token t_id="215" sentence="10" number="16">rated</token>
<token t_id="216" sentence="10" number="17">in</token>
<token t_id="217" sentence="10" number="18">both</token>
<token t_id="218" sentence="10" number="19">adults</token>
<token t_id="219" sentence="10" number="20">18</token>
<token t_id="220" sentence="10" number="21">-</token>
<token t_id="221" sentence="10" number="22">49</token>
<token t_id="222" sentence="10" number="23">(</token>
<token t_id="223" sentence="10" number="24">14</token>
<token t_id="224" sentence="10" number="25">.</token>
<token t_id="225" sentence="10" number="26">1</token>
<token t_id="226" sentence="10" number="27">rating</token>
<token t_id="227" sentence="10" number="28">/</token>
<token t_id="228" sentence="10" number="29">33</token>
<token t_id="229" sentence="10" number="30">share</token>
<token t_id="230" sentence="10" number="31">)</token>
<token t_id="231" sentence="10" number="32">and</token>
<token t_id="232" sentence="10" number="33">women</token>
<token t_id="233" sentence="10" number="34">25</token>
<token t_id="234" sentence="10" number="35">-</token>
<token t_id="235" sentence="10" number="36">54</token>
<token t_id="236" sentence="10" number="37">(</token>
<token t_id="237" sentence="10" number="38">19</token>
<token t_id="238" sentence="10" number="39">.</token>
<token t_id="239" sentence="10" number="40">2</token>
<token t_id="240" sentence="10" number="41">/</token>
<token t_id="241" sentence="10" number="42">40</token>
<token t_id="242" sentence="10" number="43">)</token>
<token t_id="243" sentence="10" number="44">.</token>
<Markables>
<ACTION_OCCURRENCE m_id="9"  >
  <token_anchor t_id="46"/>
</ACTION_OCCURRENCE>
<ACTION_OCCURRENCE m_id="10"  >
  <token_anchor t_id="54"/>
  <token_anchor t_id="55"/>
</ACTION_OCCURRENCE>
<ACTION_OCCURRENCE m_id="11"  >
  <token_anchor t_id="71"/>
</ACTION_OCCURRENCE>
<ACTION_OCCURRENCE m_id="12"  >
  <token_anchor t_id="80"/>
  <token_anchor t_id="81"/>
</ACTION_OCCURRENCE>
<ACTION_OCCURRENCE m_id="13"  >
  <token_anchor t_id="87"/>
</ACTION_OCCURRENCE>
<ACTION_OCCURRENCE m_id="14"  >
  <token_anchor t_id="30"/>
</ACTION_OCCURRENCE>
<ACTION_OCCURRENCE m_id="15"  >
  <token_anchor t_id="88"/>
</ACTION_OCCURRENCE>
<ACTION_OCCURRENCE m_id="16"  >
  <token_anchor t_id="76"/>
</ACTION_OCCURRENCE>
<ACTION_OCCURRENCE m_id="17"  >
  <token_anchor t_id="98"/>
</ACTION_OCCURRENCE>
<ACTION_OCCURRENCE m_id="18"  >
  <token_anchor t_id="85"/>
</ACTION_OCCURRENCE>
<ACTION_OCCURRENCE m_id="19"  >
  <token_anchor t_id="121"/>
</ACTION_OCCURRENCE>
<ACTION_OCCURRENCE m_id="20"  >
  <token_anchor t_id="96"/>
</ACTION_OCCURRENCE>
<ACTION_OCCURRENCE m_id="21"  >
  <token_anchor t_id="174"/>
</ACTION_OCCURRENCE>
<ACTION_OCCURRENCE m_id="23"  >
  <token_anchor t_id="119"/>
</ACTION_OCCURRENCE>
<ACTION_OCCURRENCE m_id="24"  >
  <token_anchor t_id="131"/>
</ACTION_OCCURRENCE>
<ACTION_OCCURRENCE m_id="26"  >
  <token_anchor t_id="207"/>
</ACTION_OCCURRENCE>
<ACTION_OCCURRENCE m_id="27"  >
  <token_anchor t_id="157"/>
</ACTION_OCCURRENCE>
<ACTION_OCCURRENCE m_id="28"  >
  <token_anchor t_id="185"/>
</ACTION_OCCURRENCE>
<ACTION_OCCURRENCE m_id="29"  >
  <token_anchor t_id="208"/>
</ACTION_OCCURRENCE>
<ACTION_OCCURRENCE m_id="30"  >
  <token_anchor t_id="211"/>
</ACTION_OCCURRENCE>
<ACTION_OCCURRENCE m_id="31"  >
  <token_anchor t_id="146"/>
</ACTION_OCCURRENCE>
<ACTION_OCCURRENCE m_id="1"  >
  <token_anchor t_id="215"/>
</ACTION_OCCURRENCE>
<ACTION_OCCURRENCE m_id="2"  >
  <token_anchor t_id="159"/>
</ACTION_OCCURRENCE>
<ACTION_OCCURRENCE m_id="3"  >
  <token_anchor t_id="47"/>
</ACTION_OCCURRENCE>
<ACTION_OCCURRENCE m_id="4"  >
  <token_anchor t_id="67"/>
  <token_anchor t_id="68"/>
  <token_anchor t_id="69"/>
</ACTION_OCCURRENCE>
<ACTION_OCCURRENCE m_id="5"  >
  <token_anchor t_id="104"/>
  <token_anchor t_id="105"/>
  <token_anchor t_id="106"/>
</ACTION_OCCURRENCE>
<ACTION_OCCURRENCE m_id="6"  >
  <token_anchor t_id="107"/>
</ACTION_OCCURRENCE>
<ACTION_OCCURRENCE m_id="7"  >
  <token_anchor t_id="31"/>
</ACTION_OCCURRENCE>
<ACTION_OCCURRENCE m_id="8"  >
  <token_anchor t_id="43"/>
</ACTION_OCCURRENCE>
<ACTION_REPORTING m_id="32"  >
  <token_anchor t_id="162"/>
</ACTION_REPORTING>
<ACTION_REPORTING m_id="33"  >
  <token_anchor t_id="191"/>
</ACTION_REPORTING>
<ACTION_REPORTING m_id="34"  >
  <token_anchor t_id="129"/>
</ACTION_REPORTING>
<ACTION_REPORTING m_id="35"  >
  <token_anchor t_id="138"/>
</ACTION_REPORTING>
<ACTION_STATE m_id="36"  >
  <token_anchor t_id="135"/>
</ACTION_STATE>
<ACTION_STATE m_id="37"  >
  <token_anchor t_id="172"/>
</ACTION_STATE>
<HUMAN_PART_GENERIC m_id="41"  >
  <token_anchor t_id="137"/>
</HUMAN_PART_GENERIC>
<HUMAN_PART_GENERIC m_id="38"  >
  <token_anchor t_id="218"/>
</HUMAN_PART_GENERIC>
<HUMAN_PART_GENERIC m_id="39"  >
  <token_anchor t_id="232"/>
</HUMAN_PART_GENERIC>
<HUMAN_PART_GENERIC m_id="40"  >
  <token_anchor t_id="134"/>
</HUMAN_PART_GENERIC>
<HUMAN_PART_PER m_id="42"  >
  <token_anchor t_id="58"/>
  <token_anchor t_id="59"/>
</HUMAN_PART_PER>
<HUMAN_PART_PER m_id="43"  >
  <token_anchor t_id="64"/>
</HUMAN_PART_PER>
<HUMAN_PART_PER m_id="44"  >
  <token_anchor t_id="128"/>
</HUMAN_PART_PER>
<HUMAN_PART_PER m_id="45"  >
  <token_anchor t_id="155"/>
  <token_anchor t_id="156"/>
</HUMAN_PART_PER>
<HUMAN_PART_PER m_id="46"  >
  <token_anchor t_id="163"/>
</HUMAN_PART_PER>
<HUMAN_PART_PER m_id="47"  >
  <token_anchor t_id="165"/>
</HUMAN_PART_PER>
<HUMAN_PART_PER m_id="48"  >
  <token_anchor t_id="176"/>
  <token_anchor t_id="177"/>
</HUMAN_PART_PER>
<HUMAN_PART_PER m_id="49"  >
  <token_anchor t_id="196"/>
  <token_anchor t_id="197"/>
</HUMAN_PART_PER>
<HUMAN_PART_PER m_id="50"  >
  <token_anchor t_id="210"/>
</HUMAN_PART_PER>
<HUMAN_PART_PER m_id="51"  >
  <token_anchor t_id="42"/>
</HUMAN_PART_PER>
<HUMAN_PART_PER m_id="53"  >
  <token_anchor t_id="51"/>
</HUMAN_PART_PER>
<HUMAN_PART_PER m_id="54"  >
  <token_anchor t_id="94"/>
</HUMAN_PART_PER>
<HUMAN_PART_PER m_id="55"  >
  <token_anchor t_id="113"/>
</HUMAN_PART_PER>
<HUMAN_PART_PER m_id="56"  >
  <token_anchor t_id="180"/>
</HUMAN_PART_PER>
<HUMAN_PART_PER m_id="57"  >
  <token_anchor t_id="27"/>
  <token_anchor t_id="28"/>
</HUMAN_PART_PER>
<TIME_DATE m_id="58"  >
  <token_anchor t_id="205"/>
  <token_anchor t_id="206"/>
</TIME_DATE>
<TIME_DATE m_id="59"  >
  <token_anchor t_id="99"/>
  <token_anchor t_id="100"/>
  <token_anchor t_id="101"/>
  <token_anchor t_id="102"/>
</TIME_DATE>
<TIME_DATE m_id="60"  >
  <token_anchor t_id="82"/>
  <token_anchor t_id="83"/>
</TIME_DATE>
<TIME_DATE m_id="61"  >
  <token_anchor t_id="108"/>
  <token_anchor t_id="109"/>
</TIME_DATE>
<TIME_DATE m_id="62"  >
  <token_anchor t_id="186"/>
  <token_anchor t_id="187"/>
  <token_anchor t_id="188"/>
</TIME_DATE>
<TIME_DURATION m_id="63"  >
  <token_anchor t_id="199"/>
  <token_anchor t_id="200"/>
  <token_anchor t_id="201"/>
  <token_anchor t_id="202"/>
  <token_anchor t_id="203"/>
</TIME_DURATION>
<TIME_OF_THE_DAY m_id="64"  >
  <token_anchor t_id="32"/>
  <token_anchor t_id="33"/>
  <token_anchor t_id="34"/>
  <token_anchor t_id="35"/>
  <token_anchor t_id="36"/>
  <token_anchor t_id="37"/>
  <token_anchor t_id="38"/>
  <token_anchor t_id="39"/>
  <token_anchor t_id="40"/>
</TIME_OF_THE_DAY>
<TIME_REPETITION m_id="65"  >
  <token_anchor t_id="140"/>
  <token_anchor t_id="141"/>
  <token_anchor t_id="142"/>
</TIME_REPETITION>
<TIME_REPETITION m_id="66"  >
  <token_anchor t_id="45"/>
</TIME_REPETITION>
<TIME_REPETITION m_id="67"  >
  <token_anchor t_id="66"/>
</TIME_REPETITION>
<TIME_REPETITION m_id="68"  >
  <token_anchor t_id="122"/>
  <token_anchor t_id="123"/>
  <token_anchor t_id="124"/>
  <token_anchor t_id="125"/>
</TIME_REPETITION>


<ACTION_STATE m_id="73" note="byCROMER" >
  <token_anchor t_id="116"/>
</ACTION_STATE>
<ACTION_STATE m_id="74" note="byCROMER" >
  <token_anchor t_id="152"/>
</ACTION_STATE>
<ACTION_OCCURRENCE m_id="75" note="byCROMER" >
  <token_anchor t_id="72"/>
</ACTION_OCCURRENCE>


<ACTION_STATE m_id="81" RELATED_TO="" TAG_DESCRIPTOR="t2_honor" instance_id="ACT16262168564240983" />
<ACTION_OCCURRENCE m_id="80" RELATED_TO="" TAG_DESCRIPTOR="t2_welcome_ellen" instance_id="ACT16254603107249093" />
<ACTION_OCCURRENCE m_id="99" RELATED_TO="" TAG_DESCRIPTOR="t2_charm" instance_id="ACT16253309417674146" />
<HUMAN_PART_PER m_id="98" RELATED_TO="" TAG_DESCRIPTOR="t2_meron" instance_id="HUM16253661053941675" />
<TIME_DATE m_id="97" RELATED_TO="" TAG_DESCRIPTOR="t2_of_the_year" instance_id="TIM16253696199228735" />
<ACTION_STATE m_id="96" RELATED_TO="" TAG_DESCRIPTOR="t2_excited_hosting_ellen" instance_id="ACT16246611887861206" />
<HUMAN_PART_PER m_id="95" RELATED_TO="" TAG_DESCRIPTOR="t2_ellen_degeneres" instance_id="HUM16239999045287365" />
<TIME_DATE m_id="94" RELATED_TO="" TAG_DESCRIPTOR="t2_2007_hosting" instance_id="TIM16246761877336408" />
<ACTION_OCCURRENCE m_id="93" RELATED_TO="" TAG_DESCRIPTOR="t2_hosted_emmys_2001" instance_id="ACT16254741156468311" />
<HUMAN_PART_PER m_id="92" RELATED_TO="" TAG_DESCRIPTOR="t2_lee" instance_id="HUM16253681523015722" />
<ACTION_OCCURRENCE m_id="91" RELATED_TO="" TAG_DESCRIPTOR="t2_hosting_oscars_general" instance_id="ACT28088992212211107" />
<ACTION_REPORTING m_id="90" RELATED_TO="" TAG_DESCRIPTOR="t2_producers_say" instance_id="ACT16253226828640138" />
<ACTION_OCCURRENCE m_id="101" RELATED_TO="" TAG_DESCRIPTOR="t2_hosting_2014" instance_id="ACT16240564368961988" />
<HUMAN_PART_GENERIC m_id="100" RELATED_TO="" TAG_DESCRIPTOR="t2_they_say" instance_id="HUM16253626692271271" />
<ACTION_STATE m_id="79" RELATED_TO="" TAG_DESCRIPTOR="t2_thrilled" instance_id="ACT16255180757207639" />
<ACTION_OCCURRENCE m_id="78" RELATED_TO="" TAG_DESCRIPTOR="t2_ellen_hosting_2007" instance_id="ACT16245953210634063" />
<HUMAN_PART_PER m_id="77" RELATED_TO="" TAG_DESCRIPTOR="t2_zadan" instance_id="HUM16253653237720124" />
<ACTION_OCCURRENCE m_id="76" RELATED_TO="" TAG_DESCRIPTOR="t2_emmys" instance_id="ACT16254645614028344" />
<HUMAN_PART_GENERIC m_id="89" RELATED_TO="" TAG_DESCRIPTOR="t2_you_know_wts" instance_id="HUM16253613329088137" />
<ACTION_OCCURRENCE m_id="88" RELATED_TO="" TAG_DESCRIPTOR="t2_emmy_nomination" instance_id="ACT16252826526434169" />
<ACTION_OCCURRENCE m_id="87" RELATED_TO="" TAG_DESCRIPTOR="t2_return_to_oscars" instance_id="ACT16240784831369898" />
<ACTION_STATE m_id="86" RELATED_TO="" TAG_DESCRIPTOR="t2_know_what_they_say" instance_id="ACT16254024315458372" />
<ACTION_OCCURRENCE m_id="85" RELATED_TO="" TAG_DESCRIPTOR="t2_academy_awards" instance_id="ACT16239369414744113" />
<TIME_REPETITION m_id="84" RELATED_TO="" TAG_DESCRIPTOR="t2_third_time_charm" instance_id="TIM16254521662389574" />
<ACTION_REPORTING m_id="83" RELATED_TO="" TAG_DESCRIPTOR="t2_what_they_say" instance_id="ACT16255215667494830" />
<TIME_REPETITION m_id="82" RELATED_TO="" TAG_DESCRIPTOR="t2_second_time" instance_id="TIM16240238425752332" />
</Markables>

<Relations>
<CROSS_DOC_COREF r_id="31830" note="ACT16254645614028344" >
  <source m_id="13" />
  <source m_id="6" />
  <source m_id="17" />
  <target m_id="76" />
</CROSS_DOC_COREF>
<CROSS_DOC_COREF r_id="31831" note="HUM16253653237720124" >
  <source m_id="46" />
  <target m_id="77" />
</CROSS_DOC_COREF>
<CROSS_DOC_COREF r_id="31832" note="ACT16245953210634063" >
  <source m_id="29" />
  <source m_id="16" />
  <target m_id="78" />
</CROSS_DOC_COREF>
<CROSS_DOC_COREF r_id="31833" note="ACT16255180757207639" >
  <source m_id="74" />
  <target m_id="79" />
</CROSS_DOC_COREF>
<CROSS_DOC_COREF r_id="31834" note="ACT16254603107249093" >
  <source m_id="21" />
  <target m_id="80" />
</CROSS_DOC_COREF>
<CROSS_DOC_COREF r_id="31835" note="ACT16262168564240983" >
  <source m_id="37" />
  <target m_id="81" />
</CROSS_DOC_COREF>
<CROSS_DOC_COREF r_id="31836" note="TIM16240238425752332" >
  <source m_id="67" />
  <source m_id="68" />
  <target m_id="82" />
</CROSS_DOC_COREF>
<CROSS_DOC_COREF r_id="31837" note="ACT16255215667494830" >
  <source m_id="35" />
  <target m_id="83" />
</CROSS_DOC_COREF>
<CROSS_DOC_COREF r_id="31838" note="TIM16254521662389574" >
  <source m_id="65" />
  <target m_id="84" />
</CROSS_DOC_COREF>
<CROSS_DOC_COREF r_id="31839" note="ACT16239369414744113" >
  <source m_id="2" />
  <source m_id="19" />
  <source m_id="26" />
  <source m_id="7" />
  <source m_id="11" />
  <source m_id="10" />
  <source m_id="12" />
  <source m_id="9" />
  <source m_id="28" />
  <target m_id="85" />
</CROSS_DOC_COREF>
<CROSS_DOC_COREF r_id="31840" note="ACT16254024315458372" >
  <source m_id="36" />
  <target m_id="86" />
</CROSS_DOC_COREF>
<CROSS_DOC_COREF r_id="31841" note="ACT16240784831369898" >
  <source m_id="8" />
  <target m_id="87" />
</CROSS_DOC_COREF>
<CROSS_DOC_COREF r_id="31842" note="ACT16252826526434169" >
  <source m_id="15" />
  <target m_id="88" />
</CROSS_DOC_COREF>
<CROSS_DOC_COREF r_id="31843" note="HUM16253613329088137" >
  <source m_id="40" />
  <target m_id="89" />
</CROSS_DOC_COREF>
<CROSS_DOC_COREF r_id="31844" note="ACT16253226828640138" >
  <source m_id="32" />
  <target m_id="90" />
</CROSS_DOC_COREF>
<CROSS_DOC_COREF r_id="31845" note="ACT28088992212211107" >
  <source m_id="75" />
  <target m_id="91" />
</CROSS_DOC_COREF>
<CROSS_DOC_COREF r_id="31846" note="HUM16253681523015722" >
  <source m_id="49" />
  <target m_id="92" />
</CROSS_DOC_COREF>
<CROSS_DOC_COREF r_id="31847" note="ACT16254741156468311" >
  <source m_id="20" />
  <target m_id="93" />
</CROSS_DOC_COREF>
<CROSS_DOC_COREF r_id="31848" note="TIM16246761877336408" >
  <source m_id="58" />
  <source m_id="60" />
  <target m_id="94" />
</CROSS_DOC_COREF>
<CROSS_DOC_COREF r_id="31849" note="HUM16239999045287365" >
  <source m_id="55" />
  <source m_id="45" />
  <source m_id="51" />
  <source m_id="44" />
  <source m_id="57" />
  <source m_id="50" />
  <source m_id="43" />
  <source m_id="54" />
  <source m_id="42" />
  <source m_id="48" />
  <source m_id="56" />
  <source m_id="53" />
  <target m_id="95" />
</CROSS_DOC_COREF>
<CROSS_DOC_COREF r_id="31850" note="ACT16246611887861206" >
  <source m_id="73" />
  <target m_id="96" />
</CROSS_DOC_COREF>
<CROSS_DOC_COREF r_id="31851" note="TIM16253696199228735" >
  <source m_id="62" />
  <target m_id="97" />
</CROSS_DOC_COREF>
<CROSS_DOC_COREF r_id="31852" note="HUM16253661053941675" >
  <source m_id="47" />
  <target m_id="98" />
</CROSS_DOC_COREF>
<CROSS_DOC_COREF r_id="31853" note="ACT16253309417674146" >
  <source m_id="31" />
  <target m_id="99" />
</CROSS_DOC_COREF>
<CROSS_DOC_COREF r_id="31854" note="HUM16253626692271271" >
  <source m_id="41" />
  <target m_id="100" />
</CROSS_DOC_COREF>
<CROSS_DOC_COREF r_id="31855" note="ACT16240564368961988" >
  <source m_id="27" />
  <source m_id="23" />
  <source m_id="4" />
  <source m_id="14" />
  <source m_id="3" />
  <target m_id="101" />
</CROSS_DOC_COREF>

</Relations>
</Document>
