<Document doc_name="2_11ecbplus.xml" doc_id="DOC15645952238994154">
<token t_id="1" sentence="0" number="0">http</token>
<token t_id="2" sentence="0" number="1">:</token>
<token t_id="3" sentence="0" number="2">/</token>
<token t_id="4" sentence="0" number="3">/</token>
<token t_id="5" sentence="0" number="4">www</token>
<token t_id="6" sentence="0" number="5">.</token>
<token t_id="7" sentence="0" number="6">vulture</token>
<token t_id="8" sentence="0" number="7">.</token>
<token t_id="9" sentence="0" number="8">com</token>
<token t_id="10" sentence="0" number="9">/</token>
<token t_id="11" sentence="0" number="10">2013</token>
<token t_id="12" sentence="0" number="11">/</token>
<token t_id="13" sentence="0" number="12">08</token>
<token t_id="14" sentence="0" number="13">/</token>
<token t_id="15" sentence="0" number="14">5</token>
<token t_id="16" sentence="0" number="15">-</token>
<token t_id="17" sentence="0" number="16">thoughts</token>
<token t_id="18" sentence="0" number="17">-</token>
<token t_id="19" sentence="0" number="18">on</token>
<token t_id="20" sentence="0" number="19">-</token>
<token t_id="21" sentence="0" number="20">ellen</token>
<token t_id="22" sentence="0" number="21">-</token>
<token t_id="23" sentence="0" number="22">degeneres</token>
<token t_id="24" sentence="0" number="23">-</token>
<token t_id="25" sentence="0" number="24">as</token>
<token t_id="26" sentence="0" number="25">-</token>
<token t_id="27" sentence="0" number="26">oscar</token>
<token t_id="28" sentence="0" number="27">-</token>
<token t_id="29" sentence="0" number="28">host</token>
<token t_id="30" sentence="0" number="29">.</token>
<token t_id="31" sentence="0" number="30">html</token>
<token t_id="32" sentence="1" number="0">8</token>
<token t_id="33" sentence="1" number="1">/</token>
<token t_id="34" sentence="1" number="2">2</token>
<token t_id="35" sentence="1" number="3">/</token>
<token t_id="36" sentence="1" number="4">13</token>
<token t_id="37" sentence="1" number="5">at</token>
<token t_id="38" sentence="1" number="6">1</token>
<token t_id="39" sentence="1" number="7">:</token>
<token t_id="40" sentence="1" number="8">30</token>
<token t_id="41" sentence="1" number="9">PM</token>
<token t_id="42" sentence="2" number="0">5</token>
<token t_id="43" sentence="2" number="1">Thoughts</token>
<token t_id="44" sentence="2" number="2">on</token>
<token t_id="45" sentence="2" number="3">Why</token>
<token t_id="46" sentence="2" number="4">the</token>
<token t_id="47" sentence="2" number="5">Academy</token>
<token t_id="48" sentence="2" number="6">Picked</token>
<token t_id="49" sentence="2" number="7">Ellen</token>
<token t_id="50" sentence="2" number="8">DeGeneres</token>
<token t_id="51" sentence="2" number="9">As</token>
<token t_id="52" sentence="2" number="10">Oscar</token>
<token t_id="53" sentence="2" number="11">Host</token>
<token t_id="54" sentence="3" number="0">We've</token>
<token t_id="55" sentence="3" number="1">got</token>
<token t_id="56" sentence="3" number="2">an</token>
<token t_id="57" sentence="3" number="3">Oscar</token>
<token t_id="58" sentence="3" number="4">host</token>
<token t_id="59" sentence="3" number="5">!</token>
<token t_id="60" sentence="4" number="0">The</token>
<token t_id="61" sentence="4" number="1">Academy</token>
<token t_id="62" sentence="4" number="2">of</token>
<token t_id="63" sentence="4" number="3">Motion</token>
<token t_id="64" sentence="4" number="4">Pictures</token>
<token t_id="65" sentence="4" number="5">Arts</token>
<token t_id="66" sentence="4" number="6">and</token>
<token t_id="67" sentence="4" number="7">Sciences</token>
<token t_id="68" sentence="4" number="8">announced</token>
<token t_id="69" sentence="4" number="9">this</token>
<token t_id="70" sentence="4" number="10">morning</token>
<token t_id="71" sentence="4" number="11">that</token>
<token t_id="72" sentence="4" number="12">Ellen</token>
<token t_id="73" sentence="4" number="13">DeGeneres</token>
<token t_id="74" sentence="4" number="14">would</token>
<token t_id="75" sentence="4" number="15">return</token>
<token t_id="76" sentence="4" number="16">to</token>
<token t_id="77" sentence="4" number="17">the</token>
<token t_id="78" sentence="4" number="18">Academy</token>
<token t_id="79" sentence="4" number="19">Awards</token>
<token t_id="80" sentence="4" number="20">as</token>
<token t_id="81" sentence="4" number="21">emcee</token>
<token t_id="82" sentence="4" number="22">,</token>
<token t_id="83" sentence="4" number="23">marking</token>
<token t_id="84" sentence="4" number="24">her</token>
<token t_id="85" sentence="4" number="25">second</token>
<token t_id="86" sentence="4" number="26">hosting</token>
<token t_id="87" sentence="4" number="27">stint</token>
<token t_id="88" sentence="4" number="28">.</token>
<token t_id="89" sentence="5" number="0">Over</token>
<token t_id="90" sentence="5" number="1">the</token>
<token t_id="91" sentence="5" number="2">past</token>
<token t_id="92" sentence="5" number="3">few</token>
<token t_id="93" sentence="5" number="4">years</token>
<token t_id="94" sentence="5" number="5">,</token>
<token t_id="95" sentence="5" number="6">AMPAS</token>
<token t_id="96" sentence="5" number="7">has</token>
<token t_id="97" sentence="5" number="8">gone</token>
<token t_id="98" sentence="5" number="9">to</token>
<token t_id="99" sentence="5" number="10">great</token>
<token t_id="100" sentence="5" number="11">lengths</token>
<token t_id="101" sentence="5" number="12">to</token>
<token t_id="102" sentence="5" number="13">pick</token>
<token t_id="103" sentence="5" number="14">a</token>
<token t_id="104" sentence="5" number="15">host</token>
<token t_id="105" sentence="5" number="16">who'd</token>
<token t_id="106" sentence="5" number="17">make</token>
<token t_id="107" sentence="5" number="18">some</token>
<token t_id="108" sentence="5" number="19">noise</token>
<token t_id="109" sentence="5" number="20">:</token>
<token t_id="110" sentence="5" number="21">Whether</token>
<token t_id="111" sentence="5" number="22">it</token>
<token t_id="112" sentence="5" number="23">was</token>
<token t_id="113" sentence="5" number="24">the</token>
<token t_id="114" sentence="5" number="25">pairing</token>
<token t_id="115" sentence="5" number="26">of</token>
<token t_id="116" sentence="5" number="27">James</token>
<token t_id="117" sentence="5" number="28">Franco</token>
<token t_id="118" sentence="5" number="29">and</token>
<token t_id="119" sentence="5" number="30">Anne</token>
<token t_id="120" sentence="5" number="31">Hathaway</token>
<token t_id="121" sentence="5" number="32">in</token>
<token t_id="122" sentence="5" number="33">2011</token>
<token t_id="123" sentence="5" number="34">,</token>
<token t_id="124" sentence="5" number="35">the</token>
<token t_id="125" sentence="5" number="36">aborted</token>
<token t_id="126" sentence="5" number="37">choice</token>
<token t_id="127" sentence="5" number="38">of</token>
<token t_id="128" sentence="5" number="39">Eddie</token>
<token t_id="129" sentence="5" number="40">Murphy</token>
<token t_id="130" sentence="5" number="41">as</token>
<token t_id="131" sentence="5" number="42">host</token>
<token t_id="132" sentence="5" number="43">for</token>
<token t_id="133" sentence="5" number="44">the</token>
<token t_id="134" sentence="5" number="45">2012</token>
<token t_id="135" sentence="5" number="46">Oscars</token>
<token t_id="136" sentence="5" number="47">,</token>
<token t_id="137" sentence="5" number="48">or</token>
<token t_id="138" sentence="5" number="49">Seth</token>
<token t_id="139" sentence="5" number="50">MacFarlane's</token>
<token t_id="140" sentence="5" number="51">pick</token>
<token t_id="141" sentence="5" number="52">last</token>
<token t_id="142" sentence="5" number="53">year</token>
<token t_id="143" sentence="5" number="54">,</token>
<token t_id="144" sentence="5" number="55">the</token>
<token t_id="145" sentence="5" number="56">Academy</token>
<token t_id="146" sentence="5" number="57">has</token>
<token t_id="147" sentence="5" number="58">seemed</token>
<token t_id="148" sentence="5" number="59">hell</token>
<token t_id="149" sentence="5" number="60">-</token>
<token t_id="150" sentence="5" number="61">bent</token>
<token t_id="151" sentence="5" number="62">on</token>
<token t_id="152" sentence="5" number="63">finding</token>
<token t_id="153" sentence="5" number="64">a</token>
<token t_id="154" sentence="5" number="65">host</token>
<token t_id="155" sentence="5" number="66">who</token>
<token t_id="156" sentence="5" number="67">might</token>
<token t_id="157" sentence="5" number="68">draw</token>
<token t_id="158" sentence="5" number="69">curious</token>
<token t_id="159" sentence="5" number="70">viewers</token>
<token t_id="160" sentence="5" number="71">—</token>
<token t_id="161" sentence="5" number="72">particularly</token>
<token t_id="162" sentence="5" number="73">,</token>
<token t_id="163" sentence="5" number="74">the</token>
<token t_id="164" sentence="5" number="75">elusive</token>
<token t_id="165" sentence="5" number="76">young</token>
<token t_id="166" sentence="5" number="77">male</token>
<token t_id="167" sentence="5" number="78">demographic</token>
<token t_id="168" sentence="5" number="79">—</token>
<token t_id="169" sentence="5" number="80">to</token>
<token t_id="170" sentence="5" number="81">the</token>
<token t_id="171" sentence="5" number="82">telecast</token>
<token t_id="172" sentence="5" number="83">.</token>
<Markables>
<ACTION_OCCURRENCE m_id="9"  >
  <token_anchor t_id="78"/>
  <token_anchor t_id="79"/>
</ACTION_OCCURRENCE>
<ACTION_OCCURRENCE m_id="10"  >
  <token_anchor t_id="86"/>
</ACTION_OCCURRENCE>
<ACTION_OCCURRENCE m_id="11"  >
  <token_anchor t_id="87"/>
</ACTION_OCCURRENCE>
<ACTION_OCCURRENCE m_id="12"  >
  <token_anchor t_id="75"/>
</ACTION_OCCURRENCE>
<ACTION_OCCURRENCE m_id="13"  >
  <token_anchor t_id="171"/>
</ACTION_OCCURRENCE>
<ACTION_OCCURRENCE m_id="14"  >
  <token_anchor t_id="102"/>
</ACTION_OCCURRENCE>
<ACTION_OCCURRENCE m_id="15"  >
  <token_anchor t_id="106"/>
</ACTION_OCCURRENCE>
<ACTION_OCCURRENCE m_id="16"  >
  <token_anchor t_id="83"/>
</ACTION_OCCURRENCE>
<ACTION_OCCURRENCE m_id="17"  >
  <token_anchor t_id="97"/>
</ACTION_OCCURRENCE>
<ACTION_OCCURRENCE m_id="18"  >
  <token_anchor t_id="114"/>
</ACTION_OCCURRENCE>
<ACTION_OCCURRENCE m_id="19"  >
  <token_anchor t_id="126"/>
</ACTION_OCCURRENCE>
<ACTION_OCCURRENCE m_id="20"  >
  <token_anchor t_id="125"/>
</ACTION_OCCURRENCE>
<ACTION_OCCURRENCE m_id="21"  >
  <token_anchor t_id="135"/>
</ACTION_OCCURRENCE>
<ACTION_OCCURRENCE m_id="22"  >
  <token_anchor t_id="140"/>
</ACTION_OCCURRENCE>
<ACTION_OCCURRENCE m_id="23"  >
  <token_anchor t_id="147"/>
</ACTION_OCCURRENCE>
<ACTION_OCCURRENCE m_id="1"  >
  <token_anchor t_id="108"/>
</ACTION_OCCURRENCE>
<ACTION_OCCURRENCE m_id="2"  >
  <token_anchor t_id="157"/>
</ACTION_OCCURRENCE>
<ACTION_OCCURRENCE m_id="3"  >
  <token_anchor t_id="152"/>
</ACTION_OCCURRENCE>
<ACTION_OCCURRENCE m_id="4"  >
  <token_anchor t_id="43"/>
</ACTION_OCCURRENCE>
<ACTION_OCCURRENCE m_id="5"  >
  <token_anchor t_id="48"/>
</ACTION_OCCURRENCE>
<ACTION_OCCURRENCE m_id="6"  >
  <token_anchor t_id="111"/>
</ACTION_OCCURRENCE>
<ACTION_OCCURRENCE m_id="7"  >
  <token_anchor t_id="57"/>
</ACTION_OCCURRENCE>
<ACTION_OCCURRENCE m_id="8"  >
  <token_anchor t_id="52"/>
</ACTION_OCCURRENCE>
<ACTION_REPORTING m_id="24"  >
  <token_anchor t_id="68"/>
</ACTION_REPORTING>
<HUMAN_PART_GENERIC m_id="25"  >
  <token_anchor t_id="159"/>
</HUMAN_PART_GENERIC>
<HUMAN_PART_GENERIC m_id="26"  >
  <token_anchor t_id="54"/>
</HUMAN_PART_GENERIC>
<HUMAN_PART_GENERIC m_id="27"  >
  <token_anchor t_id="104"/>
</HUMAN_PART_GENERIC>
<HUMAN_PART_GENERIC m_id="28"  >
  <token_anchor t_id="154"/>
</HUMAN_PART_GENERIC>
<HUMAN_PART_GENERIC m_id="29"  >
  <token_anchor t_id="167"/>
</HUMAN_PART_GENERIC>
<HUMAN_PART_ORG m_id="30"  >
  <token_anchor t_id="47"/>
</HUMAN_PART_ORG>
<HUMAN_PART_ORG m_id="31"  >
  <token_anchor t_id="61"/>
</HUMAN_PART_ORG>
<HUMAN_PART_ORG m_id="32"  >
  <token_anchor t_id="145"/>
</HUMAN_PART_ORG>
<HUMAN_PART_ORG m_id="33"  >
  <token_anchor t_id="95"/>
</HUMAN_PART_ORG>
<HUMAN_PART_PER m_id="41"  >
  <token_anchor t_id="116"/>
  <token_anchor t_id="117"/>
</HUMAN_PART_PER>
<HUMAN_PART_PER m_id="42"  >
  <token_anchor t_id="119"/>
  <token_anchor t_id="120"/>
</HUMAN_PART_PER>
<HUMAN_PART_PER m_id="43"  >
  <token_anchor t_id="49"/>
  <token_anchor t_id="50"/>
</HUMAN_PART_PER>
<HUMAN_PART_PER m_id="34"  >
  <token_anchor t_id="53"/>
</HUMAN_PART_PER>
<HUMAN_PART_PER m_id="35"  >
  <token_anchor t_id="58"/>
</HUMAN_PART_PER>
<HUMAN_PART_PER m_id="36"  >
  <token_anchor t_id="72"/>
  <token_anchor t_id="73"/>
</HUMAN_PART_PER>
<HUMAN_PART_PER m_id="37"  >
  <token_anchor t_id="81"/>
</HUMAN_PART_PER>
<HUMAN_PART_PER m_id="38"  >
  <token_anchor t_id="128"/>
  <token_anchor t_id="129"/>
</HUMAN_PART_PER>
<HUMAN_PART_PER m_id="39"  >
  <token_anchor t_id="138"/>
  <token_anchor t_id="139"/>
</HUMAN_PART_PER>
<HUMAN_PART_PER m_id="40"  >
  <token_anchor t_id="131"/>
</HUMAN_PART_PER>
<TIME_DATE m_id="44"  >
  <token_anchor t_id="121"/>
  <token_anchor t_id="122"/>
</TIME_DATE>
<TIME_DATE m_id="45"  >
  <token_anchor t_id="133"/>
  <token_anchor t_id="134"/>
</TIME_DATE>
<TIME_DATE m_id="46"  >
  <token_anchor t_id="141"/>
  <token_anchor t_id="142"/>
</TIME_DATE>
<TIME_DURATION m_id="47"  >
  <token_anchor t_id="89"/>
  <token_anchor t_id="90"/>
  <token_anchor t_id="91"/>
  <token_anchor t_id="92"/>
  <token_anchor t_id="93"/>
</TIME_DURATION>
<TIME_OF_THE_DAY m_id="48"  >
  <token_anchor t_id="69"/>
  <token_anchor t_id="70"/>
</TIME_OF_THE_DAY>
<TIME_OF_THE_DAY m_id="49"  >
  <token_anchor t_id="32"/>
  <token_anchor t_id="33"/>
  <token_anchor t_id="34"/>
  <token_anchor t_id="35"/>
  <token_anchor t_id="36"/>
  <token_anchor t_id="37"/>
  <token_anchor t_id="38"/>
  <token_anchor t_id="39"/>
  <token_anchor t_id="40"/>
  <token_anchor t_id="41"/>
</TIME_OF_THE_DAY>
<TIME_REPETITION m_id="50"  >
  <token_anchor t_id="85"/>
</TIME_REPETITION>


<HUMAN_PART_PER m_id="57" note="byCROMER" >
  <token_anchor t_id="84"/>
</HUMAN_PART_PER>


<ACTION_OCCURRENCE m_id="81" RELATED_TO="" TAG_DESCRIPTOR="t2_pick_macfarlane" instance_id="ACT16239666152246373" />
<HUMAN_PART_PER m_id="80" RELATED_TO="" TAG_DESCRIPTOR="t2_eddie_murphy" instance_id="HUM16240024227198532" />
<ACTION_OCCURRENCE m_id="69" RELATED_TO="" TAG_DESCRIPTOR="t2_noise" instance_id="ACT16239634983617952" />
<ACTION_OCCURRENCE m_id="68" RELATED_TO="" TAG_DESCRIPTOR="t2_return_to_oscars" instance_id="ACT16240784831369898" />
<ACTION_OCCURRENCE m_id="67" RELATED_TO="" TAG_DESCRIPTOR="t2_academy_awards" instance_id="ACT16239369414744113" />
<TIME_DATE m_id="66" RELATED_TO="" TAG_DESCRIPTOR="t2_2011_oscars_with_franco_hathaway_host" instance_id="TIM16240091657085109" />
<TIME_REPETITION m_id="65" RELATED_TO="" TAG_DESCRIPTOR="t2_second_time" instance_id="TIM16240238425752332" />
<HUMAN_PART_GENERIC m_id="64" RELATED_TO="" TAG_DESCRIPTOR="t2_young_male_demographic" instance_id="HUM16239880832765781" />
<HUMAN_PART_GENERIC m_id="63" RELATED_TO="" TAG_DESCRIPTOR="t2_young_viewers" instance_id="HUM16239909811678780" />
<TIME_OF_THE_DAY m_id="62" RELATED_TO="" TAG_DESCRIPTOR="t2_this_morning_announcement" instance_id="TIM16240223291391483" />
<HUMAN_PART_GENERIC m_id="61" RELATED_TO="" TAG_DESCRIPTOR="t2_we_have_a_host" instance_id="HUM16239864827746704" />
<ACTION_OCCURRENCE m_id="60" RELATED_TO="" TAG_DESCRIPTOR="t2_pairing_francy_hathaway" instance_id="ACT16239653525123495" />
<HUMAN_PART_PER m_id="79" RELATED_TO="" TAG_DESCRIPTOR="t2_ellen_degeneres" instance_id="HUM16239999045287365" />
<HUMAN_PART_GENERIC m_id="78" RELATED_TO="" TAG_DESCRIPTOR="t2_a_host" instance_id="HUM16239894350807888" />
<TIME_DATE m_id="77" RELATED_TO="" TAG_DESCRIPTOR="t2_2012_oscars_with_murphy_host" instance_id="TIM16240141539329349" />
<ACTION_REPORTING m_id="76" RELATED_TO="" TAG_DESCRIPTOR="t2_ampas_announced_ellen_host" instance_id="ACT16239842591150729" />
<ACTION_OCCURRENCE m_id="75" RELATED_TO="" TAG_DESCRIPTOR="t2_2012_oscars" instance_id="ACT16239411131710368" />
<ACTION_OCCURRENCE m_id="74" RELATED_TO="" TAG_DESCRIPTOR="t2_choosing_murphy" instance_id="ACT16239688718728742" />
<ACTION_OCCURRENCE m_id="73" RELATED_TO="" TAG_DESCRIPTOR="t2_hosting_oscars_general" instance_id="ACT28088992212211107" />
<HUMAN_PART_PER m_id="72" RELATED_TO="" TAG_DESCRIPTOR="t2_seth_macfarlane" instance_id="HUM16240043994885861" />
<TIME_DATE m_id="71" RELATED_TO="" TAG_DESCRIPTOR="t2_oscars_with_macfarlane_host" instance_id="TIM16240118316177862" />
<ACTION_OCCURRENCE m_id="70" RELATED_TO="" TAG_DESCRIPTOR="t2_picking_host_for_oscars" instance_id="ACT16239389045752561" />
<ACTION_OCCURRENCE m_id="59" RELATED_TO="" TAG_DESCRIPTOR="t2_make_some_noise" instance_id="ACT16239615743111024" />
<ACTION_OCCURRENCE m_id="58" RELATED_TO="" TAG_DESCRIPTOR="t2_ellen_draw_viewers_to_oscars" instance_id="ACT16239541481224183" />
<ACTION_OCCURRENCE m_id="84" RELATED_TO="" TAG_DESCRIPTOR="t2_hosting_2014" instance_id="ACT16240564368961988" />
<ACTION_OCCURRENCE m_id="83" RELATED_TO="" TAG_DESCRIPTOR="t2_picking_ellen" instance_id="ACT16239445935826595" />
<HUMAN_PART_ORG m_id="82" RELATED_TO="" TAG_DESCRIPTOR="t2_ampas" instance_id="HUM16239986301894968" />
</Markables>

<Relations>
<CROSS_DOC_COREF r_id="31834" note="ACT16239541481224183" >
  <source m_id="2" />
  <target m_id="58" />
</CROSS_DOC_COREF>
<CROSS_DOC_COREF r_id="31835" note="ACT16239615743111024" >
  <source m_id="15" />
  <target m_id="59" />
</CROSS_DOC_COREF>
<CROSS_DOC_COREF r_id="31836" note="ACT16239653525123495" >
  <source m_id="18" />
  <target m_id="60" />
</CROSS_DOC_COREF>
<CROSS_DOC_COREF r_id="31837" note="HUM16239864827746704" >
  <source m_id="26" />
  <target m_id="61" />
</CROSS_DOC_COREF>
<CROSS_DOC_COREF r_id="31838" note="TIM16240223291391483" >
  <source m_id="48" />
  <target m_id="62" />
</CROSS_DOC_COREF>
<CROSS_DOC_COREF r_id="31839" note="HUM16239909811678780" >
  <source m_id="25" />
  <target m_id="63" />
</CROSS_DOC_COREF>
<CROSS_DOC_COREF r_id="31840" note="HUM16239880832765781" >
  <source m_id="29" />
  <target m_id="64" />
</CROSS_DOC_COREF>
<CROSS_DOC_COREF r_id="31841" note="TIM16240238425752332" >
  <source m_id="50" />
  <target m_id="65" />
</CROSS_DOC_COREF>
<CROSS_DOC_COREF r_id="31842" note="TIM16240091657085109" >
  <source m_id="44" />
  <target m_id="66" />
</CROSS_DOC_COREF>
<CROSS_DOC_COREF r_id="31843" note="ACT16239369414744113" >
  <source m_id="7" />
  <source m_id="13" />
  <source m_id="9" />
  <source m_id="8" />
  <target m_id="67" />
</CROSS_DOC_COREF>
<CROSS_DOC_COREF r_id="31844" note="ACT16240784831369898" >
  <source m_id="12" />
  <target m_id="68" />
</CROSS_DOC_COREF>
<CROSS_DOC_COREF r_id="31845" note="ACT16239634983617952" >
  <source m_id="1" />
  <target m_id="69" />
</CROSS_DOC_COREF>
<CROSS_DOC_COREF r_id="31846" note="ACT16239389045752561" >
  <source m_id="6" />
  <source m_id="3" />
  <source m_id="14" />
  <target m_id="70" />
</CROSS_DOC_COREF>
<CROSS_DOC_COREF r_id="31847" note="TIM16240118316177862" >
  <source m_id="46" />
  <target m_id="71" />
</CROSS_DOC_COREF>
<CROSS_DOC_COREF r_id="31848" note="HUM16240043994885861" >
  <source m_id="39" />
  <target m_id="72" />
</CROSS_DOC_COREF>
<CROSS_DOC_COREF r_id="31849" note="ACT28088992212211107" >
  <source m_id="10" />
  <target m_id="73" />
</CROSS_DOC_COREF>
<CROSS_DOC_COREF r_id="31850" note="ACT16239688718728742" >
  <source m_id="19" />
  <target m_id="74" />
</CROSS_DOC_COREF>
<CROSS_DOC_COREF r_id="31851" note="ACT16239411131710368" >
  <source m_id="21" />
  <target m_id="75" />
</CROSS_DOC_COREF>
<CROSS_DOC_COREF r_id="31852" note="ACT16239842591150729" >
  <source m_id="24" />
  <target m_id="76" />
</CROSS_DOC_COREF>
<CROSS_DOC_COREF r_id="31853" note="TIM16240141539329349" >
  <source m_id="45" />
  <target m_id="77" />
</CROSS_DOC_COREF>
<CROSS_DOC_COREF r_id="31854" note="HUM16239894350807888" >
  <source m_id="28" />
  <source m_id="27" />
  <target m_id="78" />
</CROSS_DOC_COREF>
<CROSS_DOC_COREF r_id="31855" note="HUM16239999045287365" >
  <source m_id="36" />
  <source m_id="37" />
  <source m_id="43" />
  <source m_id="57" />
  <source m_id="34" />
  <target m_id="79" />
</CROSS_DOC_COREF>
<CROSS_DOC_COREF r_id="31856" note="HUM16240024227198532" >
  <source m_id="38" />
  <source m_id="40" />
  <target m_id="80" />
</CROSS_DOC_COREF>
<CROSS_DOC_COREF r_id="31857" note="ACT16239666152246373" >
  <source m_id="22" />
  <target m_id="81" />
</CROSS_DOC_COREF>
<CROSS_DOC_COREF r_id="31858" note="HUM16239986301894968" >
  <source m_id="31" />
  <source m_id="32" />
  <source m_id="33" />
  <source m_id="30" />
  <target m_id="82" />
</CROSS_DOC_COREF>
<CROSS_DOC_COREF r_id="31859" note="ACT16239445935826595" >
  <source m_id="5" />
  <target m_id="83" />
</CROSS_DOC_COREF>
<CROSS_DOC_COREF r_id="31860" note="ACT16240564368961988" >
  <source m_id="11" />
  <target m_id="84" />
</CROSS_DOC_COREF>

</Relations>
</Document>
