<Document doc_name="2_4ecb.xml" doc_id="DOC15663398277479900">
<token t_id="1" sentence="0" number="0">He</token>
<token t_id="2" sentence="0" number="1">sings</token>
<token t_id="3" sentence="0" number="2">,</token>
<token t_id="4" sentence="0" number="3">dances</token>
<token t_id="5" sentence="0" number="4">,</token>
<token t_id="6" sentence="0" number="5">acts</token>
<token t_id="7" sentence="0" number="6">on</token>
<token t_id="8" sentence="0" number="7">stage</token>
<token t_id="9" sentence="0" number="8">and</token>
<token t_id="10" sentence="0" number="9">screen</token>
<token t_id="11" sentence="0" number="10">,</token>
<token t_id="12" sentence="0" number="11">and</token>
<token t_id="13" sentence="0" number="12">he</token>
<token t_id="14" sentence="0" number="13">'s</token>
<token t_id="15" sentence="0" number="14">the</token>
<token t_id="16" sentence="0" number="15">``</token>
<token t_id="17" sentence="0" number="16">Sexiest</token>
<token t_id="18" sentence="0" number="17">Man</token>
<token t_id="19" sentence="0" number="18">Alive</token>
<token t_id="20" sentence="0" number="19">.</token>
<token t_id="21" sentence="0" number="20">''</token>
<token t_id="22" sentence="1" number="0">Hugh</token>
<token t_id="23" sentence="1" number="1">Jackman</token>
<token t_id="24" sentence="1" number="2">does</token>
<token t_id="25" sentence="1" number="3">everything</token>
<token t_id="26" sentence="1" number="4">but</token>
<token t_id="27" sentence="1" number="5">standup</token>
<token t_id="28" sentence="1" number="6">comedy</token>
<token t_id="29" sentence="1" number="7">-</token>
<token t_id="30" sentence="1" number="8">and</token>
<token t_id="31" sentence="1" number="9">that</token>
<token t_id="32" sentence="1" number="10">'s</token>
<token t_id="33" sentence="1" number="11">why</token>
<token t_id="34" sentence="1" number="12">the</token>
<token t_id="35" sentence="1" number="13">first-time</token>
<token t_id="36" sentence="1" number="14">Oscars</token>
<token t_id="37" sentence="1" number="15">host</token>
<token t_id="38" sentence="1" number="16">fulfills</token>
<token t_id="39" sentence="1" number="17">the</token>
<token t_id="40" sentence="1" number="18">academy</token>
<token t_id="41" sentence="1" number="19">'s</token>
<token t_id="42" sentence="1" number="20">promise</token>
<token t_id="43" sentence="1" number="21">to</token>
<token t_id="44" sentence="1" number="22">shake</token>
<token t_id="45" sentence="1" number="23">up</token>
<token t_id="46" sentence="1" number="24">the</token>
<token t_id="47" sentence="1" number="25">show</token>
<token t_id="48" sentence="1" number="26">in</token>
<token t_id="49" sentence="1" number="27">a</token>
<token t_id="50" sentence="1" number="28">way</token>
<token t_id="51" sentence="1" number="29">that</token>
<token t_id="52" sentence="1" number="30">'s</token>
<token t_id="53" sentence="1" number="31">as</token>
<token t_id="54" sentence="1" number="32">tough</token>
<token t_id="55" sentence="1" number="33">to</token>
<token t_id="56" sentence="1" number="34">predict</token>
<token t_id="57" sentence="1" number="35">as</token>
<token t_id="58" sentence="1" number="36">the</token>
<token t_id="59" sentence="1" number="37">winners</token>
<token t_id="60" sentence="1" number="38">.</token>
<token t_id="61" sentence="2" number="0">Jackman</token>
<token t_id="62" sentence="2" number="1">was</token>
<token t_id="63" sentence="2" number="2">announced</token>
<token t_id="64" sentence="2" number="3">Friday</token>
<token t_id="65" sentence="2" number="4">as</token>
<token t_id="66" sentence="2" number="5">the</token>
<token t_id="67" sentence="2" number="6">host</token>
<token t_id="68" sentence="2" number="7">of</token>
<token t_id="69" sentence="2" number="8">the</token>
<token t_id="70" sentence="2" number="9">81st</token>
<token t_id="71" sentence="2" number="10">Academy</token>
<token t_id="72" sentence="2" number="11">Awards</token>
<token t_id="73" sentence="2" number="12">,</token>
<token t_id="74" sentence="2" number="13">a</token>
<token t_id="75" sentence="2" number="14">marked</token>
<token t_id="76" sentence="2" number="15">departure</token>
<token t_id="77" sentence="2" number="16">from</token>
<token t_id="78" sentence="2" number="17">the</token>
<token t_id="79" sentence="2" number="18">academy</token>
<token t_id="80" sentence="2" number="19">'s</token>
<token t_id="81" sentence="2" number="20">standard</token>
<token t_id="82" sentence="2" number="21">of</token>
<token t_id="83" sentence="2" number="22">big-name</token>
<token t_id="84" sentence="2" number="23">comedians</token>
<token t_id="85" sentence="2" number="24">.</token>
<token t_id="86" sentence="3" number="0">Jon</token>
<token t_id="87" sentence="3" number="1">Stewart</token>
<token t_id="88" sentence="3" number="2">,</token>
<token t_id="89" sentence="3" number="3">who</token>
<token t_id="90" sentence="3" number="4">hosted</token>
<token t_id="91" sentence="3" number="5">in</token>
<token t_id="92" sentence="3" number="6">2008</token>
<token t_id="93" sentence="3" number="7">and</token>
<token t_id="94" sentence="3" number="8">2006</token>
<token t_id="95" sentence="3" number="9">,</token>
<token t_id="96" sentence="3" number="10">and</token>
<token t_id="97" sentence="3" number="11">Ellen</token>
<token t_id="98" sentence="3" number="12">DeGeneres</token>
<token t_id="99" sentence="3" number="13">,</token>
<token t_id="100" sentence="3" number="14">the</token>
<token t_id="101" sentence="3" number="15">2007</token>
<token t_id="102" sentence="3" number="16">host</token>
<token t_id="103" sentence="3" number="17">,</token>
<token t_id="104" sentence="3" number="18">were</token>
<token t_id="105" sentence="3" number="19">the</token>
<token t_id="106" sentence="3" number="20">latest</token>
<token t_id="107" sentence="3" number="21">in</token>
<token t_id="108" sentence="3" number="22">a</token>
<token t_id="109" sentence="3" number="23">line</token>
<token t_id="110" sentence="3" number="24">of</token>
<token t_id="111" sentence="3" number="25">funny</token>
<token t_id="112" sentence="3" number="26">emcees</token>
<token t_id="113" sentence="3" number="27">since</token>
<token t_id="114" sentence="3" number="28">1990</token>
<token t_id="115" sentence="3" number="29">.</token>
<token t_id="116" sentence="4" number="0">Billy</token>
<token t_id="117" sentence="4" number="1">Crystal</token>
<token t_id="118" sentence="4" number="2">did</token>
<token t_id="119" sentence="4" number="3">it</token>
<token t_id="120" sentence="4" number="4">eight</token>
<token t_id="121" sentence="4" number="5">times</token>
<token t_id="122" sentence="4" number="6">,</token>
<token t_id="123" sentence="4" number="7">Whoopi</token>
<token t_id="124" sentence="4" number="8">Goldberg</token>
<token t_id="125" sentence="4" number="9">took</token>
<token t_id="126" sentence="4" number="10">on</token>
<token t_id="127" sentence="4" number="11">four</token>
<token t_id="128" sentence="4" number="12">,</token>
<token t_id="129" sentence="4" number="13">Steve</token>
<token t_id="130" sentence="4" number="14">Martin</token>
<token t_id="131" sentence="4" number="15">did</token>
<token t_id="132" sentence="4" number="16">it</token>
<token t_id="133" sentence="4" number="17">twice</token>
<token t_id="134" sentence="4" number="18">and</token>
<token t_id="135" sentence="4" number="19">David</token>
<token t_id="136" sentence="4" number="20">Letterman</token>
<token t_id="137" sentence="4" number="21">and</token>
<token t_id="138" sentence="4" number="22">Chris</token>
<token t_id="139" sentence="4" number="23">Rock</token>
<token t_id="140" sentence="4" number="24">each</token>
<token t_id="141" sentence="4" number="25">had</token>
<token t_id="142" sentence="4" number="26">a</token>
<token t_id="143" sentence="4" number="27">shot</token>
<token t_id="144" sentence="4" number="28">.</token>
<token t_id="145" sentence="5" number="0">As</token>
<token t_id="146" sentence="5" number="1">the</token>
<token t_id="147" sentence="5" number="2">parade</token>
<token t_id="148" sentence="5" number="3">of</token>
<token t_id="149" sentence="5" number="4">A-list</token>
<token t_id="150" sentence="5" number="5">comedians</token>
<token t_id="151" sentence="5" number="6">continued</token>
<token t_id="152" sentence="5" number="7">,</token>
<token t_id="153" sentence="5" number="8">ratings</token>
<token t_id="154" sentence="5" number="9">were</token>
<token t_id="155" sentence="5" number="10">in</token>
<token t_id="156" sentence="5" number="11">steady</token>
<token t_id="157" sentence="5" number="12">decline</token>
<token t_id="158" sentence="5" number="13">.</token>
<token t_id="159" sentence="6" number="0">But</token>
<token t_id="160" sentence="6" number="1">with</token>
<token t_id="161" sentence="6" number="2">new</token>
<token t_id="162" sentence="6" number="3">producers</token>
<token t_id="163" sentence="6" number="4">,</token>
<token t_id="164" sentence="6" number="5">a</token>
<token t_id="165" sentence="6" number="6">new</token>
<token t_id="166" sentence="6" number="7">director</token>
<token t_id="167" sentence="6" number="8">,</token>
<token t_id="168" sentence="6" number="9">new</token>
<token t_id="169" sentence="6" number="10">set</token>
<token t_id="170" sentence="6" number="11">designer</token>
<token t_id="171" sentence="6" number="12">and</token>
<token t_id="172" sentence="6" number="13">even</token>
<token t_id="173" sentence="6" number="14">a</token>
<token t_id="174" sentence="6" number="15">new</token>
<token t_id="175" sentence="6" number="16">music</token>
<token t_id="176" sentence="6" number="17">director</token>
<token t_id="177" sentence="6" number="18">,</token>
<token t_id="178" sentence="6" number="19">the</token>
<token t_id="179" sentence="6" number="20">academy</token>
<token t_id="180" sentence="6" number="21">has</token>
<token t_id="181" sentence="6" number="22">been</token>
<token t_id="182" sentence="6" number="23">hinting</token>
<token t_id="183" sentence="6" number="24">for</token>
<token t_id="184" sentence="6" number="25">months</token>
<token t_id="185" sentence="6" number="26">at</token>
<token t_id="186" sentence="6" number="27">an</token>
<token t_id="187" sentence="6" number="28">all-new</token>
<token t_id="188" sentence="6" number="29">look</token>
<token t_id="189" sentence="6" number="30">and</token>
<token t_id="190" sentence="6" number="31">feel</token>
<token t_id="191" sentence="6" number="32">for</token>
<token t_id="192" sentence="6" number="33">this</token>
<token t_id="193" sentence="6" number="34">year</token>
<token t_id="194" sentence="6" number="35">'s</token>
<token t_id="195" sentence="6" number="36">Oscars</token>
<token t_id="196" sentence="6" number="37">telecast</token>
<token t_id="197" sentence="6" number="38">on</token>
<token t_id="198" sentence="6" number="39">Feb.</token>
<token t_id="199" sentence="6" number="40">22</token>
<token t_id="200" sentence="6" number="41">.</token>
<token t_id="201" sentence="7" number="0">Having</token>
<token t_id="202" sentence="7" number="1">Jackman</token>
<token t_id="203" sentence="7" number="2">host</token>
<token t_id="204" sentence="7" number="3">certainly</token>
<token t_id="205" sentence="7" number="4">fits</token>
<token t_id="206" sentence="7" number="5">with</token>
<token t_id="207" sentence="7" number="6">that</token>
<token t_id="208" sentence="7" number="7">theme</token>
<token t_id="209" sentence="7" number="8">.</token>
<token t_id="210" sentence="8" number="0">Producers</token>
<token t_id="211" sentence="8" number="1">Laurence</token>
<token t_id="212" sentence="8" number="2">Mark</token>
<token t_id="213" sentence="8" number="3">and</token>
<token t_id="214" sentence="8" number="4">Bill</token>
<token t_id="215" sentence="8" number="5">Condon</token>
<token t_id="216" sentence="8" number="6">called</token>
<token t_id="217" sentence="8" number="7">the</token>
<token t_id="218" sentence="8" number="8">Australian</token>
<token t_id="219" sentence="8" number="9">actor</token>
<token t_id="220" sentence="8" number="10">``</token>
<token t_id="221" sentence="8" number="11">a</token>
<token t_id="222" sentence="8" number="12">consummate</token>
<token t_id="223" sentence="8" number="13">entertainer</token>
<token t_id="224" sentence="8" number="14">and</token>
<token t_id="225" sentence="8" number="15">an</token>
<token t_id="226" sentence="8" number="16">internationally</token>
<token t_id="227" sentence="8" number="17">renowned</token>
<token t_id="228" sentence="8" number="18">movie</token>
<token t_id="229" sentence="8" number="19">star</token>
<token t_id="230" sentence="8" number="20">.</token>
<token t_id="231" sentence="8" number="21">''</token>
<token t_id="232" sentence="9" number="0">``</token>
<token t_id="233" sentence="9" number="1">He</token>
<token t_id="234" sentence="9" number="2">also</token>
<token t_id="235" sentence="9" number="3">has</token>
<token t_id="236" sentence="9" number="4">style</token>
<token t_id="237" sentence="9" number="5">,</token>
<token t_id="238" sentence="9" number="6">elegance</token>
<token t_id="239" sentence="9" number="7">and</token>
<token t_id="240" sentence="9" number="8">a</token>
<token t_id="241" sentence="9" number="9">sense</token>
<token t_id="242" sentence="9" number="10">of</token>
<token t_id="243" sentence="9" number="11">occasion</token>
<token t_id="244" sentence="9" number="12">,</token>
<token t_id="245" sentence="9" number="13">''</token>
<token t_id="246" sentence="9" number="14">Mark</token>
<token t_id="247" sentence="9" number="15">and</token>
<token t_id="248" sentence="9" number="16">Condon</token>
<token t_id="249" sentence="9" number="17">said</token>
<token t_id="250" sentence="9" number="18">in</token>
<token t_id="251" sentence="9" number="19">a</token>
<token t_id="252" sentence="9" number="20">joint</token>
<token t_id="253" sentence="9" number="21">statement</token>
<token t_id="254" sentence="9" number="22">.</token>
<token t_id="255" sentence="10" number="0">``</token>
<token t_id="256" sentence="10" number="1">Hugh</token>
<token t_id="257" sentence="10" number="2">is</token>
<token t_id="258" sentence="10" number="3">the</token>
<token t_id="259" sentence="10" number="4">ideal</token>
<token t_id="260" sentence="10" number="5">choice</token>
<token t_id="261" sentence="10" number="6">to</token>
<token t_id="262" sentence="10" number="7">host</token>
<token t_id="263" sentence="10" number="8">a</token>
<token t_id="264" sentence="10" number="9">celebration</token>
<token t_id="265" sentence="10" number="10">of</token>
<token t_id="266" sentence="10" number="11">the</token>
<token t_id="267" sentence="10" number="12">year</token>
<token t_id="268" sentence="10" number="13">'s</token>
<token t_id="269" sentence="10" number="14">movies</token>
<token t_id="270" sentence="10" number="15">-</token>
<token t_id="271" sentence="10" number="16">and</token>
<token t_id="272" sentence="10" number="17">to</token>
<token t_id="273" sentence="10" number="18">have</token>
<token t_id="274" sentence="10" number="19">fun</token>
<token t_id="275" sentence="10" number="20">doing</token>
<token t_id="276" sentence="10" number="21">it</token>
<token t_id="277" sentence="10" number="22">.</token>
<token t_id="278" sentence="10" number="23">''</token>
<token t_id="279" sentence="11" number="0">Indeed</token>
<token t_id="280" sentence="11" number="1">,</token>
<token t_id="281" sentence="11" number="2">Jackman</token>
<token t_id="282" sentence="11" number="3">can</token>
<token t_id="283" sentence="11" number="4">be</token>
<token t_id="284" sentence="11" number="5">a</token>
<token t_id="285" sentence="11" number="6">mutant</token>
<token t_id="286" sentence="11" number="7">superhero</token>
<token t_id="287" sentence="11" number="8">(</token>
<token t_id="288" sentence="11" number="9">Wolverine</token>
<token t_id="289" sentence="11" number="10">from</token>
<token t_id="290" sentence="11" number="11">the</token>
<token t_id="291" sentence="11" number="12">``</token>
<token t_id="292" sentence="11" number="13">X-Men</token>
<token t_id="293" sentence="11" number="14">''</token>
<token t_id="294" sentence="11" number="15">movie</token>
<token t_id="295" sentence="11" number="16">franchise</token>
<token t_id="296" sentence="11" number="17">)</token>
<token t_id="297" sentence="11" number="18">,</token>
<token t_id="298" sentence="11" number="19">a</token>
<token t_id="299" sentence="11" number="20">flirtatious</token>
<token t_id="300" sentence="11" number="21">singing</token>
<token t_id="301" sentence="11" number="22">barker</token>
<token t_id="302" sentence="11" number="23">(</token>
<token t_id="303" sentence="11" number="24">Billy</token>
<token t_id="304" sentence="11" number="25">Bigelow</token>
<token t_id="305" sentence="11" number="26">in</token>
<token t_id="306" sentence="11" number="27">Rodgers</token>
<token t_id="307" sentence="11" number="28">and</token>
<token t_id="308" sentence="11" number="29">Hammerstein</token>
<token t_id="309" sentence="11" number="30">'s</token>
<token t_id="310" sentence="11" number="31">musical</token>
<token t_id="311" sentence="11" number="32">``</token>
<token t_id="312" sentence="11" number="33">Carousel</token>
<token t_id="313" sentence="11" number="34">''</token>
<token t_id="314" sentence="11" number="35">)</token>
<token t_id="315" sentence="11" number="36">,</token>
<token t_id="316" sentence="11" number="37">a</token>
<token t_id="317" sentence="11" number="38">determined</token>
<token t_id="318" sentence="11" number="39">magician</token>
<token t_id="319" sentence="11" number="40">(</token>
<token t_id="320" sentence="11" number="41">``</token>
<token t_id="321" sentence="11" number="42">The</token>
<token t_id="322" sentence="11" number="43">Prestige</token>
<token t_id="323" sentence="11" number="44">''</token>
<token t_id="324" sentence="11" number="45">)</token>
<token t_id="325" sentence="11" number="46">and</token>
<token t_id="326" sentence="11" number="47">a</token>
<token t_id="327" sentence="11" number="48">dancing</token>
<token t_id="328" sentence="11" number="49">penguin</token>
<token t_id="329" sentence="11" number="50">(</token>
<token t_id="330" sentence="11" number="51">``</token>
<token t_id="331" sentence="11" number="52">Happy</token>
<token t_id="332" sentence="11" number="53">Feet</token>
<token t_id="333" sentence="11" number="54">''</token>
<token t_id="334" sentence="11" number="55">)</token>
<token t_id="335" sentence="11" number="56">.</token>
<token t_id="336" sentence="12" number="0">The</token>
<token t_id="337" sentence="12" number="1">40-year-old</token>
<token t_id="338" sentence="12" number="2">actor</token>
<token t_id="339" sentence="12" number="3">plays</token>
<token t_id="340" sentence="12" number="4">a</token>
<token t_id="341" sentence="12" number="5">roughhewn</token>
<token t_id="342" sentence="12" number="6">cattle</token>
<token t_id="343" sentence="12" number="7">driver</token>
<token t_id="344" sentence="12" number="8">opposite</token>
<token t_id="345" sentence="12" number="9">Nicole</token>
<token t_id="346" sentence="12" number="10">Kidman</token>
<token t_id="347" sentence="12" number="11">'s</token>
<token t_id="348" sentence="12" number="12">English</token>
<token t_id="349" sentence="12" number="13">aristocrat</token>
<token t_id="350" sentence="12" number="14">in</token>
<token t_id="351" sentence="12" number="15">the</token>
<token t_id="352" sentence="12" number="16">new</token>
<token t_id="353" sentence="12" number="17">Baz</token>
<token t_id="354" sentence="12" number="18">Luhrmann</token>
<token t_id="355" sentence="12" number="19">romantic</token>
<token t_id="356" sentence="12" number="20">adventure</token>
<token t_id="357" sentence="12" number="21">``</token>
<token t_id="358" sentence="12" number="22">Australia</token>
<token t_id="359" sentence="12" number="23">.</token>
<token t_id="360" sentence="12" number="24">''</token>
<token t_id="361" sentence="13" number="0">Jackman</token>
<token t_id="362" sentence="13" number="1">was</token>
<token t_id="363" sentence="13" number="2">abroad</token>
<token t_id="364" sentence="13" number="3">promoting</token>
<token t_id="365" sentence="13" number="4">the</token>
<token t_id="366" sentence="13" number="5">film</token>
<token t_id="367" sentence="13" number="6">Friday</token>
<token t_id="368" sentence="13" number="7">when</token>
<token t_id="369" sentence="13" number="8">his</token>
<token t_id="370" sentence="13" number="9">Oscar</token>
<token t_id="371" sentence="13" number="10">role</token>
<token t_id="372" sentence="13" number="11">was</token>
<token t_id="373" sentence="13" number="12">announced</token>
<token t_id="374" sentence="13" number="13">.</token>
<token t_id="375" sentence="14" number="0">``</token>
<token t_id="376" sentence="14" number="1">Thirty</token>
<token t_id="377" sentence="14" number="2">years</token>
<token t_id="378" sentence="14" number="3">ago</token>
<token t_id="379" sentence="14" number="4">when</token>
<token t_id="380" sentence="14" number="5">I</token>
<token t_id="381" sentence="14" number="6">was</token>
<token t_id="382" sentence="14" number="7">in</token>
<token t_id="383" sentence="14" number="8">Sydney</token>
<token t_id="384" sentence="14" number="9">watching</token>
<token t_id="385" sentence="14" number="10">Johnny</token>
<token t_id="386" sentence="14" number="11">Carson</token>
<token t_id="387" sentence="14" number="12">host</token>
<token t_id="388" sentence="14" number="13">the</token>
<token t_id="389" sentence="14" number="14">Oscars</token>
<token t_id="390" sentence="14" number="15">with</token>
<token t_id="391" sentence="14" number="16">my</token>
<token t_id="392" sentence="14" number="17">family</token>
<token t_id="393" sentence="14" number="18">,</token>
<token t_id="394" sentence="14" number="19">I</token>
<token t_id="395" sentence="14" number="20">never</token>
<token t_id="396" sentence="14" number="21">imagined</token>
<token t_id="397" sentence="14" number="22">that</token>
<token t_id="398" sentence="14" number="23">I</token>
<token t_id="399" sentence="14" number="24">'d</token>
<token t_id="400" sentence="14" number="25">one</token>
<token t_id="401" sentence="14" number="26">day</token>
<token t_id="402" sentence="14" number="27">have</token>
<token t_id="403" sentence="14" number="28">the</token>
<token t_id="404" sentence="14" number="29">chance</token>
<token t_id="405" sentence="14" number="30">to</token>
<token t_id="406" sentence="14" number="31">be</token>
<token t_id="407" sentence="14" number="32">up</token>
<token t_id="408" sentence="14" number="33">on</token>
<token t_id="409" sentence="14" number="34">that</token>
<token t_id="410" sentence="14" number="35">stage</token>
<token t_id="411" sentence="14" number="36">myself</token>
<token t_id="412" sentence="14" number="37">,</token>
<token t_id="413" sentence="14" number="38">''</token>
<token t_id="414" sentence="14" number="39">he</token>
<token t_id="415" sentence="14" number="40">said</token>
<token t_id="416" sentence="14" number="41">in</token>
<token t_id="417" sentence="14" number="42">a</token>
<token t_id="418" sentence="14" number="43">statement</token>
<token t_id="419" sentence="14" number="44">.</token>
<token t_id="420" sentence="15" number="0">``</token>
<token t_id="421" sentence="15" number="1">I</token>
<token t_id="422" sentence="15" number="2">am</token>
<token t_id="423" sentence="15" number="3">very</token>
<token t_id="424" sentence="15" number="4">grateful</token>
<token t_id="425" sentence="15" number="5">to</token>
<token t_id="426" sentence="15" number="6">the</token>
<token t_id="427" sentence="15" number="7">Academy</token>
<token t_id="428" sentence="15" number="8">for</token>
<token t_id="429" sentence="15" number="9">giving</token>
<token t_id="430" sentence="15" number="10">me</token>
<token t_id="431" sentence="15" number="11">this</token>
<token t_id="432" sentence="15" number="12">opportunity</token>
<token t_id="433" sentence="15" number="13">.</token>
<token t_id="434" sentence="16" number="0">And</token>
<token t_id="435" sentence="16" number="1">,</token>
<token t_id="436" sentence="16" number="2">excited</token>
<token t_id="437" sentence="16" number="3">to</token>
<token t_id="438" sentence="16" number="4">be</token>
<token t_id="439" sentence="16" number="5">working</token>
<token t_id="440" sentence="16" number="6">with</token>
<token t_id="441" sentence="16" number="7">Larry</token>
<token t_id="442" sentence="16" number="8">and</token>
<token t_id="443" sentence="16" number="9">Bill</token>
<token t_id="444" sentence="16" number="10">on</token>
<token t_id="445" sentence="16" number="11">what</token>
<token t_id="446" sentence="16" number="12">I</token>
<token t_id="447" sentence="16" number="13">know</token>
<token t_id="448" sentence="16" number="14">will</token>
<token t_id="449" sentence="16" number="15">be</token>
<token t_id="450" sentence="16" number="16">a</token>
<token t_id="451" sentence="16" number="17">fun</token>
<token t_id="452" sentence="16" number="18">and</token>
<token t_id="453" sentence="16" number="19">memorable</token>
<token t_id="454" sentence="16" number="20">celebration</token>
<token t_id="455" sentence="16" number="21">.</token>
<token t_id="456" sentence="16" number="22">''</token>
<token t_id="457" sentence="17" number="0">Having</token>
<token t_id="458" sentence="17" number="1">an</token>
<token t_id="459" sentence="17" number="2">entertainer</token>
<token t_id="460" sentence="17" number="3">such</token>
<token t_id="461" sentence="17" number="4">as</token>
<token t_id="462" sentence="17" number="5">Jackman</token>
<token t_id="463" sentence="17" number="6">host</token>
<token t_id="464" sentence="17" number="7">the</token>
<token t_id="465" sentence="17" number="8">show</token>
<token t_id="466" sentence="17" number="9">necessitates</token>
<token t_id="467" sentence="17" number="10">a</token>
<token t_id="468" sentence="17" number="11">change</token>
<token t_id="469" sentence="17" number="12">in</token>
<token t_id="470" sentence="17" number="13">the</token>
<token t_id="471" sentence="17" number="14">well-established</token>
<token t_id="472" sentence="17" number="15">standard</token>
<token t_id="473" sentence="17" number="16">of</token>
<token t_id="474" sentence="17" number="17">opening</token>
<token t_id="475" sentence="17" number="18">the</token>
<token t_id="476" sentence="17" number="19">show</token>
<token t_id="477" sentence="17" number="20">with</token>
<token t_id="478" sentence="17" number="21">a</token>
<token t_id="479" sentence="17" number="22">jokes</token>
<token t_id="480" sentence="17" number="23">,</token>
<token t_id="481" sentence="17" number="24">said</token>
<token t_id="482" sentence="17" number="25">Steve</token>
<token t_id="483" sentence="17" number="26">Pond</token>
<token t_id="484" sentence="17" number="27">,</token>
<token t_id="485" sentence="17" number="28">author</token>
<token t_id="486" sentence="17" number="29">of</token>
<token t_id="487" sentence="17" number="30">the</token>
<token t_id="488" sentence="17" number="31">2005</token>
<token t_id="489" sentence="17" number="32">book</token>
<token t_id="490" sentence="17" number="33">``</token>
<token t_id="491" sentence="17" number="34">The</token>
<token t_id="492" sentence="17" number="35">Big</token>
<token t_id="493" sentence="17" number="36">Show</token>
<token t_id="494" sentence="17" number="37">:</token>
<token t_id="495" sentence="17" number="38">High</token>
<token t_id="496" sentence="17" number="39">Times</token>
<token t_id="497" sentence="17" number="40">and</token>
<token t_id="498" sentence="17" number="41">Dirty</token>
<token t_id="499" sentence="17" number="42">Dealings</token>
<token t_id="500" sentence="17" number="43">Backstage</token>
<token t_id="501" sentence="17" number="44">at</token>
<token t_id="502" sentence="17" number="45">the</token>
<token t_id="503" sentence="17" number="46">Academy</token>
<token t_id="504" sentence="17" number="47">Awards</token>
<token t_id="505" sentence="17" number="48">.</token>
<token t_id="506" sentence="17" number="49">''</token>
<token t_id="507" sentence="18" number="0">``</token>
<token t_id="508" sentence="18" number="1">The</token>
<token t_id="509" sentence="18" number="2">tricky</token>
<token t_id="510" sentence="18" number="3">part</token>
<token t_id="511" sentence="18" number="4">is</token>
<token t_id="512" sentence="18" number="5">that</token>
<token t_id="513" sentence="18" number="6">while</token>
<token t_id="514" sentence="18" number="7">he</token>
<token t_id="515" sentence="18" number="8">'s</token>
<token t_id="516" sentence="18" number="9">charming</token>
<token t_id="517" sentence="18" number="10">,</token>
<token t_id="518" sentence="18" number="11">he</token>
<token t_id="519" sentence="18" number="12">'s</token>
<token t_id="520" sentence="18" number="13">not</token>
<token t_id="521" sentence="18" number="14">the</token>
<token t_id="522" sentence="18" number="15">kind</token>
<token t_id="523" sentence="18" number="16">of</token>
<token t_id="524" sentence="18" number="17">guy</token>
<token t_id="525" sentence="18" number="18">to</token>
<token t_id="526" sentence="18" number="19">go</token>
<token t_id="527" sentence="18" number="20">out</token>
<token t_id="528" sentence="18" number="21">there</token>
<token t_id="529" sentence="18" number="22">and</token>
<token t_id="530" sentence="18" number="23">deliver</token>
<token t_id="531" sentence="18" number="24">a</token>
<token t_id="532" sentence="18" number="25">comic</token>
<token t_id="533" sentence="18" number="26">monologue</token>
<token t_id="534" sentence="18" number="27">at</token>
<token t_id="535" sentence="18" number="28">the</token>
<token t_id="536" sentence="18" number="29">top</token>
<token t_id="537" sentence="18" number="30">of</token>
<token t_id="538" sentence="18" number="31">the</token>
<token t_id="539" sentence="18" number="32">show</token>
<token t_id="540" sentence="18" number="33">,</token>
<token t_id="541" sentence="18" number="34">''</token>
<token t_id="542" sentence="18" number="35">Pond</token>
<token t_id="543" sentence="18" number="36">said</token>
<token t_id="544" sentence="18" number="37">.</token>
<token t_id="545" sentence="19" number="0">``</token>
<token t_id="546" sentence="19" number="1">He</token>
<token t_id="547" sentence="19" number="2">'s</token>
<token t_id="548" sentence="19" number="3">more</token>
<token t_id="549" sentence="19" number="4">comfortable</token>
<token t_id="550" sentence="19" number="5">with</token>
<token t_id="551" sentence="19" number="6">a</token>
<token t_id="552" sentence="19" number="7">song</token>
<token t_id="553" sentence="19" number="8">and</token>
<token t_id="554" sentence="19" number="9">dance</token>
<token t_id="555" sentence="19" number="10">,</token>
<token t_id="556" sentence="19" number="11">but</token>
<token t_id="557" sentence="19" number="12">is</token>
<token t_id="558" sentence="19" number="13">a</token>
<token t_id="559" sentence="19" number="14">song</token>
<token t_id="560" sentence="19" number="15">and</token>
<token t_id="561" sentence="19" number="16">dance</token>
<token t_id="562" sentence="19" number="17">at</token>
<token t_id="563" sentence="19" number="18">the</token>
<token t_id="564" sentence="19" number="19">top</token>
<token t_id="565" sentence="19" number="20">of</token>
<token t_id="566" sentence="19" number="21">the</token>
<token t_id="567" sentence="19" number="22">Oscars</token>
<token t_id="568" sentence="19" number="23">what</token>
<token t_id="569" sentence="19" number="24">people</token>
<token t_id="570" sentence="19" number="25">want</token>
<token t_id="571" sentence="19" number="26">to</token>
<token t_id="572" sentence="19" number="27">see</token>
<token t_id="573" sentence="19" number="28">?</token>
<token t_id="574" sentence="20" number="0">It</token>
<token t_id="575" sentence="20" number="1">'ll</token>
<token t_id="576" sentence="20" number="2">be</token>
<token t_id="577" sentence="20" number="3">tricky</token>
<token t_id="578" sentence="20" number="4">adopting</token>
<token t_id="579" sentence="20" number="5">what</token>
<token t_id="580" sentence="20" number="6">he</token>
<token t_id="581" sentence="20" number="7">does</token>
<token t_id="582" sentence="20" number="8">best</token>
<token t_id="583" sentence="20" number="9">to</token>
<token t_id="584" sentence="20" number="10">what</token>
<token t_id="585" sentence="20" number="11">works</token>
<token t_id="586" sentence="20" number="12">at</token>
<token t_id="587" sentence="20" number="13">the</token>
<token t_id="588" sentence="20" number="14">Oscars</token>
<token t_id="589" sentence="20" number="15">.</token>
<token t_id="590" sentence="20" number="16">''</token>
<token t_id="591" sentence="21" number="0">But</token>
<token t_id="592" sentence="21" number="1">with</token>
<token t_id="593" sentence="21" number="2">ratings</token>
<token t_id="594" sentence="21" number="3">dropping</token>
<token t_id="595" sentence="21" number="4">for</token>
<token t_id="596" sentence="21" number="5">all</token>
<token t_id="597" sentence="21" number="6">awards</token>
<token t_id="598" sentence="21" number="7">shows</token>
<token t_id="599" sentence="21" number="8">,</token>
<token t_id="600" sentence="21" number="9">it</token>
<token t_id="601" sentence="21" number="10">'s</token>
<token t_id="602" sentence="21" number="11">worth</token>
<token t_id="603" sentence="21" number="12">shaking</token>
<token t_id="604" sentence="21" number="13">things</token>
<token t_id="605" sentence="21" number="14">up</token>
<token t_id="606" sentence="21" number="15">to</token>
<token t_id="607" sentence="21" number="16">generate</token>
<token t_id="608" sentence="21" number="17">interest</token>
<token t_id="609" sentence="21" number="18">-</token>
<token t_id="610" sentence="21" number="19">and</token>
<token t_id="611" sentence="21" number="20">the</token>
<token t_id="612" sentence="21" number="21">Academy</token>
<token t_id="613" sentence="21" number="22">Awards</token>
<token t_id="614" sentence="21" number="23">telecast</token>
<token t_id="615" sentence="21" number="24">,</token>
<token t_id="616" sentence="21" number="25">which</token>
<token t_id="617" sentence="21" number="26">posted</token>
<token t_id="618" sentence="21" number="27">its</token>
<token t_id="619" sentence="21" number="28">lowest</token>
<token t_id="620" sentence="21" number="29">ratings</token>
<token t_id="621" sentence="21" number="30">ever</token>
<token t_id="622" sentence="21" number="31">in</token>
<token t_id="623" sentence="21" number="32">February</token>
<token t_id="624" sentence="21" number="33">,</token>
<token t_id="625" sentence="21" number="34">is</token>
<token t_id="626" sentence="21" number="35">n't</token>
<token t_id="627" sentence="21" number="36">the</token>
<token t_id="628" sentence="21" number="37">only</token>
<token t_id="629" sentence="21" number="38">one</token>
<token t_id="630" sentence="21" number="39">trying</token>
<token t_id="631" sentence="21" number="40">something</token>
<token t_id="632" sentence="21" number="41">new</token>
<token t_id="633" sentence="21" number="42">.</token>
<token t_id="634" sentence="22" number="0">The</token>
<token t_id="635" sentence="22" number="1">Emmys</token>
<token t_id="636" sentence="22" number="2">added</token>
<token t_id="637" sentence="22" number="3">a</token>
<token t_id="638" sentence="22" number="4">category</token>
<token t_id="639" sentence="22" number="5">-</token>
<token t_id="640" sentence="22" number="6">best</token>
<token t_id="641" sentence="22" number="7">reality-show</token>
<token t_id="642" sentence="22" number="8">host</token>
<token t_id="643" sentence="22" number="9">-</token>
<token t_id="644" sentence="22" number="10">and</token>
<token t_id="645" sentence="22" number="11">divvied</token>
<token t_id="646" sentence="22" number="12">the</token>
<token t_id="647" sentence="22" number="13">show</token>
<token t_id="648" sentence="22" number="14">'s</token>
<token t_id="649" sentence="22" number="15">hosting</token>
<token t_id="650" sentence="22" number="16">duties</token>
<token t_id="651" sentence="22" number="17">among</token>
<token t_id="652" sentence="22" number="18">the</token>
<token t_id="653" sentence="22" number="19">five</token>
<token t_id="654" sentence="22" number="20">nominees</token>
<token t_id="655" sentence="22" number="21">.</token>
<token t_id="656" sentence="23" number="0">The</token>
<token t_id="657" sentence="23" number="1">results</token>
<token t_id="658" sentence="23" number="2">were</token>
<token t_id="659" sentence="23" number="3">disastrous:</token>
<token t_id="660" sentence="24" number="0">Critics</token>
<token t_id="661" sentence="24" number="1">panned</token>
<token t_id="662" sentence="24" number="2">the</token>
<token t_id="663" sentence="24" number="3">format</token>
<token t_id="664" sentence="24" number="4">and</token>
<token t_id="665" sentence="24" number="5">the</token>
<token t_id="666" sentence="24" number="6">show</token>
<token t_id="667" sentence="24" number="7">was</token>
<token t_id="668" sentence="24" number="8">one</token>
<token t_id="669" sentence="24" number="9">of</token>
<token t_id="670" sentence="24" number="10">the</token>
<token t_id="671" sentence="24" number="11">least-watched</token>
<token t_id="672" sentence="24" number="12">Emmys</token>
<token t_id="673" sentence="24" number="13">ever</token>
<token t_id="674" sentence="24" number="14">.</token>
<token t_id="675" sentence="25" number="0">The</token>
<token t_id="676" sentence="25" number="1">Grammy</token>
<token t_id="677" sentence="25" number="2">Awards</token>
<token t_id="678" sentence="25" number="3">spiced</token>
<token t_id="679" sentence="25" number="4">up</token>
<token t_id="680" sentence="25" number="5">its</token>
<token t_id="681" sentence="25" number="6">nominations</token>
<token t_id="682" sentence="25" number="7">earlier</token>
<token t_id="683" sentence="25" number="8">this</token>
<token t_id="684" sentence="25" number="9">month</token>
<token t_id="685" sentence="25" number="10">by</token>
<token t_id="686" sentence="25" number="11">trading</token>
<token t_id="687" sentence="25" number="12">its</token>
<token t_id="688" sentence="25" number="13">typical</token>
<token t_id="689" sentence="25" number="14">staid</token>
<token t_id="690" sentence="25" number="15">press</token>
<token t_id="691" sentence="25" number="16">conference</token>
<token t_id="692" sentence="25" number="17">for</token>
<token t_id="693" sentence="25" number="18">a</token>
<token t_id="694" sentence="25" number="19">glitzy</token>
<token t_id="695" sentence="25" number="20">,</token>
<token t_id="696" sentence="25" number="21">live</token>
<token t_id="697" sentence="25" number="22">concert</token>
<token t_id="698" sentence="25" number="23">special</token>
<token t_id="699" sentence="25" number="24">.</token>
<token t_id="700" sentence="26" number="0">Ratings-wise</token>
<token t_id="701" sentence="26" number="1">,</token>
<token t_id="702" sentence="26" number="2">the</token>
<token t_id="703" sentence="26" number="3">hourlong</token>
<token t_id="704" sentence="26" number="4">show</token>
<token t_id="705" sentence="26" number="5">came</token>
<token t_id="706" sentence="26" number="6">in</token>
<token t_id="707" sentence="26" number="7">fourth</token>
<token t_id="708" sentence="26" number="8">among</token>
<token t_id="709" sentence="26" number="9">prime-time</token>
<token t_id="710" sentence="26" number="10">contenders</token>
<token t_id="711" sentence="26" number="11">,</token>
<token t_id="712" sentence="26" number="12">behind</token>
<token t_id="713" sentence="26" number="13">such</token>
<token t_id="714" sentence="26" number="14">dramas</token>
<token t_id="715" sentence="26" number="15">as</token>
<token t_id="716" sentence="26" number="16">NBC</token>
<token t_id="717" sentence="26" number="17">'s</token>
<token t_id="718" sentence="26" number="18">``</token>
<token t_id="719" sentence="26" number="19">Life</token>
<token t_id="720" sentence="26" number="20">''</token>
<token t_id="721" sentence="26" number="21">and</token>
<token t_id="722" sentence="26" number="22">ABC</token>
<token t_id="723" sentence="26" number="23">'s</token>
<token t_id="724" sentence="26" number="24">``</token>
<token t_id="725" sentence="26" number="25">Private</token>
<token t_id="726" sentence="26" number="26">Practice</token>
<token t_id="727" sentence="26" number="27">.</token>
<token t_id="728" sentence="26" number="28">''</token>
<token t_id="729" sentence="27" number="0">Bringing</token>
<token t_id="730" sentence="27" number="1">in</token>
<token t_id="731" sentence="27" number="2">Jackman</token>
<token t_id="732" sentence="27" number="3">to</token>
<token t_id="733" sentence="27" number="4">host</token>
<token t_id="734" sentence="27" number="5">the</token>
<token t_id="735" sentence="27" number="6">Academy</token>
<token t_id="736" sentence="27" number="7">Awards</token>
<token t_id="737" sentence="27" number="8">is</token>
<token t_id="738" sentence="27" number="9">``</token>
<token t_id="739" sentence="27" number="10">a</token>
<token t_id="740" sentence="27" number="11">stretch</token>
<token t_id="741" sentence="27" number="12">for</token>
<token t_id="742" sentence="27" number="13">the</token>
<token t_id="743" sentence="27" number="14">Oscars</token>
<token t_id="744" sentence="27" number="15">,</token>
<token t_id="745" sentence="27" number="16">but</token>
<token t_id="746" sentence="27" number="17">at</token>
<token t_id="747" sentence="27" number="18">this</token>
<token t_id="748" sentence="27" number="19">stage</token>
<token t_id="749" sentence="27" number="20">,</token>
<token t_id="750" sentence="27" number="21">it</token>
<token t_id="751" sentence="27" number="22">'s</token>
<token t_id="752" sentence="27" number="23">worth</token>
<token t_id="753" sentence="27" number="24">taking</token>
<token t_id="754" sentence="27" number="25">the</token>
<token t_id="755" sentence="27" number="26">risk</token>
<token t_id="756" sentence="27" number="27">,</token>
<token t_id="757" sentence="27" number="28">''</token>
<token t_id="758" sentence="27" number="29">Pond</token>
<token t_id="759" sentence="27" number="30">said</token>
<token t_id="760" sentence="27" number="31">.</token>
<token t_id="761" sentence="28" number="0">``</token>
<token t_id="762" sentence="28" number="1">He</token>
<token t_id="763" sentence="28" number="2">certainly</token>
<token t_id="764" sentence="28" number="3">has</token>
<token t_id="765" sentence="28" number="4">what</token>
<token t_id="766" sentence="28" number="5">it</token>
<token t_id="767" sentence="28" number="6">takes</token>
<token t_id="768" sentence="28" number="7">to</token>
<token t_id="769" sentence="28" number="8">do</token>
<token t_id="770" sentence="28" number="9">the</token>
<token t_id="771" sentence="28" number="10">gig</token>
<token t_id="772" sentence="28" number="11">if</token>
<token t_id="773" sentence="28" number="12">some</token>
<token t_id="774" sentence="28" number="13">changes</token>
<token t_id="775" sentence="28" number="14">are</token>
<token t_id="776" sentence="28" number="15">made</token>
<token t_id="777" sentence="28" number="16">in</token>
<token t_id="778" sentence="28" number="17">what</token>
<token t_id="779" sentence="28" number="18">that</token>
<token t_id="780" sentence="28" number="19">gig</token>
<token t_id="781" sentence="28" number="20">requires</token>
<token t_id="782" sentence="28" number="21">.</token>
<token t_id="783" sentence="28" number="22">''</token>
<token t_id="784" sentence="29" number="0">Jackman</token>
<token t_id="785" sentence="29" number="1">also</token>
<token t_id="786" sentence="29" number="2">has</token>
<token t_id="787" sentence="29" number="3">award-winning</token>
<token t_id="788" sentence="29" number="4">hosting</token>
<token t_id="789" sentence="29" number="5">experience:</token>
<token t_id="790" sentence="30" number="0">He</token>
<token t_id="791" sentence="30" number="1">won</token>
<token t_id="792" sentence="30" number="2">an</token>
<token t_id="793" sentence="30" number="3">Emmy</token>
<token t_id="794" sentence="30" number="4">in</token>
<token t_id="795" sentence="30" number="5">2005</token>
<token t_id="796" sentence="30" number="6">for</token>
<token t_id="797" sentence="30" number="7">hosting</token>
<token t_id="798" sentence="30" number="8">the</token>
<token t_id="799" sentence="30" number="9">58th</token>
<token t_id="800" sentence="30" number="10">annual</token>
<token t_id="801" sentence="30" number="11">Tony</token>
<token t_id="802" sentence="30" number="12">Awards</token>
<token t_id="803" sentence="30" number="13">in</token>
<token t_id="804" sentence="30" number="14">2004</token>
<token t_id="805" sentence="30" number="15">,</token>
<token t_id="806" sentence="30" number="16">when</token>
<token t_id="807" sentence="30" number="17">he</token>
<token t_id="808" sentence="30" number="18">also</token>
<token t_id="809" sentence="30" number="19">took</token>
<token t_id="810" sentence="30" number="20">a</token>
<token t_id="811" sentence="30" number="21">best-actor</token>
<token t_id="812" sentence="30" number="22">Tony</token>
<token t_id="813" sentence="30" number="23">for</token>
<token t_id="814" sentence="30" number="24">his</token>
<token t_id="815" sentence="30" number="25">performance</token>
<token t_id="816" sentence="30" number="26">in</token>
<token t_id="817" sentence="30" number="27">the</token>
<token t_id="818" sentence="30" number="28">musical</token>
<token t_id="819" sentence="30" number="29">``</token>
<token t_id="820" sentence="30" number="30">The</token>
<token t_id="821" sentence="30" number="31">Boy</token>
<token t_id="822" sentence="30" number="32">From</token>
<token t_id="823" sentence="30" number="33">Oz</token>
<token t_id="824" sentence="30" number="34">.</token>
<token t_id="825" sentence="31" number="0">``</token>
<token t_id="826" sentence="31" number="1">Jackman</token>
<token t_id="827" sentence="31" number="2">has</token>
<token t_id="828" sentence="31" number="3">never</token>
<token t_id="829" sentence="31" number="4">been</token>
<token t_id="830" sentence="31" number="5">an</token>
<token t_id="831" sentence="31" number="6">Oscar</token>
<token t_id="832" sentence="31" number="7">nominee</token>
<token t_id="833" sentence="31" number="8">,</token>
<token t_id="834" sentence="31" number="9">but</token>
<token t_id="835" sentence="31" number="10">was</token>
<token t_id="836" sentence="31" number="11">nominated</token>
<token t_id="837" sentence="31" number="12">for</token>
<token t_id="838" sentence="31" number="13">a</token>
<token t_id="839" sentence="31" number="14">Golden</token>
<token t_id="840" sentence="31" number="15">Globe</token>
<token t_id="841" sentence="31" number="16">for</token>
<token t_id="842" sentence="31" number="17">his</token>
<token t_id="843" sentence="31" number="18">role</token>
<token t_id="844" sentence="31" number="19">in</token>
<token t_id="845" sentence="31" number="20">2001</token>
<token t_id="846" sentence="31" number="21">'s</token>
<token t_id="847" sentence="31" number="22">romantic</token>
<token t_id="848" sentence="31" number="23">film</token>
<token t_id="849" sentence="31" number="24">``</token>
<token t_id="850" sentence="31" number="25">Kate</token>
<token t_id="851" sentence="31" number="26">and</token>
<token t_id="852" sentence="31" number="27">Leopold</token>
<token t_id="853" sentence="31" number="28">.</token>
<token t_id="854" sentence="31" number="29">''</token>
<token t_id="855" sentence="32" number="0">He</token>
<token t_id="856" sentence="32" number="1">also</token>
<token t_id="857" sentence="32" number="2">served</token>
<token t_id="858" sentence="32" number="3">as</token>
<token t_id="859" sentence="32" number="4">a</token>
<token t_id="860" sentence="32" number="5">past</token>
<token t_id="861" sentence="32" number="6">presenter</token>
<token t_id="862" sentence="32" number="7">on</token>
<token t_id="863" sentence="32" number="8">the</token>
<token t_id="864" sentence="32" number="9">Oscar</token>
<token t_id="865" sentence="32" number="10">show</token>
<token t_id="866" sentence="32" number="11">.</token>
<token t_id="867" sentence="33" number="0">Jackman</token>
<token t_id="868" sentence="33" number="1">and</token>
<token t_id="869" sentence="33" number="2">his</token>
<token t_id="870" sentence="33" number="3">wife</token>
<token t_id="871" sentence="33" number="4">,</token>
<token t_id="872" sentence="33" number="5">Deborra-Lee</token>
<token t_id="873" sentence="33" number="6">Furness</token>
<token t_id="874" sentence="33" number="7">,</token>
<token t_id="875" sentence="33" number="8">have</token>
<token t_id="876" sentence="33" number="9">their</token>
<token t_id="877" sentence="33" number="10">own</token>
<token t_id="878" sentence="33" number="11">Oscar</token>
<token t_id="879" sentence="33" number="12">at</token>
<token t_id="880" sentence="33" number="13">home</token>
<token t_id="881" sentence="33" number="14">-</token>
<token t_id="882" sentence="33" number="15">their</token>
<token t_id="883" sentence="33" number="16">8-year-old</token>
<token t_id="884" sentence="33" number="17">son</token>
<token t_id="885" sentence="33" number="18">,</token>
<token t_id="886" sentence="33" number="19">Oscar</token>
<token t_id="887" sentence="33" number="20">Maximillian</token>
<token t_id="888" sentence="33" number="21">.</token>
<token t_id="889" sentence="34" number="0">The</token>
<token t_id="890" sentence="34" number="1">couple</token>
<token t_id="891" sentence="34" number="2">also</token>
<token t_id="892" sentence="34" number="3">have</token>
<token t_id="893" sentence="34" number="4">a</token>
<token t_id="894" sentence="34" number="5">3-year-old</token>
<token t_id="895" sentence="34" number="6">daughter</token>
<token t_id="896" sentence="34" number="7">Ava</token>
<token t_id="897" sentence="34" number="8">.</token>
<Markables>
<ACTION_OCCURRENCE m_id="13"  >
  <token_anchor t_id="71"/>
  <token_anchor t_id="72"/>
</ACTION_OCCURRENCE>
<ACTION_OCCURRENCE m_id="14"  >
  <token_anchor t_id="76"/>
</ACTION_OCCURRENCE>
<ACTION_REPORTING m_id="10"  >
  <token_anchor t_id="63"/>
</ACTION_REPORTING>
<HUMAN_PART_ORG m_id="15"  >
  <token_anchor t_id="79"/>
</HUMAN_PART_ORG>
<HUMAN_PART_PER m_id="9"  >
  <token_anchor t_id="61"/>
</HUMAN_PART_PER>
<HUMAN_PART_PER m_id="12"  >
  <token_anchor t_id="67"/>
</HUMAN_PART_PER>
<HUMAN_PART_PER m_id="16"  >
  <token_anchor t_id="84"/>
</HUMAN_PART_PER>
<TIME_DATE m_id="11"  >
  <token_anchor t_id="64"/>
</TIME_DATE>




<HUMAN_PART_ORG m_id="21" RELATED_TO="" TAG_DESCRIPTOR="t2b_ampas" instance_id="HUM16270164814802626" />
<ACTION_REPORTING m_id="19" RELATED_TO="" TAG_DESCRIPTOR="t2b_ampas_said_jackman_hosting" instance_id="ACT16268935050332978" />
<TIME_DATE m_id="20" RELATED_TO="" TAG_DESCRIPTOR="t2b_friday_host_announcement" instance_id="TIM16268764752302323" />
<ACTION_OCCURRENCE m_id="18" RELATED_TO="" TAG_DESCRIPTOR="t2b_oscar_ceremony" instance_id="ACT16268643573999998" />
<HUMAN_PART_PER m_id="17" RELATED_TO="" TAG_DESCRIPTOR="t2b_jackman" instance_id="HUM16269645336595420" />
</Markables>

<Relations>
<CROSS_DOC_COREF r_id="53602" note="HUM16269645336595420" >
  <source m_id="12" />
  <source m_id="9" />
  <target m_id="17" />
</CROSS_DOC_COREF>
<CROSS_DOC_COREF r_id="53603" note="ACT16268643573999998" >
  <source m_id="13" />
  <target m_id="18" />
</CROSS_DOC_COREF>
<CROSS_DOC_COREF r_id="53604" note="ACT16268935050332978" >
  <source m_id="10" />
  <target m_id="19" />
</CROSS_DOC_COREF>
<CROSS_DOC_COREF r_id="53605" note="TIM16268764752302323" >
  <source m_id="11" />
  <target m_id="20" />
</CROSS_DOC_COREF>
<CROSS_DOC_COREF r_id="53606" note="HUM16270164814802626" >
  <source m_id="15" />
  <target m_id="21" />
</CROSS_DOC_COREF>

</Relations>
</Document>
