<Document doc_name="2_8ecb.xml" doc_id="DOC15653561577346711">
<token t_id="1" sentence="0" number="0">Now</token>
<token t_id="2" sentence="0" number="1">that</token>
<token t_id="3" sentence="0" number="2">it</token>
<token t_id="4" sentence="0" number="3">'s</token>
<token t_id="5" sentence="0" number="4">been</token>
<token t_id="6" sentence="0" number="5">confirmed</token>
<token t_id="7" sentence="0" number="6">that</token>
<token t_id="8" sentence="0" number="7">Hugh</token>
<token t_id="9" sentence="0" number="8">Jackman</token>
<token t_id="10" sentence="0" number="9">will</token>
<token t_id="11" sentence="0" number="10">be</token>
<token t_id="12" sentence="0" number="11">hosting</token>
<token t_id="13" sentence="0" number="12">the</token>
<token t_id="14" sentence="0" number="13">81st</token>
<token t_id="15" sentence="0" number="14">Annual</token>
<token t_id="16" sentence="0" number="15">Academy</token>
<token t_id="17" sentence="0" number="16">Awards</token>
<token t_id="18" sentence="0" number="17">,</token>
<token t_id="19" sentence="0" number="18">instantly</token>
<token t_id="20" sentence="0" number="19">upping</token>
<token t_id="21" sentence="0" number="20">the</token>
<token t_id="22" sentence="0" number="21">annual</token>
<token t_id="23" sentence="0" number="22">ceremony</token>
<token t_id="24" sentence="0" number="23">'s</token>
<token t_id="25" sentence="0" number="24">overall</token>
<token t_id="26" sentence="0" number="25">attractiveness</token>
<token t_id="27" sentence="0" number="26">,</token>
<token t_id="28" sentence="0" number="27">the</token>
<token t_id="29" sentence="0" number="28">Ampersand</token>
<token t_id="30" sentence="0" number="29">would</token>
<token t_id="31" sentence="0" number="30">like</token>
<token t_id="32" sentence="0" number="31">to</token>
<token t_id="33" sentence="0" number="32">offer</token>
<token t_id="34" sentence="0" number="33">some</token>
<token t_id="35" sentence="0" number="34">heartfelt</token>
<token t_id="36" sentence="0" number="35">advice</token>
<token t_id="37" sentence="0" number="36">to</token>
<token t_id="38" sentence="0" number="37">the</token>
<token t_id="39" sentence="0" number="38">first-time</token>
<token t_id="40" sentence="0" number="39">Oscar</token>
<token t_id="41" sentence="0" number="40">host</token>
<token t_id="42" sentence="0" number="41">.</token>
<token t_id="43" sentence="1" number="0">True</token>
<token t_id="44" sentence="1" number="1">,</token>
<token t_id="45" sentence="1" number="2">Jackman</token>
<token t_id="46" sentence="1" number="3">held</token>
<token t_id="47" sentence="1" number="4">his</token>
<token t_id="48" sentence="1" number="5">own</token>
<token t_id="49" sentence="1" number="6">just</token>
<token t_id="50" sentence="1" number="7">fine</token>
<token t_id="51" sentence="1" number="8">as</token>
<token t_id="52" sentence="1" number="9">the</token>
<token t_id="53" sentence="1" number="10">host</token>
<token t_id="54" sentence="1" number="11">of</token>
<token t_id="55" sentence="1" number="12">both</token>
<token t_id="56" sentence="1" number="13">the</token>
<token t_id="57" sentence="1" number="14">2004</token>
<token t_id="58" sentence="1" number="15">and</token>
<token t_id="59" sentence="1" number="16">2005</token>
<token t_id="60" sentence="1" number="17">Tony</token>
<token t_id="61" sentence="1" number="18">Awards</token>
<token t_id="62" sentence="1" number="19">,</token>
<token t_id="63" sentence="1" number="20">earning</token>
<token t_id="64" sentence="1" number="21">an</token>
<token t_id="65" sentence="1" number="22">Emmy</token>
<token t_id="66" sentence="1" number="23">for</token>
<token t_id="67" sentence="1" number="24">the</token>
<token t_id="68" sentence="1" number="25">former</token>
<token t_id="69" sentence="1" number="26">,</token>
<token t_id="70" sentence="1" number="27">but</token>
<token t_id="71" sentence="1" number="28">this</token>
<token t_id="72" sentence="1" number="29">is</token>
<token t_id="73" sentence="1" number="30">a</token>
<token t_id="74" sentence="1" number="31">whole</token>
<token t_id="75" sentence="1" number="32">new</token>
<token t_id="76" sentence="1" number="33">ballgame</token>
<token t_id="77" sentence="1" number="34">.</token>
<token t_id="78" sentence="2" number="0">So</token>
<token t_id="79" sentence="2" number="1">without</token>
<token t_id="80" sentence="2" number="2">further</token>
<token t_id="81" sentence="2" number="3">ado</token>
<token t_id="82" sentence="2" number="4">,</token>
<token t_id="83" sentence="2" number="5">Hugh</token>
<token t_id="84" sentence="2" number="6">,</token>
<token t_id="85" sentence="2" number="7">a</token>
<token t_id="86" sentence="2" number="8">list</token>
<token t_id="87" sentence="2" number="9">of</token>
<token t_id="88" sentence="2" number="10">dos</token>
<token t_id="89" sentence="2" number="11">and</token>
<token t_id="90" sentence="2" number="12">don'ts</token>
<token t_id="91" sentence="2" number="13">when</token>
<token t_id="92" sentence="2" number="14">hosting</token>
<token t_id="93" sentence="2" number="15">the</token>
<token t_id="94" sentence="2" number="16">Academy</token>
<token t_id="95" sentence="2" number="17">Awards:</token>
<token t_id="96" sentence="3" number="0">DO</token>
<token t_id="97" sentence="3" number="1">Keep</token>
<token t_id="98" sentence="3" number="2">jokes</token>
<token t_id="99" sentence="3" number="3">tight</token>
<token t_id="100" sentence="3" number="4">,</token>
<token t_id="101" sentence="3" number="5">snappy</token>
<token t_id="102" sentence="3" number="6">and</token>
<token t_id="103" sentence="3" number="7">to-the-point</token>
<token t_id="104" sentence="3" number="8">,</token>
<token t_id="105" sentence="3" number="9">a</token>
<token t_id="106" sentence="3" number="10">la</token>
<token t_id="107" sentence="3" number="11">Jon</token>
<token t_id="108" sentence="3" number="12">Stewart</token>
<token t_id="109" sentence="3" number="13">.</token>
<token t_id="110" sentence="4" number="0">Stewart</token>
<token t_id="111" sentence="4" number="1">pulled</token>
<token t_id="112" sentence="4" number="2">off</token>
<token t_id="113" sentence="4" number="3">a</token>
<token t_id="114" sentence="4" number="4">television</token>
<token t_id="115" sentence="4" number="5">miracle</token>
<token t_id="116" sentence="4" number="6">last</token>
<token t_id="117" sentence="4" number="7">year</token>
<token t_id="118" sentence="4" number="8">when</token>
<token t_id="119" sentence="4" number="9">he</token>
<token t_id="120" sentence="4" number="10">hosted</token>
<token t_id="121" sentence="4" number="11">the</token>
<token t_id="122" sentence="4" number="12">2007</token>
<token t_id="123" sentence="4" number="13">Oscars</token>
<token t_id="124" sentence="4" number="14">only</token>
<token t_id="125" sentence="4" number="15">11</token>
<token t_id="126" sentence="4" number="16">days</token>
<token t_id="127" sentence="4" number="17">after</token>
<token t_id="128" sentence="4" number="18">the</token>
<token t_id="129" sentence="4" number="19">WGA</token>
<token t_id="130" sentence="4" number="20">writer</token>
<token t_id="131" sentence="4" number="21">'s</token>
<token t_id="132" sentence="4" number="22">strike</token>
<token t_id="133" sentence="4" number="23">ended</token>
<token t_id="134" sentence="4" number="24">,</token>
<token t_id="135" sentence="4" number="25">meaning</token>
<token t_id="136" sentence="4" number="26">that</token>
<token t_id="137" sentence="4" number="27">his</token>
<token t_id="138" sentence="4" number="28">jokes</token>
<token t_id="139" sentence="4" number="29">and</token>
<token t_id="140" sentence="4" number="30">opening</token>
<token t_id="141" sentence="4" number="31">speech</token>
<token t_id="142" sentence="4" number="32">were</token>
<token t_id="143" sentence="4" number="33">last-minute</token>
<token t_id="144" sentence="4" number="34">writes</token>
<token t_id="145" sentence="4" number="35">.</token>
<token t_id="146" sentence="5" number="0">This</token>
<token t_id="147" sentence="5" number="1">did</token>
<token t_id="148" sentence="5" number="2">n't</token>
<token t_id="149" sentence="5" number="3">seem</token>
<token t_id="150" sentence="5" number="4">to</token>
<token t_id="151" sentence="5" number="5">dampen</token>
<token t_id="152" sentence="5" number="6">Stewart</token>
<token t_id="153" sentence="5" number="7">'s</token>
<token t_id="154" sentence="5" number="8">usual</token>
<token t_id="155" sentence="5" number="9">comedic</token>
<token t_id="156" sentence="5" number="10">flair</token>
<token t_id="157" sentence="5" number="11">.</token>
<token t_id="158" sentence="6" number="0">Keeping</token>
<token t_id="159" sentence="6" number="1">a</token>
<token t_id="160" sentence="6" number="2">constant</token>
<token t_id="161" sentence="6" number="3">string</token>
<token t_id="162" sentence="6" number="4">of</token>
<token t_id="163" sentence="6" number="5">quick</token>
<token t_id="164" sentence="6" number="6">(</token>
<token t_id="165" sentence="6" number="7">and</token>
<token t_id="166" sentence="6" number="8">often</token>
<token t_id="167" sentence="6" number="9">political</token>
<token t_id="168" sentence="6" number="10">)</token>
<token t_id="169" sentence="6" number="11">one-liners</token>
<token t_id="170" sentence="6" number="12">coming</token>
<token t_id="171" sentence="6" number="13">at</token>
<token t_id="172" sentence="6" number="14">the</token>
<token t_id="173" sentence="6" number="15">audience</token>
<token t_id="174" sentence="6" number="16">,</token>
<token t_id="175" sentence="6" number="17">who</token>
<token t_id="176" sentence="6" number="18">had</token>
<token t_id="177" sentence="6" number="19">to</token>
<token t_id="178" sentence="6" number="20">keep</token>
<token t_id="179" sentence="6" number="21">on</token>
<token t_id="180" sentence="6" number="22">their</token>
<token t_id="181" sentence="6" number="23">toes</token>
<token t_id="182" sentence="6" number="24">so</token>
<token t_id="183" sentence="6" number="25">as</token>
<token t_id="184" sentence="6" number="26">not</token>
<token t_id="185" sentence="6" number="27">to</token>
<token t_id="186" sentence="6" number="28">miss</token>
<token t_id="187" sentence="6" number="29">anything</token>
<token t_id="188" sentence="6" number="30">,</token>
<token t_id="189" sentence="6" number="31">he</token>
<token t_id="190" sentence="6" number="32">made</token>
<token t_id="191" sentence="6" number="33">sure</token>
<token t_id="192" sentence="6" number="34">that</token>
<token t_id="193" sentence="6" number="35">the</token>
<token t_id="194" sentence="6" number="36">ceremonies</token>
<token t_id="195" sentence="6" number="37">did</token>
<token t_id="196" sentence="6" number="38">n't</token>
<token t_id="197" sentence="6" number="39">get</token>
<token t_id="198" sentence="6" number="40">bogged</token>
<token t_id="199" sentence="6" number="41">down</token>
<token t_id="200" sentence="6" number="42">,</token>
<token t_id="201" sentence="6" number="43">keeping</token>
<token t_id="202" sentence="6" number="44">things</token>
<token t_id="203" sentence="6" number="45">lively</token>
<token t_id="204" sentence="6" number="46">.</token>
<token t_id="205" sentence="7" number="0">My</token>
<token t_id="206" sentence="7" number="1">personal</token>
<token t_id="207" sentence="7" number="2">favourite</token>
<token t_id="208" sentence="7" number="3">quip:</token>
<token t_id="209" sentence="8" number="0">``</token>
<token t_id="210" sentence="8" number="1">Oscar</token>
<token t_id="211" sentence="8" number="2">is</token>
<token t_id="212" sentence="8" number="3">80</token>
<token t_id="213" sentence="8" number="4">this</token>
<token t_id="214" sentence="8" number="5">year</token>
<token t_id="215" sentence="8" number="6">,</token>
<token t_id="216" sentence="8" number="7">which</token>
<token t_id="217" sentence="8" number="8">makes</token>
<token t_id="218" sentence="8" number="9">him</token>
<token t_id="219" sentence="8" number="10">now</token>
<token t_id="220" sentence="8" number="11">automatically</token>
<token t_id="221" sentence="8" number="12">the</token>
<token t_id="222" sentence="8" number="13">front-runner</token>
<token t_id="223" sentence="8" number="14">for</token>
<token t_id="224" sentence="8" number="15">the</token>
<token t_id="225" sentence="8" number="16">Republican</token>
<token t_id="226" sentence="8" number="17">nomination</token>
<token t_id="227" sentence="8" number="18">.</token>
<token t_id="228" sentence="8" number="19">''</token>
<token t_id="229" sentence="9" number="0">A</token>
<token t_id="230" sentence="9" number="1">``</token>
<token t_id="231" sentence="9" number="2">John</token>
<token t_id="232" sentence="9" number="3">McCain</token>
<token t_id="233" sentence="9" number="4">is</token>
<token t_id="234" sentence="9" number="5">so</token>
<token t_id="235" sentence="9" number="6">old</token>
<token t_id="236" sentence="9" number="7">''</token>
<token t_id="237" sentence="9" number="8">joke</token>
<token t_id="238" sentence="9" number="9">is</token>
<token t_id="239" sentence="9" number="10">never</token>
<token t_id="240" sentence="9" number="11">in</token>
<token t_id="241" sentence="9" number="12">bad</token>
<token t_id="242" sentence="9" number="13">taste</token>
<token t_id="243" sentence="9" number="14">!</token>
<token t_id="244" sentence="10" number="0">Stewart</token>
<token t_id="245" sentence="10" number="1">also</token>
<token t_id="246" sentence="10" number="2">oozed</token>
<token t_id="247" sentence="10" number="3">confidence</token>
<token t_id="248" sentence="10" number="4">,</token>
<token t_id="249" sentence="10" number="5">despite</token>
<token t_id="250" sentence="10" number="6">lackluster</token>
<token t_id="251" sentence="10" number="7">reviews</token>
<token t_id="252" sentence="10" number="8">of</token>
<token t_id="253" sentence="10" number="9">his</token>
<token t_id="254" sentence="10" number="10">hosting</token>
<token t_id="255" sentence="10" number="11">job</token>
<token t_id="256" sentence="10" number="12">in</token>
<token t_id="257" sentence="10" number="13">2006</token>
<token t_id="258" sentence="10" number="14">.</token>
<token t_id="259" sentence="11" number="0">DO</token>
<token t_id="260" sentence="11" number="1">Channel</token>
<token t_id="261" sentence="11" number="2">Johnny</token>
<token t_id="262" sentence="11" number="3">Carson</token>
<token t_id="263" sentence="11" number="4">.</token>
<token t_id="264" sentence="12" number="0">Carson</token>
<token t_id="265" sentence="12" number="1">is</token>
<token t_id="266" sentence="12" number="2">considered</token>
<token t_id="267" sentence="12" number="3">the</token>
<token t_id="268" sentence="12" number="4">epitome</token>
<token t_id="269" sentence="12" number="5">of</token>
<token t_id="270" sentence="12" number="6">the</token>
<token t_id="271" sentence="12" number="7">Oscar</token>
<token t_id="272" sentence="12" number="8">host</token>
<token t_id="273" sentence="12" number="9">.</token>
<token t_id="274" sentence="13" number="0">He</token>
<token t_id="275" sentence="13" number="1">hosted</token>
<token t_id="276" sentence="13" number="2">the</token>
<token t_id="277" sentence="13" number="3">ceremony</token>
<token t_id="278" sentence="13" number="4">five</token>
<token t_id="279" sentence="13" number="5">times</token>
<token t_id="280" sentence="13" number="6">and</token>
<token t_id="281" sentence="13" number="7">found</token>
<token t_id="282" sentence="13" number="8">that</token>
<token t_id="283" sentence="13" number="9">magical</token>
<token t_id="284" sentence="13" number="10">place</token>
<token t_id="285" sentence="13" number="11">where</token>
<token t_id="286" sentence="13" number="12">a</token>
<token t_id="287" sentence="13" number="13">joke</token>
<token t_id="288" sentence="13" number="14">is</token>
<token t_id="289" sentence="13" number="15">just</token>
<token t_id="290" sentence="13" number="16">biting</token>
<token t_id="291" sentence="13" number="17">enough</token>
<token t_id="292" sentence="13" number="18">,</token>
<token t_id="293" sentence="13" number="19">but</token>
<token t_id="294" sentence="13" number="20">does</token>
<token t_id="295" sentence="13" number="21">n't</token>
<token t_id="296" sentence="13" number="22">sting</token>
<token t_id="297" sentence="13" number="23">.</token>
<token t_id="298" sentence="14" number="0">``</token>
<token t_id="299" sentence="14" number="1">I</token>
<token t_id="300" sentence="14" number="2">see</token>
<token t_id="301" sentence="14" number="3">some</token>
<token t_id="302" sentence="14" number="4">new</token>
<token t_id="303" sentence="14" number="5">faces</token>
<token t_id="304" sentence="14" number="6">here</token>
<token t_id="305" sentence="14" number="7">,</token>
<token t_id="306" sentence="14" number="8">especially</token>
<token t_id="307" sentence="14" number="9">on</token>
<token t_id="308" sentence="14" number="10">the</token>
<token t_id="309" sentence="14" number="11">old</token>
<token t_id="310" sentence="14" number="12">ones</token>
<token t_id="311" sentence="14" number="13">,</token>
<token t_id="312" sentence="14" number="14">''</token>
<token t_id="313" sentence="14" number="15">he</token>
<token t_id="314" sentence="14" number="16">joked</token>
<token t_id="315" sentence="14" number="17">in</token>
<token t_id="316" sentence="14" number="18">one</token>
<token t_id="317" sentence="14" number="19">opening</token>
<token t_id="318" sentence="14" number="20">speech</token>
<token t_id="319" sentence="14" number="21">.</token>
<token t_id="320" sentence="15" number="0">See</token>
<token t_id="321" sentence="15" number="1">?</token>
<token t_id="322" sentence="16" number="0">Slightly</token>
<token t_id="323" sentence="16" number="1">scathing</token>
<token t_id="324" sentence="16" number="2">,</token>
<token t_id="325" sentence="16" number="3">but</token>
<token t_id="326" sentence="16" number="4">playful</token>
<token t_id="327" sentence="16" number="5">.</token>
<token t_id="328" sentence="17" number="0">After</token>
<token t_id="329" sentence="17" number="1">all</token>
<token t_id="330" sentence="17" number="2">,</token>
<token t_id="331" sentence="17" number="3">the</token>
<token t_id="332" sentence="17" number="4">last</token>
<token t_id="333" sentence="17" number="5">thing</token>
<token t_id="334" sentence="17" number="6">you</token>
<token t_id="335" sentence="17" number="7">want</token>
<token t_id="336" sentence="17" number="8">to</token>
<token t_id="337" sentence="17" number="9">do</token>
<token t_id="338" sentence="17" number="10">is</token>
<token t_id="339" sentence="17" number="11">piss</token>
<token t_id="340" sentence="17" number="12">off</token>
<token t_id="341" sentence="17" number="13">your</token>
<token t_id="342" sentence="17" number="14">entire</token>
<token t_id="343" sentence="17" number="15">industry</token>
<token t_id="344" sentence="17" number="16">.</token>
<token t_id="345" sentence="18" number="0">DO</token>
<token t_id="346" sentence="18" number="1">Allow</token>
<token t_id="347" sentence="18" number="2">yourself</token>
<token t_id="348" sentence="18" number="3">to</token>
<token t_id="349" sentence="18" number="4">get</token>
<token t_id="350" sentence="18" number="5">star-struck</token>
<token t_id="351" sentence="18" number="6">.</token>
<token t_id="352" sentence="19" number="0">Even</token>
<token t_id="353" sentence="19" number="1">the</token>
<token t_id="354" sentence="19" number="2">Hollywood</token>
<token t_id="355" sentence="19" number="3">heavy-weights</token>
<token t_id="356" sentence="19" number="4">that</token>
<token t_id="357" sentence="19" number="5">host</token>
<token t_id="358" sentence="19" number="6">the</token>
<token t_id="359" sentence="19" number="7">Oscars</token>
<token t_id="360" sentence="19" number="8">are</token>
<token t_id="361" sentence="19" number="9">allowed</token>
<token t_id="362" sentence="19" number="10">to</token>
<token t_id="363" sentence="19" number="11">be</token>
<token t_id="364" sentence="19" number="12">overwhelmed</token>
<token t_id="365" sentence="19" number="13">by</token>
<token t_id="366" sentence="19" number="14">the</token>
<token t_id="367" sentence="19" number="15">folks</token>
<token t_id="368" sentence="19" number="16">the</token>
<token t_id="369" sentence="19" number="17">statuettes</token>
<token t_id="370" sentence="19" number="18">are</token>
<token t_id="371" sentence="19" number="19">being</token>
<token t_id="372" sentence="19" number="20">presented</token>
<token t_id="373" sentence="19" number="21">to</token>
<token t_id="374" sentence="19" number="22">.</token>
<token t_id="375" sentence="20" number="0">While</token>
<token t_id="376" sentence="20" number="1">obviously</token>
<token t_id="377" sentence="20" number="2">a</token>
<token t_id="378" sentence="20" number="3">part</token>
<token t_id="379" sentence="20" number="4">of</token>
<token t_id="380" sentence="20" number="5">her</token>
<token t_id="381" sentence="20" number="6">act</token>
<token t_id="382" sentence="20" number="7">,</token>
<token t_id="383" sentence="20" number="8">there</token>
<token t_id="384" sentence="20" number="9">was</token>
<token t_id="385" sentence="20" number="10">something</token>
<token t_id="386" sentence="20" number="11">very</token>
<token t_id="387" sentence="20" number="12">endearing</token>
<token t_id="388" sentence="20" number="13">about</token>
<token t_id="389" sentence="20" number="14">Ellen</token>
<token t_id="390" sentence="20" number="15">DeGeneres</token>
<token t_id="391" sentence="20" number="16">pausing</token>
<token t_id="392" sentence="20" number="17">in</token>
<token t_id="393" sentence="20" number="18">her</token>
<token t_id="394" sentence="20" number="19">host</token>
<token t_id="395" sentence="20" number="20">spiel</token>
<token t_id="396" sentence="20" number="21">to</token>
<token t_id="397" sentence="20" number="22">snap</token>
<token t_id="398" sentence="20" number="23">a</token>
<token t_id="399" sentence="20" number="24">Myspace</token>
<token t_id="400" sentence="20" number="25">picture</token>
<token t_id="401" sentence="20" number="26">of</token>
<token t_id="402" sentence="20" number="27">her</token>
<token t_id="403" sentence="20" number="28">and</token>
<token t_id="404" sentence="20" number="29">Clint</token>
<token t_id="405" sentence="20" number="30">Eastwood</token>
<token t_id="406" sentence="20" number="31">and</token>
<token t_id="407" sentence="20" number="32">letting</token>
<token t_id="408" sentence="20" number="33">the</token>
<token t_id="409" sentence="20" number="34">audience</token>
<token t_id="410" sentence="20" number="35">know</token>
<token t_id="411" sentence="20" number="36">what</token>
<token t_id="412" sentence="20" number="37">a</token>
<token t_id="413" sentence="20" number="38">thrill</token>
<token t_id="414" sentence="20" number="39">the</token>
<token t_id="415" sentence="20" number="40">experience</token>
<token t_id="416" sentence="20" number="41">of</token>
<token t_id="417" sentence="20" number="42">hosting</token>
<token t_id="418" sentence="20" number="43">for</token>
<token t_id="419" sentence="20" number="44">them</token>
<token t_id="420" sentence="20" number="45">was</token>
<token t_id="421" sentence="20" number="46">.</token>
<token t_id="422" sentence="21" number="0">Nothing</token>
<token t_id="423" sentence="21" number="1">'s</token>
<token t_id="424" sentence="21" number="2">going</token>
<token t_id="425" sentence="21" number="3">to</token>
<token t_id="426" sentence="21" number="4">get</token>
<token t_id="427" sentence="21" number="5">the</token>
<token t_id="428" sentence="21" number="6">audience</token>
<token t_id="429" sentence="21" number="7">on</token>
<token t_id="430" sentence="21" number="8">your</token>
<token t_id="431" sentence="21" number="9">side</token>
<token t_id="432" sentence="21" number="10">like</token>
<token t_id="433" sentence="21" number="11">admitting</token>
<token t_id="434" sentence="21" number="12">they</token>
<token t_id="435" sentence="21" number="13">they</token>
<token t_id="436" sentence="21" number="14">impress</token>
<token t_id="437" sentence="21" number="15">you</token>
<token t_id="438" sentence="21" number="16">.</token>
<token t_id="439" sentence="22" number="0">DO</token>
<token t_id="440" sentence="22" number="1">Go</token>
<token t_id="441" sentence="22" number="2">Big</token>
<token t_id="442" sentence="22" number="3">.</token>
<token t_id="443" sentence="23" number="0">Hollywood</token>
<token t_id="444" sentence="23" number="1">has</token>
<token t_id="445" sentence="23" number="2">never</token>
<token t_id="446" sentence="23" number="3">been</token>
<token t_id="447" sentence="23" number="4">about</token>
<token t_id="448" sentence="23" number="5">self-restraint</token>
<token t_id="449" sentence="23" number="6">or</token>
<token t_id="450" sentence="23" number="7">simplicity</token>
<token t_id="451" sentence="23" number="8">.</token>
<token t_id="452" sentence="24" number="0">When</token>
<token t_id="453" sentence="24" number="1">celebrating</token>
<token t_id="454" sentence="24" number="2">the</token>
<token t_id="455" sentence="24" number="3">movie</token>
<token t_id="456" sentence="24" number="4">industry</token>
<token t_id="457" sentence="24" number="5">you</token>
<token t_id="458" sentence="24" number="6">'ve</token>
<token t_id="459" sentence="24" number="7">got</token>
<token t_id="460" sentence="24" number="8">to</token>
<token t_id="461" sentence="24" number="9">be</token>
<token t_id="462" sentence="24" number="10">lavish</token>
<token t_id="463" sentence="24" number="11">.</token>
<token t_id="464" sentence="25" number="0">While</token>
<token t_id="465" sentence="25" number="1">Jackman</token>
<token t_id="466" sentence="25" number="2">has</token>
<token t_id="467" sentence="25" number="3">a</token>
<token t_id="468" sentence="25" number="4">certain</token>
<token t_id="469" sentence="25" number="5">composed</token>
<token t_id="470" sentence="25" number="6">air</token>
<token t_id="471" sentence="25" number="7">about</token>
<token t_id="472" sentence="25" number="8">him</token>
<token t_id="473" sentence="25" number="9">and</token>
<token t_id="474" sentence="25" number="10">oozes</token>
<token t_id="475" sentence="25" number="11">class</token>
<token t_id="476" sentence="25" number="12">(</token>
<token t_id="477" sentence="25" number="13">have</token>
<token t_id="478" sentence="25" number="14">you</token>
<token t_id="479" sentence="25" number="15">seen</token>
<token t_id="480" sentence="25" number="16">a</token>
<token t_id="481" sentence="25" number="17">picture</token>
<token t_id="482" sentence="25" number="18">of</token>
<token t_id="483" sentence="25" number="19">him</token>
<token t_id="484" sentence="25" number="20">in</token>
<token t_id="485" sentence="25" number="21">a</token>
<token t_id="486" sentence="25" number="22">tux</token>
<token t_id="487" sentence="25" number="23">?</token>
<token t_id="488" sentence="25" number="24">)</token>
<token t_id="489" sentence="25" number="25">he</token>
<token t_id="490" sentence="25" number="26">could</token>
<token t_id="491" sentence="25" number="27">benefit</token>
<token t_id="492" sentence="25" number="28">from</token>
<token t_id="493" sentence="25" number="29">a</token>
<token t_id="494" sentence="25" number="30">spectacular</token>
<token t_id="495" sentence="25" number="31">entrance</token>
<token t_id="496" sentence="25" number="32">like</token>
<token t_id="497" sentence="25" number="33">Whoopi</token>
<token t_id="498" sentence="25" number="34">Goldberg</token>
<token t_id="499" sentence="25" number="35">'s</token>
<token t_id="500" sentence="25" number="36">in</token>
<token t_id="501" sentence="25" number="37">1999</token>
<token t_id="502" sentence="25" number="38">(</token>
<token t_id="503" sentence="25" number="39">she</token>
<token t_id="504" sentence="25" number="40">waltzed</token>
<token t_id="505" sentence="25" number="41">on</token>
<token t_id="506" sentence="25" number="42">stage</token>
<token t_id="507" sentence="25" number="43">in</token>
<token t_id="508" sentence="25" number="44">full</token>
<token t_id="509" sentence="25" number="45">Queen</token>
<token t_id="510" sentence="25" number="46">Elizabeth</token>
<token t_id="511" sentence="25" number="47">get-up</token>
<token t_id="512" sentence="25" number="48">)</token>
<token t_id="513" sentence="25" number="49">.</token>
<token t_id="514" sentence="26" number="0">It</token>
<token t_id="515" sentence="26" number="1">'s</token>
<token t_id="516" sentence="26" number="2">Hollywood</token>
<token t_id="517" sentence="26" number="3">:</token>
<token t_id="518" sentence="26" number="4">go</token>
<token t_id="519" sentence="26" number="5">big</token>
<token t_id="520" sentence="26" number="6">,</token>
<token t_id="521" sentence="26" number="7">baby</token>
<token t_id="522" sentence="26" number="8">.</token>
<token t_id="523" sentence="27" number="0">DO</token>
<token t_id="524" sentence="27" number="1">Watch</token>
<token t_id="525" sentence="27" number="2">the</token>
<token t_id="526" sentence="27" number="3">time</token>
<token t_id="527" sentence="28" number="0">Since</token>
<token t_id="528" sentence="28" number="1">the</token>
<token t_id="529" sentence="28" number="2">introduction</token>
<token t_id="530" sentence="28" number="3">of</token>
<token t_id="531" sentence="28" number="4">the</token>
<token t_id="532" sentence="28" number="5">play-off</token>
<token t_id="533" sentence="28" number="6">music</token>
<token t_id="534" sentence="28" number="7">that</token>
<token t_id="535" sentence="28" number="8">cuts</token>
<token t_id="536" sentence="28" number="9">award</token>
<token t_id="537" sentence="28" number="10">recipients</token>
<token t_id="538" sentence="28" number="11">off</token>
<token t_id="539" sentence="28" number="12">when</token>
<token t_id="540" sentence="28" number="13">they</token>
<token t_id="541" sentence="28" number="14">get</token>
<token t_id="542" sentence="28" number="15">too</token>
<token t_id="543" sentence="28" number="16">long-winded</token>
<token t_id="544" sentence="28" number="17">(</token>
<token t_id="545" sentence="28" number="18">is</token>
<token t_id="546" sentence="28" number="19">there</token>
<token t_id="547" sentence="28" number="20">anything</token>
<token t_id="548" sentence="28" number="21">more</token>
<token t_id="549" sentence="28" number="22">embarrassing</token>
<token t_id="550" sentence="28" number="23">than</token>
<token t_id="551" sentence="28" number="24">watching</token>
<token t_id="552" sentence="28" number="25">an</token>
<token t_id="553" sentence="28" number="26">A-lister</token>
<token t_id="554" sentence="28" number="27">chase</token>
<token t_id="555" sentence="28" number="28">the</token>
<token t_id="556" sentence="28" number="29">microphone</token>
<token t_id="557" sentence="28" number="30">as</token>
<token t_id="558" sentence="28" number="31">its</token>
<token t_id="559" sentence="28" number="32">lowered</token>
<token t_id="560" sentence="28" number="33">into</token>
<token t_id="561" sentence="28" number="34">the</token>
<token t_id="562" sentence="28" number="35">stage</token>
<token t_id="563" sentence="28" number="36">in</token>
<token t_id="564" sentence="28" number="37">order</token>
<token t_id="565" sentence="28" number="38">to</token>
<token t_id="566" sentence="28" number="39">get</token>
<token t_id="567" sentence="28" number="40">that</token>
<token t_id="568" sentence="28" number="41">last</token>
<token t_id="569" sentence="28" number="42">thank-you</token>
<token t_id="570" sentence="28" number="43">in</token>
<token t_id="571" sentence="28" number="44">?</token>
<token t_id="572" sentence="28" number="45">)</token>
<token t_id="573" sentence="28" number="46">,</token>
<token t_id="574" sentence="28" number="47">the</token>
<token t_id="575" sentence="28" number="48">Oscars</token>
<token t_id="576" sentence="28" number="49">have</token>
<token t_id="577" sentence="28" number="50">been</token>
<token t_id="578" sentence="28" number="51">trimmer</token>
<token t_id="579" sentence="28" number="52">in</token>
<token t_id="580" sentence="28" number="53">recent</token>
<token t_id="581" sentence="28" number="54">years</token>
<token t_id="582" sentence="28" number="55">.</token>
<token t_id="583" sentence="29" number="0">But</token>
<token t_id="584" sentence="29" number="1">just</token>
<token t_id="585" sentence="29" number="2">as</token>
<token t_id="586" sentence="29" number="3">dangerous</token>
<token t_id="587" sentence="29" number="4">as</token>
<token t_id="588" sentence="29" number="5">the</token>
<token t_id="589" sentence="29" number="6">ceremony</token>
<token t_id="590" sentence="29" number="7">going</token>
<token t_id="591" sentence="29" number="8">over</token>
<token t_id="592" sentence="29" number="9">is</token>
<token t_id="593" sentence="29" number="10">it</token>
<token t_id="594" sentence="29" number="11">running</token>
<token t_id="595" sentence="29" number="12">short</token>
<token t_id="596" sentence="29" number="13">.</token>
<token t_id="597" sentence="30" number="0">It</token>
<token t_id="598" sentence="30" number="1">happened</token>
<token t_id="599" sentence="30" number="2">in</token>
<token t_id="600" sentence="30" number="3">1959</token>
<token t_id="601" sentence="30" number="4">.</token>
<token t_id="602" sentence="31" number="0">Then</token>
<token t_id="603" sentence="31" number="1">host</token>
<token t_id="604" sentence="31" number="2">Jerry</token>
<token t_id="605" sentence="31" number="3">Lewis</token>
<token t_id="606" sentence="31" number="4">forced</token>
<token t_id="607" sentence="31" number="5">that</token>
<token t_id="608" sentence="31" number="6">year</token>
<token t_id="609" sentence="31" number="7">'s</token>
<token t_id="610" sentence="31" number="8">winners</token>
<token t_id="611" sentence="31" number="9">to</token>
<token t_id="612" sentence="31" number="10">dance</token>
<token t_id="613" sentence="31" number="11">awkwardly</token>
<token t_id="614" sentence="31" number="12">around</token>
<token t_id="615" sentence="31" number="13">the</token>
<token t_id="616" sentence="31" number="14">stage</token>
<token t_id="617" sentence="31" number="15">in</token>
<token t_id="618" sentence="31" number="16">order</token>
<token t_id="619" sentence="31" number="17">to</token>
<token t_id="620" sentence="31" number="18">fill</token>
<token t_id="621" sentence="31" number="19">the</token>
<token t_id="622" sentence="31" number="20">last</token>
<token t_id="623" sentence="31" number="21">twenty</token>
<token t_id="624" sentence="31" number="22">minutes</token>
<token t_id="625" sentence="31" number="23">of</token>
<token t_id="626" sentence="31" number="24">his</token>
<token t_id="627" sentence="31" number="25">broadcast</token>
<token t_id="628" sentence="31" number="26">.</token>
<token t_id="629" sentence="32" number="0">Mortifying</token>
<token t_id="630" sentence="32" number="1">.</token>
<token t_id="631" sentence="33" number="0">Avoid</token>
<token t_id="632" sentence="33" number="1">at</token>
<token t_id="633" sentence="33" number="2">all</token>
<token t_id="634" sentence="33" number="3">costs</token>
<token t_id="635" sentence="33" number="4">.</token>
<token t_id="636" sentence="34" number="0">DO</token>
<token t_id="637" sentence="34" number="1">N'T</token>
<token t_id="638" sentence="34" number="2">Appropriate</token>
<token t_id="639" sentence="34" number="3">.</token>
<token t_id="640" sentence="35" number="0">It</token>
<token t_id="641" sentence="35" number="1">will</token>
<token t_id="642" sentence="35" number="2">always</token>
<token t_id="643" sentence="35" number="3">be</token>
<token t_id="644" sentence="35" number="4">funny</token>
<token t_id="645" sentence="35" number="5">when</token>
<token t_id="646" sentence="35" number="6">Billy</token>
<token t_id="647" sentence="35" number="7">Crystal</token>
<token t_id="648" sentence="35" number="8">relives</token>
<token t_id="649" sentence="35" number="9">the</token>
<token t_id="650" sentence="35" number="10">year</token>
<token t_id="651" sentence="35" number="11">'s</token>
<token t_id="652" sentence="35" number="12">greatest</token>
<token t_id="653" sentence="35" number="13">films</token>
<token t_id="654" sentence="35" number="14">(</token>
<token t_id="655" sentence="35" number="15">or</token>
<token t_id="656" sentence="35" number="16">rather</token>
<token t_id="657" sentence="35" number="17">,</token>
<token t_id="658" sentence="35" number="18">dodges</token>
<token t_id="659" sentence="35" number="19">certain</token>
<token t_id="660" sentence="35" number="20">death</token>
<token t_id="661" sentence="35" number="21">within</token>
<token t_id="662" sentence="35" number="22">them</token>
<token t_id="663" sentence="35" number="23">)</token>
<token t_id="664" sentence="35" number="24">in</token>
<token t_id="665" sentence="35" number="25">an</token>
<token t_id="666" sentence="35" number="26">intricate</token>
<token t_id="667" sentence="35" number="27">opening</token>
<token t_id="668" sentence="35" number="28">montage</token>
<token t_id="669" sentence="35" number="29">.</token>
<token t_id="670" sentence="36" number="0">He</token>
<token t_id="671" sentence="36" number="1">'s</token>
<token t_id="672" sentence="36" number="2">done</token>
<token t_id="673" sentence="36" number="3">it</token>
<token t_id="674" sentence="36" number="4">eight</token>
<token t_id="675" sentence="36" number="5">times</token>
<token t_id="676" sentence="36" number="6">already</token>
<token t_id="677" sentence="36" number="7">and</token>
<token t_id="678" sentence="36" number="8">it</token>
<token t_id="679" sentence="36" number="9">has</token>
<token t_id="680" sentence="36" number="10">yet</token>
<token t_id="681" sentence="36" number="11">to</token>
<token t_id="682" sentence="36" number="12">get</token>
<token t_id="683" sentence="36" number="13">old</token>
<token t_id="684" sentence="36" number="14">.</token>
<token t_id="685" sentence="37" number="0">That</token>
<token t_id="686" sentence="37" number="1">being</token>
<token t_id="687" sentence="37" number="2">said</token>
<token t_id="688" sentence="37" number="3">,</token>
<token t_id="689" sentence="37" number="4">it</token>
<token t_id="690" sentence="37" number="5">'s</token>
<token t_id="691" sentence="37" number="6">Crystal</token>
<token t_id="692" sentence="37" number="7">'s</token>
<token t_id="693" sentence="37" number="8">thing</token>
<token t_id="694" sentence="37" number="9">.</token>
<token t_id="695" sentence="38" number="0">Jackman</token>
<token t_id="696" sentence="38" number="1">will</token>
<token t_id="697" sentence="38" number="2">have</token>
<token t_id="698" sentence="38" number="3">to</token>
<token t_id="699" sentence="38" number="4">come</token>
<token t_id="700" sentence="38" number="5">up</token>
<token t_id="701" sentence="38" number="6">with</token>
<token t_id="702" sentence="38" number="7">his</token>
<token t_id="703" sentence="38" number="8">own</token>
<token t_id="704" sentence="38" number="9">trademark</token>
<token t_id="705" sentence="38" number="10">hosting</token>
<token t_id="706" sentence="38" number="11">quirk</token>
<token t_id="707" sentence="38" number="12">.</token>
<token t_id="708" sentence="39" number="0">Might</token>
<token t_id="709" sentence="39" number="1">I</token>
<token t_id="710" sentence="39" number="2">suggest</token>
<token t_id="711" sentence="39" number="3">flashy</token>
<token t_id="712" sentence="39" number="4">,</token>
<token t_id="713" sentence="39" number="5">high-kicking</token>
<token t_id="714" sentence="39" number="6">song</token>
<token t_id="715" sentence="39" number="7">and</token>
<token t_id="716" sentence="39" number="8">dance</token>
<token t_id="717" sentence="39" number="9">numbers</token>
<token t_id="718" sentence="39" number="10">?</token>
<token t_id="719" sentence="40" number="0">DO</token>
<token t_id="720" sentence="40" number="1">N'T</token>
<token t_id="721" sentence="40" number="2">Do</token>
<token t_id="722" sentence="40" number="3">anything</token>
<token t_id="723" sentence="40" number="4">that</token>
<token t_id="724" sentence="40" number="5">David</token>
<token t_id="725" sentence="40" number="6">Letterman</token>
<token t_id="726" sentence="40" number="7">did</token>
<token t_id="727" sentence="40" number="8">.</token>
<token t_id="728" sentence="41" number="0">Enough</token>
<token t_id="729" sentence="41" number="1">said</token>
<token t_id="730" sentence="41" number="2">.</token>
<token t_id="731" sentence="42" number="0">DO</token>
<token t_id="732" sentence="42" number="1">N'T</token>
<token t_id="733" sentence="42" number="2">Be</token>
<token t_id="734" sentence="42" number="3">afraid</token>
<token t_id="735" sentence="42" number="4">to</token>
<token t_id="736" sentence="42" number="5">be</token>
<token t_id="737" sentence="42" number="6">abusive</token>
<token t_id="738" sentence="42" number="7">or</token>
<token t_id="739" sentence="42" number="8">controversial</token>
<token t_id="740" sentence="42" number="9">.</token>
<token t_id="741" sentence="43" number="0">While</token>
<token t_id="742" sentence="43" number="1">no</token>
<token t_id="743" sentence="43" number="2">one</token>
<token t_id="744" sentence="43" number="3">ever</token>
<token t_id="745" sentence="43" number="4">wants</token>
<token t_id="746" sentence="43" number="5">to</token>
<token t_id="747" sentence="43" number="6">see</token>
<token t_id="748" sentence="43" number="7">a</token>
<token t_id="749" sentence="43" number="8">repeat</token>
<token t_id="750" sentence="43" number="9">of</token>
<token t_id="751" sentence="43" number="10">Michael</token>
<token t_id="752" sentence="43" number="11">Moore</token>
<token t_id="753" sentence="43" number="12">'s</token>
<token t_id="754" sentence="43" number="13">rant</token>
<token t_id="755" sentence="43" number="14">in</token>
<token t_id="756" sentence="43" number="15">2001</token>
<token t_id="757" sentence="43" number="16">,</token>
<token t_id="758" sentence="43" number="17">it</token>
<token t_id="759" sentence="43" number="18">'s</token>
<token t_id="760" sentence="43" number="19">the</token>
<token t_id="761" sentence="43" number="20">snippy</token>
<token t_id="762" sentence="43" number="21">,</token>
<token t_id="763" sentence="43" number="22">daring</token>
<token t_id="764" sentence="43" number="23">jokes</token>
<token t_id="765" sentence="43" number="24">and</token>
<token t_id="766" sentence="43" number="25">comments</token>
<token t_id="767" sentence="43" number="26">that</token>
<token t_id="768" sentence="43" number="27">are</token>
<token t_id="769" sentence="43" number="28">remembered</token>
<token t_id="770" sentence="43" number="29">,</token>
<token t_id="771" sentence="43" number="30">like</token>
<token t_id="772" sentence="43" number="31">Steve</token>
<token t_id="773" sentence="43" number="32">Martin</token>
<token t_id="774" sentence="43" number="33">'s</token>
<token t_id="775" sentence="43" number="34">improvistation</token>
<token t_id="776" sentence="43" number="35">right</token>
<token t_id="777" sentence="43" number="36">after</token>
<token t_id="778" sentence="43" number="37">the</token>
<token t_id="779" sentence="43" number="38">aforementioned</token>
<token t_id="780" sentence="43" number="39">tirade</token>
<token t_id="781" sentence="43" number="40">.</token>
<Markables>
<ACTION_OCCURRENCE m_id="21"  >
  <token_anchor t_id="16"/>
  <token_anchor t_id="17"/>
</ACTION_OCCURRENCE>
<ACTION_OCCURRENCE m_id="22"  >
  <token_anchor t_id="12"/>
</ACTION_OCCURRENCE>
<ACTION_OCCURRENCE m_id="28"  >
  <token_anchor t_id="31"/>
</ACTION_OCCURRENCE>
<ACTION_OCCURRENCE m_id="15"  >
  <token_anchor t_id="40"/>
</ACTION_OCCURRENCE>
<ACTION_OCCURRENCE m_id="16"  >
  <token_anchor t_id="20"/>
</ACTION_OCCURRENCE>
<ACTION_OCCURRENCE m_id="17"  >
  <token_anchor t_id="36"/>
</ACTION_OCCURRENCE>
<ACTION_OCCURRENCE m_id="19"  >
  <token_anchor t_id="33"/>
</ACTION_OCCURRENCE>
<ACTION_REPORTING m_id="18"  >
  <token_anchor t_id="6"/>
</ACTION_REPORTING>
<ACTION_STATE m_id="23"  >
  <token_anchor t_id="26"/>
</ACTION_STATE>
<HUMAN_PART_MET m_id="20"  >
  <token_anchor t_id="29"/>
</HUMAN_PART_MET>
<HUMAN_PART_PER m_id="13"  >
  <token_anchor t_id="41"/>
</HUMAN_PART_PER>
<HUMAN_PART_PER m_id="14"  >
  <token_anchor t_id="8"/>
  <token_anchor t_id="9"/>
</HUMAN_PART_PER>
<TIME_REPETITION m_id="25"  >
  <token_anchor t_id="22"/>
</TIME_REPETITION>
<TIME_REPETITION m_id="26"  >
  <token_anchor t_id="14"/>
  <token_anchor t_id="15"/>
</TIME_REPETITION>
<TIME_REPETITION m_id="27"  >
  <token_anchor t_id="39"/>
</TIME_REPETITION>


<ACTION_OCCURRENCE m_id="29" note="byCROMER" >
  <token_anchor t_id="23"/>
</ACTION_OCCURRENCE>


<ACTION_OCCURRENCE m_id="36" RELATED_TO="" TAG_DESCRIPTOR="t2b_oscar_ceremony" instance_id="ACT16268643573999998" />
<ACTION_REPORTING m_id="35" RELATED_TO="" TAG_DESCRIPTOR="t2b_ampas_said_jackman_hosting" instance_id="ACT16268935050332978" />
<TIME_REPETITION m_id="34" RELATED_TO="" TAG_DESCRIPTOR="t2b_first_time_host_jackman" instance_id="TIM16269795463271652" />
<TIME_REPETITION m_id="33" RELATED_TO="" TAG_DESCRIPTOR="t2b_annual" instance_id="TIM16268855378393417" />
<HUMAN_PART_PER m_id="32" RELATED_TO="" TAG_DESCRIPTOR="t2b_jackman" instance_id="HUM16269645336595420" />
<TIME_REPETITION m_id="31" RELATED_TO="" TAG_DESCRIPTOR="t2b_81st_oscars" instance_id="TIM16268672895915478" />
<ACTION_OCCURRENCE m_id="30" RELATED_TO="" TAG_DESCRIPTOR="t2b_host_oscars" instance_id="ACT16268623996458050" />
</Markables>

<Relations>
<CROSS_DOC_COREF r_id="36414" note="ACT16268623996458050" >
  <source m_id="22" />
  <target m_id="30" />
</CROSS_DOC_COREF>
<CROSS_DOC_COREF r_id="36415" note="TIM16268672895915478" >
  <source m_id="26" />
  <target m_id="31" />
</CROSS_DOC_COREF>
<CROSS_DOC_COREF r_id="36416" note="HUM16269645336595420" >
  <source m_id="14" />
  <source m_id="13" />
  <target m_id="32" />
</CROSS_DOC_COREF>
<CROSS_DOC_COREF r_id="36417" note="TIM16268855378393417" >
  <source m_id="25" />
  <target m_id="33" />
</CROSS_DOC_COREF>
<CROSS_DOC_COREF r_id="36418" note="TIM16269795463271652" >
  <source m_id="27" />
  <target m_id="34" />
</CROSS_DOC_COREF>
<CROSS_DOC_COREF r_id="36419" note="ACT16268935050332978" >
  <source m_id="18" />
  <target m_id="35" />
</CROSS_DOC_COREF>
<CROSS_DOC_COREF r_id="36420" note="ACT16268643573999998" >
  <source m_id="21" />
  <source m_id="15" />
  <source m_id="29" />
  <target m_id="36" />
</CROSS_DOC_COREF>

</Relations>
</Document>
