<Document doc_name="2_9ecbplus.xml" doc_id="DOC15645952737872897">
<token t_id="1" sentence="0" number="0">http</token>
<token t_id="2" sentence="0" number="1">:</token>
<token t_id="3" sentence="0" number="2">/</token>
<token t_id="4" sentence="0" number="3">/</token>
<token t_id="5" sentence="0" number="4">www</token>
<token t_id="6" sentence="0" number="5">.</token>
<token t_id="7" sentence="0" number="6">theguardian</token>
<token t_id="8" sentence="0" number="7">.</token>
<token t_id="9" sentence="0" number="8">com</token>
<token t_id="10" sentence="0" number="9">/</token>
<token t_id="11" sentence="0" number="10">film</token>
<token t_id="12" sentence="0" number="11">/</token>
<token t_id="13" sentence="0" number="12">2013</token>
<token t_id="14" sentence="0" number="13">/</token>
<token t_id="15" sentence="0" number="14">aug</token>
<token t_id="16" sentence="0" number="15">/</token>
<token t_id="17" sentence="0" number="16">02</token>
<token t_id="18" sentence="0" number="17">/</token>
<token t_id="19" sentence="0" number="18">ellen</token>
<token t_id="20" sentence="0" number="19">-</token>
<token t_id="21" sentence="0" number="20">degeneres</token>
<token t_id="22" sentence="0" number="21">-</token>
<token t_id="23" sentence="0" number="22">host</token>
<token t_id="24" sentence="0" number="23">-</token>
<token t_id="25" sentence="0" number="24">oscars</token>
<token t_id="26" sentence="0" number="25">-</token>
<token t_id="27" sentence="0" number="26">2014</token>
<token t_id="28" sentence="1" number="0">Ellen</token>
<token t_id="29" sentence="1" number="1">DeGeneres</token>
<token t_id="30" sentence="1" number="2">to</token>
<token t_id="31" sentence="1" number="3">host</token>
<token t_id="32" sentence="1" number="4">Oscars</token>
<token t_id="33" sentence="1" number="5">in</token>
<token t_id="34" sentence="1" number="6">2014</token>
<token t_id="35" sentence="2" number="0">This</token>
<token t_id="36" sentence="2" number="1">will</token>
<token t_id="37" sentence="2" number="2">be</token>
<token t_id="38" sentence="2" number="3">second</token>
<token t_id="39" sentence="2" number="4">time</token>
<token t_id="40" sentence="2" number="5">hosting</token>
<token t_id="41" sentence="2" number="6">for</token>
<token t_id="42" sentence="2" number="7">the</token>
<token t_id="43" sentence="2" number="8">daytime</token>
<token t_id="44" sentence="2" number="9">talkshow</token>
<token t_id="45" sentence="2" number="10">star</token>
<token t_id="46" sentence="2" number="11">who</token>
<token t_id="47" sentence="2" number="12">will</token>
<token t_id="48" sentence="2" number="13">follow</token>
<token t_id="49" sentence="2" number="14">on</token>
<token t_id="50" sentence="2" number="15">from</token>
<token t_id="51" sentence="2" number="16">Seth</token>
<token t_id="52" sentence="2" number="17">MacFarlane's</token>
<token t_id="53" sentence="2" number="18">savaged</token>
<token t_id="54" sentence="2" number="19">2013</token>
<token t_id="55" sentence="2" number="20">stint</token>
<token t_id="56" sentence="3" number="0">The</token>
<token t_id="57" sentence="3" number="1">comedian</token>
<token t_id="58" sentence="3" number="2">Ellen</token>
<token t_id="59" sentence="3" number="3">DeGeneres</token>
<token t_id="60" sentence="3" number="4">announced</token>
<token t_id="61" sentence="3" number="5">on</token>
<token t_id="62" sentence="3" number="6">Friday</token>
<token t_id="63" sentence="3" number="7">that</token>
<token t_id="64" sentence="3" number="8">she</token>
<token t_id="65" sentence="3" number="9">is</token>
<token t_id="66" sentence="3" number="10">to</token>
<token t_id="67" sentence="3" number="11">return</token>
<token t_id="68" sentence="3" number="12">as</token>
<token t_id="69" sentence="3" number="13">host</token>
<token t_id="70" sentence="3" number="14">of</token>
<token t_id="71" sentence="3" number="15">the</token>
<token t_id="72" sentence="3" number="16">Academy</token>
<token t_id="73" sentence="3" number="17">Awards</token>
<token t_id="74" sentence="3" number="18">,</token>
<token t_id="75" sentence="3" number="19">the</token>
<token t_id="76" sentence="3" number="20">second</token>
<token t_id="77" sentence="3" number="21">time</token>
<token t_id="78" sentence="3" number="22">she</token>
<token t_id="79" sentence="3" number="23">has</token>
<token t_id="80" sentence="3" number="24">been</token>
<token t_id="81" sentence="3" number="25">tasked</token>
<token t_id="82" sentence="3" number="26">with</token>
<token t_id="83" sentence="3" number="27">saving</token>
<token t_id="84" sentence="3" number="28">the</token>
<token t_id="85" sentence="3" number="29">Oscars</token>
<token t_id="86" sentence="3" number="30">a</token>
<token t_id="87" sentence="3" number="31">year</token>
<token t_id="88" sentence="3" number="32">after</token>
<token t_id="89" sentence="3" number="33">a</token>
<token t_id="90" sentence="3" number="34">poorly</token>
<token t_id="91" sentence="3" number="35">received</token>
<token t_id="92" sentence="3" number="36">performer</token>
<token t_id="93" sentence="3" number="37">.</token>
<token t_id="94" sentence="4" number="0">For</token>
<token t_id="95" sentence="4" number="1">the</token>
<token t_id="96" sentence="4" number="2">2014</token>
<token t_id="97" sentence="4" number="3">show</token>
<token t_id="98" sentence="4" number="4">,</token>
<token t_id="99" sentence="4" number="5">she</token>
<token t_id="100" sentence="4" number="6">follows</token>
<token t_id="101" sentence="4" number="7">a</token>
<token t_id="102" sentence="4" number="8">heavily</token>
<token t_id="103" sentence="4" number="9">criticised</token>
<token t_id="104" sentence="4" number="10">performance</token>
<token t_id="105" sentence="4" number="11">this</token>
<token t_id="106" sentence="4" number="12">year</token>
<token t_id="107" sentence="4" number="13">by</token>
<token t_id="108" sentence="4" number="14">the</token>
<token t_id="109" sentence="4" number="15">Family</token>
<token t_id="110" sentence="4" number="16">Guy</token>
<token t_id="111" sentence="4" number="17">creator</token>
<token t_id="112" sentence="4" number="18">Seth</token>
<token t_id="113" sentence="4" number="19">MacFarlane</token>
<token t_id="114" sentence="4" number="20">.</token>
<token t_id="115" sentence="5" number="0">In</token>
<token t_id="116" sentence="5" number="1">2007</token>
<token t_id="117" sentence="5" number="2">,</token>
<token t_id="118" sentence="5" number="3">she</token>
<token t_id="119" sentence="5" number="4">put</token>
<token t_id="120" sentence="5" number="5">the</token>
<token t_id="121" sentence="5" number="6">Oscars</token>
<token t_id="122" sentence="5" number="7">back</token>
<token t_id="123" sentence="5" number="8">on</token>
<token t_id="124" sentence="5" number="9">an</token>
<token t_id="125" sentence="5" number="10">even</token>
<token t_id="126" sentence="5" number="11">keel</token>
<token t_id="127" sentence="5" number="12">after</token>
<token t_id="128" sentence="5" number="13">poor</token>
<token t_id="129" sentence="5" number="14">reviews</token>
<token t_id="130" sentence="5" number="15">for</token>
<token t_id="131" sentence="5" number="16">the</token>
<token t_id="132" sentence="5" number="17">satirist</token>
<token t_id="133" sentence="5" number="18">Jon</token>
<token t_id="134" sentence="5" number="19">Stewart</token>
<token t_id="135" sentence="5" number="20">in</token>
<token t_id="136" sentence="5" number="21">2006</token>
<token t_id="137" sentence="5" number="22">.</token>
<token t_id="138" sentence="6" number="0">"I</token>
<token t_id="139" sentence="6" number="1">am</token>
<token t_id="140" sentence="6" number="2">so</token>
<token t_id="141" sentence="6" number="3">excited</token>
<token t_id="142" sentence="6" number="4">to</token>
<token t_id="143" sentence="6" number="5">be</token>
<token t_id="144" sentence="6" number="6">hosting</token>
<token t_id="145" sentence="6" number="7">the</token>
<token t_id="146" sentence="6" number="8">Oscars</token>
<token t_id="147" sentence="6" number="9">for</token>
<token t_id="148" sentence="6" number="10">the</token>
<token t_id="149" sentence="6" number="11">second</token>
<token t_id="150" sentence="6" number="12">time</token>
<token t_id="151" sentence="6" number="13">.</token>
<token t_id="152" sentence="7" number="0">You</token>
<token t_id="153" sentence="7" number="1">know</token>
<token t_id="154" sentence="7" number="2">what</token>
<token t_id="155" sentence="7" number="3">they</token>
<token t_id="156" sentence="7" number="4">say</token>
<token t_id="157" sentence="7" number="5">–</token>
<token t_id="158" sentence="7" number="6">the</token>
<token t_id="159" sentence="7" number="7">third</token>
<token t_id="160" sentence="7" number="8">time's</token>
<token t_id="161" sentence="7" number="9">the</token>
<token t_id="162" sentence="7" number="10">charm</token>
<token t_id="163" sentence="7" number="11">,</token>
<token t_id="164" sentence="7" number="12">"</token>
<token t_id="165" sentence="7" number="13">DeGeneres</token>
<token t_id="166" sentence="7" number="14">said</token>
<token t_id="167" sentence="7" number="15">in</token>
<token t_id="168" sentence="7" number="16">a</token>
<token t_id="169" sentence="7" number="17">statement</token>
<token t_id="170" sentence="7" number="18">.</token>
<token t_id="171" sentence="8" number="0">She</token>
<token t_id="172" sentence="8" number="1">is</token>
<token t_id="173" sentence="8" number="2">a</token>
<token t_id="174" sentence="8" number="3">safe</token>
<token t_id="175" sentence="8" number="4">bet</token>
<token t_id="176" sentence="8" number="5">for</token>
<token t_id="177" sentence="8" number="6">the</token>
<token t_id="178" sentence="8" number="7">Academy</token>
<token t_id="179" sentence="8" number="8">,</token>
<token t_id="180" sentence="8" number="9">following</token>
<token t_id="181" sentence="8" number="10">an</token>
<token t_id="182" sentence="8" number="11">outraged</token>
<token t_id="183" sentence="8" number="12">reaction</token>
<token t_id="184" sentence="8" number="13">to</token>
<token t_id="185" sentence="8" number="14">the</token>
<token t_id="186" sentence="8" number="15">misogynistic</token>
<token t_id="187" sentence="8" number="16">jokes</token>
<token t_id="188" sentence="8" number="17">that</token>
<token t_id="189" sentence="8" number="18">peppered</token>
<token t_id="190" sentence="8" number="19">MacFarlane's</token>
<token t_id="191" sentence="8" number="20">script</token>
<token t_id="192" sentence="8" number="21">.</token>
<token t_id="193" sentence="9" number="0">While</token>
<token t_id="194" sentence="9" number="1">MacFarlane's</token>
<token t_id="195" sentence="9" number="2">performance</token>
<token t_id="196" sentence="9" number="3">generated</token>
<token t_id="197" sentence="9" number="4">high</token>
<token t_id="198" sentence="9" number="5">ratings</token>
<token t_id="199" sentence="9" number="6">for</token>
<token t_id="200" sentence="9" number="7">the</token>
<token t_id="201" sentence="9" number="8">broadcast</token>
<token t_id="202" sentence="9" number="9">–</token>
<token t_id="203" sentence="9" number="10">40</token>
<token t_id="204" sentence="9" number="11">.</token>
<token t_id="205" sentence="9" number="12">3</token>
<token t_id="206" sentence="9" number="13">million</token>
<token t_id="207" sentence="9" number="14">people</token>
<token t_id="208" sentence="9" number="15">watched</token>
<token t_id="209" sentence="9" number="16">,</token>
<token t_id="210" sentence="9" number="17">2%</token>
<token t_id="211" sentence="9" number="18">higher</token>
<token t_id="212" sentence="9" number="19">than</token>
<token t_id="213" sentence="9" number="20">the</token>
<token t_id="214" sentence="9" number="21">year</token>
<token t_id="215" sentence="9" number="22">before</token>
<token t_id="216" sentence="9" number="23">–</token>
<token t_id="217" sentence="9" number="24">he</token>
<token t_id="218" sentence="9" number="25">said</token>
<token t_id="219" sentence="9" number="26">he</token>
<token t_id="220" sentence="9" number="27">would</token>
<token t_id="221" sentence="9" number="28">not</token>
<token t_id="222" sentence="9" number="29">host</token>
<token t_id="223" sentence="9" number="30">the</token>
<token t_id="224" sentence="9" number="31">Oscars</token>
<token t_id="225" sentence="9" number="32">again</token>
<token t_id="226" sentence="9" number="33">because</token>
<token t_id="227" sentence="9" number="34">of</token>
<token t_id="228" sentence="9" number="35">the</token>
<token t_id="229" sentence="9" number="36">negative</token>
<token t_id="230" sentence="9" number="37">response</token>
<token t_id="231" sentence="9" number="38">.</token>
<token t_id="232" sentence="10" number="0">DeGeneres</token>
<token t_id="233" sentence="10" number="1">however</token>
<token t_id="234" sentence="10" number="2">,</token>
<token t_id="235" sentence="10" number="3">has</token>
<token t_id="236" sentence="10" number="4">a</token>
<token t_id="237" sentence="10" number="5">history</token>
<token t_id="238" sentence="10" number="6">of</token>
<token t_id="239" sentence="10" number="7">well</token>
<token t_id="240" sentence="10" number="8">-</token>
<token t_id="241" sentence="10" number="9">received</token>
<token t_id="242" sentence="10" number="10">hosting</token>
<token t_id="243" sentence="10" number="11">gigs</token>
<token t_id="244" sentence="10" number="12">.</token>
<token t_id="245" sentence="11" number="0">She</token>
<token t_id="246" sentence="11" number="1">was</token>
<token t_id="247" sentence="11" number="2">nominated</token>
<token t_id="248" sentence="11" number="3">for</token>
<token t_id="249" sentence="11" number="4">a</token>
<token t_id="250" sentence="11" number="5">Primetime</token>
<token t_id="251" sentence="11" number="6">Emmy</token>
<token t_id="252" sentence="11" number="7">for</token>
<token t_id="253" sentence="11" number="8">her</token>
<token t_id="254" sentence="11" number="9">performance</token>
<token t_id="255" sentence="11" number="10">as</token>
<token t_id="256" sentence="11" number="11">Oscars</token>
<token t_id="257" sentence="11" number="12">host</token>
<token t_id="258" sentence="11" number="13">in</token>
<token t_id="259" sentence="11" number="14">2007</token>
<token t_id="260" sentence="11" number="15">.</token>
<token t_id="261" sentence="12" number="0">She</token>
<token t_id="262" sentence="12" number="1">also</token>
<token t_id="263" sentence="12" number="2">garnered</token>
<token t_id="264" sentence="12" number="3">positive</token>
<token t_id="265" sentence="12" number="4">responses</token>
<token t_id="266" sentence="12" number="5">as</token>
<token t_id="267" sentence="12" number="6">a</token>
<token t_id="268" sentence="12" number="7">two</token>
<token t_id="269" sentence="12" number="8">-</token>
<token t_id="270" sentence="12" number="9">time</token>
<token t_id="271" sentence="12" number="10">Emmy</token>
<token t_id="272" sentence="12" number="11">Awards</token>
<token t_id="273" sentence="12" number="12">host</token>
<token t_id="274" sentence="12" number="13">,</token>
<token t_id="275" sentence="12" number="14">carrying</token>
<token t_id="276" sentence="12" number="15">the</token>
<token t_id="277" sentence="12" number="16">ceremony</token>
<token t_id="278" sentence="12" number="17">shortly</token>
<token t_id="279" sentence="12" number="18">after</token>
<token t_id="280" sentence="12" number="19">9</token>
<token t_id="281" sentence="12" number="20">/</token>
<token t_id="282" sentence="12" number="21">11</token>
<token t_id="283" sentence="12" number="22">and</token>
<token t_id="284" sentence="12" number="23">then</token>
<token t_id="285" sentence="12" number="24">after</token>
<token t_id="286" sentence="12" number="25">Hurricane</token>
<token t_id="287" sentence="12" number="26">Katrina</token>
<token t_id="288" sentence="12" number="27">.</token>
<token t_id="289" sentence="13" number="0">Her</token>
<token t_id="290" sentence="13" number="1">previous</token>
<token t_id="291" sentence="13" number="2">Oscar</token>
<token t_id="292" sentence="13" number="3">gig</token>
<token t_id="293" sentence="13" number="4">,</token>
<token t_id="294" sentence="13" number="5">in</token>
<token t_id="295" sentence="13" number="6">which</token>
<token t_id="296" sentence="13" number="7">Martin</token>
<token t_id="297" sentence="13" number="8">Scorsese's</token>
<token t_id="298" sentence="13" number="9">The</token>
<token t_id="299" sentence="13" number="10">Departed</token>
<token t_id="300" sentence="13" number="11">took</token>
<token t_id="301" sentence="13" number="12">home</token>
<token t_id="302" sentence="13" number="13">the</token>
<token t_id="303" sentence="13" number="14">top</token>
<token t_id="304" sentence="13" number="15">prize</token>
<token t_id="305" sentence="13" number="16">,</token>
<token t_id="306" sentence="13" number="17">was</token>
<token t_id="307" sentence="13" number="18">watched</token>
<token t_id="308" sentence="13" number="19">by</token>
<token t_id="309" sentence="13" number="20">39</token>
<token t_id="310" sentence="13" number="21">.</token>
<token t_id="311" sentence="13" number="22">9</token>
<token t_id="312" sentence="13" number="23">million</token>
<token t_id="313" sentence="13" number="24">people</token>
<token t_id="314" sentence="13" number="25">.</token>
<token t_id="315" sentence="14" number="0">DeGeneres</token>
<token t_id="316" sentence="14" number="1">made</token>
<token t_id="317" sentence="14" number="2">the</token>
<token t_id="318" sentence="14" number="3">announcement</token>
<token t_id="319" sentence="14" number="4">on</token>
<token t_id="320" sentence="14" number="5">Twitter</token>
<token t_id="321" sentence="14" number="6">on</token>
<token t_id="322" sentence="14" number="7">Friday</token>
<token t_id="323" sentence="14" number="8">and</token>
<token t_id="324" sentence="14" number="9">said</token>
<token t_id="325" sentence="14" number="10">:</token>
<token t_id="326" sentence="14" number="11">"It's</token>
<token t_id="327" sentence="14" number="12">official</token>
<token t_id="328" sentence="14" number="13">:</token>
<token t_id="329" sentence="14" number="14">I'm</token>
<token t_id="330" sentence="14" number="15">hosting</token>
<token t_id="331" sentence="14" number="16">the</token>
<token t_id="332" sentence="14" number="17">#Oscars</token>
<token t_id="333" sentence="14" number="18">!</token>
<token t_id="334" sentence="15" number="0">I'd</token>
<token t_id="335" sentence="15" number="1">like</token>
<token t_id="336" sentence="15" number="2">to</token>
<token t_id="337" sentence="15" number="3">thank</token>
<token t_id="338" sentence="15" number="4">@TheAcademy</token>
<token t_id="339" sentence="15" number="5">,</token>
<token t_id="340" sentence="15" number="6">my</token>
<token t_id="341" sentence="15" number="7">wife</token>
<token t_id="342" sentence="15" number="8">Portia</token>
<token t_id="343" sentence="15" number="9">and</token>
<token t_id="344" sentence="15" number="10">,</token>
<token t_id="345" sentence="15" number="11">oh</token>
<token t_id="346" sentence="15" number="12">dear</token>
<token t_id="347" sentence="15" number="13">,</token>
<token t_id="348" sentence="15" number="14">there</token>
<token t_id="349" sentence="15" number="15">goes</token>
<token t_id="350" sentence="15" number="16">the</token>
<token t_id="351" sentence="15" number="17">orchestra</token>
<token t_id="352" sentence="15" number="18">.</token>
<token t_id="353" sentence="15" number="19">"</token>
<token t_id="354" sentence="16" number="0">Academy</token>
<token t_id="355" sentence="16" number="1">Award</token>
<token t_id="356" sentence="16" number="2">producers</token>
<token t_id="357" sentence="16" number="3">Craig</token>
<token t_id="358" sentence="16" number="4">Zadan</token>
<token t_id="359" sentence="16" number="5">and</token>
<token t_id="360" sentence="16" number="6">Neil</token>
<token t_id="361" sentence="16" number="7">Meron</token>
<token t_id="362" sentence="16" number="8">said</token>
<token t_id="363" sentence="16" number="9">in</token>
<token t_id="364" sentence="16" number="10">a</token>
<token t_id="365" sentence="16" number="11">statement</token>
<token t_id="366" sentence="16" number="12">:</token>
<token t_id="367" sentence="16" number="13">"We</token>
<token t_id="368" sentence="16" number="14">are</token>
<token t_id="369" sentence="16" number="15">thrilled</token>
<token t_id="370" sentence="16" number="16">to</token>
<token t_id="371" sentence="16" number="17">have</token>
<token t_id="372" sentence="16" number="18">Ellen</token>
<token t_id="373" sentence="16" number="19">DeGeneres</token>
<token t_id="374" sentence="16" number="20">host</token>
<token t_id="375" sentence="16" number="21">the</token>
<token t_id="376" sentence="16" number="22">Oscars</token>
<token t_id="377" sentence="16" number="23">.</token>
<token t_id="378" sentence="16" number="24">"</token>
<Markables>
<ACTION_OCCURRENCE m_id="9"  >
  <token_anchor t_id="103"/>
</ACTION_OCCURRENCE>
<ACTION_OCCURRENCE m_id="41"  >
  <token_anchor t_id="187"/>
</ACTION_OCCURRENCE>
<ACTION_OCCURRENCE m_id="10"  >
  <token_anchor t_id="31"/>
</ACTION_OCCURRENCE>
<ACTION_OCCURRENCE m_id="42"  >
  <token_anchor t_id="146"/>
</ACTION_OCCURRENCE>
<ACTION_OCCURRENCE m_id="11"  >
  <token_anchor t_id="307"/>
</ACTION_OCCURRENCE>
<ACTION_OCCURRENCE m_id="43"  >
  <token_anchor t_id="195"/>
</ACTION_OCCURRENCE>
<ACTION_OCCURRENCE m_id="12"  >
  <token_anchor t_id="32"/>
</ACTION_OCCURRENCE>
<ACTION_OCCURRENCE m_id="44"  >
  <token_anchor t_id="224"/>
</ACTION_OCCURRENCE>
<ACTION_OCCURRENCE m_id="13"  >
  <token_anchor t_id="316"/>
</ACTION_OCCURRENCE>
<ACTION_OCCURRENCE m_id="45"  >
  <token_anchor t_id="208"/>
</ACTION_OCCURRENCE>
<ACTION_OCCURRENCE m_id="14"  >
  <token_anchor t_id="121"/>
</ACTION_OCCURRENCE>
<ACTION_OCCURRENCE m_id="46"  >
  <token_anchor t_id="256"/>
</ACTION_OCCURRENCE>
<ACTION_OCCURRENCE m_id="15"  >
  <token_anchor t_id="40"/>
</ACTION_OCCURRENCE>
<ACTION_OCCURRENCE m_id="47"  >
  <token_anchor t_id="196"/>
</ACTION_OCCURRENCE>
<ACTION_OCCURRENCE m_id="16"  >
  <token_anchor t_id="330"/>
</ACTION_OCCURRENCE>
<ACTION_OCCURRENCE m_id="48"  >
  <token_anchor t_id="242"/>
</ACTION_OCCURRENCE>
<ACTION_OCCURRENCE m_id="17"  >
  <token_anchor t_id="129"/>
</ACTION_OCCURRENCE>
<ACTION_OCCURRENCE m_id="49"  >
  <token_anchor t_id="243"/>
</ACTION_OCCURRENCE>
<ACTION_OCCURRENCE m_id="18"  >
  <token_anchor t_id="48"/>
</ACTION_OCCURRENCE>
<ACTION_OCCURRENCE m_id="50"  >
  <token_anchor t_id="247"/>
</ACTION_OCCURRENCE>
<ACTION_OCCURRENCE m_id="19"  >
  <token_anchor t_id="365"/>
</ACTION_OCCURRENCE>
<ACTION_OCCURRENCE m_id="51"  >
  <token_anchor t_id="254"/>
</ACTION_OCCURRENCE>
<ACTION_OCCURRENCE m_id="20"  >
  <token_anchor t_id="337"/>
</ACTION_OCCURRENCE>
<ACTION_OCCURRENCE m_id="52"  >
  <token_anchor t_id="265"/>
</ACTION_OCCURRENCE>
<ACTION_OCCURRENCE m_id="21"  >
  <token_anchor t_id="55"/>
</ACTION_OCCURRENCE>
<ACTION_OCCURRENCE m_id="53"  >
  <token_anchor t_id="263"/>
</ACTION_OCCURRENCE>
<ACTION_OCCURRENCE m_id="22"  >
  <token_anchor t_id="349"/>
</ACTION_OCCURRENCE>
<ACTION_OCCURRENCE m_id="54"  >
  <token_anchor t_id="53"/>
</ACTION_OCCURRENCE>
<ACTION_OCCURRENCE m_id="23"  >
  <token_anchor t_id="67"/>
</ACTION_OCCURRENCE>
<ACTION_OCCURRENCE m_id="55"  >
  <token_anchor t_id="275"/>
</ACTION_OCCURRENCE>
<ACTION_OCCURRENCE m_id="24"  >
  <token_anchor t_id="81"/>
</ACTION_OCCURRENCE>
<ACTION_OCCURRENCE m_id="56"  >
  <token_anchor t_id="277"/>
</ACTION_OCCURRENCE>
<ACTION_OCCURRENCE m_id="25"  >
  <token_anchor t_id="354"/>
  <token_anchor t_id="355"/>
</ACTION_OCCURRENCE>
<ACTION_OCCURRENCE m_id="57"  >
  <token_anchor t_id="286"/>
  <token_anchor t_id="287"/>
</ACTION_OCCURRENCE>
<ACTION_OCCURRENCE m_id="26"  >
  <token_anchor t_id="83"/>
</ACTION_OCCURRENCE>
<ACTION_OCCURRENCE m_id="27"  >
  <token_anchor t_id="374"/>
</ACTION_OCCURRENCE>
<ACTION_OCCURRENCE m_id="28"  >
  <token_anchor t_id="91"/>
</ACTION_OCCURRENCE>
<ACTION_OCCURRENCE m_id="29"  >
  <token_anchor t_id="376"/>
</ACTION_OCCURRENCE>
<ACTION_OCCURRENCE m_id="30"  >
  <token_anchor t_id="100"/>
</ACTION_OCCURRENCE>
<ACTION_OCCURRENCE m_id="31"  >
  <token_anchor t_id="35"/>
</ACTION_OCCURRENCE>
<ACTION_OCCURRENCE m_id="32"  >
  <token_anchor t_id="104"/>
</ACTION_OCCURRENCE>
<ACTION_OCCURRENCE m_id="33"  >
  <token_anchor t_id="169"/>
</ACTION_OCCURRENCE>
<ACTION_OCCURRENCE m_id="2"  >
  <token_anchor t_id="280"/>
  <token_anchor t_id="281"/>
  <token_anchor t_id="282"/>
</ACTION_OCCURRENCE>
<ACTION_OCCURRENCE m_id="34"  >
  <token_anchor t_id="119"/>
  <token_anchor t_id="122"/>
</ACTION_OCCURRENCE>
<ACTION_OCCURRENCE m_id="3"  >
  <token_anchor t_id="85"/>
</ACTION_OCCURRENCE>
<ACTION_OCCURRENCE m_id="35"  >
  <token_anchor t_id="144"/>
</ACTION_OCCURRENCE>
<ACTION_OCCURRENCE m_id="4"  >
  <token_anchor t_id="292"/>
</ACTION_OCCURRENCE>
<ACTION_OCCURRENCE m_id="36"  >
  <token_anchor t_id="162"/>
</ACTION_OCCURRENCE>
<ACTION_OCCURRENCE m_id="5"  >
  <token_anchor t_id="332"/>
</ACTION_OCCURRENCE>
<ACTION_OCCURRENCE m_id="37"  >
  <token_anchor t_id="175"/>
</ACTION_OCCURRENCE>
<ACTION_OCCURRENCE m_id="6"  >
  <token_anchor t_id="291"/>
</ACTION_OCCURRENCE>
<ACTION_OCCURRENCE m_id="38"  >
  <token_anchor t_id="189"/>
</ACTION_OCCURRENCE>
<ACTION_OCCURRENCE m_id="7"  >
  <token_anchor t_id="97"/>
</ACTION_OCCURRENCE>
<ACTION_OCCURRENCE m_id="39"  >
  <token_anchor t_id="183"/>
</ACTION_OCCURRENCE>
<ACTION_OCCURRENCE m_id="8"  >
  <token_anchor t_id="300"/>
  <token_anchor t_id="301"/>
</ACTION_OCCURRENCE>
<ACTION_OCCURRENCE m_id="40"  >
  <token_anchor t_id="72"/>
  <token_anchor t_id="73"/>
</ACTION_OCCURRENCE>
<ACTION_REPORTING m_id="58"  >
  <token_anchor t_id="324"/>
</ACTION_REPORTING>
<ACTION_REPORTING m_id="59"  >
  <token_anchor t_id="362"/>
</ACTION_REPORTING>
<ACTION_REPORTING m_id="60"  >
  <token_anchor t_id="156"/>
</ACTION_REPORTING>
<ACTION_REPORTING m_id="61"  >
  <token_anchor t_id="166"/>
</ACTION_REPORTING>
<ACTION_REPORTING m_id="62"  >
  <token_anchor t_id="218"/>
</ACTION_REPORTING>
<ACTION_REPORTING m_id="63"  >
  <token_anchor t_id="60"/>
</ACTION_REPORTING>
<ACTION_REPORTING m_id="64"  >
  <token_anchor t_id="318"/>
</ACTION_REPORTING>
<ACTION_STATE m_id="65"  >
  <token_anchor t_id="369"/>
</ACTION_STATE>
<ACTION_STATE m_id="66"  >
  <token_anchor t_id="141"/>
</ACTION_STATE>
<ACTION_STATE m_id="67"  >
  <token_anchor t_id="153"/>
</ACTION_STATE>
<ACTION_STATE m_id="68"  >
  <token_anchor t_id="239"/>
  <token_anchor t_id="240"/>
  <token_anchor t_id="241"/>
</ACTION_STATE>
<HUMAN_PART_GENERIC m_id="73"  >
  <token_anchor t_id="313"/>
</HUMAN_PART_GENERIC>
<HUMAN_PART_GENERIC m_id="69"  >
  <token_anchor t_id="351"/>
</HUMAN_PART_GENERIC>
<HUMAN_PART_GENERIC m_id="70"  >
  <token_anchor t_id="152"/>
</HUMAN_PART_GENERIC>
<HUMAN_PART_GENERIC m_id="71"  >
  <token_anchor t_id="155"/>
</HUMAN_PART_GENERIC>
<HUMAN_PART_GENERIC m_id="72"  >
  <token_anchor t_id="207"/>
</HUMAN_PART_GENERIC>
<HUMAN_PART_ORG m_id="74"  >
  <token_anchor t_id="320"/>
</HUMAN_PART_ORG>
<HUMAN_PART_ORG m_id="75"  >
  <token_anchor t_id="338"/>
</HUMAN_PART_ORG>
<HUMAN_PART_ORG m_id="76"  >
  <token_anchor t_id="178"/>
</HUMAN_PART_ORG>
<HUMAN_PART_ORG m_id="77"  >
  <token_anchor t_id="201"/>
</HUMAN_PART_ORG>
<HUMAN_PART_PER m_id="105"  >
  <token_anchor t_id="329"/>
</HUMAN_PART_PER>
<HUMAN_PART_PER m_id="106"  >
  <token_anchor t_id="273"/>
</HUMAN_PART_PER>
<HUMAN_PART_PER m_id="107"  >
  <token_anchor t_id="334"/>
</HUMAN_PART_PER>
<HUMAN_PART_PER m_id="108"  >
  <token_anchor t_id="342"/>
</HUMAN_PART_PER>
<HUMAN_PART_PER m_id="109"  >
  <token_anchor t_id="357"/>
  <token_anchor t_id="358"/>
</HUMAN_PART_PER>
<HUMAN_PART_PER m_id="110"  >
  <token_anchor t_id="69"/>
</HUMAN_PART_PER>
<HUMAN_PART_PER m_id="78"  >
  <token_anchor t_id="367"/>
</HUMAN_PART_PER>
<HUMAN_PART_PER m_id="111"  >
  <token_anchor t_id="360"/>
  <token_anchor t_id="361"/>
</HUMAN_PART_PER>
<HUMAN_PART_PER m_id="79"  >
  <token_anchor t_id="372"/>
  <token_anchor t_id="373"/>
</HUMAN_PART_PER>
<HUMAN_PART_PER m_id="80"  >
  <token_anchor t_id="28"/>
  <token_anchor t_id="29"/>
</HUMAN_PART_PER>
<HUMAN_PART_PER m_id="81"  >
  <token_anchor t_id="45"/>
</HUMAN_PART_PER>
<HUMAN_PART_PER m_id="82"  >
  <token_anchor t_id="51"/>
  <token_anchor t_id="52"/>
</HUMAN_PART_PER>
<HUMAN_PART_PER m_id="83"  >
  <token_anchor t_id="58"/>
  <token_anchor t_id="59"/>
</HUMAN_PART_PER>
<HUMAN_PART_PER m_id="84"  >
  <token_anchor t_id="64"/>
</HUMAN_PART_PER>
<HUMAN_PART_PER m_id="85"  >
  <token_anchor t_id="78"/>
</HUMAN_PART_PER>
<HUMAN_PART_PER m_id="86"  >
  <token_anchor t_id="92"/>
</HUMAN_PART_PER>
<HUMAN_PART_PER m_id="87"  >
  <token_anchor t_id="99"/>
</HUMAN_PART_PER>
<HUMAN_PART_PER m_id="88"  >
  <token_anchor t_id="112"/>
  <token_anchor t_id="113"/>
</HUMAN_PART_PER>
<HUMAN_PART_PER m_id="89"  >
  <token_anchor t_id="118"/>
</HUMAN_PART_PER>
<HUMAN_PART_PER m_id="90"  >
  <token_anchor t_id="133"/>
  <token_anchor t_id="134"/>
</HUMAN_PART_PER>
<HUMAN_PART_PER m_id="91"  >
  <token_anchor t_id="138"/>
</HUMAN_PART_PER>
<HUMAN_PART_PER m_id="92"  >
  <token_anchor t_id="165"/>
</HUMAN_PART_PER>
<HUMAN_PART_PER m_id="93"  >
  <token_anchor t_id="171"/>
</HUMAN_PART_PER>
<HUMAN_PART_PER m_id="94"  >
  <token_anchor t_id="190"/>
</HUMAN_PART_PER>
<HUMAN_PART_PER m_id="95"  >
  <token_anchor t_id="194"/>
</HUMAN_PART_PER>
<HUMAN_PART_PER m_id="96"  >
  <token_anchor t_id="217"/>
</HUMAN_PART_PER>
<HUMAN_PART_PER m_id="97"  >
  <token_anchor t_id="219"/>
</HUMAN_PART_PER>
<HUMAN_PART_PER m_id="98"  >
  <token_anchor t_id="232"/>
</HUMAN_PART_PER>
<HUMAN_PART_PER m_id="99"  >
  <token_anchor t_id="245"/>
</HUMAN_PART_PER>
<HUMAN_PART_PER m_id="100"  >
  <token_anchor t_id="257"/>
</HUMAN_PART_PER>
<HUMAN_PART_PER m_id="101"  >
  <token_anchor t_id="261"/>
</HUMAN_PART_PER>
<HUMAN_PART_PER m_id="102"  >
  <token_anchor t_id="289"/>
</HUMAN_PART_PER>
<HUMAN_PART_PER m_id="103"  >
  <token_anchor t_id="315"/>
</HUMAN_PART_PER>
<HUMAN_PART_PER m_id="104"  >
  <token_anchor t_id="296"/>
  <token_anchor t_id="297"/>
</HUMAN_PART_PER>
<NEG_ACTION_OCCURRENCE m_id="113"  >
  <token_anchor t_id="230"/>
</NEG_ACTION_OCCURRENCE>
<NON_HUMAN_PART m_id="114"  >
  <token_anchor t_id="191"/>
</NON_HUMAN_PART>
<NON_HUMAN_PART m_id="115"  >
  <token_anchor t_id="198"/>
</NON_HUMAN_PART>
<NON_HUMAN_PART m_id="116"  >
  <token_anchor t_id="250"/>
  <token_anchor t_id="251"/>
</NON_HUMAN_PART>
<NON_HUMAN_PART m_id="117"  >
  <token_anchor t_id="298"/>
  <token_anchor t_id="299"/>
</NON_HUMAN_PART>
<NON_HUMAN_PART m_id="118"  >
  <token_anchor t_id="304"/>
</NON_HUMAN_PART>
<TIME_DATE m_id="119"  >
  <token_anchor t_id="86"/>
  <token_anchor t_id="87"/>
  <token_anchor t_id="88"/>
</TIME_DATE>
<TIME_DATE m_id="120"  >
  <token_anchor t_id="33"/>
  <token_anchor t_id="34"/>
</TIME_DATE>
<TIME_DATE m_id="121"  >
  <token_anchor t_id="105"/>
  <token_anchor t_id="106"/>
</TIME_DATE>
<TIME_DATE m_id="122"  >
  <token_anchor t_id="213"/>
  <token_anchor t_id="214"/>
  <token_anchor t_id="215"/>
</TIME_DATE>
<TIME_DATE m_id="123"  >
  <token_anchor t_id="54"/>
</TIME_DATE>
<TIME_DATE m_id="124"  >
  <token_anchor t_id="115"/>
  <token_anchor t_id="116"/>
</TIME_DATE>
<TIME_DATE m_id="125"  >
  <token_anchor t_id="95"/>
  <token_anchor t_id="96"/>
</TIME_DATE>
<TIME_DATE m_id="126"  >
  <token_anchor t_id="258"/>
  <token_anchor t_id="259"/>
</TIME_DATE>
<TIME_DATE m_id="127"  >
  <token_anchor t_id="321"/>
  <token_anchor t_id="322"/>
</TIME_DATE>
<TIME_DATE m_id="128"  >
  <token_anchor t_id="135"/>
  <token_anchor t_id="136"/>
</TIME_DATE>
<TIME_DATE m_id="129"  >
  <token_anchor t_id="61"/>
  <token_anchor t_id="62"/>
</TIME_DATE>
<TIME_REPETITION m_id="130"  >
  <token_anchor t_id="38"/>
  <token_anchor t_id="39"/>
</TIME_REPETITION>
<TIME_REPETITION m_id="131"  >
  <token_anchor t_id="75"/>
  <token_anchor t_id="76"/>
  <token_anchor t_id="77"/>
</TIME_REPETITION>
<TIME_REPETITION m_id="132"  >
  <token_anchor t_id="147"/>
  <token_anchor t_id="148"/>
  <token_anchor t_id="149"/>
  <token_anchor t_id="150"/>
</TIME_REPETITION>
<TIME_REPETITION m_id="133"  >
  <token_anchor t_id="158"/>
  <token_anchor t_id="159"/>
  <token_anchor t_id="160"/>
</TIME_REPETITION>
<TIME_REPETITION m_id="134"  >
  <token_anchor t_id="268"/>
  <token_anchor t_id="269"/>
  <token_anchor t_id="270"/>
</TIME_REPETITION>


<ACTION_OCCURRENCE m_id="139" note="byCROMER" >
  <token_anchor t_id="222"/>
</ACTION_OCCURRENCE>
<HUMAN_PART_PER m_id="140" note="byCROMER" >
  <token_anchor t_id="46"/>
</HUMAN_PART_PER>
<ACTION_OCCURRENCE m_id="141" note="byCROMER" >
  <token_anchor t_id="180"/>
</ACTION_OCCURRENCE>


<ACTION_OCCURRENCE m_id="169" RELATED_TO="" TAG_DESCRIPTOR="t2_hosted_emmys_2001" instance_id="ACT16254741156468311" />
<TIME_DATE m_id="168" RELATED_TO="" TAG_DESCRIPTOR="t2_2012_oscars_with_murphy_host" instance_id="TIM16240141539329349" />
<ACTION_OCCURRENCE m_id="167" RELATED_TO="" TAG_DESCRIPTOR="t2_macfarlane_performance" instance_id="ACT16253426701180410" />
<ACTION_OCCURRENCE m_id="166" RELATED_TO="" TAG_DESCRIPTOR="t2_thank_academy" instance_id="ACT16247411168502807" />
<ACTION_REPORTING m_id="165" RELATED_TO="" TAG_DESCRIPTOR="t2_ellen_said" instance_id="ACT16253559881046339" />
<TIME_DATE m_id="164" RELATED_TO="" TAG_DESCRIPTOR="t2_2013_oscars" instance_id="TIM16246807819581518" />
<HUMAN_PART_PER m_id="163" RELATED_TO="" TAG_DESCRIPTOR="t2_seth_macfarlane" instance_id="HUM16240043994885861" />
<HUMAN_PART_GENERIC m_id="162" RELATED_TO="" TAG_DESCRIPTOR="t2_you_know_wts" instance_id="HUM16253613329088137" />
<ACTION_OCCURRENCE m_id="161" RELATED_TO="" TAG_DESCRIPTOR="t2_emmy_nomination" instance_id="ACT16252826526434169" />
<ACTION_OCCURRENCE m_id="160" RELATED_TO="" TAG_DESCRIPTOR="t2_return_to_oscars" instance_id="ACT16240784831369898" />
<ACTION_STATE m_id="159" RELATED_TO="" TAG_DESCRIPTOR="t2_know_what_they_say" instance_id="ACT16254024315458372" />
<TIME_REPETITION m_id="158" RELATED_TO="" TAG_DESCRIPTOR="t2_third_time_charm" instance_id="TIM16254521662389574" />
<ACTION_OCCURRENCE m_id="157" RELATED_TO="" TAG_DESCRIPTOR="t2_academy_awards" instance_id="ACT16239369414744113" />
<TIME_REPETITION m_id="156" RELATED_TO="" TAG_DESCRIPTOR="t2_second_time" instance_id="TIM16240238425752332" />
<ACTION_REPORTING m_id="155" RELATED_TO="" TAG_DESCRIPTOR="t2_what_they_say" instance_id="ACT16255215667494830" />
<HUMAN_PART_GENERIC m_id="154" RELATED_TO="" TAG_DESCRIPTOR="t2_orchestra" instance_id="HUM16246645485523675" />
<TIME_DATE m_id="153" RELATED_TO="" TAG_DESCRIPTOR="t2_friday_tweeted" instance_id="TIM16246750076381642" />
<HUMAN_PART_PER m_id="152" RELATED_TO="" TAG_DESCRIPTOR="t2_portia_de_rossi" instance_id="HUM16246720875216224" />
<TIME_DATE m_id="151" RELATED_TO="" TAG_DESCRIPTOR="t2_2014_oscars" instance_id="TIM16246737301517512" />
<ACTION_REPORTING m_id="150" RELATED_TO="" TAG_DESCRIPTOR="t2_ellen_tweeted" instance_id="ACT16246561393774524" />
<HUMAN_PART_PER m_id="149" RELATED_TO="" TAG_DESCRIPTOR="t2_zadan_and_meron" instance_id="HUM16253644588390514" />
<ACTION_STATE m_id="148" RELATED_TO="" TAG_DESCRIPTOR="t2_thrilled" instance_id="ACT16255180757207639" />
<ACTION_OCCURRENCE m_id="147" RELATED_TO="" TAG_DESCRIPTOR="t2_ellen_hosting_2007" instance_id="ACT16245953210634063" />
<ACTION_OCCURRENCE m_id="178" RELATED_TO="" TAG_DESCRIPTOR="t2_hosting_2014" instance_id="ACT16240564368961988" />
<ACTION_OCCURRENCE m_id="146" RELATED_TO="" TAG_DESCRIPTOR="t2_goes_orchestra" instance_id="ACT16246001137233365" />
<HUMAN_PART_ORG m_id="177" RELATED_TO="" TAG_DESCRIPTOR="t2_ampas" instance_id="HUM16239986301894968" />
<ACTION_OCCURRENCE m_id="145" RELATED_TO="" TAG_DESCRIPTOR="t2_critique_for_maclarne" instance_id="ACT16253347877278503" />
<HUMAN_PART_GENERIC m_id="176" RELATED_TO="" TAG_DESCRIPTOR="t2_they_say" instance_id="HUM16253626692271271" />
<ACTION_OCCURRENCE m_id="144" RELATED_TO="" TAG_DESCRIPTOR="t2_emmys" instance_id="ACT16254645614028344" />
<ACTION_OCCURRENCE m_id="175" RELATED_TO="" TAG_DESCRIPTOR="t2_charm" instance_id="ACT16253309417674146" />
<HUMAN_PART_PER m_id="143" RELATED_TO="" TAG_DESCRIPTOR="t2_zadan" instance_id="HUM16253653237720124" />
<HUMAN_PART_PER m_id="174" RELATED_TO="" TAG_DESCRIPTOR="t2_meron" instance_id="HUM16253661053941675" />
<ACTION_OCCURRENCE m_id="142" RELATED_TO="" TAG_DESCRIPTOR="t2_following_macfarlane" instance_id="ACT16252798027793386" />
<HUMAN_PART_PER m_id="173" RELATED_TO="" TAG_DESCRIPTOR="t2_ellen_degeneres" instance_id="HUM16239999045287365" />
<ACTION_STATE m_id="172" RELATED_TO="" TAG_DESCRIPTOR="t2_excited_hosting_ellen" instance_id="ACT16246611887861206" />
<TIME_DATE m_id="171" RELATED_TO="" TAG_DESCRIPTOR="t2_2007_hosting" instance_id="TIM16246761877336408" />
<ACTION_OCCURRENCE m_id="170" RELATED_TO="" TAG_DESCRIPTOR="t2_hurricane_katrina" instance_id="ACT16254687178701040" />
</Markables>

<Relations>
<CROSS_DOC_COREF r_id="31826" note="ACT16252798027793386" >
  <source m_id="30" />
  <source m_id="18" />
  <source m_id="141" />
  <target m_id="142" />
</CROSS_DOC_COREF>
<CROSS_DOC_COREF r_id="31827" note="HUM16253653237720124" >
  <source m_id="109" />
  <target m_id="143" />
</CROSS_DOC_COREF>
<CROSS_DOC_COREF r_id="31828" note="ACT16254645614028344" >
  <source m_id="56" />
  <target m_id="144" />
</CROSS_DOC_COREF>
<CROSS_DOC_COREF r_id="31829" note="ACT16253347877278503" >
  <source m_id="9" />
  <source m_id="39" />
  <source m_id="54" />
  <target m_id="145" />
</CROSS_DOC_COREF>
<CROSS_DOC_COREF r_id="31830" note="ACT16246001137233365" >
  <source m_id="22" />
  <target m_id="146" />
</CROSS_DOC_COREF>
<CROSS_DOC_COREF r_id="31831" note="ACT16245953210634063" >
  <source m_id="49" />
  <source m_id="4" />
  <target m_id="147" />
</CROSS_DOC_COREF>
<CROSS_DOC_COREF r_id="31832" note="ACT16255180757207639" >
  <source m_id="65" />
  <target m_id="148" />
</CROSS_DOC_COREF>
<CROSS_DOC_COREF r_id="31833" note="HUM16253644588390514" >
  <source m_id="78" />
  <target m_id="149" />
</CROSS_DOC_COREF>
<CROSS_DOC_COREF r_id="31834" note="ACT16246561393774524" >
  <source m_id="64" />
  <target m_id="150" />
</CROSS_DOC_COREF>
<CROSS_DOC_COREF r_id="31835" note="TIM16246737301517512" >
  <source m_id="119" />
  <source m_id="120" />
  <source m_id="125" />
  <target m_id="151" />
</CROSS_DOC_COREF>
<CROSS_DOC_COREF r_id="31836" note="HUM16246720875216224" >
  <source m_id="108" />
  <target m_id="152" />
</CROSS_DOC_COREF>
<CROSS_DOC_COREF r_id="31837" note="TIM16246750076381642" >
  <source m_id="129" />
  <target m_id="153" />
</CROSS_DOC_COREF>
<CROSS_DOC_COREF r_id="31838" note="HUM16246645485523675" >
  <source m_id="69" />
  <target m_id="154" />
</CROSS_DOC_COREF>
<CROSS_DOC_COREF r_id="31839" note="ACT16255215667494830" >
  <source m_id="60" />
  <target m_id="155" />
</CROSS_DOC_COREF>
<CROSS_DOC_COREF r_id="31840" note="TIM16240238425752332" >
  <source m_id="131" />
  <source m_id="132" />
  <source m_id="130" />
  <target m_id="156" />
</CROSS_DOC_COREF>
<CROSS_DOC_COREF r_id="31841" note="ACT16239369414744113" >
  <source m_id="40" />
  <source m_id="5" />
  <source m_id="3" />
  <source m_id="14" />
  <source m_id="12" />
  <source m_id="29" />
  <source m_id="7" />
  <source m_id="42" />
  <source m_id="44" />
  <source m_id="6" />
  <source m_id="25" />
  <source m_id="46" />
  <target m_id="157" />
</CROSS_DOC_COREF>
<CROSS_DOC_COREF r_id="31842" note="TIM16254521662389574" >
  <source m_id="133" />
  <target m_id="158" />
</CROSS_DOC_COREF>
<CROSS_DOC_COREF r_id="31843" note="ACT16254024315458372" >
  <source m_id="67" />
  <target m_id="159" />
</CROSS_DOC_COREF>
<CROSS_DOC_COREF r_id="31844" note="ACT16240784831369898" >
  <source m_id="23" />
  <target m_id="160" />
</CROSS_DOC_COREF>
<CROSS_DOC_COREF r_id="31845" note="ACT16252826526434169" >
  <source m_id="50" />
  <target m_id="161" />
</CROSS_DOC_COREF>
<CROSS_DOC_COREF r_id="31846" note="HUM16253613329088137" >
  <source m_id="70" />
  <target m_id="162" />
</CROSS_DOC_COREF>
<CROSS_DOC_COREF r_id="31847" note="HUM16240043994885861" >
  <source m_id="82" />
  <source m_id="94" />
  <source m_id="96" />
  <source m_id="86" />
  <source m_id="88" />
  <target m_id="163" />
</CROSS_DOC_COREF>
<CROSS_DOC_COREF r_id="31848" note="TIM16246807819581518" >
  <source m_id="121" />
  <source m_id="123" />
  <target m_id="164" />
</CROSS_DOC_COREF>
<CROSS_DOC_COREF r_id="31849" note="ACT16253559881046339" >
  <source m_id="61" />
  <source m_id="63" />
  <target m_id="165" />
</CROSS_DOC_COREF>
<CROSS_DOC_COREF r_id="31850" note="ACT16247411168502807" >
  <source m_id="20" />
  <target m_id="166" />
</CROSS_DOC_COREF>
<CROSS_DOC_COREF r_id="31851" note="ACT16253426701180410" >
  <source m_id="43" />
  <source m_id="21" />
  <source m_id="32" />
  <source m_id="139" />
  <target m_id="167" />
</CROSS_DOC_COREF>
<CROSS_DOC_COREF r_id="31852" note="TIM16240141539329349" >
  <source m_id="122" />
  <target m_id="168" />
</CROSS_DOC_COREF>
<CROSS_DOC_COREF r_id="31853" note="ACT16254741156468311" >
  <source m_id="55" />
  <target m_id="169" />
</CROSS_DOC_COREF>
<CROSS_DOC_COREF r_id="31854" note="ACT16254687178701040" >
  <source m_id="57" />
  <target m_id="170" />
</CROSS_DOC_COREF>
<CROSS_DOC_COREF r_id="31855" note="TIM16246761877336408" >
  <source m_id="126" />
  <source m_id="124" />
  <target m_id="171" />
</CROSS_DOC_COREF>
<CROSS_DOC_COREF r_id="31856" note="ACT16246611887861206" >
  <source m_id="66" />
  <target m_id="172" />
</CROSS_DOC_COREF>
<CROSS_DOC_COREF r_id="31857" note="HUM16239999045287365" >
  <source m_id="85" />
  <source m_id="107" />
  <source m_id="89" />
  <source m_id="102" />
  <source m_id="99" />
  <source m_id="110" />
  <source m_id="92" />
  <source m_id="106" />
  <source m_id="98" />
  <source m_id="101" />
  <source m_id="91" />
  <source m_id="103" />
  <source m_id="93" />
  <source m_id="80" />
  <source m_id="84" />
  <source m_id="87" />
  <source m_id="81" />
  <source m_id="105" />
  <source m_id="140" />
  <source m_id="79" />
  <source m_id="83" />
  <source m_id="100" />
  <target m_id="173" />
</CROSS_DOC_COREF>
<CROSS_DOC_COREF r_id="31858" note="HUM16253661053941675" >
  <source m_id="111" />
  <target m_id="174" />
</CROSS_DOC_COREF>
<CROSS_DOC_COREF r_id="31859" note="ACT16253309417674146" >
  <source m_id="36" />
  <target m_id="175" />
</CROSS_DOC_COREF>
<CROSS_DOC_COREF r_id="31860" note="HUM16253626692271271" >
  <source m_id="71" />
  <target m_id="176" />
</CROSS_DOC_COREF>
<CROSS_DOC_COREF r_id="31861" note="HUM16239986301894968" >
  <source m_id="75" />
  <source m_id="77" />
  <source m_id="76" />
  <target m_id="177" />
</CROSS_DOC_COREF>
<CROSS_DOC_COREF r_id="31862" note="ACT16240564368961988" >
  <source m_id="31" />
  <source m_id="16" />
  <source m_id="15" />
  <source m_id="48" />
  <source m_id="27" />
  <source m_id="10" />
  <source m_id="35" />
  <target m_id="178" />
</CROSS_DOC_COREF>

</Relations>
</Document>
